# Dynamic Strategy Switching Simulation Results
# Schedule file: schedule_selfish_to_stubborn.txt
# Miner 0: selfish (0-6666), stubborn-trail (6667-13333), petty (13334-19999)
# Miner 1: default-selfish (0-19999)
Gamma, Miner0_ProfitFraction, Miner0_HashRate, Miner1_HashRate, Miner0_BlockFraction
0, 0, 0.005, 0.995, 0
0, 0.000155499, 0.005, 0.995, 0.000100115
0, 0.000512328, 0.005, 0.995, 0.000248509
0, 0.000267159, 0.005, 0.995, 0.000100497
0, 0.000259404, 0.005, 0.995, 0.000199671
0, 0, 0.005, 0.995, 0
0, 0, 0.005, 0.995, 0
0, 0, 0.005, 0.995, 0
0, 2.82499e-05, 0.005, 0.995, 0.000100604
0, 6.40825e-05, 0.005, 0.995, 0.000101543
0, 0, 0.005, 0.995, 0
0, 0, 0.005, 0.995, 0
0, 0.00023924, 0.005, 0.995, 0.00010189
0, 0, 0.005, 0.995, 0
0, 0.000333744, 0.005, 0.995, 0.000302115
0, 0.000134662, 0.005, 0.995, 0.000101066
0, 0, 0.005, 0.995, 0
0, 0, 0.005, 0.995, 0
0, 0.000300744, 0.005, 0.995, 0.000200985
0, 0.000147663, 0.005, 0.995, 0.000101502
0, 0.000511554, 0.005, 0.995, 0.000299805
0, 0, 0.005, 0.995, 0
0, 0.000125135, 0.005, 0.995, 0.000203025
0, 0.000265247, 0.005, 0.995, 0.000200713
0, 0, 0.005, 0.995, 0
0, 0.000955803, 0.01, 0.99, 0.000603379
0, 0.000783397, 0.01, 0.99, 0.000200753
0, 0.000453447, 0.01, 0.99, 0.000302801
0, 0.000123332, 0.01, 0.99, 0.000100705
0, 0.000264572, 0.01, 0.99, 0.000202542
0, 0.000568749, 0.01, 0.99, 0.000305966
0, 0.00024458, 0.01, 0.99, 0.000199432
0, 0.000290652, 0.01, 0.99, 0.000202943
0, 0.0001355, 0.01, 0.99, 0.000200783
0, 0.00027414, 0.01, 0.99, 0.000301356
0, 0.000422727, 0.01, 0.99, 0.000405104
0, 0.00122155, 0.01, 0.99, 0.000501228
0, 0.000284064, 0.01, 0.99, 0.000202634
0, 7.88329e-05, 0.01, 0.99, 0.000102161
0, 0.000466733, 0.01, 0.99, 0.000304213
0, 0.00106675, 0.01, 0.99, 0.000505996
0, 0.000925737, 0.01, 0.99, 0.000504745
0, 0.000493572, 0.01, 0.99, 0.000407187
0, 0.000344493, 0.01, 0.99, 0.000302969
0, 0.000472415, 0.01, 0.99, 0.000404265
0, 0.00102371, 0.01, 0.99, 0.000702177
0, 0.000177242, 0.01, 0.99, 0.000300978
0, 0.000317644, 0.01, 0.99, 0.000301705
0, 0.00103957, 0.01, 0.99, 0.00096432
0, 0.000780059, 0.01, 0.99, 0.000504032
0, 0.00116832, 0.015, 0.985, 0.000805599
0, 0.00118516, 0.015, 0.985, 0.0010144
0, 0.00122263, 0.015, 0.985, 0.00125395
0, 0.000912631, 0.015, 0.985, 0.000762777
0, 0.00084156, 0.015, 0.985, 0.00100533
0, 0.00115969, 0.015, 0.985, 0.0010124
0, 0.00107047, 0.015, 0.985, 0.000967857
0, 0.00114867, 0.015, 0.985, 0.00106664
0, 0.00164922, 0.015, 0.985, 0.00140548
0, 0.00177428, 0.015, 0.985, 0.00121525
0, 0.00137104, 0.015, 0.985, 0.00123267
0, 0.0014444, 0.015, 0.985, 0.000905797
0, 0.00141537, 0.015, 0.985, 0.00101828
0, 0.000321701, 0.015, 0.985, 0.00050355
0, 0.000701887, 0.015, 0.985, 0.000810537
0, 0.000738495, 0.015, 0.985, 0.000821482
0, 0.00198758, 0.015, 0.985, 0.00151845
0, 0.0013983, 0.015, 0.985, 0.00106594
0, 0.000502075, 0.015, 0.985, 0.000707178
0, 0.000494293, 0.015, 0.985, 0.000558461
0, 0.0022543, 0.015, 0.985, 0.00162181
0, 0.00134777, 0.015, 0.985, 0.00106189
0, 0.00175616, 0.015, 0.985, 0.00112045
0, 0.00151406, 0.015, 0.985, 0.00111415
0, 0.00173518, 0.015, 0.985, 0.00116091
0, 0.000918825, 0.02, 0.98, 0.000817369
0, 0.0012209, 0.02, 0.98, 0.00112584
0, 0.00151105, 0.02, 0.98, 0.00111811
0, 0.00096065, 0.02, 0.98, 0.00122075
0, 0.00164828, 0.02, 0.98, 0.00138114
0, 0.0027119, 0.02, 0.98, 0.00234431
0, 0.00243174, 0.02, 0.98, 0.00205963
0, 0.00175367, 0.02, 0.98, 0.00143135
0, 0.00123236, 0.02, 0.98, 0.00112222
0, 0.00133064, 0.02, 0.98, 0.00137692
0, 0.00183473, 0.02, 0.98, 0.00152858
0, 0.00158624, 0.02, 0.98, 0.00174162
0, 0.00220898, 0.02, 0.98, 0.00192269
0, 0.00127864, 0.02, 0.98, 0.00101271
0, 0.000859103, 0.02, 0.98, 0.000920292
0, 0.0014673, 0.02, 0.98, 0.00112354
0, 0.00210419, 0.02, 0.98, 0.0015744
0, 0.00257627, 0.02, 0.98, 0.00180732
0, 0.000995664, 0.02, 0.98, 0.000917338
0, 0.00208437, 0.02, 0.98, 0.0015843
0, 0.00125571, 0.02, 0.98, 0.00102412
0, 0.00135715, 0.02, 0.98, 0.00101297
0, 0.00248051, 0.02, 0.98, 0.0016753
0, 0.00166764, 0.02, 0.98, 0.00121995
0, 0.00115217, 0.02, 0.98, 0.000922367
0, 0.00290828, 0.025, 0.975, 0.00265591
0, 0.0028364, 0.025, 0.975, 0.00226256
0, 0.00392194, 0.025, 0.975, 0.00256187
0, 0.00296699, 0.025, 0.975, 0.0027135
0, 0.00192306, 0.025, 0.975, 0.00183281
0, 0.00347124, 0.025, 0.975, 0.00261606
0, 0.00303653, 0.025, 0.975, 0.00254842
0, 0.00299699, 0.025, 0.975, 0.00173913
0, 0.00204571, 0.025, 0.975, 0.00177882
0, 0.00340719, 0.025, 0.975, 0.00331768
0, 0.00106398, 0.025, 0.975, 0.00153124
0, 0.00316793, 0.025, 0.975, 0.00282384
0, 0.00339295, 0.025, 0.975, 0.00295873
0, 0.00342441, 0.025, 0.975, 0.00296251
0, 0.00367014, 0.025, 0.975, 0.0032043
0, 0.00280675, 0.025, 0.975, 0.00203718
0, 0.00299292, 0.025, 0.975, 0.00245236
0, 0.00370762, 0.025, 0.975, 0.00216808
0, 0.00267572, 0.025, 0.975, 0.00234311
0, 0.00243575, 0.025, 0.975, 0.00174252
0, 0.00300214, 0.025, 0.975, 0.00235897
0, 0.00194701, 0.025, 0.975, 0.00163792
0, 0.00264975, 0.025, 0.975, 0.00202482
0, 0.0028165, 0.025, 0.975, 0.00245173
0, 0.00284145, 0.025, 0.975, 0.00251231
0, 0.00466166, 0.03, 0.97, 0.00371747
0, 0.00363879, 0.03, 0.97, 0.00349468
0, 0.0038202, 0.03, 0.97, 0.00345949
0, 0.00456824, 0.03, 0.97, 0.00379118
0, 0.00584053, 0.03, 0.97, 0.00433369
0, 0.00437962, 0.03, 0.97, 0.00392481
0, 0.00461418, 0.03, 0.97, 0.00320244
0, 0.00407739, 0.03, 0.97, 0.00375444
0, 0.0035179, 0.03, 0.97, 0.00284524
0, 0.00387354, 0.03, 0.97, 0.00335673
0, 0.00359469, 0.03, 0.97, 0.0030508
0, 0.00496476, 0.03, 0.97, 0.003626
0, 0.00358768, 0.03, 0.97, 0.00300674
0, 0.00430206, 0.03, 0.97, 0.00374961
0, 0.00323239, 0.03, 0.97, 0.00288958
0, 0.00394293, 0.03, 0.97, 0.00346361
0, 0.00354065, 0.03, 0.97, 0.00302194
0, 0.0034346, 0.03, 0.97, 0.00333316
0, 0.00364798, 0.03, 0.97, 0.00320066
0, 0.00483432, 0.03, 0.97, 0.00389384
0, 0.00492876, 0.03, 0.97, 0.00369212
0, 0.00387195, 0.03, 0.97, 0.00294985
0, 0.00353814, 0.03, 0.97, 0.00322178
0, 0.00367429, 0.03, 0.97, 0.00278839
0, 0.00423998, 0.03, 0.97, 0.00330203
0, 0.00630723, 0.035, 0.965, 0.00552914
0, 0.00518924, 0.035, 0.965, 0.0043828
0, 0.00752219, 0.035, 0.965, 0.0054716
0, 0.00617699, 0.035, 0.965, 0.00540958
0, 0.00604594, 0.035, 0.965, 0.00539503
0, 0.00729789, 0.035, 0.965, 0.00587841
0, 0.00579564, 0.035, 0.965, 0.00436341
0, 0.00550333, 0.035, 0.965, 0.00414443
0, 0.00489844, 0.035, 0.965, 0.00399856
0, 0.00555825, 0.035, 0.965, 0.00502669
0, 0.0055867, 0.035, 0.965, 0.00445804
0, 0.00608099, 0.035, 0.965, 0.00506329
0, 0.00475993, 0.035, 0.965, 0.00373541
0, 0.00558955, 0.035, 0.965, 0.00438122
0, 0.00669977, 0.035, 0.965, 0.00553222
0, 0.00474401, 0.035, 0.965, 0.00457761
0, 0.00421297, 0.035, 0.965, 0.00390464
0, 0.00765295, 0.035, 0.965, 0.00593168
0, 0.00400579, 0.035, 0.965, 0.00348722
0, 0.00502814, 0.035, 0.965, 0.004313
0, 0.00699175, 0.035, 0.965, 0.00581186
0, 0.00540783, 0.035, 0.965, 0.00461188
0, 0.0046116, 0.035, 0.965, 0.00372324
0, 0.0049627, 0.035, 0.965, 0.00486568
0, 0.00513773, 0.035, 0.965, 0.00485939
0, 0.0057407, 0.04, 0.96, 0.00514125
0, 0.0064474, 0.04, 0.96, 0.00623559
0, 0.00779747, 0.04, 0.96, 0.00690971
0, 0.00572816, 0.04, 0.96, 0.00509312
0, 0.00690536, 0.04, 0.96, 0.00607824
0, 0.00782529, 0.04, 0.96, 0.00637042
0, 0.00793272, 0.04, 0.96, 0.00597682
0, 0.00772524, 0.04, 0.96, 0.00613845
0, 0.00593213, 0.04, 0.96, 0.00523944
0, 0.00770123, 0.04, 0.96, 0.00603746
0, 0.00749659, 0.04, 0.96, 0.00661631
0, 0.00683411, 0.04, 0.96, 0.00528388
0, 0.00623871, 0.04, 0.96, 0.00578245
0, 0.00633913, 0.04, 0.96, 0.00578795
0, 0.00829078, 0.04, 0.96, 0.00649621
0, 0.00767904, 0.04, 0.96, 0.0070047
0, 0.0075474, 0.04, 0.96, 0.00662389
0, 0.00762156, 0.04, 0.96, 0.00654545
0, 0.00798883, 0.04, 0.96, 0.00685003
0, 0.00702109, 0.04, 0.96, 0.00577246
0, 0.00674398, 0.04, 0.96, 0.00543506
0, 0.00673446, 0.04, 0.96, 0.00525178
0, 0.00597812, 0.04, 0.96, 0.00468214
0, 0.00716195, 0.04, 0.96, 0.00595829
0, 0.00668788, 0.04, 0.96, 0.00570895
0, 0.00943567, 0.045, 0.955, 0.00739106
0, 0.00986445, 0.045, 0.955, 0.00840896
0, 0.00950292, 0.045, 0.955, 0.00776053
0, 0.00892719, 0.045, 0.955, 0.00763439
0, 0.010279, 0.045, 0.955, 0.00888203
0, 0.0107008, 0.045, 0.955, 0.00732659
0, 0.00754906, 0.045, 0.955, 0.00618342
0, 0.00900594, 0.045, 0.955, 0.00830753
0, 0.00938247, 0.045, 0.955, 0.00768561
0, 0.00823081, 0.045, 0.955, 0.00737203
0, 0.0115857, 0.045, 0.955, 0.00862069
0, 0.0091477, 0.045, 0.955, 0.00789774
0, 0.00933707, 0.045, 0.955, 0.00720067
0, 0.00771348, 0.045, 0.955, 0.00743066
0, 0.00735348, 0.045, 0.955, 0.00647655
0, 0.00991659, 0.045, 0.955, 0.00775113
0, 0.00801169, 0.045, 0.955, 0.00683348
0, 0.00935562, 0.045, 0.955, 0.00783909
0, 0.00774007, 0.045, 0.955, 0.00682179
0, 0.00748685, 0.045, 0.955, 0.00660828
0, 0.00999077, 0.045, 0.955, 0.00937699
0, 0.00951206, 0.045, 0.955, 0.0079096
0, 0.00980765, 0.045, 0.955, 0.00749064
0, 0.0081656, 0.045, 0.955, 0.00702879
0, 0.00937698, 0.045, 0.955, 0.00715405
0, 0.0108529, 0.05, 0.95, 0.00954742
0, 0.0104573, 0.05, 0.95, 0.00871586
0, 0.0119154, 0.05, 0.95, 0.0104237
0, 0.0115273, 0.05, 0.95, 0.00855107
0, 0.0117505, 0.05, 0.95, 0.0105552
0, 0.0110233, 0.05, 0.95, 0.00824493
0, 0.00988985, 0.05, 0.95, 0.00830181
0, 0.0129299, 0.05, 0.95, 0.00922819
0, 0.0104667, 0.05, 0.95, 0.00878753
0, 0.0103591, 0.05, 0.95, 0.00970256
0, 0.0133961, 0.05, 0.95, 0.0102243
0, 0.0104001, 0.05, 0.95, 0.00885889
0, 0.00986913, 0.05, 0.95, 0.00909569
0, 0.00904549, 0.05, 0.95, 0.00799621
0, 0.0139168, 0.05, 0.95, 0.0105489
0, 0.0112632, 0.05, 0.95, 0.00997622
0, 0.00966061, 0.05, 0.95, 0.00887173
0, 0.0102033, 0.05, 0.95, 0.00847502
0, 0.0100551, 0.05, 0.95, 0.00821718
0, 0.0113869, 0.05, 0.95, 0.00998693
0, 0.0119444, 0.05, 0.95, 0.0097561
0, 0.0138819, 0.05, 0.95, 0.0108484
0, 0.0131926, 0.05, 0.95, 0.0114763
0, 0.0115332, 0.05, 0.95, 0.00982134
0, 0.00995205, 0.05, 0.95, 0.00746941
0, 0.0132275, 0.055, 0.945, 0.0111199
0, 0.0126061, 0.055, 0.945, 0.0116347
0, 0.0131374, 0.055, 0.945, 0.0109481
0, 0.0121075, 0.055, 0.945, 0.0104603
0, 0.0152104, 0.055, 0.945, 0.0119066
0, 0.0128018, 0.055, 0.945, 0.0108411
0, 0.0137612, 0.055, 0.945, 0.0101123
0, 0.0148194, 0.055, 0.945, 0.0124633
0, 0.0123066, 0.055, 0.945, 0.0103202
0, 0.0150235, 0.055, 0.945, 0.0134225
0, 0.0149676, 0.055, 0.945, 0.0138779
0, 0.0108268, 0.055, 0.945, 0.0110879
0, 0.0126188, 0.055, 0.945, 0.0106572
0, 0.0159199, 0.055, 0.945, 0.0123228
0, 0.0128137, 0.055, 0.945, 0.0109184
0, 0.01208, 0.055, 0.945, 0.00964765
0, 0.0128963, 0.055, 0.945, 0.0104003
0, 0.0148213, 0.055, 0.945, 0.0111871
0, 0.0125755, 0.055, 0.945, 0.0111538
0, 0.0120636, 0.055, 0.945, 0.0110745
0, 0.0187035, 0.055, 0.945, 0.0121067
0, 0.0143623, 0.055, 0.945, 0.0112144
0, 0.0163441, 0.055, 0.945, 0.0127969
0, 0.0137031, 0.055, 0.945, 0.0114656
0, 0.0116583, 0.055, 0.945, 0.00985967
0, 0.0151493, 0.06, 0.94, 0.0135823
0, 0.0151155, 0.06, 0.94, 0.0127189
0, 0.0177443, 0.06, 0.94, 0.0142004
0, 0.0176152, 0.06, 0.94, 0.015819
0, 0.0197727, 0.06, 0.94, 0.0154058
0, 0.01488, 0.06, 0.94, 0.0133903
0, 0.0192016, 0.06, 0.94, 0.0157497
0, 0.0143876, 0.06, 0.94, 0.0123014
0, 0.0141081, 0.06, 0.94, 0.0117173
0, 0.0150707, 0.06, 0.94, 0.0116632
0, 0.0151111, 0.06, 0.94, 0.0129624
0, 0.0144342, 0.06, 0.94, 0.0116179
0, 0.0181166, 0.06, 0.94, 0.0143413
0, 0.0182178, 0.06, 0.94, 0.0151907
0, 0.0176539, 0.06, 0.94, 0.0147941
0, 0.0172369, 0.06, 0.94, 0.0138926
0, 0.0160068, 0.06, 0.94, 0.0128927
0, 0.0188551, 0.06, 0.94, 0.0168206
0, 0.016701, 0.06, 0.94, 0.0147354
0, 0.0153279, 0.06, 0.94, 0.012929
0, 0.0162924, 0.06, 0.94, 0.0134126
0, 0.0131319, 0.06, 0.94, 0.0121408
0, 0.0171516, 0.06, 0.94, 0.0139528
0, 0.0151095, 0.06, 0.94, 0.0127267
0, 0.0175759, 0.06, 0.94, 0.0144395
0, 0.01977, 0.065, 0.935, 0.0167969
0, 0.0206204, 0.065, 0.935, 0.0170627
0, 0.0203995, 0.065, 0.935, 0.0157814
0, 0.0182085, 0.065, 0.935, 0.0156035
0, 0.0202373, 0.065, 0.935, 0.0173075
0, 0.0168747, 0.065, 0.935, 0.0135579
0, 0.0157892, 0.065, 0.935, 0.0141127
0, 0.0176586, 0.065, 0.935, 0.0143169
0, 0.0144412, 0.065, 0.935, 0.0144151
0, 0.0208952, 0.065, 0.935, 0.0170963
0, 0.0193653, 0.065, 0.935, 0.016282
0, 0.0204346, 0.065, 0.935, 0.0171344
0, 0.0193977, 0.065, 0.935, 0.01495
0, 0.0173878, 0.065, 0.935, 0.0148504
0, 0.0168307, 0.065, 0.935, 0.0142082
0, 0.0175392, 0.065, 0.935, 0.0146294
0, 0.0189047, 0.065, 0.935, 0.0164707
0, 0.0169118, 0.065, 0.935, 0.0148551
0, 0.0190648, 0.065, 0.935, 0.0154944
0, 0.0161195, 0.065, 0.935, 0.0139964
0, 0.0173747, 0.065, 0.935, 0.0147321
0, 0.0175359, 0.065, 0.935, 0.0145644
0, 0.0197758, 0.065, 0.935, 0.0157609
0, 0.0201891, 0.065, 0.935, 0.0167348
0, 0.0179758, 0.065, 0.935, 0.0155677
0, 0.0214405, 0.07, 0.93, 0.0177047
0, 0.0198441, 0.07, 0.93, 0.0166605
0, 0.0210963, 0.07, 0.93, 0.0174459
0, 0.0200342, 0.07, 0.93, 0.0181828
0, 0.0247344, 0.07, 0.93, 0.0208134
0, 0.0214882, 0.07, 0.93, 0.0181182
0, 0.0212041, 0.07, 0.93, 0.0190846
0, 0.0171389, 0.07, 0.93, 0.0146964
0, 0.0211345, 0.07, 0.93, 0.017449
0, 0.0217704, 0.07, 0.93, 0.0190072
0, 0.0196398, 0.07, 0.93, 0.0173739
0, 0.0202377, 0.07, 0.93, 0.016129
0, 0.0229886, 0.07, 0.93, 0.0187808
0, 0.0225305, 0.07, 0.93, 0.0191375
0, 0.0224384, 0.07, 0.93, 0.0190015
0, 0.0197258, 0.07, 0.93, 0.017292
0, 0.0217037, 0.07, 0.93, 0.0185919
0, 0.0239667, 0.07, 0.93, 0.0204508
0, 0.0204988, 0.07, 0.93, 0.017557
0, 0.0245768, 0.07, 0.93, 0.0198955
0, 0.0217826, 0.07, 0.93, 0.0174948
0, 0.021782, 0.07, 0.93, 0.0185492
0, 0.0219509, 0.07, 0.93, 0.0208044
0, 0.019072, 0.07, 0.93, 0.0166077
0, 0.0203263, 0.07, 0.93, 0.018315
0, 0.023741, 0.075, 0.925, 0.0200437
0, 0.0250519, 0.075, 0.925, 0.0237433
0, 0.0227566, 0.075, 0.925, 0.018887
0, 0.0271969, 0.075, 0.925, 0.0235244
0, 0.024082, 0.075, 0.925, 0.020047
0, 0.0237245, 0.075, 0.925, 0.0202342
0, 0.0214452, 0.075, 0.925, 0.0198835
0, 0.0238284, 0.075, 0.925, 0.0204411
0, 0.0211697, 0.075, 0.925, 0.0180469
0, 0.0219419, 0.075, 0.925, 0.0186335
0, 0.0246117, 0.075, 0.925, 0.0222021
0, 0.020175, 0.075, 0.925, 0.018424
0, 0.0232548, 0.075, 0.925, 0.0200183
0, 0.0248576, 0.075, 0.925, 0.0217071
0, 0.0258594, 0.075, 0.925, 0.0224148
0, 0.0247319, 0.075, 0.925, 0.0201035
0, 0.0256692, 0.075, 0.925, 0.0213397
0, 0.0232418, 0.075, 0.925, 0.0217697
0, 0.022299, 0.075, 0.925, 0.0205197
0, 0.0240086, 0.075, 0.925, 0.0202394
0, 0.0238468, 0.075, 0.925, 0.0206837
0, 0.0225315, 0.075, 0.925, 0.0198933
0, 0.0230729, 0.075, 0.925, 0.019678
0, 0.0230808, 0.075, 0.925, 0.0211136
0, 0.0213985, 0.075, 0.925, 0.0188365
0, 0.0242966, 0.08, 0.92, 0.0226931
0, 0.0294706, 0.08, 0.92, 0.023709
0, 0.0256399, 0.08, 0.92, 0.0226488
0, 0.0286471, 0.08, 0.92, 0.0234296
0, 0.0306642, 0.08, 0.92, 0.0253315
0, 0.0229252, 0.08, 0.92, 0.0206426
0, 0.024354, 0.08, 0.92, 0.0218515
0, 0.0270373, 0.08, 0.92, 0.0245336
0, 0.0260067, 0.08, 0.92, 0.0222562
0, 0.0286496, 0.08, 0.92, 0.0247348
0, 0.0283513, 0.08, 0.92, 0.0240853
0, 0.0283807, 0.08, 0.92, 0.0235395
0, 0.0275171, 0.08, 0.92, 0.024324
0, 0.0257159, 0.08, 0.92, 0.0224863
0, 0.0249291, 0.08, 0.92, 0.0220421
0, 0.0241052, 0.08, 0.92, 0.0217391
0, 0.0246296, 0.08, 0.92, 0.020721
0, 0.0325054, 0.08, 0.92, 0.027609
0, 0.0237108, 0.08, 0.92, 0.0206257
0, 0.0291164, 0.08, 0.92, 0.0246189
0, 0.0259901, 0.08, 0.92, 0.0214544
0, 0.0254433, 0.08, 0.92, 0.0237
0, 0.0259334, 0.08, 0.92, 0.0241242
0, 0.0232493, 0.08, 0.92, 0.0199657
0, 0.0256041, 0.08, 0.92, 0.0224908
0, 0.0337163, 0.085, 0.915, 0.0269262
0, 0.026166, 0.085, 0.915, 0.0225564
0, 0.0308168, 0.085, 0.915, 0.0264305
0, 0.0313138, 0.085, 0.915, 0.0272292
0, 0.0269546, 0.085, 0.915, 0.0227615
0, 0.0282696, 0.085, 0.915, 0.0245159
0, 0.0283663, 0.085, 0.915, 0.0247501
0, 0.0261722, 0.085, 0.915, 0.0245464
0, 0.0325372, 0.085, 0.915, 0.0280811
0, 0.0316989, 0.085, 0.915, 0.0271155
0, 0.0322678, 0.085, 0.915, 0.0278923
0, 0.0245774, 0.085, 0.915, 0.0229941
0, 0.0285908, 0.085, 0.915, 0.0255397
0, 0.0332056, 0.085, 0.915, 0.0273254
0, 0.0310202, 0.085, 0.915, 0.0268937
0, 0.0338587, 0.085, 0.915, 0.0285605
0, 0.0325991, 0.085, 0.915, 0.0273795
0, 0.0328062, 0.085, 0.915, 0.0278274
0, 0.0297745, 0.085, 0.915, 0.0244365
0, 0.0342291, 0.085, 0.915, 0.029217
0, 0.0299029, 0.085, 0.915, 0.0263186
0, 0.0307015, 0.085, 0.915, 0.0261276
0, 0.0323, 0.085, 0.915, 0.0272171
0, 0.0301822, 0.085, 0.915, 0.0262277
0, 0.0302219, 0.085, 0.915, 0.0254037
0, 0.0294979, 0.09, 0.91, 0.0251531
0, 0.0302538, 0.09, 0.91, 0.0259514
0, 0.0363392, 0.09, 0.91, 0.0310006
0, 0.0345673, 0.09, 0.91, 0.0290454
0, 0.0324464, 0.09, 0.91, 0.0278522
0, 0.0385924, 0.09, 0.91, 0.0336207
0, 0.0297119, 0.09, 0.91, 0.026671
0, 0.0358409, 0.09, 0.91, 0.0306194
0, 0.0304408, 0.09, 0.91, 0.0261067
0, 0.0347809, 0.09, 0.91, 0.0301832
0, 0.0317101, 0.09, 0.91, 0.0295684
0, 0.0336205, 0.09, 0.91, 0.0283044
0, 0.0306276, 0.09, 0.91, 0.0282782
0, 0.0314311, 0.09, 0.91, 0.0279769
0, 0.0334428, 0.09, 0.91, 0.0296389
0, 0.0300066, 0.09, 0.91, 0.0262077
0, 0.0339815, 0.09, 0.91, 0.0307567
0, 0.0344222, 0.09, 0.91, 0.0296635
0, 0.034622, 0.09, 0.91, 0.0301389
0, 0.0285971, 0.09, 0.91, 0.0269651
0, 0.033822, 0.09, 0.91, 0.0278487
0, 0.034031, 0.09, 0.91, 0.0301467
0, 0.0312654, 0.09, 0.91, 0.0288964
0, 0.0311918, 0.09, 0.91, 0.0271628
0, 0.0340879, 0.09, 0.91, 0.0292369
0, 0.0363653, 0.095, 0.905, 0.0319155
0, 0.0430759, 0.095, 0.905, 0.0361288
0, 0.0407027, 0.095, 0.905, 0.0348391
0, 0.0324924, 0.095, 0.905, 0.0280978
0, 0.0384053, 0.095, 0.905, 0.0332646
0, 0.0342104, 0.095, 0.905, 0.0309171
0, 0.0388208, 0.095, 0.905, 0.0316747
0, 0.0337358, 0.095, 0.905, 0.0288677
0, 0.036616, 0.095, 0.905, 0.0300392
0, 0.0409761, 0.095, 0.905, 0.0343472
0, 0.0407469, 0.095, 0.905, 0.0336405
0, 0.0383008, 0.095, 0.905, 0.0340897
0, 0.0348857, 0.095, 0.905, 0.0296083
0, 0.0380183, 0.095, 0.905, 0.0325301
0, 0.0399003, 0.095, 0.905, 0.0321569
0, 0.0370964, 0.095, 0.905, 0.0310813
0, 0.0400115, 0.095, 0.905, 0.0334118
0, 0.0401292, 0.095, 0.905, 0.0348913
0, 0.0359088, 0.095, 0.905, 0.0295055
0, 0.036225, 0.095, 0.905, 0.0334689
0, 0.0366431, 0.095, 0.905, 0.0319045
0, 0.0324939, 0.095, 0.905, 0.0289451
0, 0.0373996, 0.095, 0.905, 0.0321897
0, 0.0349807, 0.095, 0.905, 0.031006
0, 0.0363469, 0.095, 0.905, 0.0311253
0, 0.0405013, 0.1, 0.9, 0.0319594
0, 0.0435734, 0.1, 0.9, 0.0379196
0, 0.039825, 0.1, 0.9, 0.0357725
0, 0.0352416, 0.1, 0.9, 0.0325016
0, 0.0428079, 0.1, 0.9, 0.0372951
0, 0.0405504, 0.1, 0.9, 0.0335519
0, 0.041137, 0.1, 0.9, 0.0358651
0, 0.0403935, 0.1, 0.9, 0.0338614
0, 0.0395015, 0.1, 0.9, 0.0347548
0, 0.041923, 0.1, 0.9, 0.0357532
0, 0.0418835, 0.1, 0.9, 0.035404
0, 0.0393782, 0.1, 0.9, 0.0350572
0, 0.0422397, 0.1, 0.9, 0.033969
0, 0.0386956, 0.1, 0.9, 0.037035
0, 0.0391089, 0.1, 0.9, 0.0365981
0, 0.0413046, 0.1, 0.9, 0.0362091
0, 0.0441156, 0.1, 0.9, 0.03763
0, 0.0412559, 0.1, 0.9, 0.0368091
0, 0.0426668, 0.1, 0.9, 0.0382715
0, 0.0367117, 0.1, 0.9, 0.0338695
0, 0.036907, 0.1, 0.9, 0.0326181
0, 0.0414075, 0.1, 0.9, 0.0329778
0, 0.0384361, 0.1, 0.9, 0.0350058
0, 0.0414828, 0.1, 0.9, 0.0369016
0, 0.0421312, 0.1, 0.9, 0.0344353
0, 0.0407841, 0.105, 0.895, 0.0379914
0, 0.0409287, 0.105, 0.895, 0.0383642
0, 0.0445551, 0.105, 0.895, 0.0387952
0, 0.0448907, 0.105, 0.895, 0.0381842
0, 0.0420314, 0.105, 0.895, 0.0360102
0, 0.0450058, 0.105, 0.895, 0.0398235
0, 0.0484433, 0.105, 0.895, 0.040885
0, 0.0443054, 0.105, 0.895, 0.0385382
0, 0.0371031, 0.105, 0.895, 0.032439
0, 0.0502713, 0.105, 0.895, 0.0437315
0, 0.0439016, 0.105, 0.895, 0.0383883
0, 0.045834, 0.105, 0.895, 0.041325
0, 0.0452099, 0.105, 0.895, 0.0394197
0, 0.0477186, 0.105, 0.895, 0.0420228
0, 0.0429578, 0.105, 0.895, 0.039236
0, 0.048501, 0.105, 0.895, 0.0421035
0, 0.0433305, 0.105, 0.895, 0.0381993
0, 0.0438436, 0.105, 0.895, 0.0377748
0, 0.0477853, 0.105, 0.895, 0.0400945
0, 0.0422273, 0.105, 0.895, 0.0370655
0, 0.0412225, 0.105, 0.895, 0.0371522
0, 0.0542697, 0.105, 0.895, 0.0455674
0, 0.0474109, 0.105, 0.895, 0.040681
0, 0.0448313, 0.105, 0.895, 0.0394542
0, 0.039747, 0.105, 0.895, 0.0363467
0, 0.0463673, 0.11, 0.89, 0.0408675
0, 0.0515916, 0.11, 0.89, 0.0435118
0, 0.0520337, 0.11, 0.89, 0.0442964
0, 0.0459885, 0.11, 0.89, 0.0417887
0, 0.0476914, 0.11, 0.89, 0.0425216
0, 0.0495609, 0.11, 0.89, 0.0433879
0, 0.0473655, 0.11, 0.89, 0.0421581
0, 0.0456047, 0.11, 0.89, 0.0403274
0, 0.0501096, 0.11, 0.89, 0.0439876
0, 0.0445451, 0.11, 0.89, 0.0389747
0, 0.0512589, 0.11, 0.89, 0.0433631
0, 0.0433461, 0.11, 0.89, 0.0384973
0, 0.0537205, 0.11, 0.89, 0.046553
0, 0.051739, 0.11, 0.89, 0.0433692
0, 0.0486676, 0.11, 0.89, 0.0420789
0, 0.050736, 0.11, 0.89, 0.0419357
0, 0.0457152, 0.11, 0.89, 0.0393886
0, 0.0485165, 0.11, 0.89, 0.0419678
0, 0.0520252, 0.11, 0.89, 0.0487926
0, 0.0418542, 0.11, 0.89, 0.0393788
0, 0.0467535, 0.11, 0.89, 0.0445029
0, 0.0508543, 0.11, 0.89, 0.0443488
0, 0.0513172, 0.11, 0.89, 0.0455202
0, 0.0493953, 0.11, 0.89, 0.0416345
0, 0.048158, 0.11, 0.89, 0.042103
0, 0.049807, 0.115, 0.885, 0.0437228
0, 0.0519673, 0.115, 0.885, 0.0458187
0, 0.0511841, 0.115, 0.885, 0.0449237
0, 0.0489332, 0.115, 0.885, 0.044705
0, 0.0588564, 0.115, 0.885, 0.0502501
0, 0.0531755, 0.115, 0.885, 0.0486822
0, 0.0517866, 0.115, 0.885, 0.0449556
0, 0.0546037, 0.115, 0.885, 0.0491109
0, 0.0529637, 0.115, 0.885, 0.0472753
0, 0.0565002, 0.115, 0.885, 0.0495775
0, 0.0537694, 0.115, 0.885, 0.0480689
0, 0.0459437, 0.115, 0.885, 0.0423923
0, 0.0515863, 0.115, 0.885, 0.0450897
0, 0.0561226, 0.115, 0.885, 0.0488889
0, 0.0582275, 0.115, 0.885, 0.0496681
0, 0.0559269, 0.115, 0.885, 0.0474569
0, 0.047331, 0.115, 0.885, 0.0465271
0, 0.0547755, 0.115, 0.885, 0.0485474
0, 0.0549355, 0.115, 0.885, 0.0485741
0, 0.0557477, 0.115, 0.885, 0.0485383
0, 0.0512482, 0.115, 0.885, 0.0446038
0, 0.0497153, 0.115, 0.885, 0.0435825
0, 0.053038, 0.115, 0.885, 0.0472793
0, 0.0534006, 0.115, 0.885, 0.046182
0, 0.0506635, 0.115, 0.885, 0.0472677
0, 0.0583843, 0.12, 0.88, 0.0511304
0, 0.0542058, 0.12, 0.88, 0.0484311
0, 0.0556723, 0.12, 0.88, 0.0489553
0, 0.0523768, 0.12, 0.88, 0.0484138
0, 0.0490717, 0.12, 0.88, 0.0454295
0, 0.0597444, 0.12, 0.88, 0.0523823
0, 0.058522, 0.12, 0.88, 0.0499833
0, 0.0539173, 0.12, 0.88, 0.0481071
0, 0.0564304, 0.12, 0.88, 0.0513653
0, 0.0546957, 0.12, 0.88, 0.0507094
0, 0.0495275, 0.12, 0.88, 0.0456844
0, 0.0564099, 0.12, 0.88, 0.0515052
0, 0.0537073, 0.12, 0.88, 0.0492625
0, 0.0602392, 0.12, 0.88, 0.0510504
0, 0.0580651, 0.12, 0.88, 0.0496962
0, 0.0547775, 0.12, 0.88, 0.0500194
0, 0.0540596, 0.12, 0.88, 0.0479095
0, 0.0535474, 0.12, 0.88, 0.0453314
0, 0.053618, 0.12, 0.88, 0.0473294
0, 0.0516474, 0.12, 0.88, 0.0488539
0, 0.0585629, 0.12, 0.88, 0.0509101
0, 0.054357, 0.12, 0.88, 0.0475315
0, 0.0606563, 0.12, 0.88, 0.0516005
0, 0.0629341, 0.12, 0.88, 0.0547461
0, 0.0591356, 0.12, 0.88, 0.05
0, 0.0575899, 0.125, 0.875, 0.0540032
0, 0.0598337, 0.125, 0.875, 0.0559106
0, 0.0668499, 0.125, 0.875, 0.0563427
0, 0.0623974, 0.125, 0.875, 0.0556045
0, 0.0695241, 0.125, 0.875, 0.0617808
0, 0.0629183, 0.125, 0.875, 0.0565922
0, 0.0637236, 0.125, 0.875, 0.055371
0, 0.0563163, 0.125, 0.875, 0.0511757
0, 0.0557566, 0.125, 0.875, 0.050682
0, 0.0624297, 0.125, 0.875, 0.0541933
0, 0.0623009, 0.125, 0.875, 0.0549402
0, 0.0647833, 0.125, 0.875, 0.0564578
0, 0.0610214, 0.125, 0.875, 0.0550388
0, 0.0654009, 0.125, 0.875, 0.0583366
0, 0.0696884, 0.125, 0.875, 0.0572116
0, 0.0617772, 0.125, 0.875, 0.0558675
0, 0.0560451, 0.125, 0.875, 0.0501687
0, 0.0680653, 0.125, 0.875, 0.060658
0, 0.0624752, 0.125, 0.875, 0.0525639
0, 0.0625392, 0.125, 0.875, 0.0570804
0, 0.058592, 0.125, 0.875, 0.0529024
0, 0.0600353, 0.125, 0.875, 0.0528071
0, 0.0633554, 0.125, 0.875, 0.0546906
0, 0.0552839, 0.125, 0.875, 0.0499131
0, 0.0619706, 0.125, 0.875, 0.0531589
0, 0.0657183, 0.13, 0.87, 0.0567337
0, 0.0648421, 0.13, 0.87, 0.0565229
0, 0.0604753, 0.13, 0.87, 0.0534879
0, 0.0611983, 0.13, 0.87, 0.0561748
0, 0.0620382, 0.13, 0.87, 0.0573881
0, 0.0591761, 0.13, 0.87, 0.0543185
0, 0.0665471, 0.13, 0.87, 0.0575796
0, 0.0697307, 0.13, 0.87, 0.060601
0, 0.0593869, 0.13, 0.87, 0.0582967
0, 0.0670649, 0.13, 0.87, 0.0578241
0, 0.0604217, 0.13, 0.87, 0.0556081
0, 0.0654971, 0.13, 0.87, 0.058459
0, 0.0667724, 0.13, 0.87, 0.061491
0, 0.0654009, 0.13, 0.87, 0.0592772
0, 0.0663483, 0.13, 0.87, 0.0611543
0, 0.0650743, 0.13, 0.87, 0.0588821
0, 0.0680463, 0.13, 0.87, 0.0592572
0, 0.0632229, 0.13, 0.87, 0.0558
0, 0.0668613, 0.13, 0.87, 0.0588889
0, 0.0702441, 0.13, 0.87, 0.0619056
0, 0.0693319, 0.13, 0.87, 0.0586277
0, 0.0569325, 0.13, 0.87, 0.0529139
0, 0.0697937, 0.13, 0.87, 0.0601805
0, 0.0635403, 0.13, 0.87, 0.0552313
0, 0.0626502, 0.13, 0.87, 0.0591271
0, 0.0736935, 0.135, 0.865, 0.0663512
0, 0.06467, 0.135, 0.865, 0.0563396
0, 0.0713928, 0.135, 0.865, 0.0636068
0, 0.0724367, 0.135, 0.865, 0.0618741
0, 0.0668697, 0.135, 0.865, 0.0619006
0, 0.0662619, 0.135, 0.865, 0.0607345
0, 0.069344, 0.135, 0.865, 0.0629615
0, 0.0742699, 0.135, 0.865, 0.0664351
0, 0.0684929, 0.135, 0.865, 0.0592593
0, 0.0671349, 0.135, 0.865, 0.0617735
0, 0.0643394, 0.135, 0.865, 0.0575621
0, 0.067998, 0.135, 0.865, 0.0612635
0, 0.0714469, 0.135, 0.865, 0.064751
0, 0.068448, 0.135, 0.865, 0.0626718
0, 0.0652817, 0.135, 0.865, 0.0582805
0, 0.0665093, 0.135, 0.865, 0.0608798
0, 0.0703069, 0.135, 0.865, 0.0651989
0, 0.0707896, 0.135, 0.865, 0.0656074
0, 0.0711999, 0.135, 0.865, 0.0613285
0, 0.0705306, 0.135, 0.865, 0.0627258
0, 0.073011, 0.135, 0.865, 0.0624439
0, 0.0667153, 0.135, 0.865, 0.0600762
0, 0.0703384, 0.135, 0.865, 0.0605179
0, 0.0728681, 0.135, 0.865, 0.0640975
0, 0.0675066, 0.135, 0.865, 0.0602869
0, 0.0718691, 0.14, 0.86, 0.0658899
0, 0.0735051, 0.14, 0.86, 0.065372
0, 0.0704829, 0.14, 0.86, 0.0642765
0, 0.0721875, 0.14, 0.86, 0.0668558
0, 0.0768085, 0.14, 0.86, 0.0683679
0, 0.0779762, 0.14, 0.86, 0.0703376
0, 0.0794712, 0.14, 0.86, 0.0705869
0, 0.0785738, 0.14, 0.86, 0.0722912
0, 0.0711638, 0.14, 0.86, 0.0670822
0, 0.0725633, 0.14, 0.86, 0.0652235
0, 0.0725179, 0.14, 0.86, 0.0656993
0, 0.0691419, 0.14, 0.86, 0.0645198
0, 0.0811053, 0.14, 0.86, 0.0717388
0, 0.0702047, 0.14, 0.86, 0.0640709
0, 0.0771438, 0.14, 0.86, 0.066328
0, 0.0723472, 0.14, 0.86, 0.0668795
0, 0.0631519, 0.14, 0.86, 0.0594868
0, 0.0749012, 0.14, 0.86, 0.0689675
0, 0.077738, 0.14, 0.86, 0.0693359
0, 0.0806516, 0.14, 0.86, 0.0696323
0, 0.0732588, 0.14, 0.86, 0.0633284
0, 0.0753094, 0.14, 0.86, 0.0673955
0, 0.07852, 0.14, 0.86, 0.0696089
0, 0.0725366, 0.14, 0.86, 0.0689443
0, 0.0751519, 0.14, 0.86, 0.0661317
0, 0.0842951, 0.145, 0.855, 0.0712882
0, 0.0820978, 0.145, 0.855, 0.0738782
0, 0.0747218, 0.145, 0.855, 0.0673988
0, 0.0764245, 0.145, 0.855, 0.0704065
0, 0.0821102, 0.145, 0.855, 0.071461
0, 0.0733818, 0.145, 0.855, 0.0672948
0, 0.0787415, 0.145, 0.855, 0.0719827
0, 0.0807233, 0.145, 0.855, 0.0728213
0, 0.0793704, 0.145, 0.855, 0.0731679
0, 0.0725888, 0.145, 0.855, 0.0675683
0, 0.0755754, 0.145, 0.855, 0.0703081
0, 0.0778175, 0.145, 0.855, 0.0669354
0, 0.0776358, 0.145, 0.855, 0.0691605
0, 0.0811791, 0.145, 0.855, 0.0733168
0, 0.0767864, 0.145, 0.855, 0.0682137
0, 0.084852, 0.145, 0.855, 0.0775242
0, 0.0833505, 0.145, 0.855, 0.0763799
0, 0.0761591, 0.145, 0.855, 0.0712909
0, 0.0720524, 0.145, 0.855, 0.0659427
0, 0.0829588, 0.145, 0.855, 0.0714933
0, 0.0787184, 0.145, 0.855, 0.0725076
0, 0.0731107, 0.145, 0.855, 0.067744
0, 0.0832054, 0.145, 0.855, 0.0705193
0, 0.0816799, 0.145, 0.855, 0.0729609
0, 0.0837341, 0.145, 0.855, 0.0748419
0, 0.0763829, 0.15, 0.85, 0.0724005
0, 0.0858594, 0.15, 0.85, 0.0778119
0, 0.0840826, 0.15, 0.85, 0.0745584
0, 0.089287, 0.15, 0.85, 0.0798724
0, 0.0862296, 0.15, 0.85, 0.0769884
0, 0.0831578, 0.15, 0.85, 0.0747546
0, 0.0885318, 0.15, 0.85, 0.0773442
0, 0.0794217, 0.15, 0.85, 0.072
0, 0.0813446, 0.15, 0.85, 0.0748341
0, 0.0871584, 0.15, 0.85, 0.0798981
0, 0.0867994, 0.15, 0.85, 0.0802139
0, 0.083554, 0.15, 0.85, 0.0755383
0, 0.0846829, 0.15, 0.85, 0.0783742
0, 0.0783501, 0.15, 0.85, 0.0738123
0, 0.0821095, 0.15, 0.85, 0.0733103
0, 0.0898648, 0.15, 0.85, 0.0819856
0, 0.0927365, 0.15, 0.85, 0.0810197
0, 0.0814397, 0.15, 0.85, 0.0742242
0, 0.0780603, 0.15, 0.85, 0.0727563
0, 0.0816693, 0.15, 0.85, 0.075634
0, 0.0866985, 0.15, 0.85, 0.0780989
0, 0.0804784, 0.15, 0.85, 0.0747869
0, 0.0846808, 0.15, 0.85, 0.0762645
0, 0.0893262, 0.15, 0.85, 0.0778186
0, 0.0805392, 0.15, 0.85, 0.0729807
0, 0.0892716, 0.155, 0.845, 0.0814958
0, 0.0823502, 0.155, 0.845, 0.074626
0, 0.0935419, 0.155, 0.845, 0.0864862
0, 0.0941446, 0.155, 0.845, 0.0857437
0, 0.0896229, 0.155, 0.845, 0.0812604
0, 0.088009, 0.155, 0.845, 0.0781509
0, 0.0801856, 0.155, 0.845, 0.0729915
0, 0.0896535, 0.155, 0.845, 0.0789549
0, 0.0945268, 0.155, 0.845, 0.086529
0, 0.0861976, 0.155, 0.845, 0.079557
0, 0.0888197, 0.155, 0.845, 0.0803154
0, 0.0832805, 0.155, 0.845, 0.0786752
0, 0.0944704, 0.155, 0.845, 0.0827696
0, 0.0906535, 0.155, 0.845, 0.0814026
0, 0.0896338, 0.155, 0.845, 0.0822081
0, 0.0898222, 0.155, 0.845, 0.0798384
0, 0.087889, 0.155, 0.845, 0.0809281
0, 0.0946774, 0.155, 0.845, 0.0855716
0, 0.0889233, 0.155, 0.845, 0.0806902
0, 0.0884208, 0.155, 0.845, 0.0828667
0, 0.0837872, 0.155, 0.845, 0.0745592
0, 0.0913236, 0.155, 0.845, 0.0820688
0, 0.0902198, 0.155, 0.845, 0.0811601
0, 0.0849829, 0.155, 0.845, 0.0780077
0, 0.0900092, 0.155, 0.845, 0.0791916
0, 0.0960719, 0.16, 0.84, 0.0864169
0, 0.0837471, 0.16, 0.84, 0.0774948
0, 0.0970838, 0.16, 0.84, 0.0892054
0, 0.0965136, 0.16, 0.84, 0.087538
0, 0.094048, 0.16, 0.84, 0.0846479
0, 0.0887799, 0.16, 0.84, 0.0853991
0, 0.0993895, 0.16, 0.84, 0.089088
0, 0.0932671, 0.16, 0.84, 0.0866137
0, 0.0990064, 0.16, 0.84, 0.0890261
0, 0.0914431, 0.16, 0.84, 0.0829697
0, 0.0992236, 0.16, 0.84, 0.0922785
0, 0.0880205, 0.16, 0.84, 0.0826177
0, 0.0982217, 0.16, 0.84, 0.089684
0, 0.0928318, 0.16, 0.84, 0.0845714
0, 0.0890387, 0.16, 0.84, 0.0811571
0, 0.0943091, 0.16, 0.84, 0.085742
0, 0.0907237, 0.16, 0.84, 0.082721
0, 0.0855337, 0.16, 0.84, 0.0792658
0, 0.0973189, 0.16, 0.84, 0.0882235
0, 0.0980544, 0.16, 0.84, 0.0886192
0, 0.092748, 0.16, 0.84, 0.0844018
0, 0.0945229, 0.16, 0.84, 0.0880726
0, 0.0926472, 0.16, 0.84, 0.0864077
0, 0.100009, 0.16, 0.84, 0.0868376
0, 0.0961743, 0.16, 0.84, 0.0893585
0, 0.103982, 0.165, 0.835, 0.0922893
0, 0.100514, 0.165, 0.835, 0.0911993
0, 0.0995756, 0.165, 0.835, 0.0923826
0, 0.0994394, 0.165, 0.835, 0.0921698
0, 0.10231, 0.165, 0.835, 0.0929013
0, 0.100225, 0.165, 0.835, 0.0899334
0, 0.0915321, 0.165, 0.835, 0.0855476
0, 0.0938765, 0.165, 0.835, 0.0852521
0, 0.101532, 0.165, 0.835, 0.0942232
0, 0.0979533, 0.165, 0.835, 0.0862642
0, 0.102404, 0.165, 0.835, 0.0915969
0, 0.0954603, 0.165, 0.835, 0.0878509
0, 0.0985206, 0.165, 0.835, 0.0892878
0, 0.0988932, 0.165, 0.835, 0.0913006
0, 0.102544, 0.165, 0.835, 0.0915529
0, 0.0975955, 0.165, 0.835, 0.0899416
0, 0.0997385, 0.165, 0.835, 0.0937751
0, 0.105375, 0.165, 0.835, 0.0923625
0, 0.0953318, 0.165, 0.835, 0.089126
0, 0.100098, 0.165, 0.835, 0.0914016
0, 0.094186, 0.165, 0.835, 0.0896882
0, 0.0991862, 0.165, 0.835, 0.0931453
0, 0.0912379, 0.165, 0.835, 0.0864468
0, 0.0952252, 0.165, 0.835, 0.0876548
0, 0.102812, 0.165, 0.835, 0.0940141
0, 0.112195, 0.17, 0.83, 0.102455
0, 0.108034, 0.17, 0.83, 0.0996342
0, 0.105733, 0.17, 0.83, 0.0952955
0, 0.104567, 0.17, 0.83, 0.0948756
0, 0.10574, 0.17, 0.83, 0.0972794
0, 0.102443, 0.17, 0.83, 0.0957583
0, 0.100719, 0.17, 0.83, 0.0941176
0, 0.10341, 0.17, 0.83, 0.0928667
0, 0.108844, 0.17, 0.83, 0.0989145
0, 0.107322, 0.17, 0.83, 0.0952794
0, 0.102047, 0.17, 0.83, 0.0927073
0, 0.110964, 0.17, 0.83, 0.101636
0, 0.103004, 0.17, 0.83, 0.0958376
0, 0.102859, 0.17, 0.83, 0.0968687
0, 0.0988144, 0.17, 0.83, 0.0901696
0, 0.107111, 0.17, 0.83, 0.0940299
0, 0.104627, 0.17, 0.83, 0.0952766
0, 0.0990183, 0.17, 0.83, 0.0893094
0, 0.103901, 0.17, 0.83, 0.0959437
0, 0.117832, 0.17, 0.83, 0.100602
0, 0.103811, 0.17, 0.83, 0.0923749
0, 0.103502, 0.17, 0.83, 0.0924671
0, 0.101763, 0.17, 0.83, 0.0980267
0, 0.103226, 0.17, 0.83, 0.0937891
0, 0.10409, 0.17, 0.83, 0.0944913
0, 0.107211, 0.175, 0.825, 0.0991198
0, 0.117197, 0.175, 0.825, 0.107085
0, 0.114265, 0.175, 0.825, 0.104492
0, 0.108298, 0.175, 0.825, 0.0960246
0, 0.107815, 0.175, 0.825, 0.0995517
0, 0.108686, 0.175, 0.825, 0.101243
0, 0.104134, 0.175, 0.825, 0.0989601
0, 0.111542, 0.175, 0.825, 0.101251
0, 0.110761, 0.175, 0.825, 0.100901
0, 0.109698, 0.175, 0.825, 0.0970547
0, 0.112207, 0.175, 0.825, 0.103434
0, 0.110745, 0.175, 0.825, 0.102964
0, 0.111257, 0.175, 0.825, 0.100991
0, 0.115199, 0.175, 0.825, 0.109599
0, 0.109886, 0.175, 0.825, 0.0971304
0, 0.107789, 0.175, 0.825, 0.101145
0, 0.111757, 0.175, 0.825, 0.101391
0, 0.113224, 0.175, 0.825, 0.104232
0, 0.104139, 0.175, 0.825, 0.0990547
0, 0.118859, 0.175, 0.825, 0.102812
0, 0.113436, 0.175, 0.825, 0.103835
0, 0.109717, 0.175, 0.825, 0.100621
0, 0.107639, 0.175, 0.825, 0.0988459
0, 0.101356, 0.175, 0.825, 0.0940498
0, 0.109993, 0.175, 0.825, 0.103092
0, 0.116344, 0.18, 0.82, 0.106379
0, 0.110996, 0.18, 0.82, 0.100375
0, 0.115305, 0.18, 0.82, 0.104848
0, 0.12047, 0.18, 0.82, 0.111253
0, 0.123744, 0.18, 0.82, 0.11133
0, 0.114938, 0.18, 0.82, 0.105916
0, 0.111438, 0.18, 0.82, 0.103322
0, 0.123394, 0.18, 0.82, 0.111576
0, 0.119569, 0.18, 0.82, 0.108237
0, 0.117652, 0.18, 0.82, 0.106181
0, 0.118483, 0.18, 0.82, 0.112225
0, 0.117113, 0.18, 0.82, 0.106042
0, 0.12361, 0.18, 0.82, 0.110909
0, 0.111212, 0.18, 0.82, 0.10611
0, 0.123302, 0.18, 0.82, 0.114745
0, 0.114177, 0.18, 0.82, 0.10695
0, 0.118037, 0.18, 0.82, 0.112006
0, 0.12721, 0.18, 0.82, 0.113153
0, 0.122818, 0.18, 0.82, 0.111763
0, 0.121886, 0.18, 0.82, 0.112251
0, 0.110782, 0.18, 0.82, 0.105061
0, 0.118812, 0.18, 0.82, 0.11087
0, 0.111091, 0.18, 0.82, 0.106224
0, 0.114459, 0.18, 0.82, 0.107205
0, 0.117823, 0.18, 0.82, 0.104044
0, 0.118214, 0.185, 0.815, 0.10638
0, 0.122372, 0.185, 0.815, 0.111846
0, 0.11683, 0.185, 0.815, 0.106355
0, 0.121327, 0.185, 0.815, 0.1098
0, 0.119761, 0.185, 0.815, 0.109454
0, 0.116649, 0.185, 0.815, 0.110771
0, 0.117013, 0.185, 0.815, 0.110077
0, 0.121818, 0.185, 0.815, 0.1119
0, 0.123637, 0.185, 0.815, 0.115139
0, 0.119076, 0.185, 0.815, 0.110899
0, 0.121389, 0.185, 0.815, 0.111868
0, 0.126514, 0.185, 0.815, 0.117127
0, 0.131909, 0.185, 0.815, 0.115731
0, 0.124052, 0.185, 0.815, 0.116956
0, 0.121741, 0.185, 0.815, 0.113532
0, 0.118929, 0.185, 0.815, 0.112277
0, 0.11721, 0.185, 0.815, 0.108787
0, 0.132609, 0.185, 0.815, 0.118767
0, 0.119396, 0.185, 0.815, 0.109233
0, 0.118777, 0.185, 0.815, 0.107836
0, 0.122388, 0.185, 0.815, 0.116661
0, 0.128453, 0.185, 0.815, 0.116737
0, 0.120118, 0.185, 0.815, 0.108992
0, 0.122122, 0.185, 0.815, 0.108481
0, 0.12008, 0.185, 0.815, 0.110786
0, 0.126341, 0.19, 0.81, 0.124375
0, 0.134933, 0.19, 0.81, 0.119494
0, 0.131903, 0.19, 0.81, 0.119862
0, 0.123448, 0.19, 0.81, 0.114013
0, 0.13005, 0.19, 0.81, 0.119569
0, 0.129621, 0.19, 0.81, 0.118213
0, 0.126768, 0.19, 0.81, 0.116806
0, 0.130961, 0.19, 0.81, 0.118722
0, 0.121731, 0.19, 0.81, 0.114947
0, 0.129275, 0.19, 0.81, 0.119189
0, 0.133349, 0.19, 0.81, 0.122428
0, 0.127494, 0.19, 0.81, 0.117036
0, 0.125896, 0.19, 0.81, 0.118441
0, 0.132422, 0.19, 0.81, 0.124773
0, 0.120026, 0.19, 0.81, 0.110226
0, 0.132666, 0.19, 0.81, 0.123682
0, 0.127625, 0.19, 0.81, 0.118705
0, 0.129764, 0.19, 0.81, 0.119875
0, 0.137526, 0.19, 0.81, 0.125723
0, 0.129426, 0.19, 0.81, 0.120871
0, 0.122348, 0.19, 0.81, 0.116619
0, 0.13215, 0.19, 0.81, 0.120526
0, 0.125625, 0.19, 0.81, 0.118208
0, 0.132043, 0.19, 0.81, 0.120848
0, 0.13134, 0.19, 0.81, 0.120909
0, 0.137409, 0.195, 0.805, 0.123105
0, 0.13696, 0.195, 0.805, 0.123962
0, 0.132431, 0.195, 0.805, 0.120893
0, 0.133296, 0.195, 0.805, 0.123198
0, 0.133805, 0.195, 0.805, 0.124596
0, 0.13138, 0.195, 0.805, 0.121945
0, 0.129237, 0.195, 0.805, 0.118907
0, 0.133098, 0.195, 0.805, 0.12228
0, 0.139592, 0.195, 0.805, 0.131861
0, 0.134625, 0.195, 0.805, 0.122829
0, 0.133719, 0.195, 0.805, 0.125964
0, 0.131945, 0.195, 0.805, 0.122973
0, 0.13565, 0.195, 0.805, 0.125871
0, 0.126141, 0.195, 0.805, 0.120734
0, 0.132035, 0.195, 0.805, 0.117528
0, 0.139301, 0.195, 0.805, 0.122485
0, 0.131687, 0.195, 0.805, 0.12311
0, 0.127314, 0.195, 0.805, 0.122696
0, 0.13006, 0.195, 0.805, 0.119853
0, 0.128369, 0.195, 0.805, 0.122011
0, 0.133043, 0.195, 0.805, 0.121418
0, 0.135469, 0.195, 0.805, 0.125262
0, 0.130903, 0.195, 0.805, 0.120664
0, 0.130445, 0.195, 0.805, 0.122445
0, 0.126819, 0.195, 0.805, 0.117395
0, 0.132836, 0.2, 0.8, 0.126077
0, 0.143349, 0.2, 0.8, 0.132641
0, 0.138318, 0.2, 0.8, 0.129499
0, 0.13881, 0.2, 0.8, 0.12775
0, 0.150857, 0.2, 0.8, 0.139085
0, 0.135968, 0.2, 0.8, 0.126374
0, 0.133644, 0.2, 0.8, 0.123391
0, 0.144593, 0.2, 0.8, 0.132219
0, 0.140826, 0.2, 0.8, 0.132693
0, 0.143396, 0.2, 0.8, 0.13424
0, 0.146436, 0.2, 0.8, 0.134901
0, 0.14347, 0.2, 0.8, 0.133195
0, 0.142805, 0.2, 0.8, 0.130775
0, 0.141647, 0.2, 0.8, 0.130802
0, 0.12999, 0.2, 0.8, 0.124735
0, 0.139222, 0.2, 0.8, 0.129804
0, 0.136829, 0.2, 0.8, 0.125219
0, 0.135595, 0.2, 0.8, 0.123397
0, 0.14142, 0.2, 0.8, 0.13168
0, 0.144061, 0.2, 0.8, 0.132828
0, 0.133261, 0.2, 0.8, 0.124889
0, 0.140583, 0.2, 0.8, 0.135043
0, 0.141285, 0.2, 0.8, 0.134366
0, 0.130644, 0.2, 0.8, 0.12198
0, 0.141894, 0.2, 0.8, 0.129098
0, 0.140422, 0.205, 0.795, 0.131355
0, 0.149552, 0.205, 0.795, 0.140933
0, 0.140414, 0.205, 0.795, 0.135073
0, 0.144654, 0.205, 0.795, 0.132665
0, 0.146331, 0.205, 0.795, 0.134913
0, 0.148843, 0.205, 0.795, 0.13801
0, 0.139283, 0.205, 0.795, 0.131113
0, 0.150012, 0.205, 0.795, 0.136701
0, 0.14415, 0.205, 0.795, 0.134607
0, 0.144595, 0.205, 0.795, 0.134796
0, 0.146243, 0.205, 0.795, 0.137265
0, 0.138003, 0.205, 0.795, 0.130753
0, 0.149813, 0.205, 0.795, 0.141511
0, 0.14871, 0.205, 0.795, 0.13839
0, 0.151073, 0.205, 0.795, 0.142857
0, 0.145669, 0.205, 0.795, 0.13645
0, 0.150859, 0.205, 0.795, 0.139013
0, 0.145105, 0.205, 0.795, 0.135048
0, 0.146335, 0.205, 0.795, 0.135242
0, 0.141861, 0.205, 0.795, 0.130491
0, 0.133076, 0.205, 0.795, 0.125726
0, 0.137851, 0.205, 0.795, 0.131467
0, 0.147785, 0.205, 0.795, 0.13638
0, 0.149918, 0.205, 0.795, 0.136063
0, 0.142092, 0.205, 0.795, 0.132026
0, 0.156387, 0.21, 0.79, 0.14666
0, 0.147764, 0.21, 0.79, 0.141583
0, 0.158567, 0.21, 0.79, 0.141338
0, 0.154383, 0.21, 0.79, 0.142992
0, 0.150239, 0.21, 0.79, 0.142857
0, 0.149843, 0.21, 0.79, 0.139431
0, 0.14955, 0.21, 0.79, 0.138972
0, 0.161469, 0.21, 0.79, 0.145637
0, 0.153252, 0.21, 0.79, 0.140871
0, 0.152759, 0.21, 0.79, 0.143214
0, 0.152453, 0.21, 0.79, 0.139184
0, 0.143258, 0.21, 0.79, 0.137369
0, 0.145046, 0.21, 0.79, 0.13877
0, 0.155463, 0.21, 0.79, 0.140439
0, 0.145332, 0.21, 0.79, 0.13514
0, 0.156669, 0.21, 0.79, 0.14662
0, 0.153415, 0.21, 0.79, 0.144268
0, 0.157292, 0.21, 0.79, 0.145958
0, 0.158083, 0.21, 0.79, 0.145712
0, 0.160203, 0.21, 0.79, 0.147821
0, 0.153986, 0.21, 0.79, 0.142039
0, 0.146646, 0.21, 0.79, 0.137155
0, 0.149419, 0.21, 0.79, 0.142831
0, 0.141914, 0.21, 0.79, 0.137
0, 0.149789, 0.21, 0.79, 0.139022
0, 0.152793, 0.215, 0.785, 0.145383
0, 0.163246, 0.215, 0.785, 0.15304
0, 0.168844, 0.215, 0.785, 0.15765
0, 0.152507, 0.215, 0.785, 0.142771
0, 0.153943, 0.215, 0.785, 0.141005
0, 0.167543, 0.215, 0.785, 0.155843
0, 0.157651, 0.215, 0.785, 0.151798
0, 0.153885, 0.215, 0.785, 0.145318
0, 0.161225, 0.215, 0.785, 0.145424
0, 0.158723, 0.215, 0.785, 0.151095
0, 0.163488, 0.215, 0.785, 0.149206
0, 0.154519, 0.215, 0.785, 0.142748
0, 0.154592, 0.215, 0.785, 0.147371
0, 0.160345, 0.215, 0.785, 0.151105
0, 0.163213, 0.215, 0.785, 0.147453
0, 0.160998, 0.215, 0.785, 0.146931
0, 0.161207, 0.215, 0.785, 0.152206
0, 0.156379, 0.215, 0.785, 0.148501
0, 0.15587, 0.215, 0.785, 0.143534
0, 0.160688, 0.215, 0.785, 0.147373
0, 0.164306, 0.215, 0.785, 0.151671
0, 0.161808, 0.215, 0.785, 0.152103
0, 0.152053, 0.215, 0.785, 0.14566
0, 0.160018, 0.215, 0.785, 0.15027
0, 0.155177, 0.215, 0.785, 0.144866
0, 0.170893, 0.22, 0.78, 0.162378
0, 0.167913, 0.22, 0.78, 0.155529
0, 0.16588, 0.22, 0.78, 0.152231
0, 0.172654, 0.22, 0.78, 0.158152
0, 0.155182, 0.22, 0.78, 0.148199
0, 0.156306, 0.22, 0.78, 0.15057
0, 0.161816, 0.22, 0.78, 0.155574
0, 0.16879, 0.22, 0.78, 0.154851
0, 0.15997, 0.22, 0.78, 0.151688
0, 0.163031, 0.22, 0.78, 0.157873
0, 0.152854, 0.22, 0.78, 0.144518
0, 0.165455, 0.22, 0.78, 0.154758
0, 0.177889, 0.22, 0.78, 0.160485
0, 0.160572, 0.22, 0.78, 0.152711
0, 0.160695, 0.22, 0.78, 0.151076
0, 0.165575, 0.22, 0.78, 0.158363
0, 0.167069, 0.22, 0.78, 0.15936
0, 0.164887, 0.22, 0.78, 0.156008
0, 0.162238, 0.22, 0.78, 0.149633
0, 0.164606, 0.22, 0.78, 0.151866
0, 0.167668, 0.22, 0.78, 0.157939
0, 0.164538, 0.22, 0.78, 0.154094
0, 0.160636, 0.22, 0.78, 0.153221
0, 0.157819, 0.22, 0.78, 0.151312
0, 0.162593, 0.22, 0.78, 0.151701
0, 0.173542, 0.225, 0.775, 0.161131
0, 0.167954, 0.225, 0.775, 0.158743
0, 0.180877, 0.225, 0.775, 0.168612
0, 0.179585, 0.225, 0.775, 0.169054
0, 0.164438, 0.225, 0.775, 0.158704
0, 0.168893, 0.225, 0.775, 0.158061
0, 0.172053, 0.225, 0.775, 0.16417
0, 0.17258, 0.225, 0.775, 0.162078
0, 0.176241, 0.225, 0.775, 0.16124
0, 0.17558, 0.225, 0.775, 0.166576
0, 0.166154, 0.225, 0.775, 0.158756
0, 0.162132, 0.225, 0.775, 0.152954
0, 0.176463, 0.225, 0.775, 0.163359
0, 0.170719, 0.225, 0.775, 0.163072
0, 0.175018, 0.225, 0.775, 0.160583
0, 0.174956, 0.225, 0.775, 0.16265
0, 0.172129, 0.225, 0.775, 0.158419
0, 0.171885, 0.225, 0.775, 0.159036
0, 0.17071, 0.225, 0.775, 0.158833
0, 0.175456, 0.225, 0.775, 0.164295
0, 0.159781, 0.225, 0.775, 0.151264
0, 0.169713, 0.225, 0.775, 0.163628
0, 0.17462, 0.225, 0.775, 0.167594
0, 0.171874, 0.225, 0.775, 0.161419
0, 0.182745, 0.225, 0.775, 0.163801
0, 0.184358, 0.23, 0.77, 0.171921
0, 0.179947, 0.23, 0.77, 0.168644
0, 0.182594, 0.23, 0.77, 0.172504
0, 0.178291, 0.23, 0.77, 0.167701
0, 0.176207, 0.23, 0.77, 0.162845
0, 0.17801, 0.23, 0.77, 0.169239
0, 0.179258, 0.23, 0.77, 0.167596
0, 0.178802, 0.23, 0.77, 0.161236
0, 0.178113, 0.23, 0.77, 0.169898
0, 0.184341, 0.23, 0.77, 0.173163
0, 0.178284, 0.23, 0.77, 0.165123
0, 0.173881, 0.23, 0.77, 0.166806
0, 0.17738, 0.23, 0.77, 0.167686
0, 0.179631, 0.23, 0.77, 0.167782
0, 0.183705, 0.23, 0.77, 0.167221
0, 0.169909, 0.23, 0.77, 0.166737
0, 0.172193, 0.23, 0.77, 0.165898
0, 0.185974, 0.23, 0.77, 0.172986
0, 0.179697, 0.23, 0.77, 0.171096
0, 0.179092, 0.23, 0.77, 0.166756
0, 0.175588, 0.23, 0.77, 0.166212
0, 0.189102, 0.23, 0.77, 0.176624
0, 0.176433, 0.23, 0.77, 0.166989
0, 0.18275, 0.23, 0.77, 0.168435
0, 0.182711, 0.23, 0.77, 0.171835
0, 0.183817, 0.235, 0.765, 0.173714
0, 0.181727, 0.235, 0.765, 0.172645
0, 0.185789, 0.235, 0.765, 0.173323
0, 0.178854, 0.235, 0.765, 0.173158
0, 0.190529, 0.235, 0.765, 0.179672
0, 0.18515, 0.235, 0.765, 0.175488
0, 0.180617, 0.235, 0.765, 0.171145
0, 0.190751, 0.235, 0.765, 0.1776
0, 0.185383, 0.235, 0.765, 0.169791
0, 0.182518, 0.235, 0.765, 0.173472
0, 0.188363, 0.235, 0.765, 0.175333
0, 0.181741, 0.235, 0.765, 0.170897
0, 0.180744, 0.235, 0.765, 0.169764
0, 0.18878, 0.235, 0.765, 0.174671
0, 0.200378, 0.235, 0.765, 0.18154
0, 0.184642, 0.235, 0.765, 0.178395
0, 0.185208, 0.235, 0.765, 0.176367
0, 0.172884, 0.235, 0.765, 0.165065
0, 0.17922, 0.235, 0.765, 0.170311
0, 0.178521, 0.235, 0.765, 0.168994
0, 0.176313, 0.235, 0.765, 0.170323
0, 0.175924, 0.235, 0.765, 0.168071
0, 0.183851, 0.235, 0.765, 0.169846
0, 0.18919, 0.235, 0.765, 0.175998
0, 0.187544, 0.235, 0.765, 0.17308
0, 0.183726, 0.24, 0.76, 0.172034
0, 0.187723, 0.24, 0.76, 0.179656
0, 0.202756, 0.24, 0.76, 0.191222
0, 0.18319, 0.24, 0.76, 0.17771
0, 0.193903, 0.24, 0.76, 0.182637
0, 0.190898, 0.24, 0.76, 0.18048
0, 0.188205, 0.24, 0.76, 0.177354
0, 0.187089, 0.24, 0.76, 0.179516
0, 0.205273, 0.24, 0.76, 0.186952
0, 0.188648, 0.24, 0.76, 0.181642
0, 0.198339, 0.24, 0.76, 0.184999
0, 0.182922, 0.24, 0.76, 0.176916
0, 0.191734, 0.24, 0.76, 0.182707
0, 0.195709, 0.24, 0.76, 0.185367
0, 0.187666, 0.24, 0.76, 0.180499
0, 0.195617, 0.24, 0.76, 0.17966
0, 0.200072, 0.24, 0.76, 0.182178
0, 0.182022, 0.24, 0.76, 0.17254
0, 0.192362, 0.24, 0.76, 0.177564
0, 0.192622, 0.24, 0.76, 0.18064
0, 0.193835, 0.24, 0.76, 0.182493
0, 0.184763, 0.24, 0.76, 0.178396
0, 0.188483, 0.24, 0.76, 0.180352
0, 0.175605, 0.24, 0.76, 0.168583
0, 0.193943, 0.24, 0.76, 0.187611
0, 0.196336, 0.245, 0.755, 0.187935
0, 0.190084, 0.245, 0.755, 0.180729
0, 0.198704, 0.245, 0.755, 0.187845
0, 0.195701, 0.245, 0.755, 0.184485
0, 0.201699, 0.245, 0.755, 0.191844
0, 0.182854, 0.245, 0.755, 0.177982
0, 0.193662, 0.245, 0.755, 0.183774
0, 0.203857, 0.245, 0.755, 0.1899
0, 0.19895, 0.245, 0.755, 0.189594
0, 0.198808, 0.245, 0.755, 0.190655
0, 0.199552, 0.245, 0.755, 0.188611
0, 0.195304, 0.245, 0.755, 0.186153
0, 0.208718, 0.245, 0.755, 0.194123
0, 0.20278, 0.245, 0.755, 0.190545
0, 0.197797, 0.245, 0.755, 0.188357
0, 0.205357, 0.245, 0.755, 0.194166
0, 0.195215, 0.245, 0.755, 0.186263
0, 0.200443, 0.245, 0.755, 0.191615
0, 0.19038, 0.245, 0.755, 0.179381
0, 0.197267, 0.245, 0.755, 0.186838
0, 0.195012, 0.245, 0.755, 0.185706
0, 0.194961, 0.245, 0.755, 0.187432
0, 0.18915, 0.245, 0.755, 0.183178
0, 0.200411, 0.245, 0.755, 0.186957
0, 0.201154, 0.245, 0.755, 0.190615
0, 0.199001, 0.25, 0.75, 0.185525
0, 0.225855, 0.25, 0.75, 0.212726
0, 0.20414, 0.25, 0.75, 0.192525
0, 0.216845, 0.25, 0.75, 0.208442
0, 0.199055, 0.25, 0.75, 0.191118
0, 0.201938, 0.25, 0.75, 0.192411
0, 0.209882, 0.25, 0.75, 0.196392
0, 0.210947, 0.25, 0.75, 0.199119
0, 0.216421, 0.25, 0.75, 0.199815
0, 0.204354, 0.25, 0.75, 0.191479
0, 0.201998, 0.25, 0.75, 0.194238
0, 0.212412, 0.25, 0.75, 0.198962
0, 0.197284, 0.25, 0.75, 0.185304
0, 0.204003, 0.25, 0.75, 0.196368
0, 0.208747, 0.25, 0.75, 0.196857
0, 0.207327, 0.25, 0.75, 0.195802
0, 0.206883, 0.25, 0.75, 0.195459
0, 0.202037, 0.25, 0.75, 0.195925
0, 0.209855, 0.25, 0.75, 0.195798
0, 0.211707, 0.25, 0.75, 0.200502
0, 0.193164, 0.25, 0.75, 0.187416
0, 0.21074, 0.25, 0.75, 0.198824
0, 0.205561, 0.25, 0.75, 0.197643
0, 0.200419, 0.25, 0.75, 0.191222
0, 0.202633, 0.25, 0.75, 0.189333
0, 0.207672, 0.255, 0.745, 0.201381
0, 0.218608, 0.255, 0.745, 0.206531
0, 0.21814, 0.255, 0.745, 0.208782
0, 0.214442, 0.255, 0.745, 0.200641
0, 0.210236, 0.255, 0.745, 0.19989
0, 0.212934, 0.255, 0.745, 0.204064
0, 0.216745, 0.255, 0.745, 0.202844
0, 0.21553, 0.255, 0.745, 0.202708
0, 0.208786, 0.255, 0.745, 0.195715
0, 0.204427, 0.255, 0.745, 0.191166
0, 0.200744, 0.255, 0.745, 0.194647
0, 0.216295, 0.255, 0.745, 0.207407
0, 0.220843, 0.255, 0.745, 0.207202
0, 0.2131, 0.255, 0.745, 0.198959
0, 0.216593, 0.255, 0.745, 0.200097
0, 0.222726, 0.255, 0.745, 0.207578
0, 0.223921, 0.255, 0.745, 0.213328
0, 0.199555, 0.255, 0.745, 0.197199
0, 0.19656, 0.255, 0.745, 0.191392
0, 0.221837, 0.255, 0.745, 0.213798
0, 0.209651, 0.255, 0.745, 0.201551
0, 0.211496, 0.255, 0.745, 0.200753
0, 0.211432, 0.255, 0.745, 0.200837
0, 0.217238, 0.255, 0.745, 0.201452
0, 0.209024, 0.255, 0.745, 0.199698
0, 0.223112, 0.26, 0.74, 0.209994
0, 0.207912, 0.26, 0.74, 0.197903
0, 0.217651, 0.26, 0.74, 0.206712
0, 0.226528, 0.26, 0.74, 0.214522
0, 0.225549, 0.26, 0.74, 0.21143
0, 0.221184, 0.26, 0.74, 0.206731
0, 0.215359, 0.26, 0.74, 0.202306
0, 0.234165, 0.26, 0.74, 0.218479
0, 0.212223, 0.26, 0.74, 0.19915
0, 0.232068, 0.26, 0.74, 0.219334
0, 0.217966, 0.26, 0.74, 0.213608
0, 0.213623, 0.26, 0.74, 0.199004
0, 0.20723, 0.26, 0.74, 0.205366
0, 0.218208, 0.26, 0.74, 0.209882
0, 0.212175, 0.26, 0.74, 0.210719
0, 0.23312, 0.26, 0.74, 0.22099
0, 0.217731, 0.26, 0.74, 0.207811
0, 0.218057, 0.26, 0.74, 0.213439
0, 0.207918, 0.26, 0.74, 0.203645
0, 0.223161, 0.26, 0.74, 0.212827
0, 0.227909, 0.26, 0.74, 0.21556
0, 0.214434, 0.26, 0.74, 0.204102
0, 0.235933, 0.26, 0.74, 0.218502
0, 0.21086, 0.26, 0.74, 0.20275
0, 0.225703, 0.26, 0.74, 0.217232
0, 0.215483, 0.265, 0.735, 0.213478
0, 0.223387, 0.265, 0.735, 0.21429
0, 0.240507, 0.265, 0.735, 0.221689
0, 0.226337, 0.265, 0.735, 0.218527
0, 0.230911, 0.265, 0.735, 0.219207
0, 0.221452, 0.265, 0.735, 0.213582
0, 0.228853, 0.265, 0.735, 0.214661
0, 0.225151, 0.265, 0.735, 0.215655
0, 0.226966, 0.265, 0.735, 0.21401
0, 0.234301, 0.265, 0.735, 0.220726
0, 0.2305, 0.265, 0.735, 0.220366
0, 0.219032, 0.265, 0.735, 0.211947
0, 0.227025, 0.265, 0.735, 0.215689
0, 0.226636, 0.265, 0.735, 0.215229
0, 0.221688, 0.265, 0.735, 0.211363
0, 0.232355, 0.265, 0.735, 0.221276
0, 0.223772, 0.265, 0.735, 0.216897
0, 0.235291, 0.265, 0.735, 0.222538
0, 0.228125, 0.265, 0.735, 0.214868
0, 0.219073, 0.265, 0.735, 0.215861
0, 0.229419, 0.265, 0.735, 0.222422
0, 0.225631, 0.265, 0.735, 0.216663
0, 0.227747, 0.265, 0.735, 0.218329
0, 0.233657, 0.265, 0.735, 0.218984
0, 0.22329, 0.265, 0.735, 0.214429
0, 0.240717, 0.27, 0.73, 0.223852
0, 0.235354, 0.27, 0.73, 0.224349
0, 0.231477, 0.27, 0.73, 0.221309
0, 0.243715, 0.27, 0.73, 0.230847
0, 0.232502, 0.27, 0.73, 0.223752
0, 0.229012, 0.27, 0.73, 0.21546
0, 0.237963, 0.27, 0.73, 0.219835
0, 0.229518, 0.27, 0.73, 0.220629
0, 0.227401, 0.27, 0.73, 0.212213
0, 0.229816, 0.27, 0.73, 0.219054
0, 0.239046, 0.27, 0.73, 0.226388
0, 0.239247, 0.27, 0.73, 0.226362
0, 0.234195, 0.27, 0.73, 0.226247
0, 0.231596, 0.27, 0.73, 0.22249
0, 0.240789, 0.27, 0.73, 0.227588
0, 0.221961, 0.27, 0.73, 0.217248
0, 0.233447, 0.27, 0.73, 0.222459
0, 0.249324, 0.27, 0.73, 0.232735
0, 0.238371, 0.27, 0.73, 0.226768
0, 0.236784, 0.27, 0.73, 0.230327
0, 0.233512, 0.27, 0.73, 0.219805
0, 0.23743, 0.27, 0.73, 0.231507
0, 0.233754, 0.27, 0.73, 0.224849
0, 0.228489, 0.27, 0.73, 0.221422
0, 0.235747, 0.27, 0.73, 0.226164
0, 0.246965, 0.275, 0.725, 0.236392
0, 0.252152, 0.275, 0.725, 0.237144
0, 0.246677, 0.275, 0.725, 0.237031
0, 0.239108, 0.275, 0.725, 0.229406
0, 0.239624, 0.275, 0.725, 0.231826
0, 0.224959, 0.275, 0.725, 0.220461
0, 0.243196, 0.275, 0.725, 0.234814
0, 0.24787, 0.275, 0.725, 0.236595
0, 0.240545, 0.275, 0.725, 0.229388
0, 0.235688, 0.275, 0.725, 0.224497
0, 0.244434, 0.275, 0.725, 0.234973
0, 0.24298, 0.275, 0.725, 0.23326
0, 0.246083, 0.275, 0.725, 0.230246
0, 0.238982, 0.275, 0.725, 0.230018
0, 0.248977, 0.275, 0.725, 0.235416
0, 0.238504, 0.275, 0.725, 0.229937
0, 0.246312, 0.275, 0.725, 0.229667
0, 0.245966, 0.275, 0.725, 0.234165
0, 0.238327, 0.275, 0.725, 0.230012
0, 0.244608, 0.275, 0.725, 0.232961
0, 0.241887, 0.275, 0.725, 0.228085
0, 0.235785, 0.275, 0.725, 0.225463
0, 0.239865, 0.275, 0.725, 0.230305
0, 0.237082, 0.275, 0.725, 0.229138
0, 0.241164, 0.275, 0.725, 0.231239
0, 0.253808, 0.28, 0.72, 0.244116
0, 0.248521, 0.28, 0.72, 0.237544
0, 0.244818, 0.28, 0.72, 0.235003
0, 0.248147, 0.28, 0.72, 0.238253
0, 0.242284, 0.28, 0.72, 0.234857
0, 0.248448, 0.28, 0.72, 0.236824
0, 0.247962, 0.28, 0.72, 0.239362
0, 0.258435, 0.28, 0.72, 0.246465
0, 0.260121, 0.28, 0.72, 0.250739
0, 0.256166, 0.28, 0.72, 0.2387
0, 0.237923, 0.28, 0.72, 0.227125
0, 0.246853, 0.28, 0.72, 0.236323
0, 0.258838, 0.28, 0.72, 0.24658
0, 0.240746, 0.28, 0.72, 0.226939
0, 0.247961, 0.28, 0.72, 0.238698
0, 0.255947, 0.28, 0.72, 0.244465
0, 0.245994, 0.28, 0.72, 0.233335
0, 0.247967, 0.28, 0.72, 0.242755
0, 0.248112, 0.28, 0.72, 0.237408
0, 0.246097, 0.28, 0.72, 0.238765
0, 0.258923, 0.28, 0.72, 0.249424
0, 0.24889, 0.28, 0.72, 0.24434
0, 0.260612, 0.28, 0.72, 0.247772
0, 0.257471, 0.28, 0.72, 0.248214
0, 0.248305, 0.28, 0.72, 0.245225
0, 0.256382, 0.285, 0.715, 0.244717
0, 0.262957, 0.285, 0.715, 0.256807
0, 0.251267, 0.285, 0.715, 0.244768
0, 0.258375, 0.285, 0.715, 0.24838
0, 0.258338, 0.285, 0.715, 0.249623
0, 0.240589, 0.285, 0.715, 0.234265
0, 0.258827, 0.285, 0.715, 0.247839
0, 0.262058, 0.285, 0.715, 0.252498
0, 0.262028, 0.285, 0.715, 0.253832
0, 0.257264, 0.285, 0.715, 0.247688
0, 0.270986, 0.285, 0.715, 0.254999
0, 0.248027, 0.285, 0.715, 0.23997
0, 0.251499, 0.285, 0.715, 0.24918
0, 0.269675, 0.285, 0.715, 0.256785
0, 0.258105, 0.285, 0.715, 0.243194
0, 0.26393, 0.285, 0.715, 0.25025
0, 0.257246, 0.285, 0.715, 0.2451
0, 0.260003, 0.285, 0.715, 0.246066
0, 0.252342, 0.285, 0.715, 0.242399
0, 0.253945, 0.285, 0.715, 0.246896
0, 0.259071, 0.285, 0.715, 0.254476
0, 0.267976, 0.285, 0.715, 0.258323
0, 0.257852, 0.285, 0.715, 0.253552
0, 0.261061, 0.285, 0.715, 0.249193
0, 0.260488, 0.285, 0.715, 0.251552
0, 0.258404, 0.29, 0.71, 0.247135
0, 0.269786, 0.29, 0.71, 0.26231
0, 0.267503, 0.29, 0.71, 0.25468
0, 0.264802, 0.29, 0.71, 0.258654
0, 0.276886, 0.29, 0.71, 0.269603
0, 0.266563, 0.29, 0.71, 0.255913
0, 0.266933, 0.29, 0.71, 0.264704
0, 0.253569, 0.29, 0.71, 0.248509
0, 0.270136, 0.29, 0.71, 0.259294
0, 0.260995, 0.29, 0.71, 0.253051
0, 0.255516, 0.29, 0.71, 0.248709
0, 0.264687, 0.29, 0.71, 0.252319
0, 0.26906, 0.29, 0.71, 0.261942
0, 0.268456, 0.29, 0.71, 0.259323
0, 0.270907, 0.29, 0.71, 0.261578
0, 0.266864, 0.29, 0.71, 0.250265
0, 0.264608, 0.29, 0.71, 0.253687
0, 0.267611, 0.29, 0.71, 0.260417
0, 0.255003, 0.29, 0.71, 0.249591
0, 0.263216, 0.29, 0.71, 0.256271
0, 0.274998, 0.29, 0.71, 0.264182
0, 0.255118, 0.29, 0.71, 0.245423
0, 0.254497, 0.29, 0.71, 0.25039
0, 0.268268, 0.29, 0.71, 0.255397
0, 0.275169, 0.29, 0.71, 0.263395
0, 0.267718, 0.295, 0.705, 0.263204
0, 0.290077, 0.295, 0.705, 0.275864
0, 0.276832, 0.295, 0.705, 0.266927
0, 0.280034, 0.295, 0.705, 0.273049
0, 0.28918, 0.295, 0.705, 0.272993
0, 0.271366, 0.295, 0.705, 0.263007
0, 0.276873, 0.295, 0.705, 0.264542
0, 0.27579, 0.295, 0.705, 0.261304
0, 0.275173, 0.295, 0.705, 0.267856
0, 0.269815, 0.295, 0.705, 0.262937
0, 0.273775, 0.295, 0.705, 0.262001
0, 0.273752, 0.295, 0.705, 0.260747
0, 0.270588, 0.295, 0.705, 0.25935
0, 0.290139, 0.295, 0.705, 0.275615
0, 0.261031, 0.295, 0.705, 0.25206
0, 0.28214, 0.295, 0.705, 0.271712
0, 0.276212, 0.295, 0.705, 0.260614
0, 0.275077, 0.295, 0.705, 0.264509
0, 0.276809, 0.295, 0.705, 0.266494
0, 0.273796, 0.295, 0.705, 0.265239
0, 0.281437, 0.295, 0.705, 0.276581
0, 0.273065, 0.295, 0.705, 0.268559
0, 0.273149, 0.295, 0.705, 0.263832
0, 0.278948, 0.295, 0.705, 0.271631
0, 0.271605, 0.295, 0.705, 0.256811
0, 0.289357, 0.3, 0.7, 0.282509
0, 0.275258, 0.3, 0.7, 0.272523
0, 0.28084, 0.3, 0.7, 0.271356
0, 0.265674, 0.3, 0.7, 0.256723
0, 0.283082, 0.3, 0.7, 0.273558
0, 0.283427, 0.3, 0.7, 0.275303
0, 0.275198, 0.3, 0.7, 0.264319
0, 0.278965, 0.3, 0.7, 0.272583
0, 0.287118, 0.3, 0.7, 0.272832
0, 0.291439, 0.3, 0.7, 0.278581
0, 0.284276, 0.3, 0.7, 0.269302
0, 0.290237, 0.3, 0.7, 0.278882
0, 0.28876, 0.3, 0.7, 0.274241
0, 0.286764, 0.3, 0.7, 0.279416
0, 0.286652, 0.3, 0.7, 0.273823
0, 0.28759, 0.3, 0.7, 0.272664
0, 0.283083, 0.3, 0.7, 0.271286
0, 0.280822, 0.3, 0.7, 0.267923
0, 0.28039, 0.3, 0.7, 0.271587
0, 0.279086, 0.3, 0.7, 0.269226
0, 0.295977, 0.3, 0.7, 0.283999
0, 0.282196, 0.3, 0.7, 0.267188
0, 0.285764, 0.3, 0.7, 0.27679
0, 0.274178, 0.3, 0.7, 0.26502
0, 0.27763, 0.3, 0.7, 0.266553
0, 0.284814, 0.305, 0.695, 0.27729
0, 0.292656, 0.305, 0.695, 0.280206
0, 0.292954, 0.305, 0.695, 0.283938
0, 0.286497, 0.305, 0.695, 0.272289
0, 0.278962, 0.305, 0.695, 0.272663
0, 0.270327, 0.305, 0.695, 0.266337
0, 0.304816, 0.305, 0.695, 0.291878
0, 0.2904, 0.305, 0.695, 0.27388
0, 0.294, 0.305, 0.695, 0.285132
0, 0.299789, 0.305, 0.695, 0.283397
0, 0.290353, 0.305, 0.695, 0.277409
0, 0.289199, 0.305, 0.695, 0.287102
0, 0.302407, 0.305, 0.695, 0.291518
0, 0.297288, 0.305, 0.695, 0.288355
0, 0.285553, 0.305, 0.695, 0.277728
0, 0.296346, 0.305, 0.695, 0.286289
0, 0.297973, 0.305, 0.695, 0.287836
0, 0.287213, 0.305, 0.695, 0.280589
0, 0.29071, 0.305, 0.695, 0.284047
0, 0.291803, 0.305, 0.695, 0.283189
0, 0.292254, 0.305, 0.695, 0.28809
0, 0.286007, 0.305, 0.695, 0.275443
0, 0.288474, 0.305, 0.695, 0.273592
0, 0.286792, 0.305, 0.695, 0.276036
0, 0.292287, 0.305, 0.695, 0.284273
0, 0.319701, 0.31, 0.69, 0.303538
0, 0.306568, 0.31, 0.69, 0.289788
0, 0.307115, 0.31, 0.69, 0.292396
0, 0.301613, 0.31, 0.69, 0.291749
0, 0.305916, 0.31, 0.69, 0.297247
0, 0.302793, 0.31, 0.69, 0.292252
0, 0.308072, 0.31, 0.69, 0.294129
0, 0.305802, 0.31, 0.69, 0.291036
0, 0.304903, 0.31, 0.69, 0.291922
0, 0.31129, 0.31, 0.69, 0.298477
0, 0.31433, 0.31, 0.69, 0.305422
0, 0.307788, 0.31, 0.69, 0.292615
0, 0.30215, 0.31, 0.69, 0.291349
0, 0.291963, 0.31, 0.69, 0.283626
0, 0.309583, 0.31, 0.69, 0.297817
0, 0.303128, 0.31, 0.69, 0.287049
0, 0.302885, 0.31, 0.69, 0.295288
0, 0.294195, 0.31, 0.69, 0.287399
0, 0.302916, 0.31, 0.69, 0.29507
0, 0.298462, 0.31, 0.69, 0.287372
0, 0.2879, 0.31, 0.69, 0.285514
0, 0.288496, 0.31, 0.69, 0.280377
0, 0.301702, 0.31, 0.69, 0.295597
0, 0.315692, 0.31, 0.69, 0.301434
0, 0.294651, 0.31, 0.69, 0.287817
0, 0.304391, 0.315, 0.685, 0.288837
0, 0.305435, 0.315, 0.685, 0.29408
0, 0.306438, 0.315, 0.685, 0.301081
0, 0.306133, 0.315, 0.685, 0.29651
0, 0.323759, 0.315, 0.685, 0.30967
0, 0.31732, 0.315, 0.685, 0.30111
0, 0.315882, 0.315, 0.685, 0.305681
0, 0.298398, 0.315, 0.685, 0.288404
0, 0.30132, 0.315, 0.685, 0.294455
0, 0.311535, 0.315, 0.685, 0.300647
0, 0.316145, 0.315, 0.685, 0.298037
0, 0.318762, 0.315, 0.685, 0.30237
0, 0.304969, 0.315, 0.685, 0.293056
0, 0.313159, 0.315, 0.685, 0.302333
0, 0.306172, 0.315, 0.685, 0.294606
0, 0.301581, 0.315, 0.685, 0.293757
0, 0.295164, 0.315, 0.685, 0.288794
0, 0.306941, 0.315, 0.685, 0.296141
0, 0.316443, 0.315, 0.685, 0.306241
0, 0.309772, 0.315, 0.685, 0.299036
0, 0.309201, 0.315, 0.685, 0.300435
0, 0.311504, 0.315, 0.685, 0.292587
0, 0.309933, 0.315, 0.685, 0.30091
0, 0.316639, 0.315, 0.685, 0.304902
0, 0.293887, 0.315, 0.685, 0.291962
0, 0.31812, 0.32, 0.68, 0.313527
0, 0.318841, 0.32, 0.68, 0.303333
0, 0.324289, 0.32, 0.68, 0.308922
0, 0.308862, 0.32, 0.68, 0.303463
0, 0.319473, 0.32, 0.68, 0.310567
0, 0.312455, 0.32, 0.68, 0.303862
0, 0.324488, 0.32, 0.68, 0.313775
0, 0.321204, 0.32, 0.68, 0.308744
0, 0.321358, 0.32, 0.68, 0.31344
0, 0.306821, 0.32, 0.68, 0.297309
0, 0.313874, 0.32, 0.68, 0.306824
0, 0.324043, 0.32, 0.68, 0.308384
0, 0.330465, 0.32, 0.68, 0.317834
0, 0.331266, 0.32, 0.68, 0.31853
0, 0.323849, 0.32, 0.68, 0.317682
0, 0.319884, 0.32, 0.68, 0.309866
0, 0.330159, 0.32, 0.68, 0.312299
0, 0.319933, 0.32, 0.68, 0.311138
0, 0.305196, 0.32, 0.68, 0.301016
0, 0.328789, 0.32, 0.68, 0.30949
0, 0.330908, 0.32, 0.68, 0.317934
0, 0.32485, 0.32, 0.68, 0.315551
0, 0.313972, 0.32, 0.68, 0.306763
0, 0.308202, 0.32, 0.68, 0.300039
0, 0.321818, 0.32, 0.68, 0.310667
0, 0.323439, 0.325, 0.675, 0.315636
0, 0.326627, 0.325, 0.675, 0.315144
0, 0.338441, 0.325, 0.675, 0.327719
0, 0.320312, 0.325, 0.675, 0.311789
0, 0.328675, 0.325, 0.675, 0.317838
0, 0.326913, 0.325, 0.675, 0.319395
0, 0.326286, 0.325, 0.675, 0.319987
0, 0.340396, 0.325, 0.675, 0.322214
0, 0.316913, 0.325, 0.675, 0.312863
0, 0.33268, 0.325, 0.675, 0.318902
0, 0.33156, 0.325, 0.675, 0.315126
0, 0.328593, 0.325, 0.675, 0.317194
0, 0.33929, 0.325, 0.675, 0.325253
0, 0.335415, 0.325, 0.675, 0.32579
0, 0.33056, 0.325, 0.675, 0.320023
0, 0.319315, 0.325, 0.675, 0.312648
0, 0.334164, 0.325, 0.675, 0.319376
0, 0.340644, 0.325, 0.675, 0.320992
0, 0.329304, 0.325, 0.675, 0.314941
0, 0.327584, 0.325, 0.675, 0.316801
0, 0.338148, 0.325, 0.675, 0.321693
0, 0.312714, 0.325, 0.675, 0.306911
0, 0.327361, 0.325, 0.675, 0.316361
0, 0.338823, 0.325, 0.675, 0.325453
0, 0.326346, 0.325, 0.675, 0.319843
0, 0.345564, 0.33, 0.67, 0.33318
0, 0.337738, 0.33, 0.67, 0.330365
0, 0.33935, 0.33, 0.67, 0.328187
0, 0.332497, 0.33, 0.67, 0.324252
0, 0.331298, 0.33, 0.67, 0.316259
0, 0.338399, 0.33, 0.67, 0.335452
0, 0.335453, 0.33, 0.67, 0.322129
0, 0.344613, 0.33, 0.67, 0.328966
0, 0.331563, 0.33, 0.67, 0.327462
0, 0.334944, 0.33, 0.67, 0.317679
0, 0.334021, 0.33, 0.67, 0.318659
0, 0.332886, 0.33, 0.67, 0.32591
0, 0.344968, 0.33, 0.67, 0.333246
0, 0.339661, 0.33, 0.67, 0.327895
0, 0.331677, 0.33, 0.67, 0.321021
0, 0.334525, 0.33, 0.67, 0.325466
0, 0.344599, 0.33, 0.67, 0.336057
0, 0.33827, 0.33, 0.67, 0.327711
0, 0.339251, 0.33, 0.67, 0.324295
0, 0.346734, 0.33, 0.67, 0.33082
0, 0.333491, 0.33, 0.67, 0.327525
0, 0.352027, 0.33, 0.67, 0.34134
0, 0.336763, 0.33, 0.67, 0.324587
0, 0.33192, 0.33, 0.67, 0.327642
0, 0.347308, 0.33, 0.67, 0.334702
0, 0.357259, 0.335, 0.665, 0.347097
0, 0.349993, 0.335, 0.665, 0.339144
0, 0.351687, 0.335, 0.665, 0.340004
0, 0.358233, 0.335, 0.665, 0.351496
0, 0.348855, 0.335, 0.665, 0.337664
0, 0.35133, 0.335, 0.665, 0.339151
0, 0.346987, 0.335, 0.665, 0.33711
0, 0.336766, 0.335, 0.665, 0.321099
0, 0.351414, 0.335, 0.665, 0.339984
0, 0.34856, 0.335, 0.665, 0.334639
0, 0.363798, 0.335, 0.665, 0.34703
0, 0.344182, 0.335, 0.665, 0.33874
0, 0.347298, 0.335, 0.665, 0.33918
0, 0.348526, 0.335, 0.665, 0.334916
0, 0.349956, 0.335, 0.665, 0.33244
0, 0.347677, 0.335, 0.665, 0.335512
0, 0.346414, 0.335, 0.665, 0.334294
0, 0.325404, 0.335, 0.665, 0.322877
0, 0.357516, 0.335, 0.665, 0.343385
0, 0.345379, 0.335, 0.665, 0.334697
0, 0.348198, 0.335, 0.665, 0.336569
0, 0.346723, 0.335, 0.665, 0.33189
0, 0.351301, 0.335, 0.665, 0.345084
0, 0.333829, 0.335, 0.665, 0.322623
0, 0.35079, 0.335, 0.665, 0.339753
0, 0.360874, 0.34, 0.66, 0.347366
0, 0.370193, 0.34, 0.66, 0.358848
0, 0.360462, 0.34, 0.66, 0.349007
0, 0.351413, 0.34, 0.66, 0.340853
0, 0.347803, 0.34, 0.66, 0.3407
0, 0.352605, 0.34, 0.66, 0.342162
0, 0.360066, 0.34, 0.66, 0.347792
0, 0.355343, 0.34, 0.66, 0.342788
0, 0.359826, 0.34, 0.66, 0.350209
0, 0.350605, 0.34, 0.66, 0.342785
0, 0.370503, 0.34, 0.66, 0.35652
0, 0.355898, 0.34, 0.66, 0.346026
0, 0.367009, 0.34, 0.66, 0.349179
0, 0.35996, 0.34, 0.66, 0.351838
0, 0.374859, 0.34, 0.66, 0.363709
0, 0.351893, 0.34, 0.66, 0.343879
0, 0.345526, 0.34, 0.66, 0.329648
0, 0.368935, 0.34, 0.66, 0.350747
0, 0.359507, 0.34, 0.66, 0.348997
0, 0.36318, 0.34, 0.66, 0.348706
0, 0.35251, 0.34, 0.66, 0.346236
0, 0.370526, 0.34, 0.66, 0.353735
0, 0.359001, 0.34, 0.66, 0.346783
0, 0.368558, 0.34, 0.66, 0.353638
0, 0.37885, 0.34, 0.66, 0.36215
0, 0.372681, 0.345, 0.655, 0.357582
0, 0.368278, 0.345, 0.655, 0.357682
0, 0.371694, 0.345, 0.655, 0.359536
0, 0.357163, 0.345, 0.655, 0.350194
0, 0.371725, 0.345, 0.655, 0.35979
0, 0.371653, 0.345, 0.655, 0.356402
0, 0.369557, 0.345, 0.655, 0.359091
0, 0.370819, 0.345, 0.655, 0.356341
0, 0.36985, 0.345, 0.655, 0.355588
0, 0.384196, 0.345, 0.655, 0.369781
0, 0.368268, 0.345, 0.655, 0.363104
0, 0.371331, 0.345, 0.655, 0.361189
0, 0.382173, 0.345, 0.655, 0.368938
0, 0.360099, 0.345, 0.655, 0.351461
0, 0.355512, 0.345, 0.655, 0.353062
0, 0.368305, 0.345, 0.655, 0.361993
0, 0.364736, 0.345, 0.655, 0.357891
0, 0.363156, 0.345, 0.655, 0.35284
0, 0.382129, 0.345, 0.655, 0.369668
0, 0.370894, 0.345, 0.655, 0.35814
0, 0.376837, 0.345, 0.655, 0.363491
0, 0.363053, 0.345, 0.655, 0.349855
0, 0.369148, 0.345, 0.655, 0.35836
0, 0.363481, 0.345, 0.655, 0.353565
0, 0.361974, 0.345, 0.655, 0.3537
0, 0.400834, 0.35, 0.65, 0.384849
0, 0.382216, 0.35, 0.65, 0.370161
0, 0.360225, 0.35, 0.65, 0.354121
0, 0.36462, 0.35, 0.65, 0.355495
0, 0.375183, 0.35, 0.65, 0.363728
0, 0.385706, 0.35, 0.65, 0.371797
0, 0.392535, 0.35, 0.65, 0.376906
0, 0.397011, 0.35, 0.65, 0.385165
0, 0.375456, 0.35, 0.65, 0.366005
0, 0.371574, 0.35, 0.65, 0.361178
0, 0.37276, 0.35, 0.65, 0.362115
0, 0.388582, 0.35, 0.65, 0.377349
0, 0.376289, 0.35, 0.65, 0.365841
0, 0.403073, 0.35, 0.65, 0.383107
0, 0.378174, 0.35, 0.65, 0.365407
0, 0.396617, 0.35, 0.65, 0.379484
0, 0.386105, 0.35, 0.65, 0.376171
0, 0.382708, 0.35, 0.65, 0.366749
0, 0.369607, 0.35, 0.65, 0.368264
0, 0.370533, 0.35, 0.65, 0.357811
0, 0.363767, 0.35, 0.65, 0.356684
0, 0.373169, 0.35, 0.65, 0.359375
0, 0.377797, 0.35, 0.65, 0.367987
0, 0.387289, 0.35, 0.65, 0.369688
0, 0.372287, 0.35, 0.65, 0.369293
0, 0.378574, 0.355, 0.645, 0.366947
0, 0.39796, 0.355, 0.645, 0.389138
0, 0.382589, 0.355, 0.645, 0.379552
0, 0.394606, 0.355, 0.645, 0.377177
0, 0.392413, 0.355, 0.645, 0.385286
0, 0.391767, 0.355, 0.645, 0.376702
0, 0.390071, 0.355, 0.645, 0.375462
0, 0.39339, 0.355, 0.645, 0.378602
0, 0.395661, 0.355, 0.645, 0.376327
0, 0.393791, 0.355, 0.645, 0.380716
0, 0.38709, 0.355, 0.645, 0.373598
0, 0.382378, 0.355, 0.645, 0.367735
0, 0.390114, 0.355, 0.645, 0.37378
0, 0.390113, 0.355, 0.645, 0.385447
0, 0.396187, 0.355, 0.645, 0.38052
0, 0.388159, 0.355, 0.645, 0.379209
0, 0.375085, 0.355, 0.645, 0.366567
0, 0.404358, 0.355, 0.645, 0.392692
0, 0.394756, 0.355, 0.645, 0.382905
0, 0.380012, 0.355, 0.645, 0.367479
0, 0.381199, 0.355, 0.645, 0.373967
0, 0.388655, 0.355, 0.645, 0.372279
0, 0.389309, 0.355, 0.645, 0.375158
0, 0.38354, 0.355, 0.645, 0.372638
0, 0.380562, 0.355, 0.645, 0.372501
0, 0.406493, 0.36, 0.64, 0.391089
0, 0.398015, 0.36, 0.64, 0.392756
0, 0.394431, 0.36, 0.64, 0.387269
0, 0.394338, 0.36, 0.64, 0.386863
0, 0.383326, 0.36, 0.64, 0.370095
0, 0.401621, 0.36, 0.64, 0.388085
0, 0.39905, 0.36, 0.64, 0.384913
0, 0.402289, 0.36, 0.64, 0.394127
0, 0.395699, 0.36, 0.64, 0.372659
0, 0.398366, 0.36, 0.64, 0.383275
0, 0.412064, 0.36, 0.64, 0.407994
0, 0.414337, 0.36, 0.64, 0.398049
0, 0.409787, 0.36, 0.64, 0.401203
0, 0.401451, 0.36, 0.64, 0.387728
0, 0.386352, 0.36, 0.64, 0.379283
0, 0.390441, 0.36, 0.64, 0.38241
0, 0.406173, 0.36, 0.64, 0.391407
0, 0.407178, 0.36, 0.64, 0.394754
0, 0.394698, 0.36, 0.64, 0.38574
0, 0.398603, 0.36, 0.64, 0.38728
0, 0.384509, 0.36, 0.64, 0.378522
0, 0.401632, 0.36, 0.64, 0.387906
0, 0.39137, 0.36, 0.64, 0.389126
0, 0.392441, 0.36, 0.64, 0.3838
0, 0.395581, 0.36, 0.64, 0.381927
0, 0.414547, 0.365, 0.635, 0.397733
0, 0.423346, 0.365, 0.635, 0.41438
0, 0.411423, 0.365, 0.635, 0.399767
0, 0.431616, 0.365, 0.635, 0.421021
0, 0.403279, 0.365, 0.635, 0.393193
0, 0.407393, 0.365, 0.635, 0.395314
0, 0.398104, 0.365, 0.635, 0.391002
0, 0.419963, 0.365, 0.635, 0.405174
0, 0.40967, 0.365, 0.635, 0.392978
0, 0.418034, 0.365, 0.635, 0.40284
0, 0.40773, 0.365, 0.635, 0.397229
0, 0.406402, 0.365, 0.635, 0.396764
0, 0.408305, 0.365, 0.635, 0.396756
0, 0.412627, 0.365, 0.635, 0.404199
0, 0.397593, 0.365, 0.635, 0.389549
0, 0.410646, 0.365, 0.635, 0.394233
0, 0.414968, 0.365, 0.635, 0.402335
0, 0.427374, 0.365, 0.635, 0.403996
0, 0.396851, 0.365, 0.635, 0.39356
0, 0.414108, 0.365, 0.635, 0.399297
0, 0.420533, 0.365, 0.635, 0.402799
0, 0.429644, 0.365, 0.635, 0.417126
0, 0.420927, 0.365, 0.635, 0.401299
0, 0.400518, 0.365, 0.635, 0.388593
0, 0.406754, 0.365, 0.635, 0.39284
0, 0.415812, 0.37, 0.63, 0.406596
0, 0.441206, 0.37, 0.63, 0.424799
0, 0.418317, 0.37, 0.63, 0.404202
0, 0.430183, 0.37, 0.63, 0.410331
0, 0.419977, 0.37, 0.63, 0.410388
0, 0.41601, 0.37, 0.63, 0.417093
0, 0.429731, 0.37, 0.63, 0.407993
0, 0.434829, 0.37, 0.63, 0.421861
0, 0.423424, 0.37, 0.63, 0.412435
0, 0.426395, 0.37, 0.63, 0.418423
0, 0.422378, 0.37, 0.63, 0.410326
0, 0.413371, 0.37, 0.63, 0.406309
0, 0.439924, 0.37, 0.63, 0.420493
0, 0.414395, 0.37, 0.63, 0.411127
0, 0.424787, 0.37, 0.63, 0.417167
0, 0.422359, 0.37, 0.63, 0.412573
0, 0.416269, 0.37, 0.63, 0.403292
0, 0.423729, 0.37, 0.63, 0.421314
0, 0.435473, 0.37, 0.63, 0.422287
0, 0.437882, 0.37, 0.63, 0.421238
0, 0.420185, 0.37, 0.63, 0.405972
0, 0.409272, 0.37, 0.63, 0.399205
0, 0.426442, 0.37, 0.63, 0.409922
0, 0.41618, 0.37, 0.63, 0.404833
0, 0.411149, 0.37, 0.63, 0.398842
0, 0.448747, 0.375, 0.625, 0.437027
0, 0.44318, 0.375, 0.625, 0.429809
0, 0.429608, 0.375, 0.625, 0.421955
0, 0.426999, 0.375, 0.625, 0.417648
0, 0.436544, 0.375, 0.625, 0.418079
0, 0.437712, 0.375, 0.625, 0.425624
0, 0.452213, 0.375, 0.625, 0.445307
0, 0.437652, 0.375, 0.625, 0.42329
0, 0.431966, 0.375, 0.625, 0.416477
0, 0.444022, 0.375, 0.625, 0.425144
0, 0.4286, 0.375, 0.625, 0.413252
0, 0.428288, 0.375, 0.625, 0.417576
0, 0.425319, 0.375, 0.625, 0.412343
0, 0.444624, 0.375, 0.625, 0.428406
0, 0.438449, 0.375, 0.625, 0.431921
0, 0.415401, 0.375, 0.625, 0.400828
0, 0.414899, 0.375, 0.625, 0.40724
0, 0.44498, 0.375, 0.625, 0.42929
0, 0.426053, 0.375, 0.625, 0.412566
0, 0.422243, 0.375, 0.625, 0.409026
0, 0.449061, 0.375, 0.625, 0.43542
0, 0.434674, 0.375, 0.625, 0.419096
0, 0.422825, 0.375, 0.625, 0.415293
0, 0.446802, 0.375, 0.625, 0.435917
0, 0.427848, 0.375, 0.625, 0.415667
0, 0.446444, 0.38, 0.62, 0.434203
0, 0.45805, 0.38, 0.62, 0.438132
0, 0.45409, 0.38, 0.62, 0.439426
0, 0.459331, 0.38, 0.62, 0.443488
0, 0.4497, 0.38, 0.62, 0.434318
0, 0.451526, 0.38, 0.62, 0.431823
0, 0.44287, 0.38, 0.62, 0.431327
0, 0.447076, 0.38, 0.62, 0.432137
0, 0.45289, 0.38, 0.62, 0.443061
0, 0.446969, 0.38, 0.62, 0.43226
0, 0.455932, 0.38, 0.62, 0.443206
0, 0.450542, 0.38, 0.62, 0.432203
0, 0.44546, 0.38, 0.62, 0.43148
0, 0.453491, 0.38, 0.62, 0.441804
0, 0.441738, 0.38, 0.62, 0.42863
0, 0.43999, 0.38, 0.62, 0.430789
0, 0.428464, 0.38, 0.62, 0.414619
0, 0.452868, 0.38, 0.62, 0.437853
0, 0.454067, 0.38, 0.62, 0.436918
0, 0.458457, 0.38, 0.62, 0.438288
0, 0.464616, 0.38, 0.62, 0.442161
0, 0.435122, 0.38, 0.62, 0.420611
0, 0.451126, 0.38, 0.62, 0.438857
0, 0.455203, 0.38, 0.62, 0.438015
0, 0.440434, 0.38, 0.62, 0.427319
0, 0.464126, 0.385, 0.615, 0.449225
0, 0.454797, 0.385, 0.615, 0.440905
0, 0.469668, 0.385, 0.615, 0.457098
0, 0.479464, 0.385, 0.615, 0.458185
0, 0.456164, 0.385, 0.615, 0.446931
0, 0.458684, 0.385, 0.615, 0.446535
0, 0.478336, 0.385, 0.615, 0.462495
0, 0.462218, 0.385, 0.615, 0.4486
0, 0.473797, 0.385, 0.615, 0.453529
0, 0.478222, 0.385, 0.615, 0.459128
0, 0.460345, 0.385, 0.615, 0.444686
0, 0.448411, 0.385, 0.615, 0.430974
0, 0.466895, 0.385, 0.615, 0.45007
0, 0.456088, 0.385, 0.615, 0.444898
0, 0.476272, 0.385, 0.615, 0.461118
0, 0.445154, 0.385, 0.615, 0.433048
0, 0.47012, 0.385, 0.615, 0.453304
0, 0.472674, 0.385, 0.615, 0.450138
0, 0.456147, 0.385, 0.615, 0.440652
0, 0.44651, 0.385, 0.615, 0.436247
0, 0.463194, 0.385, 0.615, 0.451816
0, 0.459809, 0.385, 0.615, 0.441409
0, 0.45243, 0.385, 0.615, 0.437509
0, 0.452747, 0.385, 0.615, 0.436978
0, 0.469109, 0.385, 0.615, 0.450479
0, 0.465627, 0.39, 0.61, 0.451723
0, 0.477753, 0.39, 0.61, 0.458645
0, 0.483764, 0.39, 0.61, 0.465272
0, 0.470408, 0.39, 0.61, 0.464214
0, 0.455567, 0.39, 0.61, 0.446517
0, 0.485689, 0.39, 0.61, 0.464687
0, 0.463207, 0.39, 0.61, 0.446347
0, 0.481636, 0.39, 0.61, 0.46817
0, 0.466706, 0.39, 0.61, 0.452101
0, 0.462393, 0.39, 0.61, 0.452876
0, 0.457802, 0.39, 0.61, 0.445732
0, 0.465175, 0.39, 0.61, 0.456546
0, 0.480225, 0.39, 0.61, 0.462858
0, 0.451101, 0.39, 0.61, 0.441608
0, 0.48311, 0.39, 0.61, 0.466421
0, 0.472056, 0.39, 0.61, 0.459633
0, 0.471823, 0.39, 0.61, 0.455784
0, 0.478951, 0.39, 0.61, 0.46311
0, 0.482175, 0.39, 0.61, 0.46516
0, 0.472338, 0.39, 0.61, 0.458792
0, 0.487436, 0.39, 0.61, 0.465185
0, 0.461369, 0.39, 0.61, 0.449665
0, 0.458543, 0.39, 0.61, 0.451489
0, 0.476204, 0.39, 0.61, 0.465836
0, 0.455154, 0.39, 0.61, 0.437633
0, 0.496525, 0.395, 0.605, 0.476753
0, 0.51328, 0.395, 0.605, 0.486492
0, 0.489315, 0.395, 0.605, 0.474593
0, 0.474605, 0.395, 0.605, 0.466685
0, 0.479356, 0.395, 0.605, 0.47247
0, 0.489947, 0.395, 0.605, 0.471221
0, 0.493761, 0.395, 0.605, 0.470906
0, 0.499815, 0.395, 0.605, 0.479738
0, 0.490253, 0.395, 0.605, 0.47567
0, 0.483666, 0.395, 0.605, 0.468588
0, 0.487151, 0.395, 0.605, 0.471599
0, 0.49217, 0.395, 0.605, 0.478329
0, 0.493714, 0.395, 0.605, 0.479174
0, 0.471703, 0.395, 0.605, 0.459766
0, 0.479745, 0.395, 0.605, 0.466392
0, 0.47511, 0.395, 0.605, 0.463147
0, 0.477579, 0.395, 0.605, 0.458613
0, 0.478609, 0.395, 0.605, 0.461125
0, 0.487317, 0.395, 0.605, 0.475051
0, 0.460555, 0.395, 0.605, 0.444061
0, 0.491861, 0.395, 0.605, 0.475987
0, 0.473186, 0.395, 0.605, 0.459824
0, 0.471973, 0.395, 0.605, 0.464341
0, 0.488604, 0.395, 0.605, 0.469541
0, 0.48464, 0.395, 0.605, 0.476691
0, 0.505967, 0.4, 0.6, 0.492173
0, 0.488433, 0.4, 0.6, 0.478796
0, 0.510043, 0.4, 0.6, 0.496289
0, 0.509457, 0.4, 0.6, 0.493689
0, 0.493998, 0.4, 0.6, 0.476663
0, 0.506842, 0.4, 0.6, 0.490248
0, 0.48176, 0.4, 0.6, 0.467898
0, 0.478959, 0.4, 0.6, 0.462632
0, 0.509301, 0.4, 0.6, 0.482351
0, 0.486739, 0.4, 0.6, 0.468842
0, 0.498003, 0.4, 0.6, 0.482095
0, 0.507243, 0.4, 0.6, 0.484243
0, 0.512822, 0.4, 0.6, 0.48995
0, 0.486196, 0.4, 0.6, 0.474318
0, 0.513063, 0.4, 0.6, 0.488339
0, 0.487368, 0.4, 0.6, 0.476284
0, 0.512488, 0.4, 0.6, 0.486163
0, 0.497151, 0.4, 0.6, 0.480028
0, 0.506479, 0.4, 0.6, 0.493703
0, 0.475698, 0.4, 0.6, 0.459886
0, 0.496078, 0.4, 0.6, 0.483937
0, 0.479528, 0.4, 0.6, 0.469557
0, 0.509203, 0.4, 0.6, 0.495975
0, 0.507597, 0.4, 0.6, 0.486908
0, 0.508655, 0.4, 0.6, 0.491057
0, 0.50422, 0.405, 0.595, 0.490457
0, 0.510997, 0.405, 0.595, 0.494321
0, 0.530845, 0.405, 0.595, 0.512085
0, 0.509424, 0.405, 0.595, 0.494141
0, 0.518908, 0.405, 0.595, 0.506168
0, 0.508833, 0.405, 0.595, 0.50241
0, 0.522178, 0.405, 0.595, 0.502387
0, 0.507588, 0.405, 0.595, 0.491146
0, 0.516925, 0.405, 0.595, 0.498372
0, 0.518672, 0.405, 0.595, 0.498904
0, 0.51789, 0.405, 0.595, 0.495921
0, 0.520941, 0.405, 0.595, 0.504106
0, 0.504332, 0.405, 0.595, 0.485191
0, 0.504631, 0.405, 0.595, 0.486998
0, 0.527893, 0.405, 0.595, 0.507845
0, 0.514145, 0.405, 0.595, 0.495828
0, 0.499498, 0.405, 0.595, 0.482638
0, 0.518917, 0.405, 0.595, 0.500571
0, 0.517438, 0.405, 0.595, 0.495205
0, 0.516514, 0.405, 0.595, 0.502862
0, 0.517729, 0.405, 0.595, 0.504222
0, 0.510213, 0.405, 0.595, 0.49345
0, 0.539562, 0.405, 0.595, 0.518436
0, 0.528845, 0.405, 0.595, 0.513878
0, 0.521472, 0.405, 0.595, 0.504173
0, 0.524405, 0.41, 0.59, 0.510715
0, 0.520105, 0.41, 0.59, 0.501596
0, 0.510515, 0.41, 0.59, 0.494371
0, 0.543051, 0.41, 0.59, 0.51797
0, 0.523311, 0.41, 0.59, 0.506981
0, 0.527551, 0.41, 0.59, 0.518017
0, 0.522044, 0.41, 0.59, 0.510029
0, 0.546745, 0.41, 0.59, 0.524223
0, 0.535032, 0.41, 0.59, 0.513905
0, 0.526429, 0.41, 0.59, 0.51652
0, 0.560019, 0.41, 0.59, 0.535093
0, 0.528281, 0.41, 0.59, 0.518002
0, 0.518833, 0.41, 0.59, 0.495683
0, 0.54687, 0.41, 0.59, 0.529154
0, 0.517557, 0.41, 0.59, 0.504207
0, 0.53651, 0.41, 0.59, 0.509237
0, 0.538892, 0.41, 0.59, 0.527792
0, 0.539876, 0.41, 0.59, 0.514831
0, 0.53538, 0.41, 0.59, 0.518345
0, 0.533316, 0.41, 0.59, 0.521489
0, 0.548752, 0.41, 0.59, 0.531581
0, 0.510953, 0.41, 0.59, 0.496521
0, 0.517668, 0.41, 0.59, 0.509422
0, 0.519162, 0.41, 0.59, 0.506398
0, 0.511967, 0.41, 0.59, 0.5
0, 0.532309, 0.415, 0.585, 0.512522
0, 0.550176, 0.415, 0.585, 0.528386
0, 0.551741, 0.415, 0.585, 0.535589
0, 0.548655, 0.415, 0.585, 0.524971
0, 0.540335, 0.415, 0.585, 0.524209
0, 0.559876, 0.415, 0.585, 0.537169
0, 0.562799, 0.415, 0.585, 0.547391
0, 0.560393, 0.415, 0.585, 0.53314
0, 0.530285, 0.415, 0.585, 0.510446
0, 0.545365, 0.415, 0.585, 0.524445
0, 0.54174, 0.415, 0.585, 0.524887
0, 0.540783, 0.415, 0.585, 0.521505
0, 0.566178, 0.415, 0.585, 0.544403
0, 0.538759, 0.415, 0.585, 0.529153
0, 0.524603, 0.415, 0.585, 0.519354
0, 0.558797, 0.415, 0.585, 0.535181
0, 0.542368, 0.415, 0.585, 0.518372
0, 0.546689, 0.415, 0.585, 0.531717
0, 0.53194, 0.415, 0.585, 0.518843
0, 0.548452, 0.415, 0.585, 0.525944
0, 0.545879, 0.415, 0.585, 0.52362
0, 0.523454, 0.415, 0.585, 0.516346
0, 0.529649, 0.415, 0.585, 0.517294
0, 0.551266, 0.415, 0.585, 0.533314
0, 0.552595, 0.415, 0.585, 0.531673
0, 0.566988, 0.42, 0.58, 0.550521
0, 0.558952, 0.42, 0.58, 0.545711
0, 0.5794, 0.42, 0.58, 0.559081
0, 0.560639, 0.42, 0.58, 0.541554
0, 0.578973, 0.42, 0.58, 0.555383
0, 0.538708, 0.42, 0.58, 0.520009
0, 0.556955, 0.42, 0.58, 0.536746
0, 0.545325, 0.42, 0.58, 0.528044
0, 0.556175, 0.42, 0.58, 0.539914
0, 0.539322, 0.42, 0.58, 0.520091
0, 0.566947, 0.42, 0.58, 0.547377
0, 0.573483, 0.42, 0.58, 0.553607
0, 0.566616, 0.42, 0.58, 0.544945
0, 0.541055, 0.42, 0.58, 0.531722
0, 0.543481, 0.42, 0.58, 0.529238
0, 0.556068, 0.42, 0.58, 0.53608
0, 0.548822, 0.42, 0.58, 0.528768
0, 0.567284, 0.42, 0.58, 0.549751
0, 0.565454, 0.42, 0.58, 0.547751
0, 0.567879, 0.42, 0.58, 0.547121
0, 0.571097, 0.42, 0.58, 0.55262
0, 0.565599, 0.42, 0.58, 0.549112
0, 0.574057, 0.42, 0.58, 0.561602
0, 0.585276, 0.42, 0.58, 0.564786
0, 0.557361, 0.42, 0.58, 0.542246
0, 0.572168, 0.425, 0.575, 0.54442
0, 0.574523, 0.425, 0.575, 0.55107
0, 0.588627, 0.425, 0.575, 0.572904
0, 0.592208, 0.425, 0.575, 0.569759
0, 0.571036, 0.425, 0.575, 0.552853
0, 0.569165, 0.425, 0.575, 0.548675
0, 0.595747, 0.425, 0.575, 0.568582
0, 0.568112, 0.425, 0.575, 0.550026
0, 0.596895, 0.425, 0.575, 0.57507
0, 0.597342, 0.425, 0.575, 0.570141
0, 0.577805, 0.425, 0.575, 0.559768
0, 0.603644, 0.425, 0.575, 0.57626
0, 0.562197, 0.425, 0.575, 0.542143
0, 0.605275, 0.425, 0.575, 0.580643
0, 0.580148, 0.425, 0.575, 0.555027
0, 0.597698, 0.425, 0.575, 0.574862
0, 0.582132, 0.425, 0.575, 0.559827
0, 0.601263, 0.425, 0.575, 0.576416
0, 0.582771, 0.425, 0.575, 0.560899
0, 0.555809, 0.425, 0.575, 0.540937
0, 0.576141, 0.425, 0.575, 0.556723
0, 0.571728, 0.425, 0.575, 0.548918
0, 0.561144, 0.425, 0.575, 0.542093
0, 0.59476, 0.425, 0.575, 0.582448
0, 0.597742, 0.425, 0.575, 0.572664
0, 0.587721, 0.43, 0.57, 0.566055
0, 0.609107, 0.43, 0.57, 0.592679
0, 0.587452, 0.43, 0.57, 0.570865
0, 0.579979, 0.43, 0.57, 0.560761
0, 0.592998, 0.43, 0.57, 0.570586
0, 0.592147, 0.43, 0.57, 0.57374
0, 0.565922, 0.43, 0.57, 0.547418
0, 0.623041, 0.43, 0.57, 0.597109
0, 0.592636, 0.43, 0.57, 0.567899
0, 0.597946, 0.43, 0.57, 0.576478
0, 0.601484, 0.43, 0.57, 0.579689
0, 0.60818, 0.43, 0.57, 0.576423
0, 0.599987, 0.43, 0.57, 0.575191
0, 0.613722, 0.43, 0.57, 0.594245
0, 0.579765, 0.43, 0.57, 0.55844
0, 0.562086, 0.43, 0.57, 0.547307
0, 0.574073, 0.43, 0.57, 0.556363
0, 0.606595, 0.43, 0.57, 0.586844
0, 0.577643, 0.43, 0.57, 0.56287
0, 0.5775, 0.43, 0.57, 0.555449
0, 0.600539, 0.43, 0.57, 0.578672
0, 0.612486, 0.43, 0.57, 0.58944
0, 0.601806, 0.43, 0.57, 0.58326
0, 0.622392, 0.43, 0.57, 0.596021
0, 0.580616, 0.43, 0.57, 0.560677
0, 0.617047, 0.435, 0.565, 0.590317
0, 0.617547, 0.435, 0.565, 0.583705
0, 0.601089, 0.435, 0.565, 0.587473
0, 0.595425, 0.435, 0.565, 0.578074
0, 0.621969, 0.435, 0.565, 0.598411
0, 0.599514, 0.435, 0.565, 0.579094
0, 0.620285, 0.435, 0.565, 0.599046
0, 0.625717, 0.435, 0.565, 0.596267
0, 0.59293, 0.435, 0.565, 0.569788
0, 0.618106, 0.435, 0.565, 0.594046
0, 0.59141, 0.435, 0.565, 0.567218
0, 0.633934, 0.435, 0.565, 0.615147
0, 0.62473, 0.435, 0.565, 0.600461
0, 0.632911, 0.435, 0.565, 0.604604
0, 0.609581, 0.435, 0.565, 0.585163
0, 0.618541, 0.435, 0.565, 0.588427
0, 0.595753, 0.435, 0.565, 0.572985
0, 0.606489, 0.435, 0.565, 0.578683
0, 0.63233, 0.435, 0.565, 0.606155
0, 0.633688, 0.435, 0.565, 0.606511
0, 0.627484, 0.435, 0.565, 0.602889
0, 0.597408, 0.435, 0.565, 0.577013
0, 0.596747, 0.435, 0.565, 0.572187
0, 0.616955, 0.435, 0.565, 0.596322
0, 0.661502, 0.435, 0.565, 0.632475
0, 0.643848, 0.44, 0.56, 0.627038
0, 0.624867, 0.44, 0.56, 0.599647
0, 0.63329, 0.44, 0.56, 0.615673
0, 0.625104, 0.44, 0.56, 0.60357
0, 0.618505, 0.44, 0.56, 0.594753
0, 0.617558, 0.44, 0.56, 0.601584
0, 0.66983, 0.44, 0.56, 0.644303
0, 0.637729, 0.44, 0.56, 0.606826
0, 0.634325, 0.44, 0.56, 0.613207
0, 0.645099, 0.44, 0.56, 0.614455
0, 0.664062, 0.44, 0.56, 0.643852
0, 0.624359, 0.44, 0.56, 0.603625
0, 0.624114, 0.44, 0.56, 0.609533
0, 0.642395, 0.44, 0.56, 0.618716
0, 0.629224, 0.44, 0.56, 0.608355
0, 0.618838, 0.44, 0.56, 0.60193
0, 0.604984, 0.44, 0.56, 0.588213
0, 0.634048, 0.44, 0.56, 0.621358
0, 0.622046, 0.44, 0.56, 0.597806
0, 0.61811, 0.44, 0.56, 0.599048
0, 0.635797, 0.44, 0.56, 0.611541
0, 0.632127, 0.44, 0.56, 0.610971
0, 0.629222, 0.44, 0.56, 0.604802
0, 0.656409, 0.44, 0.56, 0.630089
0, 0.637276, 0.44, 0.56, 0.615473
0, 0.668886, 0.445, 0.555, 0.640038
0, 0.652734, 0.445, 0.555, 0.625233
0, 0.648228, 0.445, 0.555, 0.620081
0, 0.655288, 0.445, 0.555, 0.630273
0, 0.62655, 0.445, 0.555, 0.605134
0, 0.642838, 0.445, 0.555, 0.611742
0, 0.657249, 0.445, 0.555, 0.638309
0, 0.633742, 0.445, 0.555, 0.615759
0, 0.654484, 0.445, 0.555, 0.62588
0, 0.651188, 0.445, 0.555, 0.634855
0, 0.664772, 0.445, 0.555, 0.63561
0, 0.671742, 0.445, 0.555, 0.646245
0, 0.646943, 0.445, 0.555, 0.625795
0, 0.629027, 0.445, 0.555, 0.613629
0, 0.650298, 0.445, 0.555, 0.629088
0, 0.659175, 0.445, 0.555, 0.63763
0, 0.664455, 0.445, 0.555, 0.635634
0, 0.666721, 0.445, 0.555, 0.642102
0, 0.646729, 0.445, 0.555, 0.628374
0, 0.641649, 0.445, 0.555, 0.617819
0, 0.643905, 0.445, 0.555, 0.619587
0, 0.669739, 0.445, 0.555, 0.648848
0, 0.660972, 0.445, 0.555, 0.641275
0, 0.634796, 0.445, 0.555, 0.611786
0, 0.677913, 0.445, 0.555, 0.649053
0, 0.670112, 0.45, 0.55, 0.640289
0, 0.665147, 0.45, 0.55, 0.639358
0, 0.664723, 0.45, 0.55, 0.642255
0, 0.67361, 0.45, 0.55, 0.643576
0, 0.664669, 0.45, 0.55, 0.63879
0, 0.699661, 0.45, 0.55, 0.674808
0, 0.69405, 0.45, 0.55, 0.662462
0, 0.645868, 0.45, 0.55, 0.633419
0, 0.663272, 0.45, 0.55, 0.634368
0, 0.693562, 0.45, 0.55, 0.666935
0, 0.701647, 0.45, 0.55, 0.670396
0, 0.679469, 0.45, 0.55, 0.651769
0, 0.679869, 0.45, 0.55, 0.654473
0, 0.708978, 0.45, 0.55, 0.682046
0, 0.63585, 0.45, 0.55, 0.623656
0, 0.666581, 0.45, 0.55, 0.649599
0, 0.682019, 0.45, 0.55, 0.653898
0, 0.680406, 0.45, 0.55, 0.653232
0, 0.672917, 0.45, 0.55, 0.641978
0, 0.669669, 0.45, 0.55, 0.641118
0, 0.670685, 0.45, 0.55, 0.655901
0, 0.671855, 0.45, 0.55, 0.643055
0, 0.658201, 0.45, 0.55, 0.631874
0, 0.625777, 0.45, 0.55, 0.611235
0, 0.702005, 0.45, 0.55, 0.675726
0, 0.702252, 0.455, 0.545, 0.675386
0, 0.715225, 0.455, 0.545, 0.683669
0, 0.686336, 0.455, 0.545, 0.658897
0, 0.712666, 0.455, 0.545, 0.685371
0, 0.684377, 0.455, 0.545, 0.65578
0, 0.717858, 0.455, 0.545, 0.698107
0, 0.701735, 0.455, 0.545, 0.681146
0, 0.709763, 0.455, 0.545, 0.681748
0, 0.688238, 0.455, 0.545, 0.663129
0, 0.711136, 0.455, 0.545, 0.681848
0, 0.711534, 0.455, 0.545, 0.686693
0, 0.708812, 0.455, 0.545, 0.676958
0, 0.680829, 0.455, 0.545, 0.659786
0, 0.682811, 0.455, 0.545, 0.65821
0, 0.692054, 0.455, 0.545, 0.667225
0, 0.703347, 0.455, 0.545, 0.68076
0, 0.7024, 0.455, 0.545, 0.678223
0, 0.704751, 0.455, 0.545, 0.682667
0, 0.71477, 0.455, 0.545, 0.687389
0, 0.674574, 0.455, 0.545, 0.651449
0, 0.694424, 0.455, 0.545, 0.669924
0, 0.709141, 0.455, 0.545, 0.679771
0, 0.681261, 0.455, 0.545, 0.660306
0, 0.724564, 0.455, 0.545, 0.695959
0, 0.694756, 0.455, 0.545, 0.662973
0, 0.719366, 0.46, 0.54, 0.694258
0, 0.705467, 0.46, 0.54, 0.681078
0, 0.722187, 0.46, 0.54, 0.697693
0, 0.730956, 0.46, 0.54, 0.706267
0, 0.725962, 0.46, 0.54, 0.693803
0, 0.757823, 0.46, 0.54, 0.733095
0, 0.720063, 0.46, 0.54, 0.694147
0, 0.728343, 0.46, 0.54, 0.704579
0, 0.717421, 0.46, 0.54, 0.694234
0, 0.72664, 0.46, 0.54, 0.702758
0, 0.730146, 0.46, 0.54, 0.712792
0, 0.716451, 0.46, 0.54, 0.690233
0, 0.705493, 0.46, 0.54, 0.680746
0, 0.723592, 0.46, 0.54, 0.690401
0, 0.692759, 0.46, 0.54, 0.669068
0, 0.714224, 0.46, 0.54, 0.692552
0, 0.734739, 0.46, 0.54, 0.706395
0, 0.732297, 0.46, 0.54, 0.708489
0, 0.724694, 0.46, 0.54, 0.698204
0, 0.732697, 0.46, 0.54, 0.706469
0, 0.723739, 0.46, 0.54, 0.697131
0, 0.725914, 0.46, 0.54, 0.699437
0, 0.724027, 0.46, 0.54, 0.695529
0, 0.721688, 0.46, 0.54, 0.692389
0, 0.749278, 0.46, 0.54, 0.724593
0, 0.764138, 0.465, 0.535, 0.735859
0, 0.747758, 0.465, 0.535, 0.719158
0, 0.774213, 0.465, 0.535, 0.747988
0, 0.780134, 0.465, 0.535, 0.749791
0, 0.746181, 0.465, 0.535, 0.723889
0, 0.749181, 0.465, 0.535, 0.71912
0, 0.777314, 0.465, 0.535, 0.748787
0, 0.711785, 0.465, 0.535, 0.687105
0, 0.758671, 0.465, 0.535, 0.729725
0, 0.730845, 0.465, 0.535, 0.710664
0, 0.735775, 0.465, 0.535, 0.709337
0, 0.751623, 0.465, 0.535, 0.725281
0, 0.750144, 0.465, 0.535, 0.719476
0, 0.734035, 0.465, 0.535, 0.710953
0, 0.78748, 0.465, 0.535, 0.762427
0, 0.759879, 0.465, 0.535, 0.735983
0, 0.756776, 0.465, 0.535, 0.724852
0, 0.710323, 0.465, 0.535, 0.682591
0, 0.765658, 0.465, 0.535, 0.736029
0, 0.72654, 0.465, 0.535, 0.696761
0, 0.76695, 0.465, 0.535, 0.739425
0, 0.755701, 0.465, 0.535, 0.726507
0, 0.754106, 0.465, 0.535, 0.725628
0, 0.756162, 0.465, 0.535, 0.730013
0, 0.767329, 0.465, 0.535, 0.733055
0, 0.779822, 0.47, 0.53, 0.754652
0, 0.766259, 0.47, 0.53, 0.747201
0, 0.784603, 0.47, 0.53, 0.755826
0, 0.740924, 0.47, 0.53, 0.715197
0, 0.762575, 0.47, 0.53, 0.732667
0, 0.754125, 0.47, 0.53, 0.729816
0, 0.812487, 0.47, 0.53, 0.786526
0, 0.794236, 0.47, 0.53, 0.768457
0, 0.818136, 0.47, 0.53, 0.792415
0, 0.780817, 0.47, 0.53, 0.761462
0, 0.783923, 0.47, 0.53, 0.764
0, 0.795346, 0.47, 0.53, 0.771463
0, 0.779723, 0.47, 0.53, 0.756768
0, 0.808466, 0.47, 0.53, 0.78335
0, 0.757886, 0.47, 0.53, 0.729337
0, 0.762605, 0.47, 0.53, 0.733965
0, 0.782651, 0.47, 0.53, 0.757045
0, 0.766488, 0.47, 0.53, 0.738214
0, 0.718116, 0.47, 0.53, 0.695995
0, 0.800324, 0.47, 0.53, 0.766325
0, 0.74415, 0.47, 0.53, 0.723879
0, 0.777746, 0.47, 0.53, 0.750231
0, 0.778972, 0.47, 0.53, 0.746138
0, 0.762371, 0.47, 0.53, 0.740309
0, 0.786756, 0.47, 0.53, 0.758323
0, 0.817049, 0.475, 0.525, 0.79758
0, 0.788869, 0.475, 0.525, 0.762165
0, 0.816518, 0.475, 0.525, 0.793145
0, 0.792366, 0.475, 0.525, 0.768743
0, 0.817385, 0.475, 0.525, 0.796144
0, 0.787271, 0.475, 0.525, 0.763371
0, 0.815419, 0.475, 0.525, 0.793554
0, 0.828442, 0.475, 0.525, 0.803294
0, 0.769767, 0.475, 0.525, 0.753037
0, 0.854399, 0.475, 0.525, 0.825834
0, 0.780402, 0.475, 0.525, 0.751504
0, 0.790264, 0.475, 0.525, 0.772039
0, 0.787878, 0.475, 0.525, 0.763261
0, 0.835611, 0.475, 0.525, 0.810687
0, 0.846036, 0.475, 0.525, 0.818784
0, 0.789585, 0.475, 0.525, 0.757043
0, 0.783449, 0.475, 0.525, 0.765575
0, 0.78373, 0.475, 0.525, 0.755008
0, 0.832676, 0.475, 0.525, 0.808347
0, 0.779295, 0.475, 0.525, 0.756447
0, 0.777764, 0.475, 0.525, 0.749187
0, 0.862678, 0.475, 0.525, 0.840453
0, 0.798196, 0.475, 0.525, 0.764204
0, 0.812663, 0.475, 0.525, 0.781635
0, 0.812547, 0.475, 0.525, 0.791325
0, 0.844673, 0.48, 0.52, 0.823348
0, 0.835327, 0.48, 0.52, 0.815236
0, 0.842769, 0.48, 0.52, 0.814974
0, 0.821616, 0.48, 0.52, 0.798767
0, 0.836157, 0.48, 0.52, 0.812763
0, 0.870717, 0.48, 0.52, 0.845804
0, 0.840465, 0.48, 0.52, 0.819663
0, 0.823471, 0.48, 0.52, 0.802413
0, 0.867422, 0.48, 0.52, 0.846092
0, 0.864992, 0.48, 0.52, 0.838486
0, 0.820854, 0.48, 0.52, 0.797174
0, 0.847326, 0.48, 0.52, 0.818593
0, 0.885824, 0.48, 0.52, 0.871795
0, 0.85222, 0.48, 0.52, 0.831411
0, 0.813981, 0.48, 0.52, 0.788091
0, 0.858284, 0.48, 0.52, 0.836815
0, 0.855927, 0.48, 0.52, 0.8313
0, 0.816494, 0.48, 0.52, 0.791856
0, 0.860922, 0.48, 0.52, 0.836222
0, 0.830486, 0.48, 0.52, 0.801598
0, 0.850711, 0.48, 0.52, 0.827568
0, 0.839508, 0.48, 0.52, 0.806703
0, 0.857437, 0.48, 0.52, 0.840477
0, 0.871608, 0.48, 0.52, 0.848939
0, 0.794571, 0.48, 0.52, 0.771682
0, 0.89525, 0.485, 0.515, 0.87406
0, 0.892223, 0.485, 0.515, 0.862275
0, 0.854432, 0.485, 0.515, 0.831043
0, 0.913713, 0.485, 0.515, 0.900372
0, 0.859687, 0.485, 0.515, 0.841173
0, 0.949963, 0.485, 0.515, 0.937199
0, 0.861211, 0.485, 0.515, 0.834956
0, 0.888115, 0.485, 0.515, 0.866831
0, 0.894026, 0.485, 0.515, 0.875737
0, 0.872935, 0.485, 0.515, 0.84586
0, 0.851342, 0.485, 0.515, 0.829223
0, 0.93189, 0.485, 0.515, 0.917722
0, 0.86433, 0.485, 0.515, 0.839852
0, 0.875251, 0.485, 0.515, 0.852026
0, 0.881611, 0.485, 0.515, 0.859887
0, 0.871089, 0.485, 0.515, 0.844902
0, 0.887338, 0.485, 0.515, 0.866396
0, 0.861182, 0.485, 0.515, 0.837325
0, 0.881342, 0.485, 0.515, 0.861374
0, 0.855753, 0.485, 0.515, 0.834586
0, 0.854714, 0.485, 0.515, 0.831222
0, 0.891587, 0.485, 0.515, 0.874449
0, 0.876672, 0.485, 0.515, 0.851294
0, 0.870167, 0.485, 0.515, 0.851532
0, 0.912895, 0.485, 0.515, 0.89514
0, 0.905942, 0.49, 0.51, 0.885416
0, 0.883261, 0.49, 0.51, 0.861725
0, 0.915737, 0.49, 0.51, 0.901015
0, 0.921903, 0.49, 0.51, 0.908836
0, 0.936516, 0.49, 0.51, 0.922646
0, 0.879078, 0.49, 0.51, 0.856781
0, 0.926282, 0.49, 0.51, 0.911657
0, 0.879179, 0.49, 0.51, 0.857649
0, 0.920998, 0.49, 0.51, 0.907545
0, 0.902875, 0.49, 0.51, 0.881522
0, 0.913339, 0.49, 0.51, 0.893822
0, 0.925088, 0.49, 0.51, 0.908046
0, 0.962107, 0.49, 0.51, 0.950593
0, 0.897648, 0.49, 0.51, 0.878539
0, 0.891216, 0.49, 0.51, 0.871575
0, 0.871303, 0.49, 0.51, 0.853587
0, 0.916902, 0.49, 0.51, 0.905311
0, 0.901416, 0.49, 0.51, 0.884229
0, 0.904568, 0.49, 0.51, 0.885112
0, 0.936594, 0.49, 0.51, 0.921899
0, 0.936681, 0.49, 0.51, 0.922673
0, 0.948769, 0.49, 0.51, 0.936832
0, 0.896221, 0.49, 0.51, 0.873606
0, 0.874072, 0.49, 0.51, 0.855879
0, 0.867955, 0.49, 0.51, 0.842397
0, 0.964668, 0.495, 0.505, 0.954858
0, 0.926811, 0.495, 0.505, 0.91174
0, 0.942512, 0.495, 0.505, 0.931859
0, 0.9372, 0.495, 0.505, 0.923679
0, 0.967695, 0.495, 0.505, 0.960102
0, 0.941315, 0.495, 0.505, 0.930487
0, 0.886713, 0.495, 0.505, 0.864404
0, 0.960625, 0.495, 0.505, 0.950249
0, 0.941371, 0.495, 0.505, 0.928108
0, 0.9465, 0.495, 0.505, 0.931825
0, 0.91236, 0.495, 0.505, 0.895308
0, 0.931112, 0.495, 0.505, 0.919638
0, 0.947835, 0.495, 0.505, 0.935832
0, 0.930225, 0.495, 0.505, 0.919985
0, 0.942377, 0.495, 0.505, 0.929457
0, 0.939859, 0.495, 0.505, 0.928943
0, 0.958481, 0.495, 0.505, 0.94744
0, 0.946421, 0.495, 0.505, 0.932445
0, 0.967372, 0.495, 0.505, 0.959289
0, 0.928857, 0.495, 0.505, 0.912338
0, 0.916642, 0.495, 0.505, 0.894392
0, 0.940733, 0.495, 0.505, 0.921874
0, 0.903762, 0.495, 0.505, 0.890797
0, 0.944978, 0.495, 0.505, 0.935734
0, 0.937977, 0.495, 0.505, 0.922056
0, 0.976492, 0.5, 0.5, 0.972156
0, 0.925099, 0.5, 0.5, 0.909921
0, 0.920127, 0.5, 0.5, 0.902016
0, 0.971741, 0.5, 0.5, 0.967514
0, 0.980829, 0.5, 0.5, 0.975171
0, 0.980108, 0.5, 0.5, 0.974813
0, 0.971028, 0.5, 0.5, 0.96325
0, 0.989638, 0.5, 0.5, 0.986301
0, 0.991299, 0.5, 0.5, 0.988751
0, 0.979854, 0.5, 0.5, 0.975707
0, 0.976456, 0.5, 0.5, 0.971071
0, 0.96787, 0.5, 0.5, 0.959681
0, 0.976829, 0.5, 0.5, 0.972947
0, 0.941985, 0.5, 0.5, 0.928619
0, 0.987095, 0.5, 0.5, 0.98482
0, 0.992892, 0.5, 0.5, 0.991863
0, 0.952625, 0.5, 0.5, 0.943671
0, 0.938887, 0.5, 0.5, 0.923494
0, 0.986385, 0.5, 0.5, 0.983709
0, 0.988639, 0.5, 0.5, 0.985196
0, 0.965996, 0.5, 0.5, 0.958613
0, 0.985331, 0.5, 0.5, 0.981654
0, 0.972219, 0.5, 0.5, 0.966484
0, 0.959621, 0.5, 0.5, 0.947131
0, 0.987126, 0.5, 0.5, 0.982063
0, 0.993252, 0.505, 0.495, 0.993731
0, 0.976039, 0.505, 0.495, 0.971048
0, 0.984629, 0.505, 0.495, 0.98162
0, 0.984776, 0.505, 0.495, 0.981084
0, 0.998891, 0.505, 0.495, 0.998516
0, 0.974633, 0.505, 0.495, 0.968223
0, 0.999931, 0.505, 0.495, 0.999902
0, 0.995291, 0.505, 0.495, 0.993916
0, 0.998226, 0.505, 0.495, 0.997724
0, 0.995776, 0.505, 0.495, 0.993946
0, 0.994946, 0.505, 0.495, 0.991907
0, 0.994786, 0.505, 0.495, 0.992584
0, 0.99889, 0.505, 0.495, 0.998921
0, 0.972607, 0.505, 0.495, 0.965835
0, 0.978958, 0.505, 0.495, 0.975723
0, 0.997354, 0.505, 0.495, 0.995027
0, 0.991767, 0.505, 0.495, 0.988334
0, 0.998799, 0.505, 0.495, 0.998312
0, 0.994466, 0.505, 0.495, 0.992429
0, 0.996551, 0.505, 0.495, 0.995385
0, 0.98101, 0.505, 0.495, 0.977037
0, 0.996194, 0.505, 0.495, 0.995731
0, 0.974675, 0.505, 0.495, 0.971026
0, 0.998204, 0.505, 0.495, 0.997747
0, 0.99578, 0.505, 0.495, 0.995005
0.25, 0.00138516, 0.005, 0.995, 0.00110386
0.25, 0.00100877, 0.005, 0.995, 0.00116698
0.25, 0.0013414, 0.005, 0.995, 0.00157177
0.25, 0.00167424, 0.005, 0.995, 0.00170589
0.25, 0.00149058, 0.005, 0.995, 0.00105852
0.25, 0.00137579, 0.005, 0.995, 0.0016623
0.25, 0.000718911, 0.005, 0.995, 0.00100376
0.25, 0.00156262, 0.005, 0.995, 0.00181169
0.25, 0.00179635, 0.005, 0.995, 0.00134068
0.25, 0.00110916, 0.005, 0.995, 0.00129534
0.25, 0.000904494, 0.005, 0.995, 0.00116799
0.25, 0.00193307, 0.005, 0.995, 0.00165538
0.25, 0.00121026, 0.005, 0.995, 0.00114776
0.25, 0.0012276, 0.005, 0.995, 0.00125483
0.25, 0.00208992, 0.005, 0.995, 0.00154899
0.25, 0.00122488, 0.005, 0.995, 0.00151783
0.25, 0.000908582, 0.005, 0.995, 0.00114297
0.25, 0.00181212, 0.005, 0.995, 0.00170332
0.25, 0.00110838, 0.005, 0.995, 0.00146
0.25, 0.00147603, 0.005, 0.995, 0.00174816
0.25, 0.00122935, 0.005, 0.995, 0.0014165
0.25, 0.00171197, 0.005, 0.995, 0.0014878
0.25, 0.00182629, 0.005, 0.995, 0.00146947
0.25, 0.00105079, 0.005, 0.995, 0.00150489
0.25, 0.00142822, 0.005, 0.995, 0.00166979
0.25, 0.00383571, 0.01, 0.99, 0.00333603
0.25, 0.00255322, 0.01, 0.99, 0.00272631
0.25, 0.0033595, 0.01, 0.99, 0.00291545
0.25, 0.00288572, 0.01, 0.99, 0.0030624
0.25, 0.0030109, 0.01, 0.99, 0.00294371
0.25, 0.00300156, 0.01, 0.99, 0.00267704
0.25, 0.00383372, 0.01, 0.99, 0.00337787
0.25, 0.00296265, 0.01, 0.99, 0.00271044
0.25, 0.00253418, 0.01, 0.99, 0.00224101
0.25, 0.00250815, 0.01, 0.99, 0.00205483
0.25, 0.00329649, 0.01, 0.99, 0.00347572
0.25, 0.00370592, 0.01, 0.99, 0.00330688
0.25, 0.0022747, 0.01, 0.99, 0.00270379
0.25, 0.00257221, 0.01, 0.99, 0.0028067
0.25, 0.00330093, 0.01, 0.99, 0.00273252
0.25, 0.00252637, 0.01, 0.99, 0.00270921
0.25, 0.00255941, 0.01, 0.99, 0.00299644
0.25, 0.00289216, 0.01, 0.99, 0.00285394
0.25, 0.0038554, 0.01, 0.99, 0.00357881
0.25, 0.00247044, 0.01, 0.99, 0.00249047
0.25, 0.00303298, 0.01, 0.99, 0.00270595
0.25, 0.00312899, 0.01, 0.99, 0.00251534
0.25, 0.00230505, 0.01, 0.99, 0.00251155
0.25, 0.00242261, 0.01, 0.99, 0.00278354
0.25, 0.00335901, 0.01, 0.99, 0.00329347
0.25, 0.00430024, 0.015, 0.985, 0.00426656
0.25, 0.00431848, 0.015, 0.985, 0.00434212
0.25, 0.00296756, 0.015, 0.985, 0.00375101
0.25, 0.004406, 0.015, 0.985, 0.00407498
0.25, 0.00500731, 0.015, 0.985, 0.00461107
0.25, 0.00469824, 0.015, 0.985, 0.0043965
0.25, 0.00466402, 0.015, 0.985, 0.00408493
0.25, 0.00618632, 0.015, 0.985, 0.00533184
0.25, 0.00473927, 0.015, 0.985, 0.0048583
0.25, 0.00406133, 0.015, 0.985, 0.00404674
0.25, 0.00366049, 0.015, 0.985, 0.00422671
0.25, 0.00432388, 0.015, 0.985, 0.00405906
0.25, 0.00382239, 0.015, 0.985, 0.00408789
0.25, 0.00500754, 0.015, 0.985, 0.00530818
0.25, 0.00560373, 0.015, 0.985, 0.00564658
0.25, 0.00434854, 0.015, 0.985, 0.00430205
0.25, 0.00436933, 0.015, 0.985, 0.00414959
0.25, 0.00354631, 0.015, 0.985, 0.00351388
0.25, 0.00438157, 0.015, 0.985, 0.00455051
0.25, 0.00442704, 0.015, 0.985, 0.00444967
0.25, 0.00396763, 0.015, 0.985, 0.0039122
0.25, 0.00407618, 0.015, 0.985, 0.00408802
0.25, 0.0041651, 0.015, 0.985, 0.00385083
0.25, 0.00365061, 0.015, 0.985, 0.00360498
0.25, 0.00424892, 0.015, 0.985, 0.00421855
0.25, 0.00738134, 0.02, 0.98, 0.00630402
0.25, 0.00563452, 0.02, 0.98, 0.00546336
0.25, 0.00633655, 0.02, 0.98, 0.00660804
0.25, 0.00595069, 0.02, 0.98, 0.00565885
0.25, 0.00547981, 0.02, 0.98, 0.00535696
0.25, 0.00572757, 0.02, 0.98, 0.00577478
0.25, 0.00621755, 0.02, 0.98, 0.00687058
0.25, 0.00749426, 0.02, 0.98, 0.00699408
0.25, 0.00502552, 0.02, 0.98, 0.00526666
0.25, 0.00684816, 0.02, 0.98, 0.00631968
0.25, 0.00558462, 0.02, 0.98, 0.00612026
0.25, 0.00507371, 0.02, 0.98, 0.00525242
0.25, 0.00746387, 0.02, 0.98, 0.00656069
0.25, 0.0056568, 0.02, 0.98, 0.00613371
0.25, 0.00560605, 0.02, 0.98, 0.00533307
0.25, 0.00550319, 0.02, 0.98, 0.0055954
0.25, 0.00719854, 0.02, 0.98, 0.00549702
0.25, 0.00575278, 0.02, 0.98, 0.0057226
0.25, 0.00610958, 0.02, 0.98, 0.00613621
0.25, 0.00603305, 0.02, 0.98, 0.00571602
0.25, 0.00698706, 0.02, 0.98, 0.00645561
0.25, 0.00733112, 0.02, 0.98, 0.00658461
0.25, 0.00729888, 0.02, 0.98, 0.00694087
0.25, 0.00580922, 0.02, 0.98, 0.00578982
0.25, 0.00661177, 0.02, 0.98, 0.00591414
0.25, 0.00947547, 0.025, 0.975, 0.00879076
0.25, 0.00773365, 0.025, 0.975, 0.00809614
0.25, 0.0102076, 0.025, 0.975, 0.00875194
0.25, 0.0105062, 0.025, 0.975, 0.0090392
0.25, 0.00611007, 0.025, 0.975, 0.00636714
0.25, 0.00793236, 0.025, 0.975, 0.0073292
0.25, 0.00819579, 0.025, 0.975, 0.00762621
0.25, 0.0089513, 0.025, 0.975, 0.00862156
0.25, 0.00948139, 0.025, 0.975, 0.00907123
0.25, 0.00789002, 0.025, 0.975, 0.00871437
0.25, 0.01002, 0.025, 0.975, 0.00884137
0.25, 0.0084535, 0.025, 0.975, 0.00828772
0.25, 0.00885641, 0.025, 0.975, 0.00933852
0.25, 0.0087007, 0.025, 0.975, 0.00809861
0.25, 0.00778423, 0.025, 0.975, 0.00770583
0.25, 0.00745119, 0.025, 0.975, 0.00744774
0.25, 0.0077598, 0.025, 0.975, 0.00721612
0.25, 0.00716104, 0.025, 0.975, 0.00744266
0.25, 0.00794263, 0.025, 0.975, 0.00736362
0.25, 0.00914234, 0.025, 0.975, 0.00834965
0.25, 0.00816017, 0.025, 0.975, 0.0079943
0.25, 0.00910959, 0.025, 0.975, 0.00865536
0.25, 0.00967104, 0.025, 0.975, 0.00890087
0.25, 0.00776949, 0.025, 0.975, 0.00714614
0.25, 0.0090168, 0.025, 0.975, 0.00971176
0.25, 0.0086256, 0.03, 0.97, 0.00911948
0.25, 0.00836233, 0.03, 0.97, 0.00847545
0.25, 0.0108503, 0.03, 0.97, 0.00987756
0.25, 0.010869, 0.03, 0.97, 0.0101046
0.25, 0.0105393, 0.03, 0.97, 0.00998259
0.25, 0.0113385, 0.03, 0.97, 0.0101109
0.25, 0.012086, 0.03, 0.97, 0.010704
0.25, 0.0101993, 0.03, 0.97, 0.0105706
0.25, 0.0109049, 0.03, 0.97, 0.010202
0.25, 0.00964949, 0.03, 0.97, 0.00964251
0.25, 0.0109909, 0.03, 0.97, 0.0110029
0.25, 0.0100158, 0.03, 0.97, 0.00978734
0.25, 0.00914963, 0.03, 0.97, 0.0105165
0.25, 0.0114399, 0.03, 0.97, 0.0111541
0.25, 0.0107067, 0.03, 0.97, 0.0101892
0.25, 0.0121168, 0.03, 0.97, 0.0109115
0.25, 0.0112722, 0.03, 0.97, 0.0110835
0.25, 0.00973444, 0.03, 0.97, 0.00967742
0.25, 0.011705, 0.03, 0.97, 0.0106108
0.25, 0.00973778, 0.03, 0.97, 0.00942175
0.25, 0.0115146, 0.03, 0.97, 0.0103226
0.25, 0.0105929, 0.03, 0.97, 0.0100245
0.25, 0.0100667, 0.03, 0.97, 0.00991435
0.25, 0.0111882, 0.03, 0.97, 0.00997765
0.25, 0.0108925, 0.03, 0.97, 0.0104364
0.25, 0.0134504, 0.035, 0.965, 0.0129211
0.25, 0.0107297, 0.035, 0.965, 0.0108487
0.25, 0.0117467, 0.035, 0.965, 0.0116273
0.25, 0.0129641, 0.035, 0.965, 0.0122902
0.25, 0.0157361, 0.035, 0.965, 0.0137513
0.25, 0.0126036, 0.035, 0.965, 0.0109884
0.25, 0.0130177, 0.035, 0.965, 0.0129261
0.25, 0.0135172, 0.035, 0.965, 0.0129299
0.25, 0.0148862, 0.035, 0.965, 0.0138795
0.25, 0.0115534, 0.035, 0.965, 0.0113566
0.25, 0.0133122, 0.035, 0.965, 0.0125689
0.25, 0.0126318, 0.035, 0.965, 0.0127014
0.25, 0.01469, 0.035, 0.965, 0.0119328
0.25, 0.0132719, 0.035, 0.965, 0.0113631
0.25, 0.0130362, 0.035, 0.965, 0.0122457
0.25, 0.0139708, 0.035, 0.965, 0.0135471
0.25, 0.0129085, 0.035, 0.965, 0.0118241
0.25, 0.014284, 0.035, 0.965, 0.0132976
0.25, 0.0147484, 0.035, 0.965, 0.0132362
0.25, 0.0110393, 0.035, 0.965, 0.0124195
0.25, 0.0132237, 0.035, 0.965, 0.0129505
0.25, 0.0138191, 0.035, 0.965, 0.0130855
0.25, 0.0121812, 0.035, 0.965, 0.012047
0.25, 0.0130262, 0.035, 0.965, 0.0135018
0.25, 0.0113769, 0.035, 0.965, 0.0113584
0.25, 0.0142282, 0.04, 0.96, 0.014267
0.25, 0.0162996, 0.04, 0.96, 0.0163382
0.25, 0.0165303, 0.04, 0.96, 0.0160643
0.25, 0.0158995, 0.04, 0.96, 0.0146182
0.25, 0.0143342, 0.04, 0.96, 0.0158094
0.25, 0.0132722, 0.04, 0.96, 0.0141438
0.25, 0.0151819, 0.04, 0.96, 0.0147832
0.25, 0.0143547, 0.04, 0.96, 0.0136167
0.25, 0.0152006, 0.04, 0.96, 0.0142352
0.25, 0.0159593, 0.04, 0.96, 0.0134724
0.25, 0.0165587, 0.04, 0.96, 0.0158877
0.25, 0.0167761, 0.04, 0.96, 0.0153125
0.25, 0.0159903, 0.04, 0.96, 0.0149509
0.25, 0.0135093, 0.04, 0.96, 0.01295
0.25, 0.0157768, 0.04, 0.96, 0.0151911
0.25, 0.0155512, 0.04, 0.96, 0.0144266
0.25, 0.0149631, 0.04, 0.96, 0.0144996
0.25, 0.0161674, 0.04, 0.96, 0.0145821
0.25, 0.0150084, 0.04, 0.96, 0.0147203
0.25, 0.0173915, 0.04, 0.96, 0.015764
0.25, 0.0147852, 0.04, 0.96, 0.0145386
0.25, 0.0164445, 0.04, 0.96, 0.0153277
0.25, 0.0149743, 0.04, 0.96, 0.0143321
0.25, 0.015248, 0.04, 0.96, 0.0153149
0.25, 0.0159439, 0.04, 0.96, 0.0143624
0.25, 0.0214933, 0.045, 0.955, 0.0182453
0.25, 0.0170129, 0.045, 0.955, 0.0170132
0.25, 0.0163718, 0.045, 0.955, 0.0170622
0.25, 0.0204739, 0.045, 0.955, 0.0181387
0.25, 0.0193457, 0.045, 0.955, 0.0177475
0.25, 0.0209868, 0.045, 0.955, 0.0190736
0.25, 0.0188834, 0.045, 0.955, 0.0160021
0.25, 0.0182119, 0.045, 0.955, 0.01839
0.25, 0.0189035, 0.045, 0.955, 0.0187852
0.25, 0.0214297, 0.045, 0.955, 0.0194017
0.25, 0.0170282, 0.045, 0.955, 0.0162415
0.25, 0.0190451, 0.045, 0.955, 0.0183835
0.25, 0.017719, 0.045, 0.955, 0.0174018
0.25, 0.0212157, 0.045, 0.955, 0.018772
0.25, 0.0162308, 0.045, 0.955, 0.0152838
0.25, 0.0198083, 0.045, 0.955, 0.0179468
0.25, 0.0191118, 0.045, 0.955, 0.0182863
0.25, 0.0188835, 0.045, 0.955, 0.0174707
0.25, 0.0179557, 0.045, 0.955, 0.0176115
0.25, 0.0175409, 0.045, 0.955, 0.0168789
0.25, 0.0184907, 0.045, 0.955, 0.0172033
0.25, 0.0182216, 0.045, 0.955, 0.0177407
0.25, 0.0179051, 0.045, 0.955, 0.0179685
0.25, 0.0180432, 0.045, 0.955, 0.0186628
0.25, 0.0189143, 0.045, 0.955, 0.0184655
0.25, 0.0229364, 0.05, 0.95, 0.022083
0.25, 0.0237594, 0.05, 0.95, 0.0230813
0.25, 0.0193649, 0.05, 0.95, 0.0189022
0.25, 0.0224346, 0.05, 0.95, 0.0200362
0.25, 0.0225053, 0.05, 0.95, 0.0211485
0.25, 0.0210133, 0.05, 0.95, 0.0201055
0.25, 0.0243345, 0.05, 0.95, 0.0220608
0.25, 0.0208742, 0.05, 0.95, 0.019
0.25, 0.0205002, 0.05, 0.95, 0.019618
0.25, 0.0208533, 0.05, 0.95, 0.0198596
0.25, 0.0207873, 0.05, 0.95, 0.0189056
0.25, 0.0223711, 0.05, 0.95, 0.0217244
0.25, 0.0166916, 0.05, 0.95, 0.0168672
0.25, 0.0202145, 0.05, 0.95, 0.0194327
0.25, 0.0214764, 0.05, 0.95, 0.0206571
0.25, 0.0212902, 0.05, 0.95, 0.0197088
0.25, 0.0196034, 0.05, 0.95, 0.0191903
0.25, 0.0225934, 0.05, 0.95, 0.0207951
0.25, 0.0214998, 0.05, 0.95, 0.0209194
0.25, 0.0202722, 0.05, 0.95, 0.0197514
0.25, 0.019243, 0.05, 0.95, 0.0185752
0.25, 0.0236407, 0.05, 0.95, 0.0210357
0.25, 0.0194473, 0.05, 0.95, 0.0189027
0.25, 0.0222918, 0.05, 0.95, 0.0198103
0.25, 0.0206586, 0.05, 0.95, 0.0200231
0.25, 0.0257647, 0.055, 0.945, 0.0247798
0.25, 0.0256693, 0.055, 0.945, 0.0243072
0.25, 0.0231676, 0.055, 0.945, 0.0228082
0.25, 0.023155, 0.055, 0.945, 0.0232657
0.25, 0.0239356, 0.055, 0.945, 0.0227391
0.25, 0.0223162, 0.055, 0.945, 0.0206735
0.25, 0.0188223, 0.055, 0.945, 0.0186263
0.25, 0.0237873, 0.055, 0.945, 0.02177
0.25, 0.0242486, 0.055, 0.945, 0.0234416
0.25, 0.0241844, 0.055, 0.945, 0.0228903
0.25, 0.0246918, 0.055, 0.945, 0.0227671
0.25, 0.0237275, 0.055, 0.945, 0.0235392
0.25, 0.0222278, 0.055, 0.945, 0.0216811
0.25, 0.0260328, 0.055, 0.945, 0.0245867
0.25, 0.0226915, 0.055, 0.945, 0.0217736
0.25, 0.0236781, 0.055, 0.945, 0.0222995
0.25, 0.0192092, 0.055, 0.945, 0.0197296
0.25, 0.0238523, 0.055, 0.945, 0.022906
0.25, 0.0282002, 0.055, 0.945, 0.0255605
0.25, 0.0231702, 0.055, 0.945, 0.0215812
0.25, 0.0247555, 0.055, 0.945, 0.0238471
0.25, 0.022635, 0.055, 0.945, 0.0213731
0.25, 0.0237346, 0.055, 0.945, 0.0223116
0.25, 0.0249443, 0.055, 0.945, 0.0224054
0.25, 0.0239288, 0.055, 0.945, 0.0236083
0.25, 0.0279093, 0.06, 0.94, 0.0244539
0.25, 0.0312909, 0.06, 0.94, 0.0274228
0.25, 0.0284464, 0.06, 0.94, 0.025412
0.25, 0.0252795, 0.06, 0.94, 0.0239065
0.25, 0.0256223, 0.06, 0.94, 0.0251774
0.25, 0.0257693, 0.06, 0.94, 0.0231545
0.25, 0.0288703, 0.06, 0.94, 0.0267248
0.25, 0.0249415, 0.06, 0.94, 0.0252875
0.25, 0.0253668, 0.06, 0.94, 0.0246142
0.25, 0.0293177, 0.06, 0.94, 0.0266531
0.25, 0.0284767, 0.06, 0.94, 0.0260406
0.25, 0.030039, 0.06, 0.94, 0.0268179
0.25, 0.030147, 0.06, 0.94, 0.0265529
0.25, 0.0268914, 0.06, 0.94, 0.025269
0.25, 0.0261629, 0.06, 0.94, 0.0244497
0.25, 0.029219, 0.06, 0.94, 0.0269054
0.25, 0.0273111, 0.06, 0.94, 0.0268175
0.25, 0.0287596, 0.06, 0.94, 0.0266463
0.25, 0.0255021, 0.06, 0.94, 0.0249462
0.25, 0.0255302, 0.06, 0.94, 0.0238765
0.25, 0.0304416, 0.06, 0.94, 0.0269046
0.25, 0.0243571, 0.06, 0.94, 0.0230936
0.25, 0.0245485, 0.06, 0.94, 0.0238473
0.25, 0.0303619, 0.06, 0.94, 0.0257378
0.25, 0.0269979, 0.06, 0.94, 0.0252546
0.25, 0.0292343, 0.065, 0.935, 0.0273673
0.25, 0.0348021, 0.065, 0.935, 0.0300475
0.25, 0.0315357, 0.065, 0.935, 0.0278044
0.25, 0.0317594, 0.065, 0.935, 0.030448
0.25, 0.0264833, 0.065, 0.935, 0.0267003
0.25, 0.0295353, 0.065, 0.935, 0.0276216
0.25, 0.0297184, 0.065, 0.935, 0.0278991
0.25, 0.034914, 0.065, 0.935, 0.0294526
0.25, 0.0276337, 0.065, 0.935, 0.0263679
0.25, 0.0338079, 0.065, 0.935, 0.029295
0.25, 0.0314467, 0.065, 0.935, 0.0270228
0.25, 0.0312614, 0.065, 0.935, 0.0296035
0.25, 0.0316785, 0.065, 0.935, 0.0290252
0.25, 0.0308857, 0.065, 0.935, 0.0273521
0.25, 0.029023, 0.065, 0.935, 0.0270599
0.25, 0.0328559, 0.065, 0.935, 0.029761
0.25, 0.0316196, 0.065, 0.935, 0.0300784
0.25, 0.0327277, 0.065, 0.935, 0.0301179
0.25, 0.0324727, 0.065, 0.935, 0.0298634
0.25, 0.0312899, 0.065, 0.935, 0.0268313
0.25, 0.0315508, 0.065, 0.935, 0.0281065
0.25, 0.0284314, 0.065, 0.935, 0.0281215
0.25, 0.029289, 0.065, 0.935, 0.0282686
0.25, 0.0327017, 0.065, 0.935, 0.0295166
0.25, 0.0292975, 0.065, 0.935, 0.0272761
0.25, 0.0348677, 0.07, 0.93, 0.0330229
0.25, 0.0354603, 0.07, 0.93, 0.0320217
0.25, 0.0334068, 0.07, 0.93, 0.0300048
0.25, 0.0343473, 0.07, 0.93, 0.0323816
0.25, 0.0328008, 0.07, 0.93, 0.0327292
0.25, 0.0405604, 0.07, 0.93, 0.0364297
0.25, 0.0336774, 0.07, 0.93, 0.0306254
0.25, 0.0328836, 0.07, 0.93, 0.0309689
0.25, 0.0335011, 0.07, 0.93, 0.0300544
0.25, 0.0351533, 0.07, 0.93, 0.0335682
0.25, 0.0341017, 0.07, 0.93, 0.0316469
0.25, 0.0328692, 0.07, 0.93, 0.0293898
0.25, 0.0346281, 0.07, 0.93, 0.0304477
0.25, 0.0351814, 0.07, 0.93, 0.0303742
0.25, 0.0363349, 0.07, 0.93, 0.0325636
0.25, 0.0341463, 0.07, 0.93, 0.0340208
0.25, 0.0359854, 0.07, 0.93, 0.0334432
0.25, 0.0354578, 0.07, 0.93, 0.0339582
0.25, 0.0339025, 0.07, 0.93, 0.0314523
0.25, 0.0328302, 0.07, 0.93, 0.0316125
0.25, 0.0317296, 0.07, 0.93, 0.0294729
0.25, 0.0340323, 0.07, 0.93, 0.0321893
0.25, 0.0332794, 0.07, 0.93, 0.0298539
0.25, 0.0336759, 0.07, 0.93, 0.0318687
0.25, 0.0360125, 0.07, 0.93, 0.0336765
0.25, 0.0332577, 0.075, 0.925, 0.0327606
0.25, 0.0448336, 0.075, 0.925, 0.0374671
0.25, 0.0385021, 0.075, 0.925, 0.0351832
0.25, 0.0402841, 0.075, 0.925, 0.0361833
0.25, 0.0387935, 0.075, 0.925, 0.0349938
0.25, 0.0366458, 0.075, 0.925, 0.0362151
0.25, 0.0367944, 0.075, 0.925, 0.0344828
0.25, 0.0388535, 0.075, 0.925, 0.0352834
0.25, 0.0372159, 0.075, 0.925, 0.0339754
0.25, 0.0355124, 0.075, 0.925, 0.0331578
0.25, 0.0369278, 0.075, 0.925, 0.0352538
0.25, 0.0395664, 0.075, 0.925, 0.037886
0.25, 0.034072, 0.075, 0.925, 0.0330552
0.25, 0.0396699, 0.075, 0.925, 0.0345712
0.25, 0.0386435, 0.075, 0.925, 0.0346802
0.25, 0.0398861, 0.075, 0.925, 0.036575
0.25, 0.0367961, 0.075, 0.925, 0.0355891
0.25, 0.0377925, 0.075, 0.925, 0.0358434
0.25, 0.037819, 0.075, 0.925, 0.036193
0.25, 0.0409797, 0.075, 0.925, 0.0362434
0.25, 0.0370789, 0.075, 0.925, 0.034586
0.25, 0.0345887, 0.075, 0.925, 0.0324425
0.25, 0.0394555, 0.075, 0.925, 0.0356091
0.25, 0.0353214, 0.075, 0.925, 0.0322146
0.25, 0.0374232, 0.075, 0.925, 0.034971
0.25, 0.0438534, 0.08, 0.92, 0.0394787
0.25, 0.043086, 0.08, 0.92, 0.037959
0.25, 0.043463, 0.08, 0.92, 0.040851
0.25, 0.0402586, 0.08, 0.92, 0.0367888
0.25, 0.034096, 0.08, 0.92, 0.0325343
0.25, 0.0403358, 0.08, 0.92, 0.0382937
0.25, 0.0370287, 0.08, 0.92, 0.0356643
0.25, 0.0344412, 0.08, 0.92, 0.0350735
0.25, 0.0438725, 0.08, 0.92, 0.0401964
0.25, 0.0377414, 0.08, 0.92, 0.036725
0.25, 0.0421758, 0.08, 0.92, 0.0401226
0.25, 0.0400886, 0.08, 0.92, 0.0374225
0.25, 0.040948, 0.08, 0.92, 0.038674
0.25, 0.0411408, 0.08, 0.92, 0.0407186
0.25, 0.0385504, 0.08, 0.92, 0.0359832
0.25, 0.0409481, 0.08, 0.92, 0.0395569
0.25, 0.0388897, 0.08, 0.92, 0.0386514
0.25, 0.0440421, 0.08, 0.92, 0.0387079
0.25, 0.0387503, 0.08, 0.92, 0.0356269
0.25, 0.0408469, 0.08, 0.92, 0.0389323
0.25, 0.0395309, 0.08, 0.92, 0.0388604
0.25, 0.0411636, 0.08, 0.92, 0.0397572
0.25, 0.0437142, 0.08, 0.92, 0.0390159
0.25, 0.038695, 0.08, 0.92, 0.0347602
0.25, 0.0395748, 0.08, 0.92, 0.03556
0.25, 0.0434193, 0.085, 0.915, 0.0412963
0.25, 0.0477173, 0.085, 0.915, 0.0424082
0.25, 0.0435104, 0.085, 0.915, 0.0397189
0.25, 0.0447219, 0.085, 0.915, 0.04532
0.25, 0.0405514, 0.085, 0.915, 0.0388789
0.25, 0.0434025, 0.085, 0.915, 0.0416981
0.25, 0.0459189, 0.085, 0.915, 0.0442954
0.25, 0.0414487, 0.085, 0.915, 0.0398939
0.25, 0.0418245, 0.085, 0.915, 0.0414293
0.25, 0.0471392, 0.085, 0.915, 0.0436189
0.25, 0.0491454, 0.085, 0.915, 0.0461851
0.25, 0.0427146, 0.085, 0.915, 0.040646
0.25, 0.041381, 0.085, 0.915, 0.039761
0.25, 0.0427455, 0.085, 0.915, 0.0419474
0.25, 0.0444799, 0.085, 0.915, 0.0421081
0.25, 0.0407478, 0.085, 0.915, 0.038023
0.25, 0.043881, 0.085, 0.915, 0.0410575
0.25, 0.0411051, 0.085, 0.915, 0.040633
0.25, 0.0436881, 0.085, 0.915, 0.0396745
0.25, 0.047397, 0.085, 0.915, 0.0432938
0.25, 0.0474886, 0.085, 0.915, 0.0425822
0.25, 0.0447168, 0.085, 0.915, 0.043282
0.25, 0.0432342, 0.085, 0.915, 0.0409805
0.25, 0.0420069, 0.085, 0.915, 0.0417068
0.25, 0.0476242, 0.085, 0.915, 0.0433462
0.25, 0.0472716, 0.09, 0.91, 0.0438924
0.25, 0.0458182, 0.09, 0.91, 0.0443021
0.25, 0.0527618, 0.09, 0.91, 0.0481811
0.25, 0.0519996, 0.09, 0.91, 0.0482025
0.25, 0.04797, 0.09, 0.91, 0.046551
0.25, 0.0507104, 0.09, 0.91, 0.046078
0.25, 0.0532093, 0.09, 0.91, 0.0482643
0.25, 0.0508085, 0.09, 0.91, 0.0447181
0.25, 0.0461759, 0.09, 0.91, 0.043692
0.25, 0.0481179, 0.09, 0.91, 0.04592
0.25, 0.0481258, 0.09, 0.91, 0.0463304
0.25, 0.045669, 0.09, 0.91, 0.0425658
0.25, 0.0486211, 0.09, 0.91, 0.0470106
0.25, 0.0474101, 0.09, 0.91, 0.0438838
0.25, 0.0490869, 0.09, 0.91, 0.0448026
0.25, 0.0465934, 0.09, 0.91, 0.0443901
0.25, 0.0486311, 0.09, 0.91, 0.0448794
0.25, 0.0512279, 0.09, 0.91, 0.0485416
0.25, 0.0488868, 0.09, 0.91, 0.0482655
0.25, 0.0499395, 0.09, 0.91, 0.0467685
0.25, 0.0513947, 0.09, 0.91, 0.0482606
0.25, 0.0520212, 0.09, 0.91, 0.0475799
0.25, 0.0509529, 0.09, 0.91, 0.0484966
0.25, 0.0533484, 0.09, 0.91, 0.046523
0.25, 0.0473967, 0.09, 0.91, 0.0459474
0.25, 0.05243, 0.095, 0.905, 0.0471965
0.25, 0.052908, 0.095, 0.905, 0.0496526
0.25, 0.0471554, 0.095, 0.905, 0.0471295
0.25, 0.054625, 0.095, 0.905, 0.052792
0.25, 0.0516973, 0.095, 0.905, 0.0478135
0.25, 0.0527087, 0.095, 0.905, 0.0495967
0.25, 0.0551648, 0.095, 0.905, 0.0506336
0.25, 0.0550752, 0.095, 0.905, 0.0505862
0.25, 0.0597447, 0.095, 0.905, 0.0547682
0.25, 0.0537344, 0.095, 0.905, 0.0512224
0.25, 0.0536212, 0.095, 0.905, 0.0500355
0.25, 0.0461977, 0.095, 0.905, 0.0438692
0.25, 0.0514219, 0.095, 0.905, 0.0480754
0.25, 0.0544587, 0.095, 0.905, 0.052862
0.25, 0.0518425, 0.095, 0.905, 0.0488337
0.25, 0.0531267, 0.095, 0.905, 0.0518659
0.25, 0.057891, 0.095, 0.905, 0.051141
0.25, 0.051682, 0.095, 0.905, 0.04777
0.25, 0.0527612, 0.095, 0.905, 0.0509474
0.25, 0.0566533, 0.095, 0.905, 0.0541794
0.25, 0.055261, 0.095, 0.905, 0.0516637
0.25, 0.0544722, 0.095, 0.905, 0.0502387
0.25, 0.0487211, 0.095, 0.905, 0.0462923
0.25, 0.0530453, 0.095, 0.905, 0.0492524
0.25, 0.0575955, 0.095, 0.905, 0.0521954
0.25, 0.0558463, 0.1, 0.9, 0.0526059
0.25, 0.059681, 0.1, 0.9, 0.0552609
0.25, 0.0591071, 0.1, 0.9, 0.0536773
0.25, 0.0583708, 0.1, 0.9, 0.0542484
0.25, 0.0550696, 0.1, 0.9, 0.0525212
0.25, 0.0535392, 0.1, 0.9, 0.0516066
0.25, 0.0552273, 0.1, 0.9, 0.0492931
0.25, 0.0568473, 0.1, 0.9, 0.0528387
0.25, 0.0583384, 0.1, 0.9, 0.0560039
0.25, 0.0563963, 0.1, 0.9, 0.0519523
0.25, 0.0533373, 0.1, 0.9, 0.0509188
0.25, 0.057635, 0.1, 0.9, 0.0542245
0.25, 0.0571545, 0.1, 0.9, 0.0532142
0.25, 0.0563011, 0.1, 0.9, 0.0538795
0.25, 0.0597296, 0.1, 0.9, 0.0537805
0.25, 0.0576835, 0.1, 0.9, 0.0547106
0.25, 0.0595428, 0.1, 0.9, 0.0575728
0.25, 0.0571848, 0.1, 0.9, 0.0522306
0.25, 0.0570155, 0.1, 0.9, 0.0518406
0.25, 0.052019, 0.1, 0.9, 0.0506203
0.25, 0.0544236, 0.1, 0.9, 0.0524914
0.25, 0.0547186, 0.1, 0.9, 0.0512877
0.25, 0.0586226, 0.1, 0.9, 0.0526832
0.25, 0.0568607, 0.1, 0.9, 0.0540892
0.25, 0.062601, 0.1, 0.9, 0.0554191
0.25, 0.0595467, 0.105, 0.895, 0.0564622
0.25, 0.0630987, 0.105, 0.895, 0.0558763
0.25, 0.0658078, 0.105, 0.895, 0.0591921
0.25, 0.0600892, 0.105, 0.895, 0.058459
0.25, 0.0619838, 0.105, 0.895, 0.0581885
0.25, 0.05718, 0.105, 0.895, 0.0555616
0.25, 0.0570025, 0.105, 0.895, 0.0551303
0.25, 0.0597009, 0.105, 0.895, 0.0551573
0.25, 0.062179, 0.105, 0.895, 0.0574475
0.25, 0.0554133, 0.105, 0.895, 0.0489918
0.25, 0.0637485, 0.105, 0.895, 0.0609601
0.25, 0.0603057, 0.105, 0.895, 0.0568592
0.25, 0.0628743, 0.105, 0.895, 0.0594375
0.25, 0.0630271, 0.105, 0.895, 0.0555738
0.25, 0.0530071, 0.105, 0.895, 0.0514051
0.25, 0.0576333, 0.105, 0.895, 0.0536732
0.25, 0.0585684, 0.105, 0.895, 0.0563496
0.25, 0.0572848, 0.105, 0.895, 0.0562979
0.25, 0.0620862, 0.105, 0.895, 0.0564862
0.25, 0.06191, 0.105, 0.895, 0.0571934
0.25, 0.0629333, 0.105, 0.895, 0.0591914
0.25, 0.0633178, 0.105, 0.895, 0.0586502
0.25, 0.0637007, 0.105, 0.895, 0.061196
0.25, 0.0610001, 0.105, 0.895, 0.0561798
0.25, 0.0580391, 0.105, 0.895, 0.056238
0.25, 0.065995, 0.11, 0.89, 0.0612864
0.25, 0.0625779, 0.11, 0.89, 0.0613259
0.25, 0.0702726, 0.11, 0.89, 0.0624896
0.25, 0.0703263, 0.11, 0.89, 0.0661335
0.25, 0.061966, 0.11, 0.89, 0.0622276
0.25, 0.0695699, 0.11, 0.89, 0.064283
0.25, 0.0643679, 0.11, 0.89, 0.0597457
0.25, 0.0661161, 0.11, 0.89, 0.06406
0.25, 0.0643351, 0.11, 0.89, 0.0610323
0.25, 0.0613523, 0.11, 0.89, 0.0558117
0.25, 0.0664429, 0.11, 0.89, 0.0596482
0.25, 0.069758, 0.11, 0.89, 0.0630525
0.25, 0.0646248, 0.11, 0.89, 0.0607425
0.25, 0.0669852, 0.11, 0.89, 0.0629137
0.25, 0.0627617, 0.11, 0.89, 0.0596484
0.25, 0.0682999, 0.11, 0.89, 0.0645937
0.25, 0.0675538, 0.11, 0.89, 0.0630946
0.25, 0.0630498, 0.11, 0.89, 0.0596373
0.25, 0.0619243, 0.11, 0.89, 0.0576104
0.25, 0.0656444, 0.11, 0.89, 0.0598858
0.25, 0.0631555, 0.11, 0.89, 0.0616774
0.25, 0.0658765, 0.11, 0.89, 0.0612123
0.25, 0.0580945, 0.11, 0.89, 0.0573712
0.25, 0.060711, 0.11, 0.89, 0.0559406
0.25, 0.0652804, 0.11, 0.89, 0.0617489
0.25, 0.0662326, 0.115, 0.885, 0.0639563
0.25, 0.0731583, 0.115, 0.885, 0.0684463
0.25, 0.0661339, 0.115, 0.885, 0.0656588
0.25, 0.0743258, 0.115, 0.885, 0.0636424
0.25, 0.073451, 0.115, 0.885, 0.064844
0.25, 0.0679948, 0.115, 0.885, 0.065063
0.25, 0.0627488, 0.115, 0.885, 0.0618263
0.25, 0.0675319, 0.115, 0.885, 0.063176
0.25, 0.0672179, 0.115, 0.885, 0.0647647
0.25, 0.0656572, 0.115, 0.885, 0.0626869
0.25, 0.0701092, 0.115, 0.885, 0.0669881
0.25, 0.0642161, 0.115, 0.885, 0.0606919
0.25, 0.0718935, 0.115, 0.885, 0.0651277
0.25, 0.0714695, 0.115, 0.885, 0.065033
0.25, 0.0701988, 0.115, 0.885, 0.0671481
0.25, 0.0717521, 0.115, 0.885, 0.0666334
0.25, 0.0646105, 0.115, 0.885, 0.0634141
0.25, 0.0703727, 0.115, 0.885, 0.0679077
0.25, 0.0733594, 0.115, 0.885, 0.0705339
0.25, 0.0739964, 0.115, 0.885, 0.0690819
0.25, 0.0708909, 0.115, 0.885, 0.0685307
0.25, 0.063392, 0.115, 0.885, 0.0592072
0.25, 0.0718535, 0.115, 0.885, 0.0676506
0.25, 0.0678095, 0.115, 0.885, 0.06322
0.25, 0.0682086, 0.115, 0.885, 0.0656772
0.25, 0.0732364, 0.12, 0.88, 0.0689004
0.25, 0.0740639, 0.12, 0.88, 0.0696931
0.25, 0.0753197, 0.12, 0.88, 0.0701458
0.25, 0.0757083, 0.12, 0.88, 0.0703246
0.25, 0.0769227, 0.12, 0.88, 0.0725543
0.25, 0.0730697, 0.12, 0.88, 0.0693918
0.25, 0.0755294, 0.12, 0.88, 0.0718987
0.25, 0.0716196, 0.12, 0.88, 0.0658413
0.25, 0.0741051, 0.12, 0.88, 0.0708875
0.25, 0.0726281, 0.12, 0.88, 0.0691003
0.25, 0.0821821, 0.12, 0.88, 0.0754748
0.25, 0.0775491, 0.12, 0.88, 0.0706799
0.25, 0.0722574, 0.12, 0.88, 0.0658607
0.25, 0.073119, 0.12, 0.88, 0.0703138
0.25, 0.0760016, 0.12, 0.88, 0.0696322
0.25, 0.0698991, 0.12, 0.88, 0.0652619
0.25, 0.0664021, 0.12, 0.88, 0.0633698
0.25, 0.0745752, 0.12, 0.88, 0.0695846
0.25, 0.0761264, 0.12, 0.88, 0.071729
0.25, 0.0784738, 0.12, 0.88, 0.0714364
0.25, 0.0749039, 0.12, 0.88, 0.0728358
0.25, 0.0733031, 0.12, 0.88, 0.0693342
0.25, 0.0738228, 0.12, 0.88, 0.0717107
0.25, 0.0805005, 0.12, 0.88, 0.072828
0.25, 0.075416, 0.12, 0.88, 0.0718109
0.25, 0.0748867, 0.125, 0.875, 0.0692111
0.25, 0.0852878, 0.125, 0.875, 0.0781475
0.25, 0.0792118, 0.125, 0.875, 0.0725869
0.25, 0.0767709, 0.125, 0.875, 0.0717439
0.25, 0.0812389, 0.125, 0.875, 0.0756042
0.25, 0.0808372, 0.125, 0.875, 0.0759797
0.25, 0.0791007, 0.125, 0.875, 0.0750876
0.25, 0.0808506, 0.125, 0.875, 0.0754121
0.25, 0.0764729, 0.125, 0.875, 0.0708266
0.25, 0.0778586, 0.125, 0.875, 0.0737696
0.25, 0.079258, 0.125, 0.875, 0.0724942
0.25, 0.0796161, 0.125, 0.875, 0.0741921
0.25, 0.0747717, 0.125, 0.875, 0.0729296
0.25, 0.0807009, 0.125, 0.875, 0.0734438
0.25, 0.0712471, 0.125, 0.875, 0.0703381
0.25, 0.0787012, 0.125, 0.875, 0.0752252
0.25, 0.0778542, 0.125, 0.875, 0.0707031
0.25, 0.0762297, 0.125, 0.875, 0.0703432
0.25, 0.0830928, 0.125, 0.875, 0.0769836
0.25, 0.0741047, 0.125, 0.875, 0.0727477
0.25, 0.0792094, 0.125, 0.875, 0.0756886
0.25, 0.0758419, 0.125, 0.875, 0.0710337
0.25, 0.0843457, 0.125, 0.875, 0.0777068
0.25, 0.0851821, 0.125, 0.875, 0.0773661
0.25, 0.0767419, 0.125, 0.875, 0.0768587
0.25, 0.0872239, 0.13, 0.87, 0.0788347
0.25, 0.0851838, 0.13, 0.87, 0.0795645
0.25, 0.0831762, 0.13, 0.87, 0.0769101
0.25, 0.0881021, 0.13, 0.87, 0.0781033
0.25, 0.0886958, 0.13, 0.87, 0.0815
0.25, 0.0806155, 0.13, 0.87, 0.0796653
0.25, 0.0770037, 0.13, 0.87, 0.0735617
0.25, 0.0800793, 0.13, 0.87, 0.0760405
0.25, 0.0880537, 0.13, 0.87, 0.0809896
0.25, 0.0856455, 0.13, 0.87, 0.0773332
0.25, 0.0887175, 0.13, 0.87, 0.0809558
0.25, 0.0866193, 0.13, 0.87, 0.0788147
0.25, 0.0914979, 0.13, 0.87, 0.0825509
0.25, 0.0860394, 0.13, 0.87, 0.0800515
0.25, 0.08685, 0.13, 0.87, 0.0812363
0.25, 0.091561, 0.13, 0.87, 0.081741
0.25, 0.085154, 0.13, 0.87, 0.078177
0.25, 0.0884841, 0.13, 0.87, 0.0818813
0.25, 0.0894274, 0.13, 0.87, 0.0814618
0.25, 0.0839226, 0.13, 0.87, 0.0791295
0.25, 0.0870071, 0.13, 0.87, 0.0825123
0.25, 0.0811124, 0.13, 0.87, 0.0767606
0.25, 0.0845499, 0.13, 0.87, 0.0801082
0.25, 0.0816862, 0.13, 0.87, 0.0783526
0.25, 0.0824647, 0.13, 0.87, 0.0765246
0.25, 0.0881938, 0.135, 0.865, 0.0833712
0.25, 0.087695, 0.135, 0.865, 0.0840307
0.25, 0.0895219, 0.135, 0.865, 0.0834974
0.25, 0.0863913, 0.135, 0.865, 0.082559
0.25, 0.0987342, 0.135, 0.865, 0.0902915
0.25, 0.0942571, 0.135, 0.865, 0.0881263
0.25, 0.0860908, 0.135, 0.865, 0.08363
0.25, 0.0886399, 0.135, 0.865, 0.085866
0.25, 0.0944459, 0.135, 0.865, 0.088405
0.25, 0.0884142, 0.135, 0.865, 0.0817171
0.25, 0.085909, 0.135, 0.865, 0.0822339
0.25, 0.0867878, 0.135, 0.865, 0.0813836
0.25, 0.0872489, 0.135, 0.865, 0.0835988
0.25, 0.0907474, 0.135, 0.865, 0.0860864
0.25, 0.088686, 0.135, 0.865, 0.0830254
0.25, 0.0920547, 0.135, 0.865, 0.0846579
0.25, 0.0900891, 0.135, 0.865, 0.081189
0.25, 0.0939384, 0.135, 0.865, 0.0877965
0.25, 0.0838457, 0.135, 0.865, 0.079882
0.25, 0.0923562, 0.135, 0.865, 0.0864817
0.25, 0.0929674, 0.135, 0.865, 0.0881362
0.25, 0.0858026, 0.135, 0.865, 0.0810901
0.25, 0.0846466, 0.135, 0.865, 0.0800651
0.25, 0.0897193, 0.135, 0.865, 0.083096
0.25, 0.0863281, 0.135, 0.865, 0.0803425
0.25, 0.100147, 0.14, 0.86, 0.0939552
0.25, 0.0922232, 0.14, 0.86, 0.0874782
0.25, 0.100179, 0.14, 0.86, 0.0928383
0.25, 0.0955036, 0.14, 0.86, 0.0928999
0.25, 0.0942405, 0.14, 0.86, 0.0889214
0.25, 0.0962602, 0.14, 0.86, 0.0893036
0.25, 0.0931448, 0.14, 0.86, 0.0919822
0.25, 0.100146, 0.14, 0.86, 0.0909091
0.25, 0.0981586, 0.14, 0.86, 0.0901074
0.25, 0.0883395, 0.14, 0.86, 0.083482
0.25, 0.0954125, 0.14, 0.86, 0.0887485
0.25, 0.0955104, 0.14, 0.86, 0.0882885
0.25, 0.0982986, 0.14, 0.86, 0.0906006
0.25, 0.0921286, 0.14, 0.86, 0.085518
0.25, 0.102585, 0.14, 0.86, 0.0934873
0.25, 0.0890475, 0.14, 0.86, 0.0858067
0.25, 0.0904871, 0.14, 0.86, 0.0861525
0.25, 0.094129, 0.14, 0.86, 0.0897023
0.25, 0.094337, 0.14, 0.86, 0.0886752
0.25, 0.0999105, 0.14, 0.86, 0.0946174
0.25, 0.0963869, 0.14, 0.86, 0.0920427
0.25, 0.0919278, 0.14, 0.86, 0.0888568
0.25, 0.0956055, 0.14, 0.86, 0.0873886
0.25, 0.0988038, 0.14, 0.86, 0.0920903
0.25, 0.0904042, 0.14, 0.86, 0.0872257
0.25, 0.0987298, 0.145, 0.855, 0.0904366
0.25, 0.0936782, 0.145, 0.855, 0.0893582
0.25, 0.0986328, 0.145, 0.855, 0.0937911
0.25, 0.100567, 0.145, 0.855, 0.0939126
0.25, 0.104205, 0.145, 0.855, 0.0966967
0.25, 0.0954149, 0.145, 0.855, 0.0910831
0.25, 0.106468, 0.145, 0.855, 0.096661
0.25, 0.109073, 0.145, 0.855, 0.0981487
0.25, 0.0986213, 0.145, 0.855, 0.0930994
0.25, 0.0984298, 0.145, 0.855, 0.0945115
0.25, 0.0947508, 0.145, 0.855, 0.0922903
0.25, 0.096346, 0.145, 0.855, 0.0893349
0.25, 0.100042, 0.145, 0.855, 0.091579
0.25, 0.0945309, 0.145, 0.855, 0.0924984
0.25, 0.0990446, 0.145, 0.855, 0.09306
0.25, 0.0986618, 0.145, 0.855, 0.0909864
0.25, 0.0954934, 0.145, 0.855, 0.0900278
0.25, 0.0979722, 0.145, 0.855, 0.0922338
0.25, 0.0982282, 0.145, 0.855, 0.0927992
0.25, 0.0935801, 0.145, 0.855, 0.0893428
0.25, 0.0957201, 0.145, 0.855, 0.0930707
0.25, 0.100616, 0.145, 0.855, 0.0928064
0.25, 0.0988612, 0.145, 0.855, 0.0918652
0.25, 0.0979332, 0.145, 0.855, 0.0933984
0.25, 0.0981815, 0.145, 0.855, 0.0926271
0.25, 0.110577, 0.15, 0.85, 0.103481
0.25, 0.100355, 0.15, 0.85, 0.0958227
0.25, 0.108087, 0.15, 0.85, 0.100669
0.25, 0.10603, 0.15, 0.85, 0.0998735
0.25, 0.104971, 0.15, 0.85, 0.0985017
0.25, 0.100311, 0.15, 0.85, 0.0987592
0.25, 0.0963956, 0.15, 0.85, 0.0932069
0.25, 0.101245, 0.15, 0.85, 0.0955592
0.25, 0.103374, 0.15, 0.85, 0.0962588
0.25, 0.104275, 0.15, 0.85, 0.09523
0.25, 0.105499, 0.15, 0.85, 0.09834
0.25, 0.102555, 0.15, 0.85, 0.100147
0.25, 0.107211, 0.15, 0.85, 0.0983951
0.25, 0.104177, 0.15, 0.85, 0.0976276
0.25, 0.0968201, 0.15, 0.85, 0.0930154
0.25, 0.108951, 0.15, 0.85, 0.101999
0.25, 0.106469, 0.15, 0.85, 0.100188
0.25, 0.104909, 0.15, 0.85, 0.0978899
0.25, 0.108742, 0.15, 0.85, 0.100785
0.25, 0.105819, 0.15, 0.85, 0.09992
0.25, 0.110117, 0.15, 0.85, 0.104311
0.25, 0.105172, 0.15, 0.85, 0.101166
0.25, 0.10176, 0.15, 0.85, 0.0978791
0.25, 0.101856, 0.15, 0.85, 0.0944686
0.25, 0.103013, 0.15, 0.85, 0.0963519
0.25, 0.114357, 0.155, 0.845, 0.109796
0.25, 0.109017, 0.155, 0.845, 0.103013
0.25, 0.108924, 0.155, 0.845, 0.104371
0.25, 0.111472, 0.155, 0.845, 0.106916
0.25, 0.107464, 0.155, 0.845, 0.10209
0.25, 0.112996, 0.155, 0.845, 0.105811
0.25, 0.112746, 0.155, 0.845, 0.106833
0.25, 0.113569, 0.155, 0.845, 0.105955
0.25, 0.10911, 0.155, 0.845, 0.10526
0.25, 0.107904, 0.155, 0.845, 0.103331
0.25, 0.113184, 0.155, 0.845, 0.108919
0.25, 0.105478, 0.155, 0.845, 0.0981744
0.25, 0.109258, 0.155, 0.845, 0.104294
0.25, 0.104508, 0.155, 0.845, 0.0992678
0.25, 0.109644, 0.155, 0.845, 0.105448
0.25, 0.102433, 0.155, 0.845, 0.0987781
0.25, 0.10646, 0.155, 0.845, 0.0995651
0.25, 0.111216, 0.155, 0.845, 0.105608
0.25, 0.114789, 0.155, 0.845, 0.10561
0.25, 0.106558, 0.155, 0.845, 0.0984143
0.25, 0.112889, 0.155, 0.845, 0.106063
0.25, 0.115275, 0.155, 0.845, 0.103973
0.25, 0.101663, 0.155, 0.845, 0.0986322
0.25, 0.105331, 0.155, 0.845, 0.10078
0.25, 0.107635, 0.155, 0.845, 0.101457
0.25, 0.116273, 0.16, 0.84, 0.108262
0.25, 0.116883, 0.16, 0.84, 0.110711
0.25, 0.116638, 0.16, 0.84, 0.110978
0.25, 0.113689, 0.16, 0.84, 0.106887
0.25, 0.111997, 0.16, 0.84, 0.10585
0.25, 0.114965, 0.16, 0.84, 0.111844
0.25, 0.113374, 0.16, 0.84, 0.109005
0.25, 0.12463, 0.16, 0.84, 0.116033
0.25, 0.107278, 0.16, 0.84, 0.103822
0.25, 0.114599, 0.16, 0.84, 0.102972
0.25, 0.113405, 0.16, 0.84, 0.106414
0.25, 0.116501, 0.16, 0.84, 0.108471
0.25, 0.111559, 0.16, 0.84, 0.104988
0.25, 0.113588, 0.16, 0.84, 0.107718
0.25, 0.114985, 0.16, 0.84, 0.108128
0.25, 0.116039, 0.16, 0.84, 0.112221
0.25, 0.112001, 0.16, 0.84, 0.107973
0.25, 0.121267, 0.16, 0.84, 0.117181
0.25, 0.113055, 0.16, 0.84, 0.109355
0.25, 0.109152, 0.16, 0.84, 0.107585
0.25, 0.111439, 0.16, 0.84, 0.110565
0.25, 0.110761, 0.16, 0.84, 0.104054
0.25, 0.107973, 0.16, 0.84, 0.104814
0.25, 0.11699, 0.16, 0.84, 0.107935
0.25, 0.119305, 0.16, 0.84, 0.112043
0.25, 0.123771, 0.165, 0.835, 0.11512
0.25, 0.11646, 0.165, 0.835, 0.115491
0.25, 0.121327, 0.165, 0.835, 0.114474
0.25, 0.120525, 0.165, 0.835, 0.114987
0.25, 0.125011, 0.165, 0.835, 0.118706
0.25, 0.121433, 0.165, 0.835, 0.114798
0.25, 0.112164, 0.165, 0.835, 0.110038
0.25, 0.117003, 0.165, 0.835, 0.112332
0.25, 0.115444, 0.165, 0.835, 0.113781
0.25, 0.124119, 0.165, 0.835, 0.115309
0.25, 0.121331, 0.165, 0.835, 0.115796
0.25, 0.122607, 0.165, 0.835, 0.116639
0.25, 0.119417, 0.165, 0.835, 0.113347
0.25, 0.110544, 0.165, 0.835, 0.109627
0.25, 0.118022, 0.165, 0.835, 0.11367
0.25, 0.12049, 0.165, 0.835, 0.110055
0.25, 0.127941, 0.165, 0.835, 0.117421
0.25, 0.122004, 0.165, 0.835, 0.112725
0.25, 0.125443, 0.165, 0.835, 0.115504
0.25, 0.118167, 0.165, 0.835, 0.115242
0.25, 0.120409, 0.165, 0.835, 0.115363
0.25, 0.122594, 0.165, 0.835, 0.114728
0.25, 0.12678, 0.165, 0.835, 0.11623
0.25, 0.125149, 0.165, 0.835, 0.113992
0.25, 0.117641, 0.165, 0.835, 0.114879
0.25, 0.125817, 0.17, 0.83, 0.11733
0.25, 0.127437, 0.17, 0.83, 0.121845
0.25, 0.135437, 0.17, 0.83, 0.122573
0.25, 0.122965, 0.17, 0.83, 0.11799
0.25, 0.128756, 0.17, 0.83, 0.119891
0.25, 0.12867, 0.17, 0.83, 0.122517
0.25, 0.122474, 0.17, 0.83, 0.120119
0.25, 0.113898, 0.17, 0.83, 0.111735
0.25, 0.123241, 0.17, 0.83, 0.118547
0.25, 0.121042, 0.17, 0.83, 0.113406
0.25, 0.123231, 0.17, 0.83, 0.114109
0.25, 0.136209, 0.17, 0.83, 0.125315
0.25, 0.130817, 0.17, 0.83, 0.121631
0.25, 0.140476, 0.17, 0.83, 0.132299
0.25, 0.12172, 0.17, 0.83, 0.118884
0.25, 0.12805, 0.17, 0.83, 0.121769
0.25, 0.131798, 0.17, 0.83, 0.124885
0.25, 0.12135, 0.17, 0.83, 0.116596
0.25, 0.129569, 0.17, 0.83, 0.118169
0.25, 0.126774, 0.17, 0.83, 0.121473
0.25, 0.124382, 0.17, 0.83, 0.118946
0.25, 0.123751, 0.17, 0.83, 0.121309
0.25, 0.12385, 0.17, 0.83, 0.118201
0.25, 0.122228, 0.17, 0.83, 0.116362
0.25, 0.126353, 0.17, 0.83, 0.119455
0.25, 0.131042, 0.175, 0.825, 0.123757
0.25, 0.127858, 0.175, 0.825, 0.123766
0.25, 0.131853, 0.175, 0.825, 0.129955
0.25, 0.137746, 0.175, 0.825, 0.12925
0.25, 0.134424, 0.175, 0.825, 0.127188
0.25, 0.128212, 0.175, 0.825, 0.123741
0.25, 0.145556, 0.175, 0.825, 0.136137
0.25, 0.130276, 0.175, 0.825, 0.127882
0.25, 0.134501, 0.175, 0.825, 0.125512
0.25, 0.12719, 0.175, 0.825, 0.122981
0.25, 0.127433, 0.175, 0.825, 0.119533
0.25, 0.128684, 0.175, 0.825, 0.120729
0.25, 0.124001, 0.175, 0.825, 0.121786
0.25, 0.129383, 0.175, 0.825, 0.120076
0.25, 0.127052, 0.175, 0.825, 0.124935
0.25, 0.130777, 0.175, 0.825, 0.12462
0.25, 0.131567, 0.175, 0.825, 0.128362
0.25, 0.126889, 0.175, 0.825, 0.124349
0.25, 0.130213, 0.175, 0.825, 0.120383
0.25, 0.138148, 0.175, 0.825, 0.130691
0.25, 0.133298, 0.175, 0.825, 0.127527
0.25, 0.142883, 0.175, 0.825, 0.127991
0.25, 0.129036, 0.175, 0.825, 0.121379
0.25, 0.13497, 0.175, 0.825, 0.129338
0.25, 0.130207, 0.175, 0.825, 0.124132
0.25, 0.13584, 0.18, 0.82, 0.129753
0.25, 0.139542, 0.18, 0.82, 0.133886
0.25, 0.142654, 0.18, 0.82, 0.13125
0.25, 0.12972, 0.18, 0.82, 0.129196
0.25, 0.139841, 0.18, 0.82, 0.1302
0.25, 0.140586, 0.18, 0.82, 0.13393
0.25, 0.137591, 0.18, 0.82, 0.126745
0.25, 0.12973, 0.18, 0.82, 0.127507
0.25, 0.132522, 0.18, 0.82, 0.126063
0.25, 0.136809, 0.18, 0.82, 0.132052
0.25, 0.127332, 0.18, 0.82, 0.125365
0.25, 0.133667, 0.18, 0.82, 0.129307
0.25, 0.136124, 0.18, 0.82, 0.133708
0.25, 0.134035, 0.18, 0.82, 0.127013
0.25, 0.143806, 0.18, 0.82, 0.133731
0.25, 0.134872, 0.18, 0.82, 0.133214
0.25, 0.138984, 0.18, 0.82, 0.134319
0.25, 0.14882, 0.18, 0.82, 0.138011
0.25, 0.142172, 0.18, 0.82, 0.1328
0.25, 0.13118, 0.18, 0.82, 0.127813
0.25, 0.134542, 0.18, 0.82, 0.128784
0.25, 0.133892, 0.18, 0.82, 0.13023
0.25, 0.135791, 0.18, 0.82, 0.12798
0.25, 0.139413, 0.18, 0.82, 0.129585
0.25, 0.128632, 0.18, 0.82, 0.125428
0.25, 0.145241, 0.185, 0.815, 0.136578
0.25, 0.14173, 0.185, 0.815, 0.137485
0.25, 0.148344, 0.185, 0.815, 0.142022
0.25, 0.13942, 0.185, 0.815, 0.135485
0.25, 0.15822, 0.185, 0.815, 0.150346
0.25, 0.143558, 0.185, 0.815, 0.13513
0.25, 0.143613, 0.185, 0.815, 0.139543
0.25, 0.146576, 0.185, 0.815, 0.138234
0.25, 0.140834, 0.185, 0.815, 0.134185
0.25, 0.143217, 0.185, 0.815, 0.132053
0.25, 0.149514, 0.185, 0.815, 0.141326
0.25, 0.142001, 0.185, 0.815, 0.135697
0.25, 0.13654, 0.185, 0.815, 0.133205
0.25, 0.148222, 0.185, 0.815, 0.139114
0.25, 0.138657, 0.185, 0.815, 0.136148
0.25, 0.140811, 0.185, 0.815, 0.138777
0.25, 0.151045, 0.185, 0.815, 0.145019
0.25, 0.149171, 0.185, 0.815, 0.141736
0.25, 0.151425, 0.185, 0.815, 0.143926
0.25, 0.140425, 0.185, 0.815, 0.136058
0.25, 0.1526, 0.185, 0.815, 0.14344
0.25, 0.155048, 0.185, 0.815, 0.146628
0.25, 0.148545, 0.185, 0.815, 0.143795
0.25, 0.141061, 0.185, 0.815, 0.133709
0.25, 0.148893, 0.185, 0.815, 0.138886
0.25, 0.150642, 0.19, 0.81, 0.141099
0.25, 0.142632, 0.19, 0.81, 0.136441
0.25, 0.150522, 0.19, 0.81, 0.139018
0.25, 0.149235, 0.19, 0.81, 0.144957
0.25, 0.153608, 0.19, 0.81, 0.149829
0.25, 0.149826, 0.19, 0.81, 0.141114
0.25, 0.145685, 0.19, 0.81, 0.13861
0.25, 0.147308, 0.19, 0.81, 0.142974
0.25, 0.14294, 0.19, 0.81, 0.139076
0.25, 0.152606, 0.19, 0.81, 0.147445
0.25, 0.150226, 0.19, 0.81, 0.142427
0.25, 0.155706, 0.19, 0.81, 0.149193
0.25, 0.160899, 0.19, 0.81, 0.151863
0.25, 0.155131, 0.19, 0.81, 0.147862
0.25, 0.149611, 0.19, 0.81, 0.145914
0.25, 0.145482, 0.19, 0.81, 0.14117
0.25, 0.154549, 0.19, 0.81, 0.143515
0.25, 0.151265, 0.19, 0.81, 0.145809
0.25, 0.151737, 0.19, 0.81, 0.144093
0.25, 0.156319, 0.19, 0.81, 0.145139
0.25, 0.146765, 0.19, 0.81, 0.138838
0.25, 0.155645, 0.19, 0.81, 0.146956
0.25, 0.146484, 0.19, 0.81, 0.139336
0.25, 0.14836, 0.19, 0.81, 0.141989
0.25, 0.152412, 0.19, 0.81, 0.14519
0.25, 0.153664, 0.195, 0.805, 0.150506
0.25, 0.150994, 0.195, 0.805, 0.150379
0.25, 0.153215, 0.195, 0.805, 0.14757
0.25, 0.159261, 0.195, 0.805, 0.152225
0.25, 0.155586, 0.195, 0.805, 0.14979
0.25, 0.15357, 0.195, 0.805, 0.146797
0.25, 0.15672, 0.195, 0.805, 0.15088
0.25, 0.156297, 0.195, 0.805, 0.150585
0.25, 0.156857, 0.195, 0.805, 0.147667
0.25, 0.153259, 0.195, 0.805, 0.143423
0.25, 0.157178, 0.195, 0.805, 0.151806
0.25, 0.157624, 0.195, 0.805, 0.149867
0.25, 0.142291, 0.195, 0.805, 0.1383
0.25, 0.152471, 0.195, 0.805, 0.149568
0.25, 0.162928, 0.195, 0.805, 0.153855
0.25, 0.144648, 0.195, 0.805, 0.139581
0.25, 0.160731, 0.195, 0.805, 0.153215
0.25, 0.153553, 0.195, 0.805, 0.147217
0.25, 0.151294, 0.195, 0.805, 0.147028
0.25, 0.162594, 0.195, 0.805, 0.155733
0.25, 0.153806, 0.195, 0.805, 0.144461
0.25, 0.142426, 0.195, 0.805, 0.139538
0.25, 0.148763, 0.195, 0.805, 0.14514
0.25, 0.152964, 0.195, 0.805, 0.146712
0.25, 0.152692, 0.195, 0.805, 0.150512
0.25, 0.156637, 0.2, 0.8, 0.154582
0.25, 0.165866, 0.2, 0.8, 0.162249
0.25, 0.161036, 0.2, 0.8, 0.15608
0.25, 0.167145, 0.2, 0.8, 0.161986
0.25, 0.166349, 0.2, 0.8, 0.158516
0.25, 0.164684, 0.2, 0.8, 0.161113
0.25, 0.163046, 0.2, 0.8, 0.154895
0.25, 0.16727, 0.2, 0.8, 0.157471
0.25, 0.157153, 0.2, 0.8, 0.155583
0.25, 0.158591, 0.2, 0.8, 0.150845
0.25, 0.158886, 0.2, 0.8, 0.152936
0.25, 0.160067, 0.2, 0.8, 0.155327
0.25, 0.161019, 0.2, 0.8, 0.152244
0.25, 0.159416, 0.2, 0.8, 0.155266
0.25, 0.158539, 0.2, 0.8, 0.152703
0.25, 0.163589, 0.2, 0.8, 0.156806
0.25, 0.154961, 0.2, 0.8, 0.151145
0.25, 0.169647, 0.2, 0.8, 0.160797
0.25, 0.159655, 0.2, 0.8, 0.152025
0.25, 0.163988, 0.2, 0.8, 0.16124
0.25, 0.154441, 0.2, 0.8, 0.150479
0.25, 0.165218, 0.2, 0.8, 0.156231
0.25, 0.167298, 0.2, 0.8, 0.158898
0.25, 0.16322, 0.2, 0.8, 0.152909
0.25, 0.161608, 0.2, 0.8, 0.150523
0.25, 0.167666, 0.205, 0.795, 0.157341
0.25, 0.177469, 0.205, 0.795, 0.166775
0.25, 0.166548, 0.205, 0.795, 0.154756
0.25, 0.162342, 0.205, 0.795, 0.154374
0.25, 0.175121, 0.205, 0.795, 0.168185
0.25, 0.16901, 0.205, 0.795, 0.160574
0.25, 0.168358, 0.205, 0.795, 0.160811
0.25, 0.167416, 0.205, 0.795, 0.159192
0.25, 0.170517, 0.205, 0.795, 0.167423
0.25, 0.170378, 0.205, 0.795, 0.16211
0.25, 0.173368, 0.205, 0.795, 0.160726
0.25, 0.166848, 0.205, 0.795, 0.158556
0.25, 0.170421, 0.205, 0.795, 0.158353
0.25, 0.173759, 0.205, 0.795, 0.162511
0.25, 0.17062, 0.205, 0.795, 0.162051
0.25, 0.162039, 0.205, 0.795, 0.158881
0.25, 0.170931, 0.205, 0.795, 0.158937
0.25, 0.169079, 0.205, 0.795, 0.160341
0.25, 0.166928, 0.205, 0.795, 0.160282
0.25, 0.170919, 0.205, 0.795, 0.164555
0.25, 0.171786, 0.205, 0.795, 0.160621
0.25, 0.174725, 0.205, 0.795, 0.167289
0.25, 0.161759, 0.205, 0.795, 0.158249
0.25, 0.169128, 0.205, 0.795, 0.164725
0.25, 0.163508, 0.205, 0.795, 0.159784
0.25, 0.179841, 0.21, 0.79, 0.174938
0.25, 0.173713, 0.21, 0.79, 0.163928
0.25, 0.180892, 0.21, 0.79, 0.17389
0.25, 0.183392, 0.21, 0.79, 0.17254
0.25, 0.162016, 0.21, 0.79, 0.158477
0.25, 0.170057, 0.21, 0.79, 0.161708
0.25, 0.175829, 0.21, 0.79, 0.169746
0.25, 0.181307, 0.21, 0.79, 0.170753
0.25, 0.178009, 0.21, 0.79, 0.168537
0.25, 0.166565, 0.21, 0.79, 0.162419
0.25, 0.166295, 0.21, 0.79, 0.159348
0.25, 0.170653, 0.21, 0.79, 0.167656
0.25, 0.170159, 0.21, 0.79, 0.166548
0.25, 0.166795, 0.21, 0.79, 0.160225
0.25, 0.1669, 0.21, 0.79, 0.161586
0.25, 0.180465, 0.21, 0.79, 0.173034
0.25, 0.172943, 0.21, 0.79, 0.167985
0.25, 0.166509, 0.21, 0.79, 0.162056
0.25, 0.172799, 0.21, 0.79, 0.16817
0.25, 0.178313, 0.21, 0.79, 0.17048
0.25, 0.162916, 0.21, 0.79, 0.156742
0.25, 0.178629, 0.21, 0.79, 0.174934
0.25, 0.174198, 0.21, 0.79, 0.167982
0.25, 0.172264, 0.21, 0.79, 0.165982
0.25, 0.173058, 0.21, 0.79, 0.171218
0.25, 0.178634, 0.215, 0.785, 0.168359
0.25, 0.18199, 0.215, 0.785, 0.17183
0.25, 0.180379, 0.215, 0.785, 0.177635
0.25, 0.177926, 0.215, 0.785, 0.171357
0.25, 0.177768, 0.215, 0.785, 0.17479
0.25, 0.178406, 0.215, 0.785, 0.174096
0.25, 0.181675, 0.215, 0.785, 0.175558
0.25, 0.174576, 0.215, 0.785, 0.169979
0.25, 0.183518, 0.215, 0.785, 0.17764
0.25, 0.171791, 0.215, 0.785, 0.168687
0.25, 0.176292, 0.215, 0.785, 0.173518
0.25, 0.185041, 0.215, 0.785, 0.180523
0.25, 0.174941, 0.215, 0.785, 0.171991
0.25, 0.192154, 0.215, 0.785, 0.185459
0.25, 0.177404, 0.215, 0.785, 0.17032
0.25, 0.18319, 0.215, 0.785, 0.17154
0.25, 0.177577, 0.215, 0.785, 0.172909
0.25, 0.184251, 0.215, 0.785, 0.175607
0.25, 0.185668, 0.215, 0.785, 0.17673
0.25, 0.181739, 0.215, 0.785, 0.17259
0.25, 0.18638, 0.215, 0.785, 0.177912
0.25, 0.178514, 0.215, 0.785, 0.174577
0.25, 0.179906, 0.215, 0.785, 0.171542
0.25, 0.18198, 0.215, 0.785, 0.171092
0.25, 0.179609, 0.215, 0.785, 0.173248
0.25, 0.191337, 0.22, 0.78, 0.177105
0.25, 0.183143, 0.22, 0.78, 0.175778
0.25, 0.188005, 0.22, 0.78, 0.178781
0.25, 0.174221, 0.22, 0.78, 0.17384
0.25, 0.185016, 0.22, 0.78, 0.179688
0.25, 0.185424, 0.22, 0.78, 0.181013
0.25, 0.190256, 0.22, 0.78, 0.182384
0.25, 0.193476, 0.22, 0.78, 0.185183
0.25, 0.174681, 0.22, 0.78, 0.173353
0.25, 0.184985, 0.22, 0.78, 0.180263
0.25, 0.193123, 0.22, 0.78, 0.18256
0.25, 0.188222, 0.22, 0.78, 0.180853
0.25, 0.188449, 0.22, 0.78, 0.177957
0.25, 0.186561, 0.22, 0.78, 0.18045
0.25, 0.186525, 0.22, 0.78, 0.180766
0.25, 0.184382, 0.22, 0.78, 0.178199
0.25, 0.181355, 0.22, 0.78, 0.173819
0.25, 0.189486, 0.22, 0.78, 0.178979
0.25, 0.184323, 0.22, 0.78, 0.17918
0.25, 0.181979, 0.22, 0.78, 0.175578
0.25, 0.191584, 0.22, 0.78, 0.178484
0.25, 0.17994, 0.22, 0.78, 0.176922
0.25, 0.192526, 0.22, 0.78, 0.183745
0.25, 0.187741, 0.22, 0.78, 0.179783
0.25, 0.185558, 0.22, 0.78, 0.177886
0.25, 0.19462, 0.225, 0.775, 0.188901
0.25, 0.187705, 0.225, 0.775, 0.181573
0.25, 0.200803, 0.225, 0.775, 0.191141
0.25, 0.194005, 0.225, 0.775, 0.182422
0.25, 0.196238, 0.225, 0.775, 0.189741
0.25, 0.191396, 0.225, 0.775, 0.183805
0.25, 0.189064, 0.225, 0.775, 0.187956
0.25, 0.191388, 0.225, 0.775, 0.185348
0.25, 0.198301, 0.225, 0.775, 0.184492
0.25, 0.189633, 0.225, 0.775, 0.181634
0.25, 0.196235, 0.225, 0.775, 0.188862
0.25, 0.18858, 0.225, 0.775, 0.182611
0.25, 0.203724, 0.225, 0.775, 0.193455
0.25, 0.19805, 0.225, 0.775, 0.18262
0.25, 0.202451, 0.225, 0.775, 0.193815
0.25, 0.188166, 0.225, 0.775, 0.186241
0.25, 0.203517, 0.225, 0.775, 0.194747
0.25, 0.201423, 0.225, 0.775, 0.188593
0.25, 0.189343, 0.225, 0.775, 0.184938
0.25, 0.199237, 0.225, 0.775, 0.189564
0.25, 0.193722, 0.225, 0.775, 0.186623
0.25, 0.196294, 0.225, 0.775, 0.187134
0.25, 0.190887, 0.225, 0.775, 0.185792
0.25, 0.196869, 0.225, 0.775, 0.188534
0.25, 0.201194, 0.225, 0.775, 0.190679
0.25, 0.207055, 0.23, 0.77, 0.203439
0.25, 0.205499, 0.23, 0.77, 0.200552
0.25, 0.204775, 0.23, 0.77, 0.203968
0.25, 0.193462, 0.23, 0.77, 0.187571
0.25, 0.200482, 0.23, 0.77, 0.195536
0.25, 0.203748, 0.23, 0.77, 0.197214
0.25, 0.200865, 0.23, 0.77, 0.193969
0.25, 0.209067, 0.23, 0.77, 0.201523
0.25, 0.196367, 0.23, 0.77, 0.192769
0.25, 0.204352, 0.23, 0.77, 0.196324
0.25, 0.197313, 0.23, 0.77, 0.197007
0.25, 0.208017, 0.23, 0.77, 0.198226
0.25, 0.199127, 0.23, 0.77, 0.191276
0.25, 0.195092, 0.23, 0.77, 0.189735
0.25, 0.20394, 0.23, 0.77, 0.200072
0.25, 0.198388, 0.23, 0.77, 0.192944
0.25, 0.201952, 0.23, 0.77, 0.199709
0.25, 0.203517, 0.23, 0.77, 0.196686
0.25, 0.198818, 0.23, 0.77, 0.190198
0.25, 0.201981, 0.23, 0.77, 0.195695
0.25, 0.199848, 0.23, 0.77, 0.193473
0.25, 0.197147, 0.23, 0.77, 0.189199
0.25, 0.204907, 0.23, 0.77, 0.196454
0.25, 0.199497, 0.23, 0.77, 0.191086
0.25, 0.198329, 0.23, 0.77, 0.189903
0.25, 0.208507, 0.235, 0.765, 0.204306
0.25, 0.202071, 0.235, 0.765, 0.194456
0.25, 0.207022, 0.235, 0.765, 0.20122
0.25, 0.214963, 0.235, 0.765, 0.205103
0.25, 0.201756, 0.235, 0.765, 0.194897
0.25, 0.200734, 0.235, 0.765, 0.19123
0.25, 0.208529, 0.235, 0.765, 0.199712
0.25, 0.205847, 0.235, 0.765, 0.201787
0.25, 0.20866, 0.235, 0.765, 0.198361
0.25, 0.208933, 0.235, 0.765, 0.202778
0.25, 0.22407, 0.235, 0.765, 0.211488
0.25, 0.205017, 0.235, 0.765, 0.198221
0.25, 0.195046, 0.235, 0.765, 0.190761
0.25, 0.205395, 0.235, 0.765, 0.199749
0.25, 0.216453, 0.235, 0.765, 0.20688
0.25, 0.20688, 0.235, 0.765, 0.20282
0.25, 0.199788, 0.235, 0.765, 0.198432
0.25, 0.211354, 0.235, 0.765, 0.20023
0.25, 0.215287, 0.235, 0.765, 0.203332
0.25, 0.2099, 0.235, 0.765, 0.203433
0.25, 0.217368, 0.235, 0.765, 0.203188
0.25, 0.1971, 0.235, 0.765, 0.191816
0.25, 0.199257, 0.235, 0.765, 0.195904
0.25, 0.211189, 0.235, 0.765, 0.202479
0.25, 0.201967, 0.235, 0.765, 0.194576
0.25, 0.219588, 0.24, 0.76, 0.207185
0.25, 0.214871, 0.24, 0.76, 0.212383
0.25, 0.217211, 0.24, 0.76, 0.204771
0.25, 0.21045, 0.24, 0.76, 0.20488
0.25, 0.21446, 0.24, 0.76, 0.208167
0.25, 0.210602, 0.24, 0.76, 0.203407
0.25, 0.221881, 0.24, 0.76, 0.209348
0.25, 0.204295, 0.24, 0.76, 0.197786
0.25, 0.223906, 0.24, 0.76, 0.215296
0.25, 0.204886, 0.24, 0.76, 0.203828
0.25, 0.217994, 0.24, 0.76, 0.210396
0.25, 0.206397, 0.24, 0.76, 0.20204
0.25, 0.21754, 0.24, 0.76, 0.207446
0.25, 0.213467, 0.24, 0.76, 0.207465
0.25, 0.207772, 0.24, 0.76, 0.205038
0.25, 0.217335, 0.24, 0.76, 0.209332
0.25, 0.205784, 0.24, 0.76, 0.203139
0.25, 0.213187, 0.24, 0.76, 0.206085
0.25, 0.215879, 0.24, 0.76, 0.206131
0.25, 0.21, 0.24, 0.76, 0.204519
0.25, 0.223321, 0.24, 0.76, 0.211217
0.25, 0.220772, 0.24, 0.76, 0.213007
0.25, 0.220029, 0.24, 0.76, 0.212564
0.25, 0.218886, 0.24, 0.76, 0.20717
0.25, 0.2184, 0.24, 0.76, 0.212801
0.25, 0.21683, 0.245, 0.755, 0.207512
0.25, 0.222075, 0.245, 0.755, 0.215178
0.25, 0.226685, 0.245, 0.755, 0.215881
0.25, 0.223851, 0.245, 0.755, 0.214748
0.25, 0.221336, 0.245, 0.755, 0.215803
0.25, 0.219749, 0.245, 0.755, 0.212048
0.25, 0.218224, 0.245, 0.755, 0.21195
0.25, 0.2214, 0.245, 0.755, 0.216047
0.25, 0.230179, 0.245, 0.755, 0.222883
0.25, 0.22571, 0.245, 0.755, 0.217122
0.25, 0.225784, 0.245, 0.755, 0.218597
0.25, 0.220055, 0.245, 0.755, 0.21322
0.25, 0.222603, 0.245, 0.755, 0.218291
0.25, 0.230896, 0.245, 0.755, 0.218046
0.25, 0.22137, 0.245, 0.755, 0.211964
0.25, 0.214618, 0.245, 0.755, 0.209253
0.25, 0.218721, 0.245, 0.755, 0.217325
0.25, 0.216025, 0.245, 0.755, 0.212704
0.25, 0.225862, 0.245, 0.755, 0.214612
0.25, 0.231114, 0.245, 0.755, 0.221447
0.25, 0.220433, 0.245, 0.755, 0.217412
0.25, 0.221598, 0.245, 0.755, 0.217305
0.25, 0.225813, 0.245, 0.755, 0.216162
0.25, 0.211731, 0.245, 0.755, 0.205458
0.25, 0.211285, 0.245, 0.755, 0.205762
0.25, 0.23138, 0.25, 0.75, 0.225603
0.25, 0.226036, 0.25, 0.75, 0.222113
0.25, 0.226635, 0.25, 0.75, 0.219329
0.25, 0.229586, 0.25, 0.75, 0.224163
0.25, 0.21399, 0.25, 0.75, 0.209598
0.25, 0.229153, 0.25, 0.75, 0.219304
0.25, 0.218136, 0.25, 0.75, 0.210764
0.25, 0.220197, 0.25, 0.75, 0.214835
0.25, 0.237177, 0.25, 0.75, 0.228184
0.25, 0.226268, 0.25, 0.75, 0.218866
0.25, 0.231355, 0.25, 0.75, 0.227559
0.25, 0.223377, 0.25, 0.75, 0.218272
0.25, 0.222921, 0.25, 0.75, 0.214882
0.25, 0.219773, 0.25, 0.75, 0.215579
0.25, 0.234167, 0.25, 0.75, 0.226356
0.25, 0.229116, 0.25, 0.75, 0.225064
0.25, 0.223996, 0.25, 0.75, 0.221788
0.25, 0.222478, 0.25, 0.75, 0.217529
0.25, 0.232157, 0.25, 0.75, 0.226767
0.25, 0.236274, 0.25, 0.75, 0.228519
0.25, 0.233566, 0.25, 0.75, 0.220683
0.25, 0.2231, 0.25, 0.75, 0.221452
0.25, 0.237377, 0.25, 0.75, 0.231167
0.25, 0.237584, 0.25, 0.75, 0.231799
0.25, 0.221754, 0.25, 0.75, 0.217178
0.25, 0.236629, 0.255, 0.745, 0.227719
0.25, 0.240238, 0.255, 0.745, 0.235642
0.25, 0.237107, 0.255, 0.745, 0.226935
0.25, 0.227281, 0.255, 0.745, 0.22322
0.25, 0.223605, 0.255, 0.745, 0.221306
0.25, 0.245575, 0.255, 0.745, 0.239237
0.25, 0.230992, 0.255, 0.745, 0.226004
0.25, 0.234345, 0.255, 0.745, 0.224238
0.25, 0.245527, 0.255, 0.745, 0.233333
0.25, 0.246507, 0.255, 0.745, 0.238966
0.25, 0.226359, 0.255, 0.745, 0.220837
0.25, 0.224673, 0.255, 0.745, 0.215539
0.25, 0.238606, 0.255, 0.745, 0.228963
0.25, 0.230528, 0.255, 0.745, 0.218655
0.25, 0.238392, 0.255, 0.745, 0.232857
0.25, 0.223034, 0.255, 0.745, 0.217442
0.25, 0.231918, 0.255, 0.745, 0.222614
0.25, 0.231947, 0.255, 0.745, 0.22575
0.25, 0.230431, 0.255, 0.745, 0.225451
0.25, 0.243929, 0.255, 0.745, 0.236666
0.25, 0.23161, 0.255, 0.745, 0.22389
0.25, 0.226579, 0.255, 0.745, 0.225052
0.25, 0.233059, 0.255, 0.745, 0.227882
0.25, 0.230642, 0.255, 0.745, 0.223429
0.25, 0.234391, 0.255, 0.745, 0.233917
0.25, 0.235852, 0.26, 0.74, 0.231082
0.25, 0.243988, 0.26, 0.74, 0.236231
0.25, 0.231521, 0.26, 0.74, 0.22553
0.25, 0.243639, 0.26, 0.74, 0.237721
0.25, 0.242369, 0.26, 0.74, 0.231437
0.25, 0.236903, 0.26, 0.74, 0.231909
0.25, 0.243349, 0.26, 0.74, 0.237748
0.25, 0.242503, 0.26, 0.74, 0.239066
0.25, 0.244534, 0.26, 0.74, 0.239447
0.25, 0.243746, 0.26, 0.74, 0.234847
0.25, 0.242699, 0.26, 0.74, 0.232255
0.25, 0.247774, 0.26, 0.74, 0.240278
0.25, 0.24648, 0.26, 0.74, 0.240512
0.25, 0.257769, 0.26, 0.74, 0.244993
0.25, 0.23371, 0.26, 0.74, 0.233718
0.25, 0.241825, 0.26, 0.74, 0.23231
0.25, 0.233602, 0.26, 0.74, 0.233389
0.25, 0.254211, 0.26, 0.74, 0.24497
0.25, 0.235812, 0.26, 0.74, 0.23641
0.25, 0.239604, 0.26, 0.74, 0.234333
0.25, 0.248757, 0.26, 0.74, 0.240401
0.25, 0.242108, 0.26, 0.74, 0.237483
0.25, 0.249418, 0.26, 0.74, 0.239768
0.25, 0.242145, 0.26, 0.74, 0.23385
0.25, 0.23945, 0.26, 0.74, 0.232084
0.25, 0.251766, 0.265, 0.735, 0.239056
0.25, 0.254049, 0.265, 0.735, 0.241923
0.25, 0.240504, 0.265, 0.735, 0.235928
0.25, 0.251585, 0.265, 0.735, 0.24634
0.25, 0.250726, 0.265, 0.735, 0.248763
0.25, 0.254085, 0.265, 0.735, 0.248062
0.25, 0.249171, 0.265, 0.735, 0.244187
0.25, 0.253257, 0.265, 0.735, 0.246006
0.25, 0.253898, 0.265, 0.735, 0.246972
0.25, 0.25506, 0.265, 0.735, 0.248109
0.25, 0.246535, 0.265, 0.735, 0.237255
0.25, 0.249855, 0.265, 0.735, 0.246301
0.25, 0.265518, 0.265, 0.735, 0.252981
0.25, 0.2485, 0.265, 0.735, 0.242115
0.25, 0.243489, 0.265, 0.735, 0.236358
0.25, 0.242001, 0.265, 0.735, 0.233113
0.25, 0.241604, 0.265, 0.735, 0.242596
0.25, 0.251176, 0.265, 0.735, 0.244281
0.25, 0.24507, 0.265, 0.735, 0.236346
0.25, 0.250222, 0.265, 0.735, 0.242121
0.25, 0.238944, 0.265, 0.735, 0.229884
0.25, 0.25479, 0.265, 0.735, 0.247428
0.25, 0.24061, 0.265, 0.735, 0.230784
0.25, 0.240192, 0.265, 0.735, 0.234644
0.25, 0.247935, 0.265, 0.735, 0.245809
0.25, 0.259962, 0.27, 0.73, 0.254865
0.25, 0.267585, 0.27, 0.73, 0.256746
0.25, 0.249811, 0.27, 0.73, 0.24732
0.25, 0.262938, 0.27, 0.73, 0.257897
0.25, 0.260735, 0.27, 0.73, 0.25573
0.25, 0.255487, 0.27, 0.73, 0.248626
0.25, 0.27019, 0.27, 0.73, 0.260764
0.25, 0.254461, 0.27, 0.73, 0.248188
0.25, 0.25962, 0.27, 0.73, 0.251421
0.25, 0.251211, 0.27, 0.73, 0.246005
0.25, 0.264027, 0.27, 0.73, 0.260172
0.25, 0.256547, 0.27, 0.73, 0.250542
0.25, 0.263565, 0.27, 0.73, 0.249676
0.25, 0.252462, 0.27, 0.73, 0.248585
0.25, 0.257465, 0.27, 0.73, 0.251349
0.25, 0.251693, 0.27, 0.73, 0.242525
0.25, 0.24995, 0.27, 0.73, 0.244828
0.25, 0.265589, 0.27, 0.73, 0.255484
0.25, 0.257891, 0.27, 0.73, 0.248021
0.25, 0.248334, 0.27, 0.73, 0.242059
0.25, 0.275844, 0.27, 0.73, 0.2667
0.25, 0.252476, 0.27, 0.73, 0.246669
0.25, 0.240515, 0.27, 0.73, 0.238107
0.25, 0.261568, 0.27, 0.73, 0.256455
0.25, 0.266409, 0.27, 0.73, 0.25664
0.25, 0.262511, 0.275, 0.725, 0.257127
0.25, 0.271621, 0.275, 0.725, 0.260155
0.25, 0.267074, 0.275, 0.725, 0.26059
0.25, 0.272178, 0.275, 0.725, 0.260457
0.25, 0.267113, 0.275, 0.725, 0.257884
0.25, 0.265188, 0.275, 0.725, 0.25457
0.25, 0.267089, 0.275, 0.725, 0.257708
0.25, 0.263475, 0.275, 0.725, 0.26183
0.25, 0.265513, 0.275, 0.725, 0.259153
0.25, 0.268614, 0.275, 0.725, 0.259478
0.25, 0.265626, 0.275, 0.725, 0.256824
0.25, 0.27202, 0.275, 0.725, 0.263715
0.25, 0.278101, 0.275, 0.725, 0.272762
0.25, 0.266608, 0.275, 0.725, 0.26172
0.25, 0.269469, 0.275, 0.725, 0.259995
0.25, 0.268591, 0.275, 0.725, 0.259877
0.25, 0.273139, 0.275, 0.725, 0.25969
0.25, 0.2756, 0.275, 0.725, 0.263516
0.25, 0.256968, 0.275, 0.725, 0.251625
0.25, 0.25814, 0.275, 0.725, 0.256132
0.25, 0.255014, 0.275, 0.725, 0.250497
0.25, 0.267691, 0.275, 0.725, 0.260935
0.25, 0.264377, 0.275, 0.725, 0.261528
0.25, 0.274261, 0.275, 0.725, 0.270046
0.25, 0.271365, 0.275, 0.725, 0.26122
0.25, 0.26759, 0.28, 0.72, 0.268099
0.25, 0.280145, 0.28, 0.72, 0.275086
0.25, 0.261828, 0.28, 0.72, 0.255086
0.25, 0.270438, 0.28, 0.72, 0.262407
0.25, 0.291179, 0.28, 0.72, 0.277428
0.25, 0.27694, 0.28, 0.72, 0.270166
0.25, 0.282247, 0.28, 0.72, 0.270906
0.25, 0.264885, 0.28, 0.72, 0.264315
0.25, 0.264451, 0.28, 0.72, 0.26088
0.25, 0.271184, 0.28, 0.72, 0.260875
0.25, 0.276105, 0.28, 0.72, 0.26809
0.25, 0.27074, 0.28, 0.72, 0.259639
0.25, 0.276107, 0.28, 0.72, 0.269132
0.25, 0.273952, 0.28, 0.72, 0.267532
0.25, 0.271805, 0.28, 0.72, 0.262748
0.25, 0.265666, 0.28, 0.72, 0.262485
0.25, 0.276983, 0.28, 0.72, 0.277858
0.25, 0.271349, 0.28, 0.72, 0.262939
0.25, 0.273314, 0.28, 0.72, 0.270499
0.25, 0.282063, 0.28, 0.72, 0.273196
0.25, 0.27526, 0.28, 0.72, 0.269634
0.25, 0.276643, 0.28, 0.72, 0.26838
0.25, 0.277462, 0.28, 0.72, 0.265963
0.25, 0.271008, 0.28, 0.72, 0.266359
0.25, 0.27603, 0.28, 0.72, 0.270355
0.25, 0.26189, 0.285, 0.715, 0.259197
0.25, 0.28623, 0.285, 0.715, 0.271947
0.25, 0.283643, 0.285, 0.715, 0.275607
0.25, 0.279238, 0.285, 0.715, 0.275009
0.25, 0.282198, 0.285, 0.715, 0.280623
0.25, 0.282248, 0.285, 0.715, 0.272095
0.25, 0.261705, 0.285, 0.715, 0.259773
0.25, 0.275228, 0.285, 0.715, 0.269082
0.25, 0.284824, 0.285, 0.715, 0.276498
0.25, 0.275144, 0.285, 0.715, 0.271909
0.25, 0.283233, 0.285, 0.715, 0.273887
0.25, 0.278979, 0.285, 0.715, 0.268236
0.25, 0.276735, 0.285, 0.715, 0.273463
0.25, 0.279094, 0.285, 0.715, 0.27359
0.25, 0.274925, 0.285, 0.715, 0.272784
0.25, 0.281583, 0.285, 0.715, 0.270735
0.25, 0.28915, 0.285, 0.715, 0.284881
0.25, 0.278291, 0.285, 0.715, 0.269491
0.25, 0.277524, 0.285, 0.715, 0.270474
0.25, 0.290575, 0.285, 0.715, 0.286654
0.25, 0.287694, 0.285, 0.715, 0.277778
0.25, 0.276775, 0.285, 0.715, 0.268736
0.25, 0.2872, 0.285, 0.715, 0.279083
0.25, 0.281283, 0.285, 0.715, 0.273538
0.25, 0.276069, 0.285, 0.715, 0.270366
0.25, 0.285056, 0.29, 0.71, 0.275549
0.25, 0.30143, 0.29, 0.71, 0.288846
0.25, 0.290033, 0.29, 0.71, 0.284798
0.25, 0.288132, 0.29, 0.71, 0.28374
0.25, 0.296101, 0.29, 0.71, 0.284611
0.25, 0.288263, 0.29, 0.71, 0.283827
0.25, 0.29233, 0.29, 0.71, 0.284189
0.25, 0.29702, 0.29, 0.71, 0.290785
0.25, 0.286982, 0.29, 0.71, 0.277795
0.25, 0.298339, 0.29, 0.71, 0.284042
0.25, 0.27936, 0.29, 0.71, 0.2766
0.25, 0.292619, 0.29, 0.71, 0.286118
0.25, 0.293912, 0.29, 0.71, 0.288187
0.25, 0.291574, 0.29, 0.71, 0.281234
0.25, 0.295841, 0.29, 0.71, 0.281833
0.25, 0.285201, 0.29, 0.71, 0.281098
0.25, 0.292472, 0.29, 0.71, 0.28626
0.25, 0.281402, 0.29, 0.71, 0.27237
0.25, 0.283666, 0.29, 0.71, 0.274866
0.25, 0.292086, 0.29, 0.71, 0.280846
0.25, 0.287158, 0.29, 0.71, 0.278755
0.25, 0.306131, 0.29, 0.71, 0.289707
0.25, 0.289068, 0.29, 0.71, 0.281441
0.25, 0.289713, 0.29, 0.71, 0.281182
0.25, 0.287598, 0.29, 0.71, 0.280123
0.25, 0.302933, 0.295, 0.705, 0.296426
0.25, 0.307721, 0.295, 0.705, 0.30085
0.25, 0.294998, 0.295, 0.705, 0.287916
0.25, 0.300701, 0.295, 0.705, 0.295561
0.25, 0.297427, 0.295, 0.705, 0.292038
0.25, 0.283611, 0.295, 0.705, 0.281963
0.25, 0.297621, 0.295, 0.705, 0.290131
0.25, 0.309179, 0.295, 0.705, 0.303079
0.25, 0.294319, 0.295, 0.705, 0.290242
0.25, 0.299922, 0.295, 0.705, 0.293359
0.25, 0.297058, 0.295, 0.705, 0.291635
0.25, 0.309213, 0.295, 0.705, 0.299672
0.25, 0.3011, 0.295, 0.705, 0.293258
0.25, 0.303525, 0.295, 0.705, 0.293676
0.25, 0.292117, 0.295, 0.705, 0.291711
0.25, 0.304828, 0.295, 0.705, 0.29238
0.25, 0.305519, 0.295, 0.705, 0.297537
0.25, 0.299647, 0.295, 0.705, 0.294695
0.25, 0.304486, 0.295, 0.705, 0.300987
0.25, 0.298956, 0.295, 0.705, 0.289024
0.25, 0.301263, 0.295, 0.705, 0.294833
0.25, 0.302289, 0.295, 0.705, 0.296792
0.25, 0.292786, 0.295, 0.705, 0.287386
0.25, 0.299234, 0.295, 0.705, 0.295313
0.25, 0.299031, 0.295, 0.705, 0.290988
0.25, 0.301528, 0.3, 0.7, 0.295199
0.25, 0.309177, 0.3, 0.7, 0.301522
0.25, 0.303492, 0.3, 0.7, 0.299784
0.25, 0.287803, 0.3, 0.7, 0.285931
0.25, 0.301554, 0.3, 0.7, 0.29214
0.25, 0.2897, 0.3, 0.7, 0.290661
0.25, 0.299558, 0.3, 0.7, 0.28992
0.25, 0.307151, 0.3, 0.7, 0.298308
0.25, 0.311174, 0.3, 0.7, 0.300821
0.25, 0.31614, 0.3, 0.7, 0.301895
0.25, 0.307689, 0.3, 0.7, 0.301822
0.25, 0.311151, 0.3, 0.7, 0.310347
0.25, 0.301229, 0.3, 0.7, 0.299987
0.25, 0.29605, 0.3, 0.7, 0.290693
0.25, 0.300653, 0.3, 0.7, 0.295999
0.25, 0.305464, 0.3, 0.7, 0.300217
0.25, 0.306161, 0.3, 0.7, 0.301184
0.25, 0.314306, 0.3, 0.7, 0.308712
0.25, 0.310628, 0.3, 0.7, 0.303258
0.25, 0.298299, 0.3, 0.7, 0.294437
0.25, 0.297539, 0.3, 0.7, 0.289749
0.25, 0.304343, 0.3, 0.7, 0.301777
0.25, 0.312551, 0.3, 0.7, 0.30452
0.25, 0.301497, 0.3, 0.7, 0.293531
0.25, 0.310943, 0.3, 0.7, 0.304978
0.25, 0.313818, 0.305, 0.695, 0.302562
0.25, 0.330062, 0.305, 0.695, 0.318449
0.25, 0.318239, 0.305, 0.695, 0.311189
0.25, 0.305156, 0.305, 0.695, 0.29727
0.25, 0.319921, 0.305, 0.695, 0.311317
0.25, 0.315227, 0.305, 0.695, 0.305247
0.25, 0.309725, 0.305, 0.695, 0.306777
0.25, 0.312561, 0.305, 0.695, 0.309808
0.25, 0.319628, 0.305, 0.695, 0.307352
0.25, 0.313502, 0.305, 0.695, 0.305346
0.25, 0.310431, 0.305, 0.695, 0.305906
0.25, 0.322127, 0.305, 0.695, 0.319649
0.25, 0.316334, 0.305, 0.695, 0.312827
0.25, 0.318831, 0.305, 0.695, 0.306583
0.25, 0.298186, 0.305, 0.695, 0.301992
0.25, 0.318247, 0.305, 0.695, 0.307334
0.25, 0.314262, 0.305, 0.695, 0.309314
0.25, 0.310849, 0.305, 0.695, 0.307504
0.25, 0.316923, 0.305, 0.695, 0.312725
0.25, 0.307282, 0.305, 0.695, 0.297325
0.25, 0.294191, 0.305, 0.695, 0.293213
0.25, 0.314817, 0.305, 0.695, 0.31281
0.25, 0.322153, 0.305, 0.695, 0.315074
0.25, 0.326774, 0.305, 0.695, 0.319175
0.25, 0.322703, 0.305, 0.695, 0.316362
0.25, 0.311397, 0.31, 0.69, 0.310707
0.25, 0.323117, 0.31, 0.69, 0.313805
0.25, 0.318369, 0.31, 0.69, 0.313756
0.25, 0.304927, 0.31, 0.69, 0.306416
0.25, 0.324982, 0.31, 0.69, 0.315716
0.25, 0.32529, 0.31, 0.69, 0.320208
0.25, 0.314483, 0.31, 0.69, 0.309071
0.25, 0.314779, 0.31, 0.69, 0.308965
0.25, 0.32763, 0.31, 0.69, 0.31545
0.25, 0.319423, 0.31, 0.69, 0.311925
0.25, 0.325558, 0.31, 0.69, 0.321376
0.25, 0.327894, 0.31, 0.69, 0.317214
0.25, 0.315612, 0.31, 0.69, 0.31459
0.25, 0.321129, 0.31, 0.69, 0.31289
0.25, 0.32299, 0.31, 0.69, 0.314926
0.25, 0.336241, 0.31, 0.69, 0.327993
0.25, 0.321137, 0.31, 0.69, 0.321956
0.25, 0.324022, 0.31, 0.69, 0.318115
0.25, 0.32209, 0.31, 0.69, 0.31458
0.25, 0.319788, 0.31, 0.69, 0.307183
0.25, 0.327904, 0.31, 0.69, 0.320933
0.25, 0.331976, 0.31, 0.69, 0.320907
0.25, 0.327267, 0.31, 0.69, 0.322077
0.25, 0.331044, 0.31, 0.69, 0.32492
0.25, 0.316434, 0.31, 0.69, 0.304626
0.25, 0.337582, 0.315, 0.685, 0.327643
0.25, 0.331129, 0.315, 0.685, 0.327543
0.25, 0.335063, 0.315, 0.685, 0.329785
0.25, 0.336857, 0.315, 0.685, 0.330063
0.25, 0.333738, 0.315, 0.685, 0.322738
0.25, 0.343833, 0.315, 0.685, 0.332399
0.25, 0.322047, 0.315, 0.685, 0.319141
0.25, 0.321045, 0.315, 0.685, 0.319065
0.25, 0.328177, 0.315, 0.685, 0.322215
0.25, 0.324943, 0.315, 0.685, 0.318736
0.25, 0.33453, 0.315, 0.685, 0.330469
0.25, 0.321659, 0.315, 0.685, 0.318728
0.25, 0.328848, 0.315, 0.685, 0.325635
0.25, 0.33515, 0.315, 0.685, 0.322032
0.25, 0.335195, 0.315, 0.685, 0.323673
0.25, 0.328903, 0.315, 0.685, 0.327951
0.25, 0.32899, 0.315, 0.685, 0.315257
0.25, 0.336901, 0.315, 0.685, 0.329902
0.25, 0.332971, 0.315, 0.685, 0.324751
0.25, 0.314364, 0.315, 0.685, 0.310843
0.25, 0.344456, 0.315, 0.685, 0.33841
0.25, 0.334511, 0.315, 0.685, 0.326327
0.25, 0.324182, 0.315, 0.685, 0.323967
0.25, 0.344969, 0.315, 0.685, 0.331623
0.25, 0.34707, 0.315, 0.685, 0.332899
0.25, 0.343659, 0.32, 0.68, 0.335393
0.25, 0.358967, 0.32, 0.68, 0.348191
0.25, 0.355436, 0.32, 0.68, 0.34181
0.25, 0.345373, 0.32, 0.68, 0.339663
0.25, 0.334876, 0.32, 0.68, 0.332186
0.25, 0.341462, 0.32, 0.68, 0.336668
0.25, 0.333367, 0.32, 0.68, 0.335545
0.25, 0.348273, 0.32, 0.68, 0.343056
0.25, 0.346401, 0.32, 0.68, 0.334317
0.25, 0.341178, 0.32, 0.68, 0.329737
0.25, 0.347166, 0.32, 0.68, 0.337987
0.25, 0.336823, 0.32, 0.68, 0.331867
0.25, 0.331202, 0.32, 0.68, 0.325438
0.25, 0.339575, 0.32, 0.68, 0.329869
0.25, 0.345605, 0.32, 0.68, 0.337835
0.25, 0.363468, 0.32, 0.68, 0.346909
0.25, 0.328539, 0.32, 0.68, 0.326729
0.25, 0.34707, 0.32, 0.68, 0.341004
0.25, 0.346233, 0.32, 0.68, 0.341315
0.25, 0.330207, 0.32, 0.68, 0.326754
0.25, 0.342484, 0.32, 0.68, 0.333721
0.25, 0.351759, 0.32, 0.68, 0.341527
0.25, 0.349095, 0.32, 0.68, 0.340656
0.25, 0.338231, 0.32, 0.68, 0.327819
0.25, 0.352292, 0.32, 0.68, 0.341443
0.25, 0.355644, 0.325, 0.675, 0.346527
0.25, 0.34022, 0.325, 0.675, 0.336858
0.25, 0.351033, 0.325, 0.675, 0.347251
0.25, 0.346947, 0.325, 0.675, 0.344896
0.25, 0.352285, 0.325, 0.675, 0.340693
0.25, 0.350214, 0.325, 0.675, 0.340585
0.25, 0.355412, 0.325, 0.675, 0.347926
0.25, 0.344161, 0.325, 0.675, 0.345045
0.25, 0.35961, 0.325, 0.675, 0.351358
0.25, 0.348165, 0.325, 0.675, 0.342736
0.25, 0.354349, 0.325, 0.675, 0.349531
0.25, 0.343804, 0.325, 0.675, 0.332174
0.25, 0.343253, 0.325, 0.675, 0.333656
0.25, 0.355251, 0.325, 0.675, 0.346283
0.25, 0.356054, 0.325, 0.675, 0.345134
0.25, 0.347886, 0.325, 0.675, 0.343237
0.25, 0.341023, 0.325, 0.675, 0.330257
0.25, 0.359785, 0.325, 0.675, 0.346538
0.25, 0.341748, 0.325, 0.675, 0.333485
0.25, 0.35111, 0.325, 0.675, 0.344308
0.25, 0.369453, 0.325, 0.675, 0.361175
0.25, 0.348656, 0.325, 0.675, 0.341015
0.25, 0.332918, 0.325, 0.675, 0.331439
0.25, 0.357916, 0.325, 0.675, 0.347689
0.25, 0.366074, 0.325, 0.675, 0.352869
0.25, 0.351786, 0.33, 0.67, 0.347691
0.25, 0.361969, 0.33, 0.67, 0.357624
0.25, 0.34974, 0.33, 0.67, 0.347586
0.25, 0.353936, 0.33, 0.67, 0.351719
0.25, 0.366143, 0.33, 0.67, 0.35825
0.25, 0.35729, 0.33, 0.67, 0.356197
0.25, 0.362399, 0.33, 0.67, 0.344708
0.25, 0.358876, 0.33, 0.67, 0.347705
0.25, 0.358642, 0.33, 0.67, 0.351449
0.25, 0.358753, 0.33, 0.67, 0.352979
0.25, 0.372295, 0.33, 0.67, 0.360423
0.25, 0.354671, 0.33, 0.67, 0.344639
0.25, 0.352476, 0.33, 0.67, 0.345618
0.25, 0.357219, 0.33, 0.67, 0.353343
0.25, 0.355625, 0.33, 0.67, 0.346012
0.25, 0.362381, 0.33, 0.67, 0.355427
0.25, 0.3639, 0.33, 0.67, 0.349935
0.25, 0.354625, 0.33, 0.67, 0.348152
0.25, 0.357719, 0.33, 0.67, 0.349115
0.25, 0.356299, 0.33, 0.67, 0.356567
0.25, 0.357479, 0.33, 0.67, 0.3524
0.25, 0.363781, 0.33, 0.67, 0.355037
0.25, 0.364062, 0.33, 0.67, 0.360505
0.25, 0.357372, 0.33, 0.67, 0.346423
0.25, 0.347858, 0.33, 0.67, 0.343882
0.25, 0.37723, 0.335, 0.665, 0.3689
0.25, 0.362256, 0.335, 0.665, 0.358826
0.25, 0.381432, 0.335, 0.665, 0.36876
0.25, 0.379521, 0.335, 0.665, 0.368096
0.25, 0.353136, 0.335, 0.665, 0.351676
0.25, 0.368385, 0.335, 0.665, 0.364045
0.25, 0.379419, 0.335, 0.665, 0.367132
0.25, 0.378588, 0.335, 0.665, 0.364185
0.25, 0.372269, 0.335, 0.665, 0.365459
0.25, 0.366066, 0.335, 0.665, 0.365782
0.25, 0.367314, 0.335, 0.665, 0.361383
0.25, 0.366535, 0.335, 0.665, 0.363018
0.25, 0.378336, 0.335, 0.665, 0.364965
0.25, 0.36379, 0.335, 0.665, 0.360222
0.25, 0.377251, 0.335, 0.665, 0.367025
0.25, 0.389776, 0.335, 0.665, 0.377174
0.25, 0.37469, 0.335, 0.665, 0.364527
0.25, 0.37171, 0.335, 0.665, 0.367237
0.25, 0.363368, 0.335, 0.665, 0.355095
0.25, 0.377237, 0.335, 0.665, 0.36906
0.25, 0.373151, 0.335, 0.665, 0.364297
0.25, 0.368102, 0.335, 0.665, 0.359807
0.25, 0.358679, 0.335, 0.665, 0.362575
0.25, 0.364295, 0.335, 0.665, 0.354811
0.25, 0.359283, 0.335, 0.665, 0.356767
0.25, 0.36953, 0.34, 0.66, 0.36391
0.25, 0.371738, 0.34, 0.66, 0.364684
0.25, 0.380253, 0.34, 0.66, 0.379414
0.25, 0.382472, 0.34, 0.66, 0.378819
0.25, 0.372091, 0.34, 0.66, 0.366667
0.25, 0.37772, 0.34, 0.66, 0.37288
0.25, 0.383469, 0.34, 0.66, 0.369438
0.25, 0.357568, 0.34, 0.66, 0.358056
0.25, 0.38556, 0.34, 0.66, 0.370267
0.25, 0.387243, 0.34, 0.66, 0.378945
0.25, 0.381114, 0.34, 0.66, 0.375836
0.25, 0.361907, 0.34, 0.66, 0.360528
0.25, 0.384984, 0.34, 0.66, 0.374155
0.25, 0.361858, 0.34, 0.66, 0.356987
0.25, 0.380104, 0.34, 0.66, 0.370284
0.25, 0.369882, 0.34, 0.66, 0.360595
0.25, 0.385926, 0.34, 0.66, 0.378026
0.25, 0.384888, 0.34, 0.66, 0.377288
0.25, 0.371563, 0.34, 0.66, 0.36622
0.25, 0.375318, 0.34, 0.66, 0.374802
0.25, 0.390347, 0.34, 0.66, 0.378621
0.25, 0.376262, 0.34, 0.66, 0.366155
0.25, 0.379663, 0.34, 0.66, 0.370178
0.25, 0.38687, 0.34, 0.66, 0.378865
0.25, 0.367758, 0.34, 0.66, 0.362652
0.25, 0.390547, 0.345, 0.655, 0.382762
0.25, 0.396983, 0.345, 0.655, 0.388689
0.25, 0.402691, 0.345, 0.655, 0.388969
0.25, 0.385662, 0.345, 0.655, 0.376342
0.25, 0.381406, 0.345, 0.655, 0.377322
0.25, 0.399558, 0.345, 0.655, 0.389098
0.25, 0.388742, 0.345, 0.655, 0.383969
0.25, 0.368334, 0.345, 0.655, 0.368029
0.25, 0.395508, 0.345, 0.655, 0.389591
0.25, 0.384067, 0.345, 0.655, 0.373363
0.25, 0.391926, 0.345, 0.655, 0.384727
0.25, 0.403064, 0.345, 0.655, 0.398756
0.25, 0.403653, 0.345, 0.655, 0.39369
0.25, 0.385785, 0.345, 0.655, 0.376391
0.25, 0.389978, 0.345, 0.655, 0.381782
0.25, 0.386961, 0.345, 0.655, 0.38104
0.25, 0.373548, 0.345, 0.655, 0.367295
0.25, 0.384124, 0.345, 0.655, 0.375332
0.25, 0.372357, 0.345, 0.655, 0.37045
0.25, 0.386329, 0.345, 0.655, 0.382214
0.25, 0.376984, 0.345, 0.655, 0.372919
0.25, 0.385176, 0.345, 0.655, 0.376348
0.25, 0.396552, 0.345, 0.655, 0.381579
0.25, 0.38344, 0.345, 0.655, 0.373229
0.25, 0.379263, 0.345, 0.655, 0.372173
0.25, 0.396186, 0.35, 0.65, 0.392206
0.25, 0.384044, 0.35, 0.65, 0.38115
0.25, 0.401326, 0.35, 0.65, 0.39194
0.25, 0.410179, 0.35, 0.65, 0.396695
0.25, 0.407119, 0.35, 0.65, 0.400483
0.25, 0.394271, 0.35, 0.65, 0.385899
0.25, 0.407218, 0.35, 0.65, 0.394262
0.25, 0.391588, 0.35, 0.65, 0.383841
0.25, 0.390205, 0.35, 0.65, 0.379211
0.25, 0.392504, 0.35, 0.65, 0.385982
0.25, 0.405683, 0.35, 0.65, 0.399213
0.25, 0.396249, 0.35, 0.65, 0.389778
0.25, 0.395813, 0.35, 0.65, 0.382832
0.25, 0.397043, 0.35, 0.65, 0.387047
0.25, 0.41233, 0.35, 0.65, 0.404895
0.25, 0.391645, 0.35, 0.65, 0.392328
0.25, 0.39787, 0.35, 0.65, 0.387616
0.25, 0.388884, 0.35, 0.65, 0.384681
0.25, 0.385897, 0.35, 0.65, 0.382293
0.25, 0.397377, 0.35, 0.65, 0.388937
0.25, 0.395434, 0.35, 0.65, 0.389987
0.25, 0.400448, 0.35, 0.65, 0.399854
0.25, 0.404127, 0.35, 0.65, 0.399812
0.25, 0.394421, 0.35, 0.65, 0.385689
0.25, 0.40606, 0.35, 0.65, 0.400997
0.25, 0.407528, 0.355, 0.645, 0.395409
0.25, 0.426473, 0.355, 0.645, 0.412864
0.25, 0.397178, 0.355, 0.645, 0.384441
0.25, 0.410415, 0.355, 0.645, 0.405888
0.25, 0.403484, 0.355, 0.645, 0.399717
0.25, 0.422168, 0.355, 0.645, 0.406265
0.25, 0.400595, 0.355, 0.645, 0.393406
0.25, 0.409649, 0.355, 0.645, 0.399556
0.25, 0.402867, 0.355, 0.645, 0.400654
0.25, 0.415951, 0.355, 0.645, 0.404621
0.25, 0.400866, 0.355, 0.645, 0.397904
0.25, 0.390876, 0.355, 0.645, 0.38953
0.25, 0.423388, 0.355, 0.645, 0.411721
0.25, 0.411356, 0.355, 0.645, 0.40008
0.25, 0.410328, 0.355, 0.645, 0.40356
0.25, 0.399838, 0.355, 0.645, 0.392329
0.25, 0.401321, 0.355, 0.645, 0.394527
0.25, 0.396185, 0.355, 0.645, 0.392929
0.25, 0.401119, 0.355, 0.645, 0.398882
0.25, 0.415437, 0.355, 0.645, 0.408376
0.25, 0.411543, 0.355, 0.645, 0.397578
0.25, 0.404149, 0.355, 0.645, 0.394966
0.25, 0.411705, 0.355, 0.645, 0.405837
0.25, 0.407832, 0.355, 0.645, 0.404133
0.25, 0.407422, 0.355, 0.645, 0.406262
0.25, 0.420368, 0.36, 0.64, 0.409809
0.25, 0.422952, 0.36, 0.64, 0.409259
0.25, 0.434245, 0.36, 0.64, 0.421308
0.25, 0.427462, 0.36, 0.64, 0.416583
0.25, 0.426933, 0.36, 0.64, 0.419918
0.25, 0.438042, 0.36, 0.64, 0.425458
0.25, 0.409065, 0.36, 0.64, 0.405046
0.25, 0.424657, 0.36, 0.64, 0.418168
0.25, 0.422764, 0.36, 0.64, 0.410324
0.25, 0.404189, 0.36, 0.64, 0.407565
0.25, 0.429132, 0.36, 0.64, 0.421684
0.25, 0.409068, 0.36, 0.64, 0.40324
0.25, 0.422193, 0.36, 0.64, 0.415612
0.25, 0.408907, 0.36, 0.64, 0.409362
0.25, 0.428317, 0.36, 0.64, 0.419311
0.25, 0.43667, 0.36, 0.64, 0.424853
0.25, 0.427861, 0.36, 0.64, 0.414367
0.25, 0.416155, 0.36, 0.64, 0.416587
0.25, 0.421109, 0.36, 0.64, 0.410587
0.25, 0.405088, 0.36, 0.64, 0.401472
0.25, 0.429323, 0.36, 0.64, 0.419064
0.25, 0.43158, 0.36, 0.64, 0.425025
0.25, 0.428169, 0.36, 0.64, 0.415465
0.25, 0.415066, 0.36, 0.64, 0.41055
0.25, 0.422192, 0.36, 0.64, 0.410275
0.25, 0.423931, 0.365, 0.635, 0.415868
0.25, 0.437173, 0.365, 0.635, 0.423246
0.25, 0.431176, 0.365, 0.635, 0.420615
0.25, 0.42647, 0.365, 0.635, 0.416355
0.25, 0.436307, 0.365, 0.635, 0.427791
0.25, 0.433395, 0.365, 0.635, 0.422348
0.25, 0.43558, 0.365, 0.635, 0.427316
0.25, 0.431419, 0.365, 0.635, 0.423407
0.25, 0.43839, 0.365, 0.635, 0.422643
0.25, 0.44951, 0.365, 0.635, 0.433022
0.25, 0.437411, 0.365, 0.635, 0.427411
0.25, 0.43428, 0.365, 0.635, 0.424238
0.25, 0.428202, 0.365, 0.635, 0.423409
0.25, 0.429249, 0.365, 0.635, 0.423053
0.25, 0.427758, 0.365, 0.635, 0.420077
0.25, 0.420948, 0.365, 0.635, 0.415622
0.25, 0.434569, 0.365, 0.635, 0.426385
0.25, 0.437748, 0.365, 0.635, 0.427838
0.25, 0.439002, 0.365, 0.635, 0.429547
0.25, 0.428647, 0.365, 0.635, 0.423577
0.25, 0.435763, 0.365, 0.635, 0.425769
0.25, 0.437423, 0.365, 0.635, 0.431622
0.25, 0.441414, 0.365, 0.635, 0.428648
0.25, 0.435197, 0.365, 0.635, 0.424585
0.25, 0.43772, 0.365, 0.635, 0.425629
0.25, 0.434622, 0.37, 0.63, 0.431211
0.25, 0.442813, 0.37, 0.63, 0.431849
0.25, 0.44492, 0.37, 0.63, 0.431404
0.25, 0.442535, 0.37, 0.63, 0.42722
0.25, 0.447939, 0.37, 0.63, 0.433093
0.25, 0.434345, 0.37, 0.63, 0.424222
0.25, 0.433492, 0.37, 0.63, 0.430067
0.25, 0.459473, 0.37, 0.63, 0.446769
0.25, 0.445124, 0.37, 0.63, 0.437061
0.25, 0.442163, 0.37, 0.63, 0.421116
0.25, 0.435284, 0.37, 0.63, 0.425765
0.25, 0.44396, 0.37, 0.63, 0.42767
0.25, 0.441252, 0.37, 0.63, 0.430147
0.25, 0.444884, 0.37, 0.63, 0.436448
0.25, 0.447964, 0.37, 0.63, 0.438004
0.25, 0.434814, 0.37, 0.63, 0.424026
0.25, 0.43952, 0.37, 0.63, 0.436587
0.25, 0.440309, 0.37, 0.63, 0.433128
0.25, 0.433104, 0.37, 0.63, 0.413317
0.25, 0.448164, 0.37, 0.63, 0.434143
0.25, 0.439724, 0.37, 0.63, 0.438135
0.25, 0.437523, 0.37, 0.63, 0.428523
0.25, 0.431147, 0.37, 0.63, 0.421501
0.25, 0.45213, 0.37, 0.63, 0.436761
0.25, 0.440736, 0.37, 0.63, 0.4343
0.25, 0.452678, 0.375, 0.625, 0.441746
0.25, 0.458457, 0.375, 0.625, 0.44661
0.25, 0.45882, 0.375, 0.625, 0.447992
0.25, 0.458355, 0.375, 0.625, 0.450727
0.25, 0.446691, 0.375, 0.625, 0.434079
0.25, 0.465509, 0.375, 0.625, 0.449712
0.25, 0.453495, 0.375, 0.625, 0.4443
0.25, 0.445207, 0.375, 0.625, 0.435275
0.25, 0.459173, 0.375, 0.625, 0.447145
0.25, 0.442032, 0.375, 0.625, 0.438961
0.25, 0.453377, 0.375, 0.625, 0.444136
0.25, 0.459589, 0.375, 0.625, 0.448803
0.25, 0.459128, 0.375, 0.625, 0.453812
0.25, 0.442855, 0.375, 0.625, 0.437068
0.25, 0.462724, 0.375, 0.625, 0.448703
0.25, 0.431212, 0.375, 0.625, 0.42676
0.25, 0.462594, 0.375, 0.625, 0.453284
0.25, 0.457665, 0.375, 0.625, 0.447642
0.25, 0.448791, 0.375, 0.625, 0.437983
0.25, 0.456256, 0.375, 0.625, 0.446876
0.25, 0.453549, 0.375, 0.625, 0.440376
0.25, 0.444468, 0.375, 0.625, 0.440228
0.25, 0.472234, 0.375, 0.625, 0.458264
0.25, 0.450322, 0.375, 0.625, 0.435798
0.25, 0.446808, 0.375, 0.625, 0.438586
0.25, 0.456775, 0.38, 0.62, 0.44843
0.25, 0.468355, 0.38, 0.62, 0.456952
0.25, 0.491023, 0.38, 0.62, 0.472276
0.25, 0.466306, 0.38, 0.62, 0.451491
0.25, 0.474716, 0.38, 0.62, 0.463587
0.25, 0.463801, 0.38, 0.62, 0.457542
0.25, 0.465052, 0.38, 0.62, 0.452673
0.25, 0.442309, 0.38, 0.62, 0.441247
0.25, 0.452539, 0.38, 0.62, 0.453372
0.25, 0.461884, 0.38, 0.62, 0.454326
0.25, 0.469675, 0.38, 0.62, 0.455032
0.25, 0.463812, 0.38, 0.62, 0.453468
0.25, 0.469611, 0.38, 0.62, 0.464983
0.25, 0.468858, 0.38, 0.62, 0.457937
0.25, 0.464165, 0.38, 0.62, 0.453362
0.25, 0.465905, 0.38, 0.62, 0.455917
0.25, 0.45278, 0.38, 0.62, 0.447091
0.25, 0.471789, 0.38, 0.62, 0.459092
0.25, 0.468356, 0.38, 0.62, 0.453751
0.25, 0.469241, 0.38, 0.62, 0.458448
0.25, 0.46732, 0.38, 0.62, 0.45568
0.25, 0.463649, 0.38, 0.62, 0.452829
0.25, 0.464492, 0.38, 0.62, 0.449535
0.25, 0.468737, 0.38, 0.62, 0.460182
0.25, 0.474066, 0.38, 0.62, 0.463737
0.25, 0.47865, 0.385, 0.615, 0.469635
0.25, 0.482242, 0.385, 0.615, 0.470654
0.25, 0.466023, 0.385, 0.615, 0.457044
0.25, 0.481639, 0.385, 0.615, 0.473856
0.25, 0.481397, 0.385, 0.615, 0.466088
0.25, 0.463655, 0.385, 0.615, 0.463931
0.25, 0.484952, 0.385, 0.615, 0.471611
0.25, 0.484558, 0.385, 0.615, 0.471541
0.25, 0.478809, 0.385, 0.615, 0.467173
0.25, 0.472855, 0.385, 0.615, 0.463059
0.25, 0.482175, 0.385, 0.615, 0.472936
0.25, 0.486262, 0.385, 0.615, 0.473501
0.25, 0.481681, 0.385, 0.615, 0.473966
0.25, 0.472984, 0.385, 0.615, 0.467102
0.25, 0.489595, 0.385, 0.615, 0.479617
0.25, 0.479182, 0.385, 0.615, 0.468073
0.25, 0.471234, 0.385, 0.615, 0.463509
0.25, 0.472141, 0.385, 0.615, 0.459752
0.25, 0.487957, 0.385, 0.615, 0.481154
0.25, 0.492789, 0.385, 0.615, 0.482437
0.25, 0.490315, 0.385, 0.615, 0.478695
0.25, 0.481734, 0.385, 0.615, 0.469454
0.25, 0.473278, 0.385, 0.615, 0.461726
0.25, 0.480022, 0.385, 0.615, 0.471087
0.25, 0.463679, 0.385, 0.615, 0.458797
0.25, 0.495096, 0.39, 0.61, 0.488829
0.25, 0.474497, 0.39, 0.61, 0.464954
0.25, 0.494593, 0.39, 0.61, 0.484738
0.25, 0.481398, 0.39, 0.61, 0.47602
0.25, 0.487814, 0.39, 0.61, 0.477492
0.25, 0.500285, 0.39, 0.61, 0.496419
0.25, 0.492429, 0.39, 0.61, 0.472511
0.25, 0.505305, 0.39, 0.61, 0.488897
0.25, 0.484941, 0.39, 0.61, 0.477603
0.25, 0.490451, 0.39, 0.61, 0.476253
0.25, 0.497491, 0.39, 0.61, 0.49345
0.25, 0.473314, 0.39, 0.61, 0.464548
0.25, 0.523812, 0.39, 0.61, 0.501556
0.25, 0.46973, 0.39, 0.61, 0.463442
0.25, 0.490864, 0.39, 0.61, 0.48051
0.25, 0.482759, 0.39, 0.61, 0.474355
0.25, 0.492617, 0.39, 0.61, 0.47578
0.25, 0.490707, 0.39, 0.61, 0.473619
0.25, 0.500558, 0.39, 0.61, 0.488205
0.25, 0.476214, 0.39, 0.61, 0.465832
0.25, 0.472808, 0.39, 0.61, 0.468538
0.25, 0.483228, 0.39, 0.61, 0.47798
0.25, 0.477226, 0.39, 0.61, 0.46551
0.25, 0.488511, 0.39, 0.61, 0.477692
0.25, 0.493742, 0.39, 0.61, 0.47321
0.25, 0.508981, 0.395, 0.605, 0.4918
0.25, 0.493715, 0.395, 0.605, 0.48665
0.25, 0.509631, 0.395, 0.605, 0.493951
0.25, 0.508745, 0.395, 0.605, 0.495462
0.25, 0.501969, 0.395, 0.605, 0.489293
0.25, 0.516154, 0.395, 0.605, 0.50892
0.25, 0.495414, 0.395, 0.605, 0.488743
0.25, 0.506364, 0.395, 0.605, 0.493064
0.25, 0.492104, 0.395, 0.605, 0.477798
0.25, 0.497918, 0.395, 0.605, 0.481736
0.25, 0.506275, 0.395, 0.605, 0.498065
0.25, 0.507675, 0.395, 0.605, 0.493877
0.25, 0.509915, 0.395, 0.605, 0.504106
0.25, 0.500706, 0.395, 0.605, 0.491448
0.25, 0.502586, 0.395, 0.605, 0.481274
0.25, 0.503873, 0.395, 0.605, 0.50441
0.25, 0.520866, 0.395, 0.605, 0.50728
0.25, 0.498382, 0.395, 0.605, 0.485752
0.25, 0.492521, 0.395, 0.605, 0.484523
0.25, 0.497291, 0.395, 0.605, 0.487636
0.25, 0.50461, 0.395, 0.605, 0.493423
0.25, 0.49459, 0.395, 0.605, 0.486477
0.25, 0.495453, 0.395, 0.605, 0.481476
0.25, 0.498182, 0.395, 0.605, 0.475974
0.25, 0.528072, 0.395, 0.605, 0.507916
0.25, 0.499353, 0.4, 0.6, 0.489572
0.25, 0.508086, 0.4, 0.6, 0.492949
0.25, 0.529017, 0.4, 0.6, 0.511325
0.25, 0.526401, 0.4, 0.6, 0.510326
0.25, 0.53424, 0.4, 0.6, 0.52299
0.25, 0.524583, 0.4, 0.6, 0.50931
0.25, 0.523503, 0.4, 0.6, 0.508828
0.25, 0.510188, 0.4, 0.6, 0.497957
0.25, 0.507225, 0.4, 0.6, 0.496254
0.25, 0.530841, 0.4, 0.6, 0.515079
0.25, 0.531981, 0.4, 0.6, 0.515784
0.25, 0.534662, 0.4, 0.6, 0.521224
0.25, 0.515298, 0.4, 0.6, 0.508951
0.25, 0.510099, 0.4, 0.6, 0.502494
0.25, 0.516152, 0.4, 0.6, 0.49865
0.25, 0.500184, 0.4, 0.6, 0.493023
0.25, 0.530496, 0.4, 0.6, 0.510953
0.25, 0.52481, 0.4, 0.6, 0.512248
0.25, 0.53396, 0.4, 0.6, 0.515225
0.25, 0.514994, 0.4, 0.6, 0.505538
0.25, 0.511646, 0.4, 0.6, 0.50135
0.25, 0.535271, 0.4, 0.6, 0.523438
0.25, 0.517173, 0.4, 0.6, 0.511507
0.25, 0.527744, 0.4, 0.6, 0.511885
0.25, 0.521521, 0.4, 0.6, 0.507658
0.25, 0.539436, 0.405, 0.595, 0.521267
0.25, 0.519799, 0.405, 0.595, 0.50669
0.25, 0.532932, 0.405, 0.595, 0.516827
0.25, 0.524999, 0.405, 0.595, 0.50758
0.25, 0.514336, 0.405, 0.595, 0.518548
0.25, 0.536375, 0.405, 0.595, 0.522976
0.25, 0.521866, 0.405, 0.595, 0.509897
0.25, 0.550361, 0.405, 0.595, 0.529005
0.25, 0.519993, 0.405, 0.595, 0.51497
0.25, 0.524459, 0.405, 0.595, 0.506631
0.25, 0.556246, 0.405, 0.595, 0.537926
0.25, 0.522968, 0.405, 0.595, 0.513387
0.25, 0.541822, 0.405, 0.595, 0.532442
0.25, 0.525195, 0.405, 0.595, 0.509247
0.25, 0.535667, 0.405, 0.595, 0.524252
0.25, 0.528718, 0.405, 0.595, 0.517691
0.25, 0.546326, 0.405, 0.595, 0.52722
0.25, 0.528891, 0.405, 0.595, 0.509265
0.25, 0.547557, 0.405, 0.595, 0.531484
0.25, 0.507635, 0.405, 0.595, 0.500538
0.25, 0.532259, 0.405, 0.595, 0.519969
0.25, 0.534127, 0.405, 0.595, 0.520187
0.25, 0.538054, 0.405, 0.595, 0.51966
0.25, 0.532998, 0.405, 0.595, 0.512778
0.25, 0.526733, 0.405, 0.595, 0.514463
0.25, 0.561303, 0.41, 0.59, 0.541047
0.25, 0.545407, 0.41, 0.59, 0.531719
0.25, 0.553342, 0.41, 0.59, 0.542192
0.25, 0.526866, 0.41, 0.59, 0.51318
0.25, 0.555912, 0.41, 0.59, 0.537665
0.25, 0.524644, 0.41, 0.59, 0.517303
0.25, 0.571243, 0.41, 0.59, 0.554287
0.25, 0.53286, 0.41, 0.59, 0.519183
0.25, 0.545696, 0.41, 0.59, 0.52926
0.25, 0.546309, 0.41, 0.59, 0.534432
0.25, 0.557383, 0.41, 0.59, 0.541128
0.25, 0.562046, 0.41, 0.59, 0.544879
0.25, 0.53342, 0.41, 0.59, 0.52508
0.25, 0.543902, 0.41, 0.59, 0.53836
0.25, 0.530405, 0.41, 0.59, 0.523605
0.25, 0.522484, 0.41, 0.59, 0.512573
0.25, 0.547854, 0.41, 0.59, 0.536889
0.25, 0.531812, 0.41, 0.59, 0.520048
0.25, 0.544087, 0.41, 0.59, 0.534887
0.25, 0.529061, 0.41, 0.59, 0.517838
0.25, 0.538907, 0.41, 0.59, 0.531562
0.25, 0.578902, 0.41, 0.59, 0.562278
0.25, 0.539536, 0.41, 0.59, 0.528655
0.25, 0.536306, 0.41, 0.59, 0.526697
0.25, 0.572449, 0.41, 0.59, 0.542851
0.25, 0.548016, 0.415, 0.585, 0.531417
0.25, 0.588419, 0.415, 0.585, 0.572727
0.25, 0.558275, 0.415, 0.585, 0.539718
0.25, 0.562693, 0.415, 0.585, 0.537788
0.25, 0.565627, 0.415, 0.585, 0.54755
0.25, 0.541289, 0.415, 0.585, 0.527192
0.25, 0.563322, 0.415, 0.585, 0.548923
0.25, 0.56147, 0.415, 0.585, 0.545172
0.25, 0.565074, 0.415, 0.585, 0.548544
0.25, 0.556136, 0.415, 0.585, 0.540562
0.25, 0.564432, 0.415, 0.585, 0.550567
0.25, 0.573444, 0.415, 0.585, 0.560365
0.25, 0.565217, 0.415, 0.585, 0.55014
0.25, 0.567029, 0.415, 0.585, 0.550717
0.25, 0.564319, 0.415, 0.585, 0.54644
0.25, 0.563443, 0.415, 0.585, 0.546551
0.25, 0.541391, 0.415, 0.585, 0.528823
0.25, 0.546833, 0.415, 0.585, 0.529565
0.25, 0.55753, 0.415, 0.585, 0.545626
0.25, 0.538333, 0.415, 0.585, 0.532912
0.25, 0.564843, 0.415, 0.585, 0.548418
0.25, 0.564782, 0.415, 0.585, 0.555789
0.25, 0.541897, 0.415, 0.585, 0.530937
0.25, 0.561962, 0.415, 0.585, 0.550355
0.25, 0.55809, 0.415, 0.585, 0.546362
0.25, 0.613955, 0.42, 0.58, 0.59167
0.25, 0.574759, 0.42, 0.58, 0.557991
0.25, 0.583483, 0.42, 0.58, 0.564316
0.25, 0.57138, 0.42, 0.58, 0.560195
0.25, 0.594717, 0.42, 0.58, 0.572461
0.25, 0.575908, 0.42, 0.58, 0.558791
0.25, 0.56222, 0.42, 0.58, 0.545573
0.25, 0.56353, 0.42, 0.58, 0.550934
0.25, 0.560076, 0.42, 0.58, 0.540444
0.25, 0.56837, 0.42, 0.58, 0.555842
0.25, 0.558302, 0.42, 0.58, 0.544747
0.25, 0.581179, 0.42, 0.58, 0.560422
0.25, 0.577805, 0.42, 0.58, 0.56744
0.25, 0.560788, 0.42, 0.58, 0.540677
0.25, 0.586775, 0.42, 0.58, 0.573225
0.25, 0.567214, 0.42, 0.58, 0.551541
0.25, 0.56109, 0.42, 0.58, 0.5478
0.25, 0.586172, 0.42, 0.58, 0.569569
0.25, 0.586859, 0.42, 0.58, 0.565492
0.25, 0.582701, 0.42, 0.58, 0.566721
0.25, 0.559513, 0.42, 0.58, 0.54846
0.25, 0.566443, 0.42, 0.58, 0.550694
0.25, 0.586154, 0.42, 0.58, 0.566042
0.25, 0.565595, 0.42, 0.58, 0.551886
0.25, 0.58593, 0.42, 0.58, 0.565513
0.25, 0.589968, 0.425, 0.575, 0.565237
0.25, 0.577153, 0.425, 0.575, 0.566906
0.25, 0.604511, 0.425, 0.575, 0.57946
0.25, 0.584609, 0.425, 0.575, 0.568594
0.25, 0.610401, 0.425, 0.575, 0.590106
0.25, 0.611769, 0.425, 0.575, 0.598362
0.25, 0.594945, 0.425, 0.575, 0.579468
0.25, 0.603718, 0.425, 0.575, 0.58801
0.25, 0.593237, 0.425, 0.575, 0.571711
0.25, 0.586473, 0.425, 0.575, 0.567223
0.25, 0.582819, 0.425, 0.575, 0.56662
0.25, 0.579632, 0.425, 0.575, 0.565365
0.25, 0.585846, 0.425, 0.575, 0.571209
0.25, 0.600073, 0.425, 0.575, 0.574983
0.25, 0.598485, 0.425, 0.575, 0.581161
0.25, 0.601578, 0.425, 0.575, 0.585873
0.25, 0.580017, 0.425, 0.575, 0.565545
0.25, 0.621547, 0.425, 0.575, 0.596778
0.25, 0.594987, 0.425, 0.575, 0.577063
0.25, 0.606403, 0.425, 0.575, 0.584109
0.25, 0.575797, 0.425, 0.575, 0.565308
0.25, 0.576606, 0.425, 0.575, 0.565828
0.25, 0.580667, 0.425, 0.575, 0.566424
0.25, 0.575549, 0.425, 0.575, 0.561185
0.25, 0.623992, 0.425, 0.575, 0.603672
0.25, 0.638133, 0.43, 0.57, 0.612494
0.25, 0.612387, 0.43, 0.57, 0.594639
0.25, 0.609591, 0.43, 0.57, 0.590185
0.25, 0.624873, 0.43, 0.57, 0.603491
0.25, 0.604604, 0.43, 0.57, 0.588113
0.25, 0.622833, 0.43, 0.57, 0.606465
0.25, 0.601025, 0.43, 0.57, 0.583557
0.25, 0.616287, 0.43, 0.57, 0.597966
0.25, 0.589131, 0.43, 0.57, 0.569018
0.25, 0.623128, 0.43, 0.57, 0.603759
0.25, 0.619546, 0.43, 0.57, 0.601875
0.25, 0.607819, 0.43, 0.57, 0.593001
0.25, 0.627103, 0.43, 0.57, 0.598546
0.25, 0.612101, 0.43, 0.57, 0.593952
0.25, 0.598038, 0.43, 0.57, 0.58471
0.25, 0.615429, 0.43, 0.57, 0.594945
0.25, 0.614904, 0.43, 0.57, 0.58892
0.25, 0.634203, 0.43, 0.57, 0.61474
0.25, 0.601769, 0.43, 0.57, 0.581411
0.25, 0.620562, 0.43, 0.57, 0.600362
0.25, 0.596409, 0.43, 0.57, 0.584995
0.25, 0.623719, 0.43, 0.57, 0.60707
0.25, 0.604774, 0.43, 0.57, 0.589578
0.25, 0.606461, 0.43, 0.57, 0.590405
0.25, 0.613431, 0.43, 0.57, 0.599178
0.25, 0.622161, 0.435, 0.565, 0.602548
0.25, 0.647551, 0.435, 0.565, 0.624752
0.25, 0.635504, 0.435, 0.565, 0.621974
0.25, 0.639519, 0.435, 0.565, 0.617751
0.25, 0.618133, 0.435, 0.565, 0.598154
0.25, 0.63613, 0.435, 0.565, 0.614794
0.25, 0.63609, 0.435, 0.565, 0.628192
0.25, 0.614877, 0.435, 0.565, 0.599954
0.25, 0.608132, 0.435, 0.565, 0.592892
0.25, 0.698242, 0.435, 0.565, 0.666614
0.25, 0.652194, 0.435, 0.565, 0.629851
0.25, 0.618209, 0.435, 0.565, 0.599109
0.25, 0.634886, 0.435, 0.565, 0.613207
0.25, 0.60824, 0.435, 0.565, 0.595976
0.25, 0.612806, 0.435, 0.565, 0.588665
0.25, 0.628487, 0.435, 0.565, 0.607452
0.25, 0.610137, 0.435, 0.565, 0.591287
0.25, 0.642761, 0.435, 0.565, 0.628026
0.25, 0.626056, 0.435, 0.565, 0.608735
0.25, 0.626374, 0.435, 0.565, 0.605846
0.25, 0.620278, 0.435, 0.565, 0.605811
0.25, 0.619675, 0.435, 0.565, 0.606045
0.25, 0.618761, 0.435, 0.565, 0.607584
0.25, 0.606444, 0.435, 0.565, 0.590473
0.25, 0.602731, 0.435, 0.565, 0.58711
0.25, 0.634565, 0.44, 0.56, 0.617764
0.25, 0.636269, 0.44, 0.56, 0.614607
0.25, 0.647972, 0.44, 0.56, 0.629886
0.25, 0.655802, 0.44, 0.56, 0.6378
0.25, 0.626018, 0.44, 0.56, 0.615595
0.25, 0.665242, 0.44, 0.56, 0.641347
0.25, 0.626976, 0.44, 0.56, 0.609685
0.25, 0.649769, 0.44, 0.56, 0.627311
0.25, 0.651242, 0.44, 0.56, 0.634645
0.25, 0.689563, 0.44, 0.56, 0.662065
0.25, 0.645902, 0.44, 0.56, 0.630772
0.25, 0.660783, 0.44, 0.56, 0.635163
0.25, 0.641846, 0.44, 0.56, 0.613404
0.25, 0.649772, 0.44, 0.56, 0.625542
0.25, 0.632675, 0.44, 0.56, 0.621523
0.25, 0.671657, 0.44, 0.56, 0.636887
0.25, 0.645106, 0.44, 0.56, 0.629529
0.25, 0.658047, 0.44, 0.56, 0.636889
0.25, 0.661223, 0.44, 0.56, 0.641426
0.25, 0.652245, 0.44, 0.56, 0.630669
0.25, 0.643105, 0.44, 0.56, 0.627662
0.25, 0.660154, 0.44, 0.56, 0.631247
0.25, 0.616265, 0.44, 0.56, 0.602268
0.25, 0.649051, 0.44, 0.56, 0.628589
0.25, 0.620277, 0.44, 0.56, 0.602384
0.25, 0.690618, 0.445, 0.555, 0.670687
0.25, 0.71059, 0.445, 0.555, 0.6848
0.25, 0.667636, 0.445, 0.555, 0.641133
0.25, 0.660539, 0.445, 0.555, 0.637049
0.25, 0.664442, 0.445, 0.555, 0.640156
0.25, 0.645642, 0.445, 0.555, 0.627463
0.25, 0.653628, 0.445, 0.555, 0.632494
0.25, 0.687673, 0.445, 0.555, 0.663045
0.25, 0.672026, 0.445, 0.555, 0.65113
0.25, 0.648206, 0.445, 0.555, 0.625867
0.25, 0.680549, 0.445, 0.555, 0.653384
0.25, 0.678891, 0.445, 0.555, 0.649827
0.25, 0.669741, 0.445, 0.555, 0.636575
0.25, 0.688269, 0.445, 0.555, 0.660709
0.25, 0.695265, 0.445, 0.555, 0.672894
0.25, 0.681198, 0.445, 0.555, 0.65451
0.25, 0.649405, 0.445, 0.555, 0.638616
0.25, 0.64475, 0.445, 0.555, 0.627565
0.25, 0.675028, 0.445, 0.555, 0.663323
0.25, 0.627998, 0.445, 0.555, 0.608653
0.25, 0.677483, 0.445, 0.555, 0.65643
0.25, 0.676747, 0.445, 0.555, 0.649448
0.25, 0.662482, 0.445, 0.555, 0.646522
0.25, 0.68612, 0.445, 0.555, 0.662814
0.25, 0.685698, 0.445, 0.555, 0.666562
0.25, 0.681877, 0.45, 0.55, 0.664794
0.25, 0.676476, 0.45, 0.55, 0.657814
0.25, 0.704157, 0.45, 0.55, 0.679455
0.25, 0.69553, 0.45, 0.55, 0.667735
0.25, 0.693205, 0.45, 0.55, 0.66369
0.25, 0.733109, 0.45, 0.55, 0.705085
0.25, 0.724641, 0.45, 0.55, 0.688825
0.25, 0.700701, 0.45, 0.55, 0.671189
0.25, 0.688395, 0.45, 0.55, 0.668929
0.25, 0.706807, 0.45, 0.55, 0.685947
0.25, 0.7054, 0.45, 0.55, 0.687997
0.25, 0.715259, 0.45, 0.55, 0.691828
0.25, 0.721291, 0.45, 0.55, 0.691652
0.25, 0.675507, 0.45, 0.55, 0.655365
0.25, 0.675526, 0.45, 0.55, 0.653729
0.25, 0.668434, 0.45, 0.55, 0.640748
0.25, 0.689915, 0.45, 0.55, 0.66552
0.25, 0.71722, 0.45, 0.55, 0.696994
0.25, 0.678242, 0.45, 0.55, 0.658191
0.25, 0.697309, 0.45, 0.55, 0.672219
0.25, 0.653145, 0.45, 0.55, 0.634679
0.25, 0.689091, 0.45, 0.55, 0.662566
0.25, 0.695921, 0.45, 0.55, 0.66816
0.25, 0.708224, 0.45, 0.55, 0.686789
0.25, 0.691797, 0.45, 0.55, 0.666273
0.25, 0.709026, 0.455, 0.545, 0.680873
0.25, 0.72392, 0.455, 0.545, 0.696084
0.25, 0.699146, 0.455, 0.545, 0.679867
0.25, 0.740235, 0.455, 0.545, 0.715334
0.25, 0.703999, 0.455, 0.545, 0.683657
0.25, 0.705818, 0.455, 0.545, 0.689069
0.25, 0.721793, 0.455, 0.545, 0.704935
0.25, 0.692048, 0.455, 0.545, 0.671717
0.25, 0.714683, 0.455, 0.545, 0.692875
0.25, 0.710213, 0.455, 0.545, 0.682357
0.25, 0.704675, 0.455, 0.545, 0.67923
0.25, 0.724424, 0.455, 0.545, 0.701121
0.25, 0.714581, 0.455, 0.545, 0.690976
0.25, 0.6939, 0.455, 0.545, 0.675732
0.25, 0.700323, 0.455, 0.545, 0.673622
0.25, 0.720545, 0.455, 0.545, 0.691759
0.25, 0.735851, 0.455, 0.545, 0.713692
0.25, 0.695277, 0.455, 0.545, 0.670952
0.25, 0.709813, 0.455, 0.545, 0.682929
0.25, 0.717189, 0.455, 0.545, 0.692781
0.25, 0.708807, 0.455, 0.545, 0.688659
0.25, 0.696497, 0.455, 0.545, 0.673935
0.25, 0.691668, 0.455, 0.545, 0.674696
0.25, 0.704481, 0.455, 0.545, 0.687818
0.25, 0.694625, 0.455, 0.545, 0.678392
0.25, 0.735037, 0.46, 0.54, 0.7194
0.25, 0.778675, 0.46, 0.54, 0.753706
0.25, 0.735163, 0.46, 0.54, 0.710065
0.25, 0.760524, 0.46, 0.54, 0.728858
0.25, 0.720397, 0.46, 0.54, 0.700999
0.25, 0.771824, 0.46, 0.54, 0.742152
0.25, 0.7462, 0.46, 0.54, 0.721359
0.25, 0.758439, 0.46, 0.54, 0.731066
0.25, 0.744045, 0.46, 0.54, 0.722653
0.25, 0.732583, 0.46, 0.54, 0.712745
0.25, 0.75498, 0.46, 0.54, 0.727151
0.25, 0.684906, 0.46, 0.54, 0.669234
0.25, 0.72674, 0.46, 0.54, 0.704942
0.25, 0.693702, 0.46, 0.54, 0.673724
0.25, 0.736416, 0.46, 0.54, 0.710341
0.25, 0.7416, 0.46, 0.54, 0.705743
0.25, 0.744919, 0.46, 0.54, 0.718664
0.25, 0.742252, 0.46, 0.54, 0.717249
0.25, 0.76204, 0.46, 0.54, 0.740306
0.25, 0.728255, 0.46, 0.54, 0.703399
0.25, 0.724137, 0.46, 0.54, 0.7003
0.25, 0.747892, 0.46, 0.54, 0.72118
0.25, 0.722031, 0.46, 0.54, 0.691372
0.25, 0.759328, 0.46, 0.54, 0.729619
0.25, 0.687949, 0.46, 0.54, 0.669057
0.25, 0.736411, 0.465, 0.535, 0.71875
0.25, 0.751942, 0.465, 0.535, 0.729705
0.25, 0.754082, 0.465, 0.535, 0.732464
0.25, 0.766064, 0.465, 0.535, 0.747815
0.25, 0.748264, 0.465, 0.535, 0.733157
0.25, 0.753592, 0.465, 0.535, 0.732156
0.25, 0.788672, 0.465, 0.535, 0.758416
0.25, 0.736757, 0.465, 0.535, 0.714343
0.25, 0.757297, 0.465, 0.535, 0.733344
0.25, 0.732391, 0.465, 0.535, 0.710462
0.25, 0.763028, 0.465, 0.535, 0.738421
0.25, 0.765583, 0.465, 0.535, 0.737709
0.25, 0.785903, 0.465, 0.535, 0.757515
0.25, 0.739523, 0.465, 0.535, 0.719841
0.25, 0.728653, 0.465, 0.535, 0.713267
0.25, 0.704637, 0.465, 0.535, 0.684462
0.25, 0.739902, 0.465, 0.535, 0.713539
0.25, 0.752571, 0.465, 0.535, 0.72465
0.25, 0.750354, 0.465, 0.535, 0.722327
0.25, 0.742024, 0.465, 0.535, 0.718747
0.25, 0.754756, 0.465, 0.535, 0.733268
0.25, 0.764609, 0.465, 0.535, 0.740253
0.25, 0.794985, 0.465, 0.535, 0.768771
0.25, 0.754657, 0.465, 0.535, 0.729949
0.25, 0.758667, 0.465, 0.535, 0.728406
0.25, 0.759924, 0.47, 0.53, 0.73556
0.25, 0.76672, 0.47, 0.53, 0.743252
0.25, 0.771592, 0.47, 0.53, 0.749274
0.25, 0.838622, 0.47, 0.53, 0.80923
0.25, 0.72395, 0.47, 0.53, 0.706458
0.25, 0.81416, 0.47, 0.53, 0.787695
0.25, 0.769478, 0.47, 0.53, 0.744867
0.25, 0.795147, 0.47, 0.53, 0.767432
0.25, 0.785973, 0.47, 0.53, 0.756914
0.25, 0.779463, 0.47, 0.53, 0.751478
0.25, 0.795716, 0.47, 0.53, 0.769679
0.25, 0.799051, 0.47, 0.53, 0.780438
0.25, 0.76827, 0.47, 0.53, 0.742055
0.25, 0.767215, 0.47, 0.53, 0.745207
0.25, 0.774644, 0.47, 0.53, 0.74829
0.25, 0.780233, 0.47, 0.53, 0.749031
0.25, 0.776126, 0.47, 0.53, 0.75539
0.25, 0.743745, 0.47, 0.53, 0.718986
0.25, 0.811218, 0.47, 0.53, 0.782322
0.25, 0.817809, 0.47, 0.53, 0.793577
0.25, 0.789172, 0.47, 0.53, 0.756326
0.25, 0.783873, 0.47, 0.53, 0.760568
0.25, 0.777826, 0.47, 0.53, 0.756136
0.25, 0.786403, 0.47, 0.53, 0.759109
0.25, 0.756218, 0.47, 0.53, 0.737123
0.25, 0.834675, 0.475, 0.525, 0.810473
0.25, 0.807378, 0.475, 0.525, 0.78741
0.25, 0.799705, 0.475, 0.525, 0.777196
0.25, 0.816267, 0.475, 0.525, 0.794235
0.25, 0.83041, 0.475, 0.525, 0.809013
0.25, 0.835054, 0.475, 0.525, 0.809434
0.25, 0.805013, 0.475, 0.525, 0.777425
0.25, 0.816882, 0.475, 0.525, 0.791741
0.25, 0.803129, 0.475, 0.525, 0.780357
0.25, 0.823582, 0.475, 0.525, 0.802127
0.25, 0.838855, 0.475, 0.525, 0.812506
0.25, 0.81373, 0.475, 0.525, 0.790502
0.25, 0.839425, 0.475, 0.525, 0.816442
0.25, 0.79889, 0.475, 0.525, 0.771742
0.25, 0.793351, 0.475, 0.525, 0.773681
0.25, 0.828018, 0.475, 0.525, 0.803516
0.25, 0.815868, 0.475, 0.525, 0.792251
0.25, 0.803605, 0.475, 0.525, 0.777872
0.25, 0.823042, 0.475, 0.525, 0.796659
0.25, 0.769766, 0.475, 0.525, 0.749285
0.25, 0.817149, 0.475, 0.525, 0.795
0.25, 0.78258, 0.475, 0.525, 0.759805
0.25, 0.81968, 0.475, 0.525, 0.799547
0.25, 0.824775, 0.475, 0.525, 0.801611
0.25, 0.818627, 0.475, 0.525, 0.792469
0.25, 0.851703, 0.48, 0.52, 0.832624
0.25, 0.855475, 0.48, 0.52, 0.830669
0.25, 0.806798, 0.48, 0.52, 0.787282
0.25, 0.875878, 0.48, 0.52, 0.852221
0.25, 0.864635, 0.48, 0.52, 0.840842
0.25, 0.804818, 0.48, 0.52, 0.78937
0.25, 0.817847, 0.48, 0.52, 0.791642
0.25, 0.832684, 0.48, 0.52, 0.80761
0.25, 0.803701, 0.48, 0.52, 0.779801
0.25, 0.849397, 0.48, 0.52, 0.829052
0.25, 0.872887, 0.48, 0.52, 0.85435
0.25, 0.813145, 0.48, 0.52, 0.788022
0.25, 0.900262, 0.48, 0.52, 0.87282
0.25, 0.849697, 0.48, 0.52, 0.825789
0.25, 0.80547, 0.48, 0.52, 0.781905
0.25, 0.827798, 0.48, 0.52, 0.803968
0.25, 0.821491, 0.48, 0.52, 0.799287
0.25, 0.827838, 0.48, 0.52, 0.804449
0.25, 0.830546, 0.48, 0.52, 0.812011
0.25, 0.851629, 0.48, 0.52, 0.826102
0.25, 0.852802, 0.48, 0.52, 0.831308
0.25, 0.887597, 0.48, 0.52, 0.867846
0.25, 0.822639, 0.48, 0.52, 0.79745
0.25, 0.802618, 0.48, 0.52, 0.778986
0.25, 0.880519, 0.48, 0.52, 0.856989
0.25, 0.830917, 0.485, 0.515, 0.811807
0.25, 0.890733, 0.485, 0.515, 0.872607
0.25, 0.874736, 0.485, 0.515, 0.858828
0.25, 0.878136, 0.485, 0.515, 0.854623
0.25, 0.837575, 0.485, 0.515, 0.815648
0.25, 0.859684, 0.485, 0.515, 0.835333
0.25, 0.846976, 0.485, 0.515, 0.82277
0.25, 0.883673, 0.485, 0.515, 0.862584
0.25, 0.88369, 0.485, 0.515, 0.866174
0.25, 0.905611, 0.485, 0.515, 0.886283
0.25, 0.89831, 0.485, 0.515, 0.880338
0.25, 0.83584, 0.485, 0.515, 0.816165
0.25, 0.900165, 0.485, 0.515, 0.874907
0.25, 0.84563, 0.485, 0.515, 0.826277
0.25, 0.882493, 0.485, 0.515, 0.861219
0.25, 0.862476, 0.485, 0.515, 0.833005
0.25, 0.868764, 0.485, 0.515, 0.844494
0.25, 0.877652, 0.485, 0.515, 0.857117
0.25, 0.842429, 0.485, 0.515, 0.822638
0.25, 0.858193, 0.485, 0.515, 0.835346
0.25, 0.87726, 0.485, 0.515, 0.856473
0.25, 0.885484, 0.485, 0.515, 0.86466
0.25, 0.872475, 0.485, 0.515, 0.852237
0.25, 0.869562, 0.485, 0.515, 0.850916
0.25, 0.858672, 0.485, 0.515, 0.838908
0.25, 0.876621, 0.49, 0.51, 0.853526
0.25, 0.925601, 0.49, 0.51, 0.908011
0.25, 0.942521, 0.49, 0.51, 0.926021
0.25, 0.899913, 0.49, 0.51, 0.886549
0.25, 0.944114, 0.49, 0.51, 0.932638
0.25, 0.899124, 0.49, 0.51, 0.88508
0.25, 0.892985, 0.49, 0.51, 0.874494
0.25, 0.92066, 0.49, 0.51, 0.902991
0.25, 0.913371, 0.49, 0.51, 0.89457
0.25, 0.880049, 0.49, 0.51, 0.864649
0.25, 0.94336, 0.49, 0.51, 0.927976
0.25, 0.925698, 0.49, 0.51, 0.910845
0.25, 0.857871, 0.49, 0.51, 0.836346
0.25, 0.918573, 0.49, 0.51, 0.905168
0.25, 0.960419, 0.49, 0.51, 0.95041
0.25, 0.893076, 0.49, 0.51, 0.872471
0.25, 0.95257, 0.49, 0.51, 0.938865
0.25, 0.931063, 0.49, 0.51, 0.919832
0.25, 0.858854, 0.49, 0.51, 0.83676
0.25, 0.914019, 0.49, 0.51, 0.89626
0.25, 0.92706, 0.49, 0.51, 0.915193
0.25, 0.929052, 0.49, 0.51, 0.914821
0.25, 0.911785, 0.49, 0.51, 0.896928
0.25, 0.864247, 0.49, 0.51, 0.839279
0.25, 0.895792, 0.49, 0.51, 0.872747
0.25, 0.940133, 0.495, 0.505, 0.926418
0.25, 0.918267, 0.495, 0.505, 0.903821
0.25, 0.930737, 0.495, 0.505, 0.916037
0.25, 0.967235, 0.495, 0.505, 0.961682
0.25, 0.942102, 0.495, 0.505, 0.932418
0.25, 0.946447, 0.495, 0.505, 0.934968
0.25, 0.941891, 0.495, 0.505, 0.929544
0.25, 0.922065, 0.495, 0.505, 0.911175
0.25, 0.945746, 0.495, 0.505, 0.933327
0.25, 0.954439, 0.495, 0.505, 0.941428
0.25, 0.942716, 0.495, 0.505, 0.931311
0.25, 0.938819, 0.495, 0.505, 0.925164
0.25, 0.951894, 0.495, 0.505, 0.942111
0.25, 0.89697, 0.495, 0.505, 0.878569
0.25, 0.955434, 0.495, 0.505, 0.945357
0.25, 0.903888, 0.495, 0.505, 0.886673
0.25, 0.929302, 0.495, 0.505, 0.915738
0.25, 0.954324, 0.495, 0.505, 0.941204
0.25, 0.928597, 0.495, 0.505, 0.911442
0.25, 0.997559, 0.495, 0.505, 0.996658
0.25, 0.962582, 0.495, 0.505, 0.95293
0.25, 0.937914, 0.495, 0.505, 0.923826
0.25, 0.968519, 0.495, 0.505, 0.961583
0.25, 0.915526, 0.495, 0.505, 0.895093
0.25, 0.9852, 0.495, 0.505, 0.980807
0.25, 0.977301, 0.5, 0.5, 0.969992
0.25, 0.988817, 0.5, 0.5, 0.986271
0.25, 0.972763, 0.5, 0.5, 0.965986
0.25, 0.996596, 0.5, 0.5, 0.995909
0.25, 0.974102, 0.5, 0.5, 0.969538
0.25, 0.993049, 0.5, 0.5, 0.992775
0.25, 0.971772, 0.5, 0.5, 0.969108
0.25, 0.958182, 0.5, 0.5, 0.947424
0.25, 0.982399, 0.5, 0.5, 0.976499
0.25, 0.934597, 0.5, 0.5, 0.925718
0.25, 0.961302, 0.5, 0.5, 0.952467
0.25, 0.989742, 0.5, 0.5, 0.986768
0.25, 0.984877, 0.5, 0.5, 0.982214
0.25, 0.980996, 0.5, 0.5, 0.975222
0.25, 0.980118, 0.5, 0.5, 0.974929
0.25, 0.999894, 0.5, 0.5, 0.999599
0.25, 0.991671, 0.5, 0.5, 0.989199
0.25, 0.963326, 0.5, 0.5, 0.955716
0.25, 0.993468, 0.5, 0.5, 0.992353
0.25, 0.989029, 0.5, 0.5, 0.987013
0.25, 0.968538, 0.5, 0.5, 0.961273
0.25, 0.998759, 0.5, 0.5, 0.998398
0.25, 0.992913, 0.5, 0.5, 0.991891
0.25, 0.976055, 0.5, 0.5, 0.974369
0.25, 0.918142, 0.5, 0.5, 0.900205
0.25, 0.996525, 0.505, 0.495, 0.995463
0.25, 0.991603, 0.505, 0.495, 0.989956
0.25, 0.99848, 0.505, 0.495, 0.997818
0.25, 0.995453, 0.505, 0.495, 0.993753
0.25, 0.990148, 0.505, 0.495, 0.988745
0.25, 0.979478, 0.505, 0.495, 0.974212
0.25, 0.977478, 0.505, 0.495, 0.975137
0.25, 0.995892, 0.505, 0.495, 0.994455
0.25, 0.997688, 0.505, 0.495, 0.997272
0.25, 0.996343, 0.505, 0.495, 0.99529
0.25, 0.998861, 0.505, 0.495, 0.998449
0.25, 0.99658, 0.505, 0.495, 0.995121
0.25, 0.97342, 0.505, 0.495, 0.968238
0.25, 0.994462, 0.505, 0.495, 0.992643
0.25, 0.9965, 0.505, 0.495, 0.996032
0.25, 0.997448, 0.505, 0.495, 0.996759
0.25, 0.989557, 0.505, 0.495, 0.984501
0.25, 0.999171, 0.505, 0.495, 0.999129
0.25, 0.999637, 0.505, 0.495, 0.999299
0.25, 0.992254, 0.505, 0.495, 0.989465
0.25, 0.994277, 0.505, 0.495, 0.992965
0.25, 0.989449, 0.505, 0.495, 0.986707
0.25, 0.987079, 0.505, 0.495, 0.983077
0.25, 0.999913, 0.505, 0.495, 0.999702
0.25, 0.977688, 0.505, 0.495, 0.97182
0.5, 0.00208699, 0.005, 0.995, 0.00196365
0.5, 0.00235264, 0.005, 0.995, 0.00252461
0.5, 0.00276365, 0.005, 0.995, 0.00246889
0.5, 0.00208554, 0.005, 0.995, 0.00249938
0.5, 0.00388231, 0.005, 0.995, 0.00297769
0.5, 0.0030046, 0.005, 0.995, 0.00275994
0.5, 0.00241677, 0.005, 0.995, 0.00262666
0.5, 0.00340156, 0.005, 0.995, 0.00311526
0.5, 0.002085, 0.005, 0.995, 0.00229101
0.5, 0.00295463, 0.005, 0.995, 0.00272027
0.5, 0.00333585, 0.005, 0.995, 0.00255624
0.5, 0.00191606, 0.005, 0.995, 0.00230657
0.5, 0.00220496, 0.005, 0.995, 0.00248883
0.5, 0.00230125, 0.005, 0.995, 0.00226381
0.5, 0.00351829, 0.005, 0.995, 0.00359264
0.5, 0.0030952, 0.005, 0.995, 0.00235059
0.5, 0.00289489, 0.005, 0.995, 0.00294371
0.5, 0.00222184, 0.005, 0.995, 0.0022454
0.5, 0.00184728, 0.005, 0.995, 0.00254949
0.5, 0.00238051, 0.005, 0.995, 0.00229243
0.5, 0.00204304, 0.005, 0.995, 0.00229346
0.5, 0.00213125, 0.005, 0.995, 0.00215301
0.5, 0.00334832, 0.005, 0.995, 0.00311699
0.5, 0.00245901, 0.005, 0.995, 0.00260586
0.5, 0.00187516, 0.005, 0.995, 0.00202609
0.5, 0.00716478, 0.01, 0.99, 0.00601618
0.5, 0.00491146, 0.01, 0.99, 0.00517954
0.5, 0.00681929, 0.01, 0.99, 0.0057704
0.5, 0.00614446, 0.01, 0.99, 0.00560996
0.5, 0.00558658, 0.01, 0.99, 0.00557802
0.5, 0.00549771, 0.01, 0.99, 0.0060494
0.5, 0.00418824, 0.01, 0.99, 0.00432878
0.5, 0.00586121, 0.01, 0.99, 0.0054097
0.5, 0.00463211, 0.01, 0.99, 0.00503432
0.5, 0.00567107, 0.01, 0.99, 0.00597892
0.5, 0.00489213, 0.01, 0.99, 0.0050355
0.5, 0.00522765, 0.01, 0.99, 0.00553918
0.5, 0.00468319, 0.01, 0.99, 0.00509124
0.5, 0.00502462, 0.01, 0.99, 0.00513562
0.5, 0.00460553, 0.01, 0.99, 0.00477195
0.5, 0.0047096, 0.01, 0.99, 0.00485214
0.5, 0.00556191, 0.01, 0.99, 0.00631536
0.5, 0.00524771, 0.01, 0.99, 0.00555471
0.5, 0.00433767, 0.01, 0.99, 0.00467149
0.5, 0.00540027, 0.01, 0.99, 0.00571371
0.5, 0.00435752, 0.01, 0.99, 0.00528408
0.5, 0.00634672, 0.01, 0.99, 0.00568439
0.5, 0.00445102, 0.01, 0.99, 0.00493689
0.5, 0.00541471, 0.01, 0.99, 0.00533172
0.5, 0.00615063, 0.01, 0.99, 0.00575151
0.5, 0.0106163, 0.015, 0.985, 0.010414
0.5, 0.00809018, 0.015, 0.985, 0.00920959
0.5, 0.00942893, 0.015, 0.985, 0.00880855
0.5, 0.00716619, 0.015, 0.985, 0.00799717
0.5, 0.00834824, 0.015, 0.985, 0.00798625
0.5, 0.00877236, 0.015, 0.985, 0.0082538
0.5, 0.00822748, 0.015, 0.985, 0.00833376
0.5, 0.00739378, 0.015, 0.985, 0.00686604
0.5, 0.00779378, 0.015, 0.985, 0.0073188
0.5, 0.00832472, 0.015, 0.985, 0.00816927
0.5, 0.00870145, 0.015, 0.985, 0.00834058
0.5, 0.00842383, 0.015, 0.985, 0.00811165
0.5, 0.00947036, 0.015, 0.985, 0.00861065
0.5, 0.00796232, 0.015, 0.985, 0.00728745
0.5, 0.00779456, 0.015, 0.985, 0.00726198
0.5, 0.00793466, 0.015, 0.985, 0.00788202
0.5, 0.00731202, 0.015, 0.985, 0.00785594
0.5, 0.00959259, 0.015, 0.985, 0.00879988
0.5, 0.00823535, 0.015, 0.985, 0.00879454
0.5, 0.00733219, 0.015, 0.985, 0.00790594
0.5, 0.0073032, 0.015, 0.985, 0.00747815
0.5, 0.00739251, 0.015, 0.985, 0.00759071
0.5, 0.00901117, 0.015, 0.985, 0.00901631
0.5, 0.00939149, 0.015, 0.985, 0.00796424
0.5, 0.00864369, 0.015, 0.985, 0.00827285
0.5, 0.0103697, 0.02, 0.98, 0.0103488
0.5, 0.0121904, 0.02, 0.98, 0.0123576
0.5, 0.0104768, 0.02, 0.98, 0.0114619
0.5, 0.0115734, 0.02, 0.98, 0.0104071
0.5, 0.00946492, 0.02, 0.98, 0.00946579
0.5, 0.0102729, 0.02, 0.98, 0.0107001
0.5, 0.0106369, 0.02, 0.98, 0.0103493
0.5, 0.00964892, 0.02, 0.98, 0.0101546
0.5, 0.00985629, 0.02, 0.98, 0.0103812
0.5, 0.010792, 0.02, 0.98, 0.0104992
0.5, 0.0110724, 0.02, 0.98, 0.011134
0.5, 0.00983165, 0.02, 0.98, 0.0113298
0.5, 0.0103085, 0.02, 0.98, 0.0104199
0.5, 0.0114469, 0.02, 0.98, 0.0110182
0.5, 0.0120613, 0.02, 0.98, 0.0115186
0.5, 0.0098225, 0.02, 0.98, 0.0106201
0.5, 0.011873, 0.02, 0.98, 0.011373
0.5, 0.0112342, 0.02, 0.98, 0.0105226
0.5, 0.0107603, 0.02, 0.98, 0.0104828
0.5, 0.0118423, 0.02, 0.98, 0.0107097
0.5, 0.00992567, 0.02, 0.98, 0.0100434
0.5, 0.00945137, 0.02, 0.98, 0.0100683
0.5, 0.010742, 0.02, 0.98, 0.0106569
0.5, 0.0103693, 0.02, 0.98, 0.0104396
0.5, 0.009797, 0.02, 0.98, 0.0100299
0.5, 0.0129089, 0.025, 0.975, 0.0128447
0.5, 0.0141481, 0.025, 0.975, 0.0133518
0.5, 0.0164446, 0.025, 0.975, 0.0154987
0.5, 0.0154748, 0.025, 0.975, 0.0156953
0.5, 0.0120326, 0.025, 0.975, 0.0125155
0.5, 0.0133581, 0.025, 0.975, 0.012893
0.5, 0.0137129, 0.025, 0.975, 0.0132145
0.5, 0.0139811, 0.025, 0.975, 0.0134197
0.5, 0.0137692, 0.025, 0.975, 0.0129108
0.5, 0.015302, 0.025, 0.975, 0.0156887
0.5, 0.0138907, 0.025, 0.975, 0.0136577
0.5, 0.0157598, 0.025, 0.975, 0.0135881
0.5, 0.0153888, 0.025, 0.975, 0.0141793
0.5, 0.0137972, 0.025, 0.975, 0.0129032
0.5, 0.0161071, 0.025, 0.975, 0.0140187
0.5, 0.0152901, 0.025, 0.975, 0.0138669
0.5, 0.0154194, 0.025, 0.975, 0.0142469
0.5, 0.0142708, 0.025, 0.975, 0.0134577
0.5, 0.0135903, 0.025, 0.975, 0.0133462
0.5, 0.0140606, 0.025, 0.975, 0.0131449
0.5, 0.0136537, 0.025, 0.975, 0.013924
0.5, 0.013999, 0.025, 0.975, 0.0136447
0.5, 0.0130741, 0.025, 0.975, 0.0138087
0.5, 0.0151814, 0.025, 0.975, 0.0141894
0.5, 0.0157636, 0.025, 0.975, 0.0140612
0.5, 0.0178095, 0.03, 0.97, 0.0172833
0.5, 0.0177174, 0.03, 0.97, 0.0174225
0.5, 0.0188737, 0.03, 0.97, 0.0177105
0.5, 0.0153535, 0.03, 0.97, 0.0170678
0.5, 0.014317, 0.03, 0.97, 0.0161791
0.5, 0.0185003, 0.03, 0.97, 0.0166438
0.5, 0.0166849, 0.03, 0.97, 0.0169196
0.5, 0.0186567, 0.03, 0.97, 0.0174524
0.5, 0.0195409, 0.03, 0.97, 0.0173237
0.5, 0.0163863, 0.03, 0.97, 0.0169509
0.5, 0.0166842, 0.03, 0.97, 0.0171776
0.5, 0.0147567, 0.03, 0.97, 0.0151726
0.5, 0.018795, 0.03, 0.97, 0.018219
0.5, 0.0188116, 0.03, 0.97, 0.0165096
0.5, 0.0182829, 0.03, 0.97, 0.0173824
0.5, 0.015675, 0.03, 0.97, 0.0153948
0.5, 0.0166234, 0.03, 0.97, 0.0159473
0.5, 0.0169588, 0.03, 0.97, 0.0167609
0.5, 0.01557, 0.03, 0.97, 0.015214
0.5, 0.0169166, 0.03, 0.97, 0.0163533
0.5, 0.0180441, 0.03, 0.97, 0.0175074
0.5, 0.0178292, 0.03, 0.97, 0.0169914
0.5, 0.0163208, 0.03, 0.97, 0.0162948
0.5, 0.015739, 0.03, 0.97, 0.0157472
0.5, 0.0167426, 0.03, 0.97, 0.0172661
0.5, 0.0183284, 0.035, 0.965, 0.0199519
0.5, 0.0207314, 0.035, 0.965, 0.0190182
0.5, 0.0210516, 0.035, 0.965, 0.0201615
0.5, 0.0205042, 0.035, 0.965, 0.0206164
0.5, 0.019796, 0.035, 0.965, 0.0204518
0.5, 0.0196962, 0.035, 0.965, 0.0192059
0.5, 0.0215493, 0.035, 0.965, 0.0189184
0.5, 0.0227018, 0.035, 0.965, 0.0216516
0.5, 0.0222547, 0.035, 0.965, 0.0213956
0.5, 0.0190431, 0.035, 0.965, 0.0175312
0.5, 0.0224821, 0.035, 0.965, 0.0213096
0.5, 0.0189272, 0.035, 0.965, 0.0183795
0.5, 0.0202081, 0.035, 0.965, 0.0205529
0.5, 0.0202748, 0.035, 0.965, 0.0201775
0.5, 0.0208584, 0.035, 0.965, 0.0209884
0.5, 0.022896, 0.035, 0.965, 0.021191
0.5, 0.01953, 0.035, 0.965, 0.0182212
0.5, 0.0210675, 0.035, 0.965, 0.0202724
0.5, 0.0228109, 0.035, 0.965, 0.0211704
0.5, 0.0214059, 0.035, 0.965, 0.0210256
0.5, 0.020409, 0.035, 0.965, 0.0194657
0.5, 0.0197694, 0.035, 0.965, 0.0199796
0.5, 0.0200168, 0.035, 0.965, 0.0197747
0.5, 0.0174173, 0.035, 0.965, 0.0186727
0.5, 0.0216519, 0.035, 0.965, 0.0200518
0.5, 0.0210957, 0.04, 0.96, 0.0224865
0.5, 0.0223918, 0.04, 0.96, 0.0234306
0.5, 0.0245572, 0.04, 0.96, 0.0248583
0.5, 0.0241284, 0.04, 0.96, 0.0245067
0.5, 0.0258531, 0.04, 0.96, 0.0256384
0.5, 0.02508, 0.04, 0.96, 0.0241902
0.5, 0.0239169, 0.04, 0.96, 0.0232737
0.5, 0.0249873, 0.04, 0.96, 0.0251018
0.5, 0.0253792, 0.04, 0.96, 0.0251783
0.5, 0.0242798, 0.04, 0.96, 0.0262801
0.5, 0.0213429, 0.04, 0.96, 0.0218708
0.5, 0.0248013, 0.04, 0.96, 0.0240516
0.5, 0.0252807, 0.04, 0.96, 0.0249855
0.5, 0.0257823, 0.04, 0.96, 0.0242047
0.5, 0.0255925, 0.04, 0.96, 0.0252374
0.5, 0.0224851, 0.04, 0.96, 0.0239128
0.5, 0.0244283, 0.04, 0.96, 0.0241315
0.5, 0.0261099, 0.04, 0.96, 0.0233903
0.5, 0.0237766, 0.04, 0.96, 0.0234443
0.5, 0.0210286, 0.04, 0.96, 0.0229123
0.5, 0.0220336, 0.04, 0.96, 0.0227273
0.5, 0.0241507, 0.04, 0.96, 0.0221485
0.5, 0.0215141, 0.04, 0.96, 0.0235473
0.5, 0.0234369, 0.04, 0.96, 0.0234347
0.5, 0.0238267, 0.04, 0.96, 0.0241649
0.5, 0.0285229, 0.045, 0.955, 0.027027
0.5, 0.0232233, 0.045, 0.955, 0.0256759
0.5, 0.02706, 0.045, 0.955, 0.0279987
0.5, 0.0282502, 0.045, 0.955, 0.025987
0.5, 0.0289375, 0.045, 0.955, 0.0277398
0.5, 0.0267085, 0.045, 0.955, 0.0270143
0.5, 0.0243561, 0.045, 0.955, 0.0244682
0.5, 0.0259247, 0.045, 0.955, 0.025177
0.5, 0.0279131, 0.045, 0.955, 0.0270453
0.5, 0.0285418, 0.045, 0.955, 0.0277448
0.5, 0.02721, 0.045, 0.955, 0.0280967
0.5, 0.0281696, 0.045, 0.955, 0.0267486
0.5, 0.0268188, 0.045, 0.955, 0.025102
0.5, 0.0276136, 0.045, 0.955, 0.0279618
0.5, 0.0271254, 0.045, 0.955, 0.0274803
0.5, 0.0241882, 0.045, 0.955, 0.025058
0.5, 0.0285803, 0.045, 0.955, 0.0272657
0.5, 0.0289701, 0.045, 0.955, 0.0269107
0.5, 0.0296763, 0.045, 0.955, 0.0287759
0.5, 0.0295025, 0.045, 0.955, 0.0293054
0.5, 0.0278588, 0.045, 0.955, 0.0266349
0.5, 0.0308467, 0.045, 0.955, 0.029932
0.5, 0.0296896, 0.045, 0.955, 0.0280292
0.5, 0.028394, 0.045, 0.955, 0.0266245
0.5, 0.0256503, 0.045, 0.955, 0.0272836
0.5, 0.0293151, 0.05, 0.95, 0.0308583
0.5, 0.0321504, 0.05, 0.95, 0.0317535
0.5, 0.0311337, 0.05, 0.95, 0.0302254
0.5, 0.0284867, 0.05, 0.95, 0.0296581
0.5, 0.0334184, 0.05, 0.95, 0.0317318
0.5, 0.0356231, 0.05, 0.95, 0.0330686
0.5, 0.0316443, 0.05, 0.95, 0.0320782
0.5, 0.0307012, 0.05, 0.95, 0.0291898
0.5, 0.0322231, 0.05, 0.95, 0.0316466
0.5, 0.0350269, 0.05, 0.95, 0.0313491
0.5, 0.0317593, 0.05, 0.95, 0.0331105
0.5, 0.0285276, 0.05, 0.95, 0.029222
0.5, 0.031932, 0.05, 0.95, 0.0299577
0.5, 0.0288591, 0.05, 0.95, 0.0301111
0.5, 0.0319068, 0.05, 0.95, 0.0319743
0.5, 0.0324695, 0.05, 0.95, 0.0312825
0.5, 0.0337724, 0.05, 0.95, 0.0312714
0.5, 0.0299331, 0.05, 0.95, 0.0297243
0.5, 0.0306126, 0.05, 0.95, 0.0309624
0.5, 0.032099, 0.05, 0.95, 0.0299235
0.5, 0.0327149, 0.05, 0.95, 0.0320782
0.5, 0.0317504, 0.05, 0.95, 0.0315933
0.5, 0.0334603, 0.05, 0.95, 0.0323567
0.5, 0.0333952, 0.05, 0.95, 0.0333333
0.5, 0.0302236, 0.05, 0.95, 0.0288038
0.5, 0.0356404, 0.055, 0.945, 0.033575
0.5, 0.0346491, 0.055, 0.945, 0.0343458
0.5, 0.0339498, 0.055, 0.945, 0.0337137
0.5, 0.0311922, 0.055, 0.945, 0.0323596
0.5, 0.0374886, 0.055, 0.945, 0.0352035
0.5, 0.0375425, 0.055, 0.945, 0.0365087
0.5, 0.0360206, 0.055, 0.945, 0.0335602
0.5, 0.0332382, 0.055, 0.945, 0.033395
0.5, 0.0355813, 0.055, 0.945, 0.0343191
0.5, 0.0397977, 0.055, 0.945, 0.0378116
0.5, 0.0379162, 0.055, 0.945, 0.0345139
0.5, 0.036487, 0.055, 0.945, 0.0341486
0.5, 0.0360373, 0.055, 0.945, 0.0360768
0.5, 0.0344598, 0.055, 0.945, 0.0341885
0.5, 0.0382722, 0.055, 0.945, 0.0365667
0.5, 0.0353778, 0.055, 0.945, 0.0354452
0.5, 0.0383178, 0.055, 0.945, 0.0364115
0.5, 0.0338344, 0.055, 0.945, 0.0331495
0.5, 0.0344339, 0.055, 0.945, 0.0320196
0.5, 0.0395585, 0.055, 0.945, 0.0359559
0.5, 0.0346136, 0.055, 0.945, 0.0328944
0.5, 0.0354816, 0.055, 0.945, 0.0350979
0.5, 0.0354972, 0.055, 0.945, 0.0349406
0.5, 0.0361703, 0.055, 0.945, 0.0343664
0.5, 0.0365961, 0.055, 0.945, 0.0332138
0.5, 0.0428639, 0.06, 0.94, 0.0403698
0.5, 0.0385001, 0.06, 0.94, 0.0367442
0.5, 0.0416191, 0.06, 0.94, 0.0383563
0.5, 0.0365977, 0.06, 0.94, 0.037306
0.5, 0.0387697, 0.06, 0.94, 0.0376804
0.5, 0.0430401, 0.06, 0.94, 0.040388
0.5, 0.0357918, 0.06, 0.94, 0.0355161
0.5, 0.0366188, 0.06, 0.94, 0.0368574
0.5, 0.0388517, 0.06, 0.94, 0.0374153
0.5, 0.0428452, 0.06, 0.94, 0.0412965
0.5, 0.0397492, 0.06, 0.94, 0.0398225
0.5, 0.0392591, 0.06, 0.94, 0.0380767
0.5, 0.0353435, 0.06, 0.94, 0.0365951
0.5, 0.0409575, 0.06, 0.94, 0.0389228
0.5, 0.0463188, 0.06, 0.94, 0.0409012
0.5, 0.0381242, 0.06, 0.94, 0.0359432
0.5, 0.0406601, 0.06, 0.94, 0.0396113
0.5, 0.0431468, 0.06, 0.94, 0.0394543
0.5, 0.0401276, 0.06, 0.94, 0.0382866
0.5, 0.0436505, 0.06, 0.94, 0.0393939
0.5, 0.0388902, 0.06, 0.94, 0.0388171
0.5, 0.036352, 0.06, 0.94, 0.0372677
0.5, 0.0408046, 0.06, 0.94, 0.0399894
0.5, 0.0410705, 0.06, 0.94, 0.0385203
0.5, 0.0383076, 0.06, 0.94, 0.037801
0.5, 0.0417628, 0.065, 0.935, 0.0419695
0.5, 0.0450237, 0.065, 0.935, 0.04334
0.5, 0.0458198, 0.065, 0.935, 0.0423927
0.5, 0.045689, 0.065, 0.935, 0.0450013
0.5, 0.0429602, 0.065, 0.935, 0.0415568
0.5, 0.0425449, 0.065, 0.935, 0.0422468
0.5, 0.0416973, 0.065, 0.935, 0.0393609
0.5, 0.0403344, 0.065, 0.935, 0.0395855
0.5, 0.0419503, 0.065, 0.935, 0.0395186
0.5, 0.0465468, 0.065, 0.935, 0.0445608
0.5, 0.0457641, 0.065, 0.935, 0.0440056
0.5, 0.044278, 0.065, 0.935, 0.0429445
0.5, 0.0430348, 0.065, 0.935, 0.0411199
0.5, 0.0434203, 0.065, 0.935, 0.0427694
0.5, 0.046089, 0.065, 0.935, 0.0454618
0.5, 0.0407968, 0.065, 0.935, 0.0425599
0.5, 0.0434248, 0.065, 0.935, 0.0422987
0.5, 0.0406464, 0.065, 0.935, 0.0388518
0.5, 0.0421644, 0.065, 0.935, 0.042015
0.5, 0.047978, 0.065, 0.935, 0.0468517
0.5, 0.0469522, 0.065, 0.935, 0.0439171
0.5, 0.0398154, 0.065, 0.935, 0.0393829
0.5, 0.0429721, 0.065, 0.935, 0.0409646
0.5, 0.0450904, 0.065, 0.935, 0.0446367
0.5, 0.0434286, 0.065, 0.935, 0.0411771
0.5, 0.0476509, 0.07, 0.93, 0.0469745
0.5, 0.0503052, 0.07, 0.93, 0.047491
0.5, 0.0497384, 0.07, 0.93, 0.0465378
0.5, 0.0490999, 0.07, 0.93, 0.0457898
0.5, 0.0457917, 0.07, 0.93, 0.0450019
0.5, 0.0476112, 0.07, 0.93, 0.0474714
0.5, 0.0471124, 0.07, 0.93, 0.049219
0.5, 0.0477437, 0.07, 0.93, 0.0449797
0.5, 0.0451585, 0.07, 0.93, 0.0444068
0.5, 0.0466676, 0.07, 0.93, 0.0450393
0.5, 0.0443012, 0.07, 0.93, 0.0450907
0.5, 0.047858, 0.07, 0.93, 0.0441735
0.5, 0.0490704, 0.07, 0.93, 0.0477825
0.5, 0.0462179, 0.07, 0.93, 0.04469
0.5, 0.0473073, 0.07, 0.93, 0.0458765
0.5, 0.0486867, 0.07, 0.93, 0.045838
0.5, 0.0476082, 0.07, 0.93, 0.0468666
0.5, 0.0453051, 0.07, 0.93, 0.04595
0.5, 0.049984, 0.07, 0.93, 0.0485257
0.5, 0.0502191, 0.07, 0.93, 0.0471134
0.5, 0.0435091, 0.07, 0.93, 0.0447952
0.5, 0.0478906, 0.07, 0.93, 0.0458413
0.5, 0.0421358, 0.07, 0.93, 0.0431529
0.5, 0.0449741, 0.07, 0.93, 0.0451004
0.5, 0.0432713, 0.07, 0.93, 0.0441718
0.5, 0.0591159, 0.075, 0.925, 0.0545765
0.5, 0.0524512, 0.075, 0.925, 0.0513124
0.5, 0.050522, 0.075, 0.925, 0.050695
0.5, 0.0502863, 0.075, 0.925, 0.0495917
0.5, 0.0510975, 0.075, 0.925, 0.0491234
0.5, 0.0503371, 0.075, 0.925, 0.0486911
0.5, 0.0522359, 0.075, 0.925, 0.0507208
0.5, 0.0520616, 0.075, 0.925, 0.0501829
0.5, 0.0463556, 0.075, 0.925, 0.0494282
0.5, 0.0526437, 0.075, 0.925, 0.0520884
0.5, 0.0534028, 0.075, 0.925, 0.0522568
0.5, 0.0495853, 0.075, 0.925, 0.0480129
0.5, 0.0521839, 0.075, 0.925, 0.0503791
0.5, 0.0491129, 0.075, 0.925, 0.0469549
0.5, 0.0484814, 0.075, 0.925, 0.0478732
0.5, 0.0489324, 0.075, 0.925, 0.0474685
0.5, 0.0561485, 0.075, 0.925, 0.0515275
0.5, 0.0526926, 0.075, 0.925, 0.04996
0.5, 0.0489297, 0.075, 0.925, 0.0471028
0.5, 0.0539931, 0.075, 0.925, 0.052118
0.5, 0.0510146, 0.075, 0.925, 0.0490052
0.5, 0.0530508, 0.075, 0.925, 0.0505413
0.5, 0.0561318, 0.075, 0.925, 0.0514718
0.5, 0.0520774, 0.075, 0.925, 0.0501978
0.5, 0.0490554, 0.075, 0.925, 0.04849
0.5, 0.0568655, 0.08, 0.92, 0.0544586
0.5, 0.0496445, 0.08, 0.92, 0.0505083
0.5, 0.0543657, 0.08, 0.92, 0.0529284
0.5, 0.0568862, 0.08, 0.92, 0.0526174
0.5, 0.0492066, 0.08, 0.92, 0.050219
0.5, 0.0566263, 0.08, 0.92, 0.0532426
0.5, 0.0559724, 0.08, 0.92, 0.0564097
0.5, 0.0531451, 0.08, 0.92, 0.0531343
0.5, 0.0546049, 0.08, 0.92, 0.0532018
0.5, 0.0547054, 0.08, 0.92, 0.0534355
0.5, 0.0582479, 0.08, 0.92, 0.0550081
0.5, 0.0577071, 0.08, 0.92, 0.0545767
0.5, 0.0599519, 0.08, 0.92, 0.0550926
0.5, 0.054229, 0.08, 0.92, 0.0535113
0.5, 0.0571304, 0.08, 0.92, 0.0548175
0.5, 0.0538285, 0.08, 0.92, 0.0526849
0.5, 0.0546049, 0.08, 0.92, 0.0548665
0.5, 0.0559954, 0.08, 0.92, 0.0528107
0.5, 0.0572328, 0.08, 0.92, 0.0545705
0.5, 0.0534971, 0.08, 0.92, 0.0539194
0.5, 0.0540264, 0.08, 0.92, 0.0542686
0.5, 0.0547587, 0.08, 0.92, 0.0539152
0.5, 0.0517305, 0.08, 0.92, 0.050236
0.5, 0.0564133, 0.08, 0.92, 0.0568083
0.5, 0.0565446, 0.08, 0.92, 0.0553276
0.5, 0.0562949, 0.085, 0.915, 0.0580868
0.5, 0.0584295, 0.085, 0.915, 0.0580711
0.5, 0.0624104, 0.085, 0.915, 0.0598449
0.5, 0.0638221, 0.085, 0.915, 0.0604646
0.5, 0.0603427, 0.085, 0.915, 0.056975
0.5, 0.0630424, 0.085, 0.915, 0.0603226
0.5, 0.0618228, 0.085, 0.915, 0.0597055
0.5, 0.0577959, 0.085, 0.915, 0.0548405
0.5, 0.0623807, 0.085, 0.915, 0.0613935
0.5, 0.0623571, 0.085, 0.915, 0.0573566
0.5, 0.059769, 0.085, 0.915, 0.058159
0.5, 0.0598664, 0.085, 0.915, 0.0593782
0.5, 0.0607697, 0.085, 0.915, 0.0572981
0.5, 0.0608708, 0.085, 0.915, 0.0578081
0.5, 0.0625723, 0.085, 0.915, 0.0585069
0.5, 0.0544234, 0.085, 0.915, 0.0546816
0.5, 0.0574615, 0.085, 0.915, 0.0593851
0.5, 0.061035, 0.085, 0.915, 0.0571367
0.5, 0.063713, 0.085, 0.915, 0.0594234
0.5, 0.0599645, 0.085, 0.915, 0.059028
0.5, 0.0617517, 0.085, 0.915, 0.0607439
0.5, 0.0587403, 0.085, 0.915, 0.0575497
0.5, 0.0611173, 0.085, 0.915, 0.0597695
0.5, 0.0615036, 0.085, 0.915, 0.0585554
0.5, 0.0570827, 0.085, 0.915, 0.0555526
0.5, 0.0644441, 0.09, 0.91, 0.0635229
0.5, 0.0638984, 0.09, 0.91, 0.0611957
0.5, 0.0644788, 0.09, 0.91, 0.0609631
0.5, 0.0690854, 0.09, 0.91, 0.0642261
0.5, 0.0693995, 0.09, 0.91, 0.0661521
0.5, 0.0641282, 0.09, 0.91, 0.0636168
0.5, 0.0640476, 0.09, 0.91, 0.0617773
0.5, 0.0656532, 0.09, 0.91, 0.0633773
0.5, 0.0632242, 0.09, 0.91, 0.0620723
0.5, 0.0674753, 0.09, 0.91, 0.0642834
0.5, 0.0683649, 0.09, 0.91, 0.0652244
0.5, 0.064733, 0.09, 0.91, 0.0644547
0.5, 0.0664332, 0.09, 0.91, 0.0632611
0.5, 0.0633069, 0.09, 0.91, 0.0619436
0.5, 0.0683747, 0.09, 0.91, 0.0630962
0.5, 0.0663763, 0.09, 0.91, 0.0637175
0.5, 0.0637486, 0.09, 0.91, 0.0613713
0.5, 0.0640399, 0.09, 0.91, 0.0631092
0.5, 0.0586188, 0.09, 0.91, 0.0574353
0.5, 0.0663334, 0.09, 0.91, 0.0627545
0.5, 0.0592305, 0.09, 0.91, 0.0606949
0.5, 0.0611386, 0.09, 0.91, 0.0610301
0.5, 0.0644164, 0.09, 0.91, 0.0620723
0.5, 0.0651867, 0.09, 0.91, 0.0630393
0.5, 0.0664428, 0.09, 0.91, 0.0659556
0.5, 0.0689078, 0.095, 0.905, 0.0662338
0.5, 0.0734395, 0.095, 0.905, 0.0714593
0.5, 0.0728865, 0.095, 0.905, 0.0703677
0.5, 0.0716973, 0.095, 0.905, 0.0689204
0.5, 0.0684404, 0.095, 0.905, 0.0663912
0.5, 0.0676831, 0.095, 0.905, 0.0667172
0.5, 0.0686038, 0.095, 0.905, 0.064172
0.5, 0.0666102, 0.095, 0.905, 0.06625
0.5, 0.0724465, 0.095, 0.905, 0.0685901
0.5, 0.0690661, 0.095, 0.905, 0.066863
0.5, 0.0713305, 0.095, 0.905, 0.0668367
0.5, 0.0676265, 0.095, 0.905, 0.0666995
0.5, 0.0693031, 0.095, 0.905, 0.0684327
0.5, 0.0688442, 0.095, 0.905, 0.0670567
0.5, 0.069553, 0.095, 0.905, 0.0683459
0.5, 0.0676614, 0.095, 0.905, 0.0631876
0.5, 0.0759106, 0.095, 0.905, 0.0684516
0.5, 0.0657715, 0.095, 0.905, 0.0635116
0.5, 0.0672468, 0.095, 0.905, 0.0652186
0.5, 0.0677011, 0.095, 0.905, 0.0675661
0.5, 0.0714375, 0.095, 0.905, 0.0704776
0.5, 0.0686863, 0.095, 0.905, 0.0650086
0.5, 0.0734167, 0.095, 0.905, 0.0692565
0.5, 0.069244, 0.095, 0.905, 0.0642619
0.5, 0.0699748, 0.095, 0.905, 0.06786
0.5, 0.0739796, 0.1, 0.9, 0.0762864
0.5, 0.078916, 0.1, 0.9, 0.0752512
0.5, 0.0694781, 0.1, 0.9, 0.0689749
0.5, 0.0731037, 0.1, 0.9, 0.0733846
0.5, 0.0719419, 0.1, 0.9, 0.0718798
0.5, 0.074056, 0.1, 0.9, 0.0693705
0.5, 0.0759219, 0.1, 0.9, 0.0704472
0.5, 0.0728841, 0.1, 0.9, 0.0702574
0.5, 0.0758078, 0.1, 0.9, 0.0736107
0.5, 0.0694798, 0.1, 0.9, 0.068711
0.5, 0.074935, 0.1, 0.9, 0.0720721
0.5, 0.0727708, 0.1, 0.9, 0.0715768
0.5, 0.079065, 0.1, 0.9, 0.0754614
0.5, 0.0724726, 0.1, 0.9, 0.0705448
0.5, 0.0719657, 0.1, 0.9, 0.0706864
0.5, 0.0712087, 0.1, 0.9, 0.0720676
0.5, 0.0740102, 0.1, 0.9, 0.0740519
0.5, 0.0683541, 0.1, 0.9, 0.0659029
0.5, 0.070177, 0.1, 0.9, 0.0710613
0.5, 0.0744247, 0.1, 0.9, 0.07281
0.5, 0.0731066, 0.1, 0.9, 0.0710254
0.5, 0.075588, 0.1, 0.9, 0.073195
0.5, 0.0743187, 0.1, 0.9, 0.0718994
0.5, 0.0746727, 0.1, 0.9, 0.0702042
0.5, 0.0763739, 0.1, 0.9, 0.0709447
0.5, 0.0800808, 0.105, 0.895, 0.0777228
0.5, 0.0795714, 0.105, 0.895, 0.0784121
0.5, 0.0770949, 0.105, 0.895, 0.0765971
0.5, 0.0814676, 0.105, 0.895, 0.0767297
0.5, 0.0740137, 0.105, 0.895, 0.0733079
0.5, 0.0771271, 0.105, 0.895, 0.0746244
0.5, 0.0848177, 0.105, 0.895, 0.0796451
0.5, 0.0786482, 0.105, 0.895, 0.0753574
0.5, 0.0756415, 0.105, 0.895, 0.0751499
0.5, 0.0770914, 0.105, 0.895, 0.0784379
0.5, 0.0817069, 0.105, 0.895, 0.0776971
0.5, 0.0752748, 0.105, 0.895, 0.0754093
0.5, 0.0771092, 0.105, 0.895, 0.0776186
0.5, 0.0836267, 0.105, 0.895, 0.0775662
0.5, 0.0742264, 0.105, 0.895, 0.0707183
0.5, 0.0893211, 0.105, 0.895, 0.0821144
0.5, 0.0767915, 0.105, 0.895, 0.0751241
0.5, 0.0807747, 0.105, 0.895, 0.0785898
0.5, 0.0824176, 0.105, 0.895, 0.0793275
0.5, 0.0809784, 0.105, 0.895, 0.0762202
0.5, 0.0816179, 0.105, 0.895, 0.081449
0.5, 0.0804338, 0.105, 0.895, 0.0782704
0.5, 0.0765405, 0.105, 0.895, 0.077125
0.5, 0.0788954, 0.105, 0.895, 0.0752937
0.5, 0.0745237, 0.105, 0.895, 0.0769779
0.5, 0.0869275, 0.11, 0.89, 0.0819049
0.5, 0.0842086, 0.11, 0.89, 0.0814075
0.5, 0.0870103, 0.11, 0.89, 0.0825728
0.5, 0.0821199, 0.11, 0.89, 0.0792139
0.5, 0.0825189, 0.11, 0.89, 0.0793418
0.5, 0.0857952, 0.11, 0.89, 0.0803532
0.5, 0.0797464, 0.11, 0.89, 0.080306
0.5, 0.0811561, 0.11, 0.89, 0.0820969
0.5, 0.0818218, 0.11, 0.89, 0.0804954
0.5, 0.0816466, 0.11, 0.89, 0.0805548
0.5, 0.0916882, 0.11, 0.89, 0.0863656
0.5, 0.0846781, 0.11, 0.89, 0.0834524
0.5, 0.0893471, 0.11, 0.89, 0.0852226
0.5, 0.083228, 0.11, 0.89, 0.0833606
0.5, 0.0813176, 0.11, 0.89, 0.0808559
0.5, 0.0855452, 0.11, 0.89, 0.0775499
0.5, 0.0869998, 0.11, 0.89, 0.0823303
0.5, 0.084624, 0.11, 0.89, 0.0816093
0.5, 0.0802319, 0.11, 0.89, 0.080084
0.5, 0.0802831, 0.11, 0.89, 0.0763405
0.5, 0.088321, 0.11, 0.89, 0.0843859
0.5, 0.0868793, 0.11, 0.89, 0.0811256
0.5, 0.0864188, 0.11, 0.89, 0.0830554
0.5, 0.0886634, 0.11, 0.89, 0.0871118
0.5, 0.0795184, 0.11, 0.89, 0.0782802
0.5, 0.0837837, 0.115, 0.885, 0.0823908
0.5, 0.0885437, 0.115, 0.885, 0.0860713
0.5, 0.0861472, 0.115, 0.885, 0.0837882
0.5, 0.0885072, 0.115, 0.885, 0.0855915
0.5, 0.0886707, 0.115, 0.885, 0.0872337
0.5, 0.0906651, 0.115, 0.885, 0.0903137
0.5, 0.0872511, 0.115, 0.885, 0.0843704
0.5, 0.0919895, 0.115, 0.885, 0.0877608
0.5, 0.0811189, 0.115, 0.885, 0.0828096
0.5, 0.0913237, 0.115, 0.885, 0.0874484
0.5, 0.0886147, 0.115, 0.885, 0.0895103
0.5, 0.0869502, 0.115, 0.885, 0.0855562
0.5, 0.0876471, 0.115, 0.885, 0.0852512
0.5, 0.089334, 0.115, 0.885, 0.0863034
0.5, 0.0891796, 0.115, 0.885, 0.0840508
0.5, 0.0894605, 0.115, 0.885, 0.0869349
0.5, 0.0869488, 0.115, 0.885, 0.0842663
0.5, 0.0910193, 0.115, 0.885, 0.0841379
0.5, 0.0845545, 0.115, 0.885, 0.080969
0.5, 0.084999, 0.115, 0.885, 0.0850053
0.5, 0.0895257, 0.115, 0.885, 0.0855633
0.5, 0.0875421, 0.115, 0.885, 0.0862834
0.5, 0.0949141, 0.115, 0.885, 0.0883349
0.5, 0.0902688, 0.115, 0.885, 0.0836708
0.5, 0.0869857, 0.115, 0.885, 0.0843552
0.5, 0.0903542, 0.12, 0.88, 0.0893944
0.5, 0.0908193, 0.12, 0.88, 0.0915946
0.5, 0.0984154, 0.12, 0.88, 0.0927789
0.5, 0.0971115, 0.12, 0.88, 0.0901612
0.5, 0.0903516, 0.12, 0.88, 0.0874854
0.5, 0.0940147, 0.12, 0.88, 0.0899799
0.5, 0.09294, 0.12, 0.88, 0.0903211
0.5, 0.0945787, 0.12, 0.88, 0.091839
0.5, 0.0944912, 0.12, 0.88, 0.0934433
0.5, 0.0904947, 0.12, 0.88, 0.0894637
0.5, 0.0967293, 0.12, 0.88, 0.0931481
0.5, 0.096463, 0.12, 0.88, 0.0924557
0.5, 0.101441, 0.12, 0.88, 0.0955919
0.5, 0.0959234, 0.12, 0.88, 0.0918958
0.5, 0.0934691, 0.12, 0.88, 0.0919296
0.5, 0.0942286, 0.12, 0.88, 0.0898669
0.5, 0.0907935, 0.12, 0.88, 0.0886653
0.5, 0.0963784, 0.12, 0.88, 0.0911713
0.5, 0.0942306, 0.12, 0.88, 0.0937054
0.5, 0.0935187, 0.12, 0.88, 0.0910894
0.5, 0.0976929, 0.12, 0.88, 0.0937274
0.5, 0.0929914, 0.12, 0.88, 0.0914167
0.5, 0.0931639, 0.12, 0.88, 0.0887926
0.5, 0.0879771, 0.12, 0.88, 0.0890241
0.5, 0.0986564, 0.12, 0.88, 0.0932067
0.5, 0.0991015, 0.125, 0.875, 0.0945795
0.5, 0.0968296, 0.125, 0.875, 0.0935584
0.5, 0.0963273, 0.125, 0.875, 0.0943858
0.5, 0.0962711, 0.125, 0.875, 0.095925
0.5, 0.0944755, 0.125, 0.875, 0.0923853
0.5, 0.0998034, 0.125, 0.875, 0.094815
0.5, 0.0938307, 0.125, 0.875, 0.0943052
0.5, 0.0985916, 0.125, 0.875, 0.0965989
0.5, 0.0974127, 0.125, 0.875, 0.0957488
0.5, 0.100971, 0.125, 0.875, 0.0998321
0.5, 0.100313, 0.125, 0.875, 0.0976328
0.5, 0.0990989, 0.125, 0.875, 0.0950324
0.5, 0.0941316, 0.125, 0.875, 0.0943554
0.5, 0.0962351, 0.125, 0.875, 0.0935392
0.5, 0.0995508, 0.125, 0.875, 0.097778
0.5, 0.0988567, 0.125, 0.875, 0.0953227
0.5, 0.0980635, 0.125, 0.875, 0.0954213
0.5, 0.0944711, 0.125, 0.875, 0.0939522
0.5, 0.094595, 0.125, 0.875, 0.0956006
0.5, 0.0994668, 0.125, 0.875, 0.0967922
0.5, 0.1076, 0.125, 0.875, 0.101454
0.5, 0.100929, 0.125, 0.875, 0.095641
0.5, 0.103875, 0.125, 0.875, 0.0983149
0.5, 0.0945607, 0.125, 0.875, 0.0913848
0.5, 0.0970333, 0.125, 0.875, 0.0924435
0.5, 0.104474, 0.13, 0.87, 0.103647
0.5, 0.104462, 0.13, 0.87, 0.10434
0.5, 0.101715, 0.13, 0.87, 0.100866
0.5, 0.104589, 0.13, 0.87, 0.101884
0.5, 0.0964607, 0.13, 0.87, 0.0962076
0.5, 0.105366, 0.13, 0.87, 0.102612
0.5, 0.10544, 0.13, 0.87, 0.101789
0.5, 0.104139, 0.13, 0.87, 0.0996517
0.5, 0.0940991, 0.13, 0.87, 0.0964146
0.5, 0.0992368, 0.13, 0.87, 0.0960373
0.5, 0.108498, 0.13, 0.87, 0.10519
0.5, 0.102093, 0.13, 0.87, 0.0991663
0.5, 0.106438, 0.13, 0.87, 0.103885
0.5, 0.104065, 0.13, 0.87, 0.0998938
0.5, 0.108458, 0.13, 0.87, 0.104548
0.5, 0.106418, 0.13, 0.87, 0.0999437
0.5, 0.107243, 0.13, 0.87, 0.104446
0.5, 0.105776, 0.13, 0.87, 0.101678
0.5, 0.11239, 0.13, 0.87, 0.106326
0.5, 0.108801, 0.13, 0.87, 0.105769
0.5, 0.106534, 0.13, 0.87, 0.101597
0.5, 0.111879, 0.13, 0.87, 0.106541
0.5, 0.0983917, 0.13, 0.87, 0.0960219
0.5, 0.097504, 0.13, 0.87, 0.0982669
0.5, 0.099608, 0.13, 0.87, 0.0971787
0.5, 0.105526, 0.135, 0.865, 0.104333
0.5, 0.105351, 0.135, 0.865, 0.100656
0.5, 0.107802, 0.135, 0.865, 0.11047
0.5, 0.107152, 0.135, 0.865, 0.106076
0.5, 0.109555, 0.135, 0.865, 0.10562
0.5, 0.104838, 0.135, 0.865, 0.102019
0.5, 0.104936, 0.135, 0.865, 0.102997
0.5, 0.106912, 0.135, 0.865, 0.104157
0.5, 0.106741, 0.135, 0.865, 0.103383
0.5, 0.109396, 0.135, 0.865, 0.105674
0.5, 0.107315, 0.135, 0.865, 0.102719
0.5, 0.10488, 0.135, 0.865, 0.102611
0.5, 0.108143, 0.135, 0.865, 0.109657
0.5, 0.114464, 0.135, 0.865, 0.112048
0.5, 0.106923, 0.135, 0.865, 0.105471
0.5, 0.112933, 0.135, 0.865, 0.110618
0.5, 0.11362, 0.135, 0.865, 0.108689
0.5, 0.112043, 0.135, 0.865, 0.110517
0.5, 0.110285, 0.135, 0.865, 0.107597
0.5, 0.113484, 0.135, 0.865, 0.109099
0.5, 0.10824, 0.135, 0.865, 0.105124
0.5, 0.110291, 0.135, 0.865, 0.10518
0.5, 0.104975, 0.135, 0.865, 0.101535
0.5, 0.111771, 0.135, 0.865, 0.108565
0.5, 0.104321, 0.135, 0.865, 0.103279
0.5, 0.108911, 0.14, 0.86, 0.110508
0.5, 0.110096, 0.14, 0.86, 0.110316
0.5, 0.105439, 0.14, 0.86, 0.105245
0.5, 0.117608, 0.14, 0.86, 0.114151
0.5, 0.115577, 0.14, 0.86, 0.11286
0.5, 0.108129, 0.14, 0.86, 0.108146
0.5, 0.103525, 0.14, 0.86, 0.105876
0.5, 0.108754, 0.14, 0.86, 0.109734
0.5, 0.117129, 0.14, 0.86, 0.111772
0.5, 0.112666, 0.14, 0.86, 0.110862
0.5, 0.113809, 0.14, 0.86, 0.110378
0.5, 0.120338, 0.14, 0.86, 0.114619
0.5, 0.111301, 0.14, 0.86, 0.111375
0.5, 0.110863, 0.14, 0.86, 0.103091
0.5, 0.107903, 0.14, 0.86, 0.10847
0.5, 0.118053, 0.14, 0.86, 0.111993
0.5, 0.122184, 0.14, 0.86, 0.115543
0.5, 0.112005, 0.14, 0.86, 0.108853
0.5, 0.117429, 0.14, 0.86, 0.112203
0.5, 0.115053, 0.14, 0.86, 0.109807
0.5, 0.114673, 0.14, 0.86, 0.111451
0.5, 0.119876, 0.14, 0.86, 0.114323
0.5, 0.108098, 0.14, 0.86, 0.110359
0.5, 0.104621, 0.14, 0.86, 0.102098
0.5, 0.109365, 0.14, 0.86, 0.110793
0.5, 0.116429, 0.145, 0.855, 0.113684
0.5, 0.115416, 0.145, 0.855, 0.11513
0.5, 0.121544, 0.145, 0.855, 0.117471
0.5, 0.119323, 0.145, 0.855, 0.117884
0.5, 0.121823, 0.145, 0.855, 0.115802
0.5, 0.12174, 0.145, 0.855, 0.117503
0.5, 0.118462, 0.145, 0.855, 0.114386
0.5, 0.11852, 0.145, 0.855, 0.113514
0.5, 0.118848, 0.145, 0.855, 0.116122
0.5, 0.115708, 0.145, 0.855, 0.114653
0.5, 0.113781, 0.145, 0.855, 0.116558
0.5, 0.118299, 0.145, 0.855, 0.117235
0.5, 0.120299, 0.145, 0.855, 0.117694
0.5, 0.122754, 0.145, 0.855, 0.117479
0.5, 0.123744, 0.145, 0.855, 0.120047
0.5, 0.121037, 0.145, 0.855, 0.116437
0.5, 0.125757, 0.145, 0.855, 0.118375
0.5, 0.114703, 0.145, 0.855, 0.112834
0.5, 0.116361, 0.145, 0.855, 0.114693
0.5, 0.117799, 0.145, 0.855, 0.114222
0.5, 0.117087, 0.145, 0.855, 0.115623
0.5, 0.123982, 0.145, 0.855, 0.121287
0.5, 0.117937, 0.145, 0.855, 0.115914
0.5, 0.124316, 0.145, 0.855, 0.117627
0.5, 0.11873, 0.145, 0.855, 0.114858
0.5, 0.121036, 0.15, 0.85, 0.120718
0.5, 0.126456, 0.15, 0.85, 0.123153
0.5, 0.123322, 0.15, 0.85, 0.121016
0.5, 0.129551, 0.15, 0.85, 0.124724
0.5, 0.124241, 0.15, 0.85, 0.121326
0.5, 0.130514, 0.15, 0.85, 0.124048
0.5, 0.122997, 0.15, 0.85, 0.11863
0.5, 0.126021, 0.15, 0.85, 0.120316
0.5, 0.130965, 0.15, 0.85, 0.124695
0.5, 0.129413, 0.15, 0.85, 0.123355
0.5, 0.125968, 0.15, 0.85, 0.124423
0.5, 0.128804, 0.15, 0.85, 0.125624
0.5, 0.123931, 0.15, 0.85, 0.123233
0.5, 0.121876, 0.15, 0.85, 0.119117
0.5, 0.130044, 0.15, 0.85, 0.125957
0.5, 0.116906, 0.15, 0.85, 0.116971
0.5, 0.121425, 0.15, 0.85, 0.118299
0.5, 0.130131, 0.15, 0.85, 0.120669
0.5, 0.133038, 0.15, 0.85, 0.127599
0.5, 0.122265, 0.15, 0.85, 0.121838
0.5, 0.129179, 0.15, 0.85, 0.124664
0.5, 0.127727, 0.15, 0.85, 0.12212
0.5, 0.13488, 0.15, 0.85, 0.127985
0.5, 0.128241, 0.15, 0.85, 0.119379
0.5, 0.127098, 0.15, 0.85, 0.121411
0.5, 0.128963, 0.155, 0.845, 0.127393
0.5, 0.132691, 0.155, 0.845, 0.131211
0.5, 0.127454, 0.155, 0.845, 0.123294
0.5, 0.133893, 0.155, 0.845, 0.127715
0.5, 0.133117, 0.155, 0.845, 0.130766
0.5, 0.131211, 0.155, 0.845, 0.129619
0.5, 0.135259, 0.155, 0.845, 0.131142
0.5, 0.134533, 0.155, 0.845, 0.130067
0.5, 0.126984, 0.155, 0.845, 0.123754
0.5, 0.128205, 0.155, 0.845, 0.124638
0.5, 0.127054, 0.155, 0.845, 0.126139
0.5, 0.127579, 0.155, 0.845, 0.126
0.5, 0.13014, 0.155, 0.845, 0.125028
0.5, 0.131971, 0.155, 0.845, 0.131924
0.5, 0.135321, 0.155, 0.845, 0.129363
0.5, 0.137368, 0.155, 0.845, 0.134095
0.5, 0.130864, 0.155, 0.845, 0.128535
0.5, 0.129203, 0.155, 0.845, 0.12725
0.5, 0.138155, 0.155, 0.845, 0.128948
0.5, 0.130426, 0.155, 0.845, 0.128412
0.5, 0.123672, 0.155, 0.845, 0.121605
0.5, 0.137804, 0.155, 0.845, 0.132048
0.5, 0.132199, 0.155, 0.845, 0.127885
0.5, 0.131855, 0.155, 0.845, 0.128692
0.5, 0.131586, 0.155, 0.845, 0.127806
0.5, 0.137918, 0.16, 0.84, 0.13041
0.5, 0.144896, 0.16, 0.84, 0.139165
0.5, 0.131582, 0.16, 0.84, 0.130543
0.5, 0.136057, 0.16, 0.84, 0.134686
0.5, 0.139285, 0.16, 0.84, 0.136699
0.5, 0.134617, 0.16, 0.84, 0.136625
0.5, 0.136254, 0.16, 0.84, 0.133592
0.5, 0.12839, 0.16, 0.84, 0.129329
0.5, 0.141301, 0.16, 0.84, 0.134594
0.5, 0.138348, 0.16, 0.84, 0.129186
0.5, 0.134244, 0.16, 0.84, 0.128362
0.5, 0.133523, 0.16, 0.84, 0.13114
0.5, 0.143218, 0.16, 0.84, 0.140171
0.5, 0.143434, 0.16, 0.84, 0.139168
0.5, 0.136673, 0.16, 0.84, 0.133134
0.5, 0.138735, 0.16, 0.84, 0.131024
0.5, 0.1314, 0.16, 0.84, 0.129311
0.5, 0.143566, 0.16, 0.84, 0.135915
0.5, 0.140108, 0.16, 0.84, 0.132936
0.5, 0.13864, 0.16, 0.84, 0.135917
0.5, 0.137527, 0.16, 0.84, 0.134199
0.5, 0.135555, 0.16, 0.84, 0.132434
0.5, 0.14129, 0.16, 0.84, 0.13328
0.5, 0.130469, 0.16, 0.84, 0.128344
0.5, 0.147506, 0.16, 0.84, 0.136099
0.5, 0.142081, 0.165, 0.835, 0.139153
0.5, 0.142389, 0.165, 0.835, 0.138137
0.5, 0.138092, 0.165, 0.835, 0.13564
0.5, 0.147285, 0.165, 0.835, 0.142571
0.5, 0.149967, 0.165, 0.835, 0.145593
0.5, 0.14698, 0.165, 0.835, 0.13958
0.5, 0.141997, 0.165, 0.835, 0.13902
0.5, 0.142257, 0.165, 0.835, 0.138825
0.5, 0.13773, 0.165, 0.835, 0.13787
0.5, 0.140443, 0.165, 0.835, 0.137608
0.5, 0.13952, 0.165, 0.835, 0.138528
0.5, 0.14227, 0.165, 0.835, 0.140697
0.5, 0.142025, 0.165, 0.835, 0.140303
0.5, 0.137868, 0.165, 0.835, 0.134735
0.5, 0.14389, 0.165, 0.835, 0.138184
0.5, 0.137189, 0.165, 0.835, 0.135178
0.5, 0.140509, 0.165, 0.835, 0.138902
0.5, 0.14474, 0.165, 0.835, 0.140035
0.5, 0.143655, 0.165, 0.835, 0.14091
0.5, 0.139807, 0.165, 0.835, 0.142752
0.5, 0.136094, 0.165, 0.835, 0.137652
0.5, 0.151493, 0.165, 0.835, 0.146633
0.5, 0.136349, 0.165, 0.835, 0.129854
0.5, 0.135824, 0.165, 0.835, 0.136405
0.5, 0.148601, 0.165, 0.835, 0.144945
0.5, 0.150821, 0.17, 0.83, 0.147878
0.5, 0.148971, 0.17, 0.83, 0.144734
0.5, 0.152761, 0.17, 0.83, 0.147813
0.5, 0.151497, 0.17, 0.83, 0.145905
0.5, 0.143267, 0.17, 0.83, 0.140346
0.5, 0.147485, 0.17, 0.83, 0.144891
0.5, 0.14347, 0.17, 0.83, 0.143703
0.5, 0.145088, 0.17, 0.83, 0.142694
0.5, 0.149246, 0.17, 0.83, 0.141877
0.5, 0.148568, 0.17, 0.83, 0.142946
0.5, 0.139607, 0.17, 0.83, 0.136048
0.5, 0.148699, 0.17, 0.83, 0.144773
0.5, 0.144234, 0.17, 0.83, 0.140201
0.5, 0.155308, 0.17, 0.83, 0.147909
0.5, 0.146705, 0.17, 0.83, 0.145107
0.5, 0.145563, 0.17, 0.83, 0.146226
0.5, 0.154073, 0.17, 0.83, 0.148273
0.5, 0.152308, 0.17, 0.83, 0.147989
0.5, 0.150902, 0.17, 0.83, 0.147191
0.5, 0.145021, 0.17, 0.83, 0.142384
0.5, 0.140554, 0.17, 0.83, 0.137258
0.5, 0.149643, 0.17, 0.83, 0.145441
0.5, 0.148507, 0.17, 0.83, 0.148913
0.5, 0.146907, 0.17, 0.83, 0.142981
0.5, 0.147918, 0.17, 0.83, 0.145536
0.5, 0.156235, 0.175, 0.825, 0.14955
0.5, 0.148115, 0.175, 0.825, 0.146083
0.5, 0.152682, 0.175, 0.825, 0.150726
0.5, 0.153132, 0.175, 0.825, 0.153467
0.5, 0.158667, 0.175, 0.825, 0.155568
0.5, 0.160587, 0.175, 0.825, 0.154377
0.5, 0.155169, 0.175, 0.825, 0.149284
0.5, 0.152408, 0.175, 0.825, 0.149326
0.5, 0.153078, 0.175, 0.825, 0.15107
0.5, 0.149181, 0.175, 0.825, 0.14761
0.5, 0.152486, 0.175, 0.825, 0.152037
0.5, 0.158088, 0.175, 0.825, 0.150992
0.5, 0.159986, 0.175, 0.825, 0.150971
0.5, 0.152566, 0.175, 0.825, 0.150831
0.5, 0.151216, 0.175, 0.825, 0.145896
0.5, 0.16479, 0.175, 0.825, 0.157454
0.5, 0.159929, 0.175, 0.825, 0.153161
0.5, 0.151009, 0.175, 0.825, 0.148745
0.5, 0.160998, 0.175, 0.825, 0.156076
0.5, 0.150663, 0.175, 0.825, 0.146739
0.5, 0.157033, 0.175, 0.825, 0.152615
0.5, 0.159609, 0.175, 0.825, 0.155524
0.5, 0.157593, 0.175, 0.825, 0.151964
0.5, 0.157572, 0.175, 0.825, 0.145613
0.5, 0.159545, 0.175, 0.825, 0.154319
0.5, 0.147393, 0.18, 0.82, 0.151982
0.5, 0.162454, 0.18, 0.82, 0.158653
0.5, 0.159562, 0.18, 0.82, 0.154325
0.5, 0.155081, 0.18, 0.82, 0.153052
0.5, 0.155354, 0.18, 0.82, 0.15362
0.5, 0.159855, 0.18, 0.82, 0.158345
0.5, 0.154073, 0.18, 0.82, 0.152216
0.5, 0.151455, 0.18, 0.82, 0.148448
0.5, 0.172169, 0.18, 0.82, 0.165326
0.5, 0.155629, 0.18, 0.82, 0.157307
0.5, 0.155359, 0.18, 0.82, 0.151634
0.5, 0.16508, 0.18, 0.82, 0.162018
0.5, 0.157988, 0.18, 0.82, 0.153137
0.5, 0.156428, 0.18, 0.82, 0.158728
0.5, 0.159982, 0.18, 0.82, 0.155733
0.5, 0.161697, 0.18, 0.82, 0.156387
0.5, 0.163829, 0.18, 0.82, 0.156661
0.5, 0.165118, 0.18, 0.82, 0.160757
0.5, 0.157739, 0.18, 0.82, 0.155075
0.5, 0.160103, 0.18, 0.82, 0.158009
0.5, 0.166238, 0.18, 0.82, 0.159248
0.5, 0.154784, 0.18, 0.82, 0.152606
0.5, 0.160579, 0.18, 0.82, 0.157461
0.5, 0.162859, 0.18, 0.82, 0.160135
0.5, 0.160393, 0.18, 0.82, 0.157765
0.5, 0.169683, 0.185, 0.815, 0.165803
0.5, 0.17055, 0.185, 0.815, 0.16192
0.5, 0.168379, 0.185, 0.815, 0.165432
0.5, 0.16552, 0.185, 0.815, 0.160944
0.5, 0.16778, 0.185, 0.815, 0.162085
0.5, 0.163236, 0.185, 0.815, 0.15959
0.5, 0.16542, 0.185, 0.815, 0.159573
0.5, 0.163986, 0.185, 0.815, 0.162247
0.5, 0.167056, 0.185, 0.815, 0.160056
0.5, 0.167521, 0.185, 0.815, 0.164689
0.5, 0.159414, 0.185, 0.815, 0.155552
0.5, 0.163751, 0.185, 0.815, 0.158743
0.5, 0.172053, 0.185, 0.815, 0.167195
0.5, 0.159819, 0.185, 0.815, 0.159784
0.5, 0.164157, 0.185, 0.815, 0.163747
0.5, 0.171028, 0.185, 0.815, 0.163079
0.5, 0.168041, 0.185, 0.815, 0.166705
0.5, 0.167097, 0.185, 0.815, 0.165764
0.5, 0.157749, 0.185, 0.815, 0.1593
0.5, 0.158124, 0.185, 0.815, 0.159864
0.5, 0.170864, 0.185, 0.815, 0.163714
0.5, 0.166222, 0.185, 0.815, 0.166305
0.5, 0.170889, 0.185, 0.815, 0.162955
0.5, 0.160348, 0.185, 0.815, 0.165364
0.5, 0.164583, 0.185, 0.815, 0.163258
0.5, 0.170761, 0.19, 0.81, 0.168968
0.5, 0.163646, 0.19, 0.81, 0.165085
0.5, 0.180061, 0.19, 0.81, 0.171637
0.5, 0.168345, 0.19, 0.81, 0.16951
0.5, 0.172742, 0.19, 0.81, 0.170012
0.5, 0.172177, 0.19, 0.81, 0.169355
0.5, 0.174089, 0.19, 0.81, 0.173132
0.5, 0.167346, 0.19, 0.81, 0.166472
0.5, 0.173736, 0.19, 0.81, 0.165106
0.5, 0.175842, 0.19, 0.81, 0.174038
0.5, 0.171957, 0.19, 0.81, 0.165554
0.5, 0.168144, 0.19, 0.81, 0.16407
0.5, 0.171701, 0.19, 0.81, 0.172101
0.5, 0.178963, 0.19, 0.81, 0.175403
0.5, 0.16716, 0.19, 0.81, 0.166078
0.5, 0.168679, 0.19, 0.81, 0.171167
0.5, 0.172676, 0.19, 0.81, 0.168025
0.5, 0.170394, 0.19, 0.81, 0.168803
0.5, 0.1781, 0.19, 0.81, 0.168383
0.5, 0.166821, 0.19, 0.81, 0.162309
0.5, 0.172763, 0.19, 0.81, 0.169688
0.5, 0.171176, 0.19, 0.81, 0.171349
0.5, 0.178029, 0.19, 0.81, 0.168903
0.5, 0.177693, 0.19, 0.81, 0.173025
0.5, 0.170248, 0.19, 0.81, 0.17019
0.5, 0.180928, 0.195, 0.805, 0.175783
0.5, 0.178412, 0.195, 0.805, 0.17835
0.5, 0.170805, 0.195, 0.805, 0.173766
0.5, 0.180816, 0.195, 0.805, 0.177909
0.5, 0.182083, 0.195, 0.805, 0.177206
0.5, 0.178185, 0.195, 0.805, 0.174254
0.5, 0.191134, 0.195, 0.805, 0.180503
0.5, 0.176904, 0.195, 0.805, 0.177622
0.5, 0.173156, 0.195, 0.805, 0.171853
0.5, 0.170402, 0.195, 0.805, 0.170763
0.5, 0.174664, 0.195, 0.805, 0.170373
0.5, 0.175571, 0.195, 0.805, 0.172659
0.5, 0.182375, 0.195, 0.805, 0.17725
0.5, 0.182942, 0.195, 0.805, 0.172305
0.5, 0.17757, 0.195, 0.805, 0.178588
0.5, 0.18411, 0.195, 0.805, 0.175798
0.5, 0.173861, 0.195, 0.805, 0.170928
0.5, 0.178095, 0.195, 0.805, 0.174851
0.5, 0.170862, 0.195, 0.805, 0.170479
0.5, 0.175485, 0.195, 0.805, 0.169305
0.5, 0.184353, 0.195, 0.805, 0.177673
0.5, 0.171699, 0.195, 0.805, 0.168908
0.5, 0.174569, 0.195, 0.805, 0.172011
0.5, 0.171637, 0.195, 0.805, 0.175615
0.5, 0.180723, 0.195, 0.805, 0.1733
0.5, 0.184696, 0.2, 0.8, 0.181958
0.5, 0.186315, 0.2, 0.8, 0.181642
0.5, 0.178503, 0.2, 0.8, 0.172526
0.5, 0.185592, 0.2, 0.8, 0.176087
0.5, 0.189879, 0.2, 0.8, 0.188977
0.5, 0.180781, 0.2, 0.8, 0.178136
0.5, 0.187621, 0.2, 0.8, 0.180164
0.5, 0.195807, 0.2, 0.8, 0.188337
0.5, 0.190058, 0.2, 0.8, 0.186256
0.5, 0.178545, 0.2, 0.8, 0.17573
0.5, 0.180371, 0.2, 0.8, 0.180362
0.5, 0.183073, 0.2, 0.8, 0.180339
0.5, 0.184986, 0.2, 0.8, 0.176688
0.5, 0.182256, 0.2, 0.8, 0.181255
0.5, 0.175421, 0.2, 0.8, 0.174459
0.5, 0.187818, 0.2, 0.8, 0.182388
0.5, 0.189141, 0.2, 0.8, 0.185575
0.5, 0.177374, 0.2, 0.8, 0.176766
0.5, 0.188339, 0.2, 0.8, 0.186785
0.5, 0.18596, 0.2, 0.8, 0.179589
0.5, 0.184861, 0.2, 0.8, 0.182043
0.5, 0.180291, 0.2, 0.8, 0.17636
0.5, 0.180949, 0.2, 0.8, 0.178174
0.5, 0.183818, 0.2, 0.8, 0.184967
0.5, 0.186488, 0.2, 0.8, 0.180527
0.5, 0.186234, 0.205, 0.795, 0.185853
0.5, 0.19449, 0.205, 0.795, 0.184922
0.5, 0.193076, 0.205, 0.795, 0.187871
0.5, 0.200018, 0.205, 0.795, 0.193722
0.5, 0.189465, 0.205, 0.795, 0.186265
0.5, 0.192268, 0.205, 0.795, 0.188344
0.5, 0.193595, 0.205, 0.795, 0.193442
0.5, 0.193411, 0.205, 0.795, 0.191706
0.5, 0.190391, 0.205, 0.795, 0.185991
0.5, 0.188476, 0.205, 0.795, 0.190419
0.5, 0.190707, 0.205, 0.795, 0.187251
0.5, 0.200496, 0.205, 0.795, 0.196543
0.5, 0.193197, 0.205, 0.795, 0.18856
0.5, 0.195411, 0.205, 0.795, 0.18806
0.5, 0.189071, 0.205, 0.795, 0.183378
0.5, 0.184902, 0.205, 0.795, 0.187464
0.5, 0.187229, 0.205, 0.795, 0.18784
0.5, 0.195385, 0.205, 0.795, 0.19361
0.5, 0.189956, 0.205, 0.795, 0.187663
0.5, 0.188806, 0.205, 0.795, 0.183648
0.5, 0.186542, 0.205, 0.795, 0.187613
0.5, 0.180491, 0.205, 0.795, 0.182072
0.5, 0.198235, 0.205, 0.795, 0.189819
0.5, 0.190179, 0.205, 0.795, 0.185847
0.5, 0.196898, 0.205, 0.795, 0.186213
0.5, 0.193594, 0.21, 0.79, 0.189184
0.5, 0.194925, 0.21, 0.79, 0.18913
0.5, 0.19485, 0.21, 0.79, 0.19019
0.5, 0.194932, 0.21, 0.79, 0.189382
0.5, 0.191248, 0.21, 0.79, 0.192704
0.5, 0.195341, 0.21, 0.79, 0.191337
0.5, 0.195104, 0.21, 0.79, 0.192819
0.5, 0.198138, 0.21, 0.79, 0.192506
0.5, 0.205269, 0.21, 0.79, 0.199016
0.5, 0.192781, 0.21, 0.79, 0.193908
0.5, 0.200567, 0.21, 0.79, 0.194322
0.5, 0.197758, 0.21, 0.79, 0.192225
0.5, 0.195814, 0.21, 0.79, 0.192265
0.5, 0.20338, 0.21, 0.79, 0.19692
0.5, 0.197367, 0.21, 0.79, 0.192432
0.5, 0.200891, 0.21, 0.79, 0.200393
0.5, 0.190389, 0.21, 0.79, 0.188644
0.5, 0.195716, 0.21, 0.79, 0.194773
0.5, 0.203887, 0.21, 0.79, 0.19496
0.5, 0.2022, 0.21, 0.79, 0.203594
0.5, 0.186988, 0.21, 0.79, 0.184464
0.5, 0.197673, 0.21, 0.79, 0.191844
0.5, 0.197202, 0.21, 0.79, 0.190375
0.5, 0.187173, 0.21, 0.79, 0.187153
0.5, 0.206409, 0.21, 0.79, 0.200236
0.5, 0.213409, 0.215, 0.785, 0.205926
0.5, 0.193889, 0.215, 0.785, 0.193678
0.5, 0.202473, 0.215, 0.785, 0.203173
0.5, 0.208131, 0.215, 0.785, 0.200682
0.5, 0.20691, 0.215, 0.785, 0.195446
0.5, 0.200664, 0.215, 0.785, 0.203722
0.5, 0.201345, 0.215, 0.785, 0.194517
0.5, 0.207531, 0.215, 0.785, 0.201054
0.5, 0.203264, 0.215, 0.785, 0.20374
0.5, 0.210385, 0.215, 0.785, 0.203378
0.5, 0.196747, 0.215, 0.785, 0.197226
0.5, 0.202104, 0.215, 0.785, 0.199105
0.5, 0.2034, 0.215, 0.785, 0.19924
0.5, 0.20888, 0.215, 0.785, 0.206966
0.5, 0.199868, 0.215, 0.785, 0.19982
0.5, 0.206995, 0.215, 0.785, 0.201237
0.5, 0.204887, 0.215, 0.785, 0.201793
0.5, 0.202805, 0.215, 0.785, 0.202168
0.5, 0.206426, 0.215, 0.785, 0.201771
0.5, 0.20609, 0.215, 0.785, 0.203067
0.5, 0.2021, 0.215, 0.785, 0.203963
0.5, 0.195756, 0.215, 0.785, 0.198732
0.5, 0.201678, 0.215, 0.785, 0.201054
0.5, 0.209981, 0.215, 0.785, 0.204145
0.5, 0.211679, 0.215, 0.785, 0.206835
0.5, 0.221451, 0.22, 0.78, 0.216866
0.5, 0.214925, 0.22, 0.78, 0.212339
0.5, 0.212626, 0.22, 0.78, 0.208217
0.5, 0.209778, 0.22, 0.78, 0.207613
0.5, 0.211426, 0.22, 0.78, 0.210526
0.5, 0.205846, 0.22, 0.78, 0.196342
0.5, 0.210078, 0.22, 0.78, 0.205475
0.5, 0.206973, 0.22, 0.78, 0.202926
0.5, 0.205909, 0.22, 0.78, 0.200285
0.5, 0.220017, 0.22, 0.78, 0.213887
0.5, 0.210287, 0.22, 0.78, 0.209377
0.5, 0.213184, 0.22, 0.78, 0.204141
0.5, 0.222081, 0.22, 0.78, 0.21812
0.5, 0.221425, 0.22, 0.78, 0.214075
0.5, 0.205718, 0.22, 0.78, 0.206693
0.5, 0.201958, 0.22, 0.78, 0.202855
0.5, 0.207899, 0.22, 0.78, 0.20393
0.5, 0.217099, 0.22, 0.78, 0.207502
0.5, 0.2024, 0.22, 0.78, 0.20084
0.5, 0.213786, 0.22, 0.78, 0.20475
0.5, 0.210159, 0.22, 0.78, 0.204194
0.5, 0.209332, 0.22, 0.78, 0.206146
0.5, 0.210362, 0.22, 0.78, 0.20609
0.5, 0.210888, 0.22, 0.78, 0.205929
0.5, 0.207182, 0.22, 0.78, 0.206872
0.5, 0.222855, 0.225, 0.775, 0.220723
0.5, 0.217967, 0.225, 0.775, 0.21342
0.5, 0.220725, 0.225, 0.775, 0.220841
0.5, 0.216395, 0.225, 0.775, 0.21624
0.5, 0.222536, 0.225, 0.775, 0.215362
0.5, 0.213796, 0.225, 0.775, 0.211205
0.5, 0.20415, 0.225, 0.775, 0.204391
0.5, 0.222237, 0.225, 0.775, 0.217061
0.5, 0.210782, 0.225, 0.775, 0.206927
0.5, 0.211127, 0.225, 0.775, 0.214635
0.5, 0.205893, 0.225, 0.775, 0.205008
0.5, 0.20939, 0.225, 0.775, 0.214512
0.5, 0.217799, 0.225, 0.775, 0.21357
0.5, 0.225906, 0.225, 0.775, 0.21714
0.5, 0.207556, 0.225, 0.775, 0.211832
0.5, 0.219329, 0.225, 0.775, 0.215112
0.5, 0.220605, 0.225, 0.775, 0.216974
0.5, 0.221046, 0.225, 0.775, 0.214668
0.5, 0.213155, 0.225, 0.775, 0.208433
0.5, 0.21429, 0.225, 0.775, 0.211775
0.5, 0.218767, 0.225, 0.775, 0.216007
0.5, 0.218329, 0.225, 0.775, 0.215264
0.5, 0.210124, 0.225, 0.775, 0.209998
0.5, 0.219073, 0.225, 0.775, 0.214234
0.5, 0.225302, 0.225, 0.775, 0.220626
0.5, 0.224314, 0.23, 0.77, 0.219626
0.5, 0.221086, 0.23, 0.77, 0.219561
0.5, 0.241798, 0.23, 0.77, 0.232445
0.5, 0.216436, 0.23, 0.77, 0.218248
0.5, 0.233583, 0.23, 0.77, 0.220335
0.5, 0.223376, 0.23, 0.77, 0.218037
0.5, 0.232506, 0.23, 0.77, 0.228571
0.5, 0.219481, 0.23, 0.77, 0.214086
0.5, 0.223759, 0.23, 0.77, 0.216817
0.5, 0.226018, 0.23, 0.77, 0.227363
0.5, 0.219175, 0.23, 0.77, 0.217876
0.5, 0.223612, 0.23, 0.77, 0.215832
0.5, 0.218468, 0.23, 0.77, 0.218521
0.5, 0.222499, 0.23, 0.77, 0.218539
0.5, 0.22305, 0.23, 0.77, 0.220501
0.5, 0.217635, 0.23, 0.77, 0.217051
0.5, 0.218385, 0.23, 0.77, 0.213443
0.5, 0.226462, 0.23, 0.77, 0.223374
0.5, 0.223267, 0.23, 0.77, 0.222195
0.5, 0.225147, 0.23, 0.77, 0.220727
0.5, 0.220491, 0.23, 0.77, 0.220362
0.5, 0.222272, 0.23, 0.77, 0.218349
0.5, 0.222406, 0.23, 0.77, 0.218215
0.5, 0.228822, 0.23, 0.77, 0.21928
0.5, 0.228656, 0.23, 0.77, 0.221198
0.5, 0.233194, 0.235, 0.765, 0.23373
0.5, 0.228228, 0.235, 0.765, 0.220304
0.5, 0.228725, 0.235, 0.765, 0.229805
0.5, 0.238096, 0.235, 0.765, 0.233511
0.5, 0.239947, 0.235, 0.765, 0.232241
0.5, 0.23385, 0.235, 0.765, 0.229966
0.5, 0.225565, 0.235, 0.765, 0.225649
0.5, 0.226474, 0.235, 0.765, 0.223577
0.5, 0.237851, 0.235, 0.765, 0.235876
0.5, 0.231939, 0.235, 0.765, 0.227476
0.5, 0.226469, 0.235, 0.765, 0.226055
0.5, 0.229985, 0.235, 0.765, 0.22704
0.5, 0.229781, 0.235, 0.765, 0.229559
0.5, 0.223961, 0.235, 0.765, 0.222401
0.5, 0.230384, 0.235, 0.765, 0.22746
0.5, 0.23443, 0.235, 0.765, 0.227119
0.5, 0.233106, 0.235, 0.765, 0.229887
0.5, 0.224162, 0.235, 0.765, 0.224402
0.5, 0.231842, 0.235, 0.765, 0.225443
0.5, 0.232905, 0.235, 0.765, 0.232792
0.5, 0.237608, 0.235, 0.765, 0.229125
0.5, 0.234093, 0.235, 0.765, 0.23008
0.5, 0.222162, 0.235, 0.765, 0.225401
0.5, 0.234683, 0.235, 0.765, 0.233464
0.5, 0.236227, 0.235, 0.765, 0.23128
0.5, 0.239015, 0.24, 0.76, 0.236768
0.5, 0.232841, 0.24, 0.76, 0.228808
0.5, 0.232019, 0.24, 0.76, 0.233032
0.5, 0.232321, 0.24, 0.76, 0.231979
0.5, 0.243614, 0.24, 0.76, 0.241567
0.5, 0.251597, 0.24, 0.76, 0.244823
0.5, 0.24039, 0.24, 0.76, 0.23102
0.5, 0.246546, 0.24, 0.76, 0.239113
0.5, 0.237881, 0.24, 0.76, 0.236413
0.5, 0.232565, 0.24, 0.76, 0.231871
0.5, 0.228814, 0.24, 0.76, 0.229502
0.5, 0.244563, 0.24, 0.76, 0.241809
0.5, 0.238299, 0.24, 0.76, 0.234132
0.5, 0.238538, 0.24, 0.76, 0.233103
0.5, 0.235545, 0.24, 0.76, 0.232111
0.5, 0.247887, 0.24, 0.76, 0.244016
0.5, 0.241871, 0.24, 0.76, 0.236442
0.5, 0.231603, 0.24, 0.76, 0.238262
0.5, 0.2392, 0.24, 0.76, 0.23676
0.5, 0.231124, 0.24, 0.76, 0.229369
0.5, 0.228889, 0.24, 0.76, 0.229189
0.5, 0.230627, 0.24, 0.76, 0.228125
0.5, 0.239765, 0.24, 0.76, 0.239097
0.5, 0.242406, 0.24, 0.76, 0.237388
0.5, 0.230597, 0.24, 0.76, 0.228389
0.5, 0.248603, 0.245, 0.755, 0.24576
0.5, 0.24678, 0.245, 0.755, 0.236427
0.5, 0.233611, 0.245, 0.755, 0.232588
0.5, 0.24502, 0.245, 0.755, 0.241322
0.5, 0.248993, 0.245, 0.755, 0.244612
0.5, 0.240646, 0.245, 0.755, 0.240376
0.5, 0.239748, 0.245, 0.755, 0.239335
0.5, 0.244519, 0.245, 0.755, 0.2452
0.5, 0.246383, 0.245, 0.755, 0.24401
0.5, 0.239968, 0.245, 0.755, 0.239317
0.5, 0.246803, 0.245, 0.755, 0.245352
0.5, 0.248878, 0.245, 0.755, 0.247816
0.5, 0.239709, 0.245, 0.755, 0.240461
0.5, 0.234793, 0.245, 0.755, 0.236208
0.5, 0.239399, 0.245, 0.755, 0.237041
0.5, 0.245115, 0.245, 0.755, 0.237007
0.5, 0.25472, 0.245, 0.755, 0.251218
0.5, 0.243108, 0.245, 0.755, 0.243608
0.5, 0.239332, 0.245, 0.755, 0.238116
0.5, 0.246389, 0.245, 0.755, 0.243214
0.5, 0.238933, 0.245, 0.755, 0.239331
0.5, 0.240698, 0.245, 0.755, 0.238162
0.5, 0.253079, 0.245, 0.755, 0.248638
0.5, 0.251563, 0.245, 0.755, 0.250308
0.5, 0.247236, 0.245, 0.755, 0.240776
0.5, 0.256148, 0.25, 0.75, 0.252005
0.5, 0.249299, 0.25, 0.75, 0.243738
0.5, 0.254389, 0.25, 0.75, 0.24928
0.5, 0.258141, 0.25, 0.75, 0.250644
0.5, 0.253162, 0.25, 0.75, 0.24965
0.5, 0.249192, 0.25, 0.75, 0.246124
0.5, 0.23822, 0.25, 0.75, 0.236982
0.5, 0.244275, 0.25, 0.75, 0.242827
0.5, 0.264489, 0.25, 0.75, 0.255047
0.5, 0.25293, 0.25, 0.75, 0.247399
0.5, 0.255572, 0.25, 0.75, 0.250804
0.5, 0.249938, 0.25, 0.75, 0.247392
0.5, 0.258932, 0.25, 0.75, 0.252923
0.5, 0.259105, 0.25, 0.75, 0.255022
0.5, 0.247566, 0.25, 0.75, 0.240555
0.5, 0.257258, 0.25, 0.75, 0.248767
0.5, 0.241546, 0.25, 0.75, 0.240063
0.5, 0.250071, 0.25, 0.75, 0.246953
0.5, 0.255679, 0.25, 0.75, 0.250657
0.5, 0.249055, 0.25, 0.75, 0.251897
0.5, 0.246079, 0.25, 0.75, 0.246883
0.5, 0.248395, 0.25, 0.75, 0.244024
0.5, 0.245506, 0.25, 0.75, 0.251909
0.5, 0.247004, 0.25, 0.75, 0.245154
0.5, 0.244768, 0.25, 0.75, 0.248619
0.5, 0.256517, 0.255, 0.745, 0.25702
0.5, 0.259169, 0.255, 0.745, 0.253724
0.5, 0.253434, 0.255, 0.745, 0.251748
0.5, 0.262273, 0.255, 0.745, 0.260516
0.5, 0.258183, 0.255, 0.745, 0.25788
0.5, 0.261223, 0.255, 0.745, 0.253957
0.5, 0.256688, 0.255, 0.745, 0.252376
0.5, 0.262504, 0.255, 0.745, 0.262991
0.5, 0.266387, 0.255, 0.745, 0.258562
0.5, 0.262993, 0.255, 0.745, 0.25808
0.5, 0.261317, 0.255, 0.745, 0.254551
0.5, 0.258506, 0.255, 0.745, 0.260776
0.5, 0.264531, 0.255, 0.745, 0.259088
0.5, 0.268881, 0.255, 0.745, 0.261349
0.5, 0.263871, 0.255, 0.745, 0.263109
0.5, 0.268091, 0.255, 0.745, 0.264805
0.5, 0.26679, 0.255, 0.745, 0.25915
0.5, 0.241252, 0.255, 0.745, 0.241049
0.5, 0.262181, 0.255, 0.745, 0.262251
0.5, 0.257039, 0.255, 0.745, 0.252056
0.5, 0.258762, 0.255, 0.745, 0.260274
0.5, 0.253876, 0.255, 0.745, 0.25128
0.5, 0.262722, 0.255, 0.745, 0.259473
0.5, 0.261966, 0.255, 0.745, 0.256813
0.5, 0.247653, 0.255, 0.745, 0.247702
0.5, 0.273671, 0.26, 0.74, 0.265609
0.5, 0.273104, 0.26, 0.74, 0.264123
0.5, 0.268767, 0.26, 0.74, 0.262479
0.5, 0.270127, 0.26, 0.74, 0.263994
0.5, 0.26428, 0.26, 0.74, 0.262004
0.5, 0.26657, 0.26, 0.74, 0.267938
0.5, 0.275248, 0.26, 0.74, 0.272472
0.5, 0.268894, 0.26, 0.74, 0.263496
0.5, 0.266837, 0.26, 0.74, 0.261626
0.5, 0.26353, 0.26, 0.74, 0.259908
0.5, 0.264917, 0.26, 0.74, 0.268028
0.5, 0.257574, 0.26, 0.74, 0.260006
0.5, 0.266878, 0.26, 0.74, 0.265838
0.5, 0.267862, 0.26, 0.74, 0.269363
0.5, 0.263185, 0.26, 0.74, 0.260245
0.5, 0.266939, 0.26, 0.74, 0.264336
0.5, 0.265565, 0.26, 0.74, 0.263553
0.5, 0.280633, 0.26, 0.74, 0.276407
0.5, 0.267595, 0.26, 0.74, 0.264374
0.5, 0.276078, 0.26, 0.74, 0.271587
0.5, 0.267996, 0.26, 0.74, 0.262183
0.5, 0.270426, 0.26, 0.74, 0.264715
0.5, 0.271648, 0.26, 0.74, 0.266716
0.5, 0.277551, 0.26, 0.74, 0.270241
0.5, 0.265921, 0.26, 0.74, 0.264545
0.5, 0.277803, 0.265, 0.735, 0.277093
0.5, 0.285651, 0.265, 0.735, 0.277428
0.5, 0.271965, 0.265, 0.735, 0.265997
0.5, 0.272661, 0.265, 0.735, 0.271629
0.5, 0.278474, 0.265, 0.735, 0.275902
0.5, 0.276387, 0.265, 0.735, 0.273444
0.5, 0.276303, 0.265, 0.735, 0.272926
0.5, 0.273317, 0.265, 0.735, 0.273126
0.5, 0.272046, 0.265, 0.735, 0.270719
0.5, 0.28162, 0.265, 0.735, 0.277301
0.5, 0.27696, 0.265, 0.735, 0.273587
0.5, 0.27012, 0.265, 0.735, 0.264085
0.5, 0.285098, 0.265, 0.735, 0.276707
0.5, 0.269797, 0.265, 0.735, 0.26636
0.5, 0.272326, 0.265, 0.735, 0.271602
0.5, 0.271132, 0.265, 0.735, 0.265455
0.5, 0.276141, 0.265, 0.735, 0.276597
0.5, 0.280431, 0.265, 0.735, 0.276398
0.5, 0.27915, 0.265, 0.735, 0.274532
0.5, 0.280654, 0.265, 0.735, 0.276928
0.5, 0.265113, 0.265, 0.735, 0.265809
0.5, 0.27747, 0.265, 0.735, 0.273497
0.5, 0.269983, 0.265, 0.735, 0.271283
0.5, 0.271452, 0.265, 0.735, 0.268595
0.5, 0.277268, 0.265, 0.735, 0.266064
0.5, 0.282448, 0.27, 0.73, 0.277105
0.5, 0.286846, 0.27, 0.73, 0.282966
0.5, 0.288197, 0.27, 0.73, 0.280613
0.5, 0.271104, 0.27, 0.73, 0.27382
0.5, 0.289429, 0.27, 0.73, 0.285732
0.5, 0.272088, 0.27, 0.73, 0.269564
0.5, 0.287542, 0.27, 0.73, 0.285633
0.5, 0.283541, 0.27, 0.73, 0.283403
0.5, 0.280133, 0.27, 0.73, 0.276189
0.5, 0.280219, 0.27, 0.73, 0.275119
0.5, 0.274817, 0.27, 0.73, 0.274809
0.5, 0.289865, 0.27, 0.73, 0.288453
0.5, 0.280314, 0.27, 0.73, 0.277559
0.5, 0.285103, 0.27, 0.73, 0.283497
0.5, 0.28584, 0.27, 0.73, 0.282346
0.5, 0.284133, 0.27, 0.73, 0.280704
0.5, 0.279362, 0.27, 0.73, 0.274578
0.5, 0.278621, 0.27, 0.73, 0.280283
0.5, 0.276282, 0.27, 0.73, 0.276524
0.5, 0.281898, 0.27, 0.73, 0.271539
0.5, 0.278107, 0.27, 0.73, 0.279581
0.5, 0.279371, 0.27, 0.73, 0.276021
0.5, 0.282397, 0.27, 0.73, 0.281917
0.5, 0.277546, 0.27, 0.73, 0.27396
0.5, 0.286733, 0.27, 0.73, 0.279787
0.5, 0.286167, 0.275, 0.725, 0.284075
0.5, 0.27979, 0.275, 0.725, 0.283027
0.5, 0.287351, 0.275, 0.725, 0.282654
0.5, 0.296705, 0.275, 0.725, 0.290226
0.5, 0.282193, 0.275, 0.725, 0.27774
0.5, 0.283365, 0.275, 0.725, 0.28434
0.5, 0.28066, 0.275, 0.725, 0.275679
0.5, 0.28272, 0.275, 0.725, 0.28529
0.5, 0.30033, 0.275, 0.725, 0.297983
0.5, 0.283512, 0.275, 0.725, 0.284142
0.5, 0.285733, 0.275, 0.725, 0.284606
0.5, 0.288649, 0.275, 0.725, 0.285679
0.5, 0.295103, 0.275, 0.725, 0.288428
0.5, 0.293182, 0.275, 0.725, 0.287964
0.5, 0.282722, 0.275, 0.725, 0.277774
0.5, 0.293121, 0.275, 0.725, 0.286929
0.5, 0.297929, 0.275, 0.725, 0.286099
0.5, 0.284779, 0.275, 0.725, 0.282781
0.5, 0.285588, 0.275, 0.725, 0.27976
0.5, 0.285253, 0.275, 0.725, 0.282354
0.5, 0.289227, 0.275, 0.725, 0.289375
0.5, 0.288205, 0.275, 0.725, 0.28175
0.5, 0.282137, 0.275, 0.725, 0.288928
0.5, 0.283124, 0.275, 0.725, 0.282357
0.5, 0.296962, 0.275, 0.725, 0.296331
0.5, 0.284354, 0.28, 0.72, 0.289539
0.5, 0.299153, 0.28, 0.72, 0.299919
0.5, 0.298157, 0.28, 0.72, 0.294165
0.5, 0.302015, 0.28, 0.72, 0.294099
0.5, 0.298989, 0.28, 0.72, 0.300704
0.5, 0.291095, 0.28, 0.72, 0.291233
0.5, 0.297678, 0.28, 0.72, 0.291541
0.5, 0.293142, 0.28, 0.72, 0.289863
0.5, 0.299058, 0.28, 0.72, 0.295112
0.5, 0.296657, 0.28, 0.72, 0.291703
0.5, 0.300253, 0.28, 0.72, 0.300639
0.5, 0.289757, 0.28, 0.72, 0.291452
0.5, 0.297862, 0.28, 0.72, 0.29717
0.5, 0.295355, 0.28, 0.72, 0.289867
0.5, 0.302521, 0.28, 0.72, 0.298748
0.5, 0.30423, 0.28, 0.72, 0.300455
0.5, 0.293198, 0.28, 0.72, 0.292758
0.5, 0.290453, 0.28, 0.72, 0.291463
0.5, 0.299287, 0.28, 0.72, 0.295744
0.5, 0.307631, 0.28, 0.72, 0.300853
0.5, 0.298105, 0.28, 0.72, 0.300543
0.5, 0.298882, 0.28, 0.72, 0.292878
0.5, 0.287125, 0.28, 0.72, 0.288834
0.5, 0.301465, 0.28, 0.72, 0.295368
0.5, 0.288154, 0.28, 0.72, 0.2861
0.5, 0.306899, 0.285, 0.715, 0.30423
0.5, 0.305454, 0.285, 0.715, 0.30815
0.5, 0.310592, 0.285, 0.715, 0.304175
0.5, 0.306361, 0.285, 0.715, 0.305148
0.5, 0.306356, 0.285, 0.715, 0.302724
0.5, 0.312651, 0.285, 0.715, 0.310905
0.5, 0.306353, 0.285, 0.715, 0.300472
0.5, 0.302569, 0.285, 0.715, 0.299229
0.5, 0.303678, 0.285, 0.715, 0.304162
0.5, 0.30275, 0.285, 0.715, 0.295023
0.5, 0.30324, 0.285, 0.715, 0.301132
0.5, 0.300681, 0.285, 0.715, 0.293277
0.5, 0.308635, 0.285, 0.715, 0.304666
0.5, 0.310894, 0.285, 0.715, 0.305564
0.5, 0.298977, 0.285, 0.715, 0.298852
0.5, 0.299436, 0.285, 0.715, 0.295758
0.5, 0.295937, 0.285, 0.715, 0.298889
0.5, 0.30214, 0.285, 0.715, 0.29688
0.5, 0.305814, 0.285, 0.715, 0.301423
0.5, 0.305819, 0.285, 0.715, 0.302699
0.5, 0.298011, 0.285, 0.715, 0.294881
0.5, 0.300082, 0.285, 0.715, 0.302527
0.5, 0.302032, 0.285, 0.715, 0.29747
0.5, 0.304622, 0.285, 0.715, 0.302593
0.5, 0.30449, 0.285, 0.715, 0.299392
0.5, 0.310549, 0.29, 0.71, 0.305285
0.5, 0.303617, 0.29, 0.71, 0.306153
0.5, 0.317869, 0.29, 0.71, 0.317546
0.5, 0.325175, 0.29, 0.71, 0.318729
0.5, 0.310795, 0.29, 0.71, 0.309804
0.5, 0.301251, 0.29, 0.71, 0.303911
0.5, 0.321717, 0.29, 0.71, 0.320386
0.5, 0.31439, 0.29, 0.71, 0.307216
0.5, 0.300136, 0.29, 0.71, 0.301454
0.5, 0.30521, 0.29, 0.71, 0.307104
0.5, 0.302345, 0.29, 0.71, 0.301286
0.5, 0.31636, 0.29, 0.71, 0.320141
0.5, 0.302547, 0.29, 0.71, 0.302682
0.5, 0.314786, 0.29, 0.71, 0.30829
0.5, 0.312147, 0.29, 0.71, 0.308985
0.5, 0.31145, 0.29, 0.71, 0.305823
0.5, 0.314832, 0.29, 0.71, 0.311557
0.5, 0.313994, 0.29, 0.71, 0.309291
0.5, 0.312173, 0.29, 0.71, 0.307716
0.5, 0.314561, 0.29, 0.71, 0.308175
0.5, 0.321051, 0.29, 0.71, 0.309317
0.5, 0.319427, 0.29, 0.71, 0.313465
0.5, 0.307528, 0.29, 0.71, 0.308817
0.5, 0.309194, 0.29, 0.71, 0.310423
0.5, 0.308786, 0.29, 0.71, 0.303511
0.5, 0.317738, 0.295, 0.705, 0.320896
0.5, 0.32851, 0.295, 0.705, 0.31722
0.5, 0.317087, 0.295, 0.705, 0.314319
0.5, 0.322351, 0.295, 0.705, 0.318005
0.5, 0.314147, 0.295, 0.705, 0.312476
0.5, 0.330927, 0.295, 0.705, 0.326018
0.5, 0.315453, 0.295, 0.705, 0.313593
0.5, 0.32362, 0.295, 0.705, 0.318547
0.5, 0.333796, 0.295, 0.705, 0.32254
0.5, 0.319479, 0.295, 0.705, 0.320008
0.5, 0.321093, 0.295, 0.705, 0.31367
0.5, 0.320002, 0.295, 0.705, 0.315746
0.5, 0.327547, 0.295, 0.705, 0.327549
0.5, 0.327108, 0.295, 0.705, 0.319169
0.5, 0.316492, 0.295, 0.705, 0.310993
0.5, 0.322671, 0.295, 0.705, 0.320682
0.5, 0.313063, 0.295, 0.705, 0.310822
0.5, 0.328521, 0.295, 0.705, 0.321117
0.5, 0.323392, 0.295, 0.705, 0.319479
0.5, 0.322662, 0.295, 0.705, 0.32077
0.5, 0.314148, 0.295, 0.705, 0.312846
0.5, 0.337066, 0.295, 0.705, 0.330304
0.5, 0.316371, 0.295, 0.705, 0.317279
0.5, 0.329624, 0.295, 0.705, 0.330886
0.5, 0.318014, 0.295, 0.705, 0.317243
0.5, 0.326685, 0.3, 0.7, 0.325253
0.5, 0.325768, 0.3, 0.7, 0.32865
0.5, 0.330835, 0.3, 0.7, 0.327472
0.5, 0.340504, 0.3, 0.7, 0.332109
0.5, 0.332176, 0.3, 0.7, 0.332886
0.5, 0.332968, 0.3, 0.7, 0.328396
0.5, 0.328552, 0.3, 0.7, 0.325802
0.5, 0.325672, 0.3, 0.7, 0.322787
0.5, 0.331521, 0.3, 0.7, 0.327896
0.5, 0.335373, 0.3, 0.7, 0.32694
0.5, 0.326774, 0.3, 0.7, 0.3291
0.5, 0.324256, 0.3, 0.7, 0.3173
0.5, 0.322685, 0.3, 0.7, 0.320275
0.5, 0.328589, 0.3, 0.7, 0.325688
0.5, 0.317968, 0.3, 0.7, 0.319087
0.5, 0.345276, 0.3, 0.7, 0.331931
0.5, 0.332277, 0.3, 0.7, 0.326043
0.5, 0.32681, 0.3, 0.7, 0.32574
0.5, 0.327002, 0.3, 0.7, 0.325256
0.5, 0.334563, 0.3, 0.7, 0.329401
0.5, 0.335502, 0.3, 0.7, 0.331445
0.5, 0.333071, 0.3, 0.7, 0.326232
0.5, 0.333152, 0.3, 0.7, 0.323408
0.5, 0.33444, 0.3, 0.7, 0.330408
0.5, 0.320175, 0.3, 0.7, 0.320891
0.5, 0.350313, 0.305, 0.695, 0.340633
0.5, 0.348471, 0.305, 0.695, 0.347626
0.5, 0.34098, 0.305, 0.695, 0.337322
0.5, 0.339975, 0.305, 0.695, 0.338337
0.5, 0.338734, 0.305, 0.695, 0.340394
0.5, 0.346008, 0.305, 0.695, 0.336076
0.5, 0.331786, 0.305, 0.695, 0.338213
0.5, 0.327883, 0.305, 0.695, 0.328289
0.5, 0.344215, 0.305, 0.695, 0.336841
0.5, 0.352926, 0.305, 0.695, 0.348877
0.5, 0.329722, 0.305, 0.695, 0.327832
0.5, 0.343372, 0.305, 0.695, 0.33359
0.5, 0.336574, 0.305, 0.695, 0.335772
0.5, 0.343239, 0.305, 0.695, 0.3411
0.5, 0.346172, 0.305, 0.695, 0.343653
0.5, 0.331142, 0.305, 0.695, 0.329835
0.5, 0.339456, 0.305, 0.695, 0.340629
0.5, 0.331041, 0.305, 0.695, 0.332863
0.5, 0.320812, 0.305, 0.695, 0.319126
0.5, 0.331553, 0.305, 0.695, 0.327362
0.5, 0.344459, 0.305, 0.695, 0.33744
0.5, 0.344017, 0.305, 0.695, 0.342355
0.5, 0.328915, 0.305, 0.695, 0.323264
0.5, 0.345049, 0.305, 0.695, 0.338641
0.5, 0.343677, 0.305, 0.695, 0.334679
0.5, 0.347115, 0.31, 0.69, 0.339897
0.5, 0.343412, 0.31, 0.69, 0.349011
0.5, 0.342209, 0.31, 0.69, 0.333846
0.5, 0.343876, 0.31, 0.69, 0.34331
0.5, 0.352493, 0.31, 0.69, 0.340769
0.5, 0.340227, 0.31, 0.69, 0.339573
0.5, 0.351789, 0.31, 0.69, 0.351237
0.5, 0.348905, 0.31, 0.69, 0.341758
0.5, 0.344951, 0.31, 0.69, 0.336146
0.5, 0.34208, 0.31, 0.69, 0.340009
0.5, 0.34624, 0.31, 0.69, 0.34402
0.5, 0.342091, 0.31, 0.69, 0.33346
0.5, 0.357428, 0.31, 0.69, 0.349874
0.5, 0.344494, 0.31, 0.69, 0.336073
0.5, 0.338062, 0.31, 0.69, 0.341744
0.5, 0.340793, 0.31, 0.69, 0.334615
0.5, 0.343712, 0.31, 0.69, 0.346445
0.5, 0.343633, 0.31, 0.69, 0.347533
0.5, 0.355102, 0.31, 0.69, 0.353099
0.5, 0.353793, 0.31, 0.69, 0.344579
0.5, 0.33746, 0.31, 0.69, 0.34517
0.5, 0.349687, 0.31, 0.69, 0.347518
0.5, 0.344799, 0.31, 0.69, 0.336856
0.5, 0.351321, 0.31, 0.69, 0.346579
0.5, 0.343453, 0.31, 0.69, 0.344297
0.5, 0.362674, 0.315, 0.685, 0.359922
0.5, 0.360856, 0.315, 0.685, 0.35383
0.5, 0.364403, 0.315, 0.685, 0.354467
0.5, 0.345667, 0.315, 0.685, 0.338519
0.5, 0.361683, 0.315, 0.685, 0.358886
0.5, 0.364905, 0.315, 0.685, 0.358157
0.5, 0.344283, 0.315, 0.685, 0.346751
0.5, 0.368688, 0.315, 0.685, 0.361737
0.5, 0.339093, 0.315, 0.685, 0.34134
0.5, 0.358784, 0.315, 0.685, 0.352907
0.5, 0.339568, 0.315, 0.685, 0.342615
0.5, 0.358986, 0.315, 0.685, 0.35803
0.5, 0.350198, 0.315, 0.685, 0.357999
0.5, 0.363554, 0.315, 0.685, 0.35737
0.5, 0.363439, 0.315, 0.685, 0.358132
0.5, 0.344458, 0.315, 0.685, 0.339835
0.5, 0.380797, 0.315, 0.685, 0.366144
0.5, 0.354415, 0.315, 0.685, 0.349113
0.5, 0.34776, 0.315, 0.685, 0.341752
0.5, 0.365377, 0.315, 0.685, 0.357692
0.5, 0.349495, 0.315, 0.685, 0.348219
0.5, 0.360899, 0.315, 0.685, 0.351376
0.5, 0.344971, 0.315, 0.685, 0.34686
0.5, 0.3386, 0.315, 0.685, 0.337988
0.5, 0.369708, 0.315, 0.685, 0.358903
0.5, 0.35173, 0.32, 0.68, 0.352161
0.5, 0.365355, 0.32, 0.68, 0.359775
0.5, 0.367343, 0.32, 0.68, 0.362277
0.5, 0.359793, 0.32, 0.68, 0.355389
0.5, 0.355722, 0.32, 0.68, 0.355227
0.5, 0.36808, 0.32, 0.68, 0.362709
0.5, 0.363914, 0.32, 0.68, 0.353427
0.5, 0.351048, 0.32, 0.68, 0.350533
0.5, 0.357365, 0.32, 0.68, 0.359118
0.5, 0.369857, 0.32, 0.68, 0.36964
0.5, 0.370702, 0.32, 0.68, 0.364372
0.5, 0.367085, 0.32, 0.68, 0.363766
0.5, 0.363567, 0.32, 0.68, 0.362069
0.5, 0.368521, 0.32, 0.68, 0.367375
0.5, 0.36671, 0.32, 0.68, 0.360794
0.5, 0.359544, 0.32, 0.68, 0.357781
0.5, 0.368076, 0.32, 0.68, 0.359268
0.5, 0.354582, 0.32, 0.68, 0.354941
0.5, 0.360469, 0.32, 0.68, 0.362172
0.5, 0.357693, 0.32, 0.68, 0.357282
0.5, 0.362413, 0.32, 0.68, 0.360695
0.5, 0.365028, 0.32, 0.68, 0.364578
0.5, 0.356952, 0.32, 0.68, 0.355376
0.5, 0.377725, 0.32, 0.68, 0.374143
0.5, 0.370156, 0.32, 0.68, 0.366613
0.5, 0.371369, 0.325, 0.675, 0.369214
0.5, 0.385198, 0.325, 0.675, 0.373549
0.5, 0.37417, 0.325, 0.675, 0.370638
0.5, 0.374291, 0.325, 0.675, 0.370078
0.5, 0.375831, 0.325, 0.675, 0.366621
0.5, 0.36725, 0.325, 0.675, 0.365175
0.5, 0.374089, 0.325, 0.675, 0.36795
0.5, 0.373869, 0.325, 0.675, 0.367383
0.5, 0.364342, 0.325, 0.675, 0.363483
0.5, 0.370051, 0.325, 0.675, 0.363932
0.5, 0.370934, 0.325, 0.675, 0.371698
0.5, 0.390543, 0.325, 0.675, 0.386509
0.5, 0.381275, 0.325, 0.675, 0.365843
0.5, 0.357126, 0.325, 0.675, 0.359325
0.5, 0.376549, 0.325, 0.675, 0.369011
0.5, 0.367602, 0.325, 0.675, 0.370512
0.5, 0.374669, 0.325, 0.675, 0.373677
0.5, 0.371614, 0.325, 0.675, 0.368203
0.5, 0.37366, 0.325, 0.675, 0.364664
0.5, 0.371865, 0.325, 0.675, 0.368799
0.5, 0.373532, 0.325, 0.675, 0.364731
0.5, 0.369558, 0.325, 0.675, 0.363696
0.5, 0.374585, 0.325, 0.675, 0.363108
0.5, 0.362628, 0.325, 0.675, 0.364058
0.5, 0.372903, 0.325, 0.675, 0.371603
0.5, 0.385271, 0.33, 0.67, 0.37533
0.5, 0.387351, 0.33, 0.67, 0.383778
0.5, 0.386486, 0.33, 0.67, 0.377123
0.5, 0.385561, 0.33, 0.67, 0.382554
0.5, 0.369105, 0.33, 0.67, 0.365626
0.5, 0.37948, 0.33, 0.67, 0.377026
0.5, 0.369334, 0.33, 0.67, 0.37244
0.5, 0.389691, 0.33, 0.67, 0.383441
0.5, 0.38368, 0.33, 0.67, 0.3781
0.5, 0.365738, 0.33, 0.67, 0.371869
0.5, 0.369104, 0.33, 0.67, 0.36837
0.5, 0.375971, 0.33, 0.67, 0.373517
0.5, 0.375971, 0.33, 0.67, 0.371393
0.5, 0.373523, 0.33, 0.67, 0.368342
0.5, 0.384818, 0.33, 0.67, 0.380514
0.5, 0.372482, 0.33, 0.67, 0.37168
0.5, 0.388122, 0.33, 0.67, 0.382413
0.5, 0.3892, 0.33, 0.67, 0.384635
0.5, 0.36386, 0.33, 0.67, 0.367509
0.5, 0.383439, 0.33, 0.67, 0.381444
0.5, 0.374231, 0.33, 0.67, 0.378071
0.5, 0.387974, 0.33, 0.67, 0.386861
0.5, 0.370198, 0.33, 0.67, 0.372972
0.5, 0.381003, 0.33, 0.67, 0.381693
0.5, 0.370921, 0.33, 0.67, 0.379353
0.5, 0.394759, 0.335, 0.665, 0.385449
0.5, 0.392223, 0.335, 0.665, 0.388874
0.5, 0.39134, 0.335, 0.665, 0.382753
0.5, 0.385857, 0.335, 0.665, 0.379429
0.5, 0.38674, 0.335, 0.665, 0.387539
0.5, 0.388685, 0.335, 0.665, 0.3928
0.5, 0.387375, 0.335, 0.665, 0.383382
0.5, 0.386986, 0.335, 0.665, 0.385921
0.5, 0.384759, 0.335, 0.665, 0.386898
0.5, 0.38847, 0.335, 0.665, 0.379164
0.5, 0.396821, 0.335, 0.665, 0.390686
0.5, 0.385632, 0.335, 0.665, 0.39268
0.5, 0.396721, 0.335, 0.665, 0.39496
0.5, 0.392133, 0.335, 0.665, 0.388874
0.5, 0.39946, 0.335, 0.665, 0.390649
0.5, 0.394948, 0.335, 0.665, 0.384429
0.5, 0.4022, 0.335, 0.665, 0.396292
0.5, 0.401417, 0.335, 0.665, 0.395438
0.5, 0.386059, 0.335, 0.665, 0.381388
0.5, 0.393239, 0.335, 0.665, 0.39116
0.5, 0.388735, 0.335, 0.665, 0.384017
0.5, 0.400138, 0.335, 0.665, 0.391074
0.5, 0.386221, 0.335, 0.665, 0.379211
0.5, 0.401571, 0.335, 0.665, 0.398421
0.5, 0.386047, 0.335, 0.665, 0.383901
0.5, 0.39422, 0.34, 0.66, 0.393511
0.5, 0.413113, 0.34, 0.66, 0.406147
0.5, 0.396444, 0.34, 0.66, 0.395573
0.5, 0.405227, 0.34, 0.66, 0.396297
0.5, 0.398723, 0.34, 0.66, 0.392177
0.5, 0.399565, 0.34, 0.66, 0.399055
0.5, 0.381615, 0.34, 0.66, 0.383617
0.5, 0.40657, 0.34, 0.66, 0.403148
0.5, 0.404639, 0.34, 0.66, 0.396363
0.5, 0.401886, 0.34, 0.66, 0.400538
0.5, 0.394626, 0.34, 0.66, 0.393951
0.5, 0.399816, 0.34, 0.66, 0.39756
0.5, 0.404469, 0.34, 0.66, 0.395832
0.5, 0.397659, 0.34, 0.66, 0.392417
0.5, 0.405257, 0.34, 0.66, 0.401032
0.5, 0.41032, 0.34, 0.66, 0.40246
0.5, 0.408835, 0.34, 0.66, 0.402384
0.5, 0.412814, 0.34, 0.66, 0.404451
0.5, 0.407289, 0.34, 0.66, 0.399303
0.5, 0.398651, 0.34, 0.66, 0.39337
0.5, 0.398572, 0.34, 0.66, 0.393068
0.5, 0.410641, 0.34, 0.66, 0.403917
0.5, 0.387616, 0.34, 0.66, 0.388244
0.5, 0.408261, 0.34, 0.66, 0.404885
0.5, 0.408917, 0.34, 0.66, 0.40497
0.5, 0.410817, 0.345, 0.655, 0.411659
0.5, 0.405728, 0.345, 0.655, 0.399558
0.5, 0.419447, 0.345, 0.655, 0.411608
0.5, 0.410284, 0.345, 0.655, 0.405235
0.5, 0.414115, 0.345, 0.655, 0.408762
0.5, 0.411485, 0.345, 0.655, 0.406308
0.5, 0.413055, 0.345, 0.655, 0.410941
0.5, 0.418013, 0.345, 0.655, 0.416209
0.5, 0.412031, 0.345, 0.655, 0.411838
0.5, 0.406065, 0.345, 0.655, 0.400331
0.5, 0.417224, 0.345, 0.655, 0.413278
0.5, 0.414372, 0.345, 0.655, 0.403359
0.5, 0.395518, 0.345, 0.655, 0.398221
0.5, 0.408769, 0.345, 0.655, 0.410245
0.5, 0.411669, 0.345, 0.655, 0.404834
0.5, 0.407922, 0.345, 0.655, 0.402772
0.5, 0.430802, 0.345, 0.655, 0.42348
0.5, 0.403117, 0.345, 0.655, 0.396536
0.5, 0.42054, 0.345, 0.655, 0.421441
0.5, 0.414539, 0.345, 0.655, 0.412891
0.5, 0.402395, 0.345, 0.655, 0.406117
0.5, 0.408362, 0.345, 0.655, 0.401814
0.5, 0.424509, 0.345, 0.655, 0.425233
0.5, 0.411475, 0.345, 0.655, 0.402856
0.5, 0.411662, 0.345, 0.655, 0.405651
0.5, 0.423064, 0.35, 0.65, 0.422533
0.5, 0.412993, 0.35, 0.65, 0.409895
0.5, 0.434949, 0.35, 0.65, 0.431168
0.5, 0.436936, 0.35, 0.65, 0.426644
0.5, 0.417366, 0.35, 0.65, 0.415079
0.5, 0.419893, 0.35, 0.65, 0.423979
0.5, 0.412689, 0.35, 0.65, 0.412411
0.5, 0.426479, 0.35, 0.65, 0.426024
0.5, 0.412901, 0.35, 0.65, 0.40713
0.5, 0.40909, 0.35, 0.65, 0.39555
0.5, 0.420371, 0.35, 0.65, 0.417584
0.5, 0.416812, 0.35, 0.65, 0.421531
0.5, 0.415914, 0.35, 0.65, 0.410272
0.5, 0.416452, 0.35, 0.65, 0.417406
0.5, 0.427279, 0.35, 0.65, 0.426689
0.5, 0.433835, 0.35, 0.65, 0.420395
0.5, 0.426963, 0.35, 0.65, 0.430088
0.5, 0.431164, 0.35, 0.65, 0.422804
0.5, 0.418088, 0.35, 0.65, 0.413736
0.5, 0.424784, 0.35, 0.65, 0.424482
0.5, 0.424639, 0.35, 0.65, 0.412815
0.5, 0.418256, 0.35, 0.65, 0.422018
0.5, 0.431416, 0.35, 0.65, 0.425277
0.5, 0.418252, 0.35, 0.65, 0.413956
0.5, 0.412103, 0.35, 0.65, 0.410884
0.5, 0.450554, 0.355, 0.645, 0.442403
0.5, 0.429048, 0.355, 0.645, 0.424908
0.5, 0.431837, 0.355, 0.645, 0.430541
0.5, 0.424383, 0.355, 0.645, 0.425032
0.5, 0.447929, 0.355, 0.645, 0.434054
0.5, 0.425688, 0.355, 0.645, 0.428287
0.5, 0.435542, 0.355, 0.645, 0.426097
0.5, 0.436605, 0.355, 0.645, 0.426363
0.5, 0.421558, 0.355, 0.645, 0.422196
0.5, 0.417815, 0.355, 0.645, 0.411191
0.5, 0.430757, 0.355, 0.645, 0.429156
0.5, 0.425547, 0.355, 0.645, 0.42227
0.5, 0.430998, 0.355, 0.645, 0.430496
0.5, 0.435188, 0.355, 0.645, 0.430444
0.5, 0.425748, 0.355, 0.645, 0.417929
0.5, 0.435219, 0.355, 0.645, 0.42031
0.5, 0.4161, 0.355, 0.645, 0.411071
0.5, 0.433379, 0.355, 0.645, 0.434365
0.5, 0.424437, 0.355, 0.645, 0.420748
0.5, 0.414702, 0.355, 0.645, 0.415654
0.5, 0.418446, 0.355, 0.645, 0.422962
0.5, 0.415782, 0.355, 0.645, 0.419078
0.5, 0.438285, 0.355, 0.645, 0.425081
0.5, 0.433834, 0.355, 0.645, 0.430996
0.5, 0.438879, 0.355, 0.645, 0.437117
0.5, 0.444856, 0.36, 0.64, 0.438202
0.5, 0.4319, 0.36, 0.64, 0.427268
0.5, 0.436619, 0.36, 0.64, 0.438461
0.5, 0.453246, 0.36, 0.64, 0.443457
0.5, 0.442217, 0.36, 0.64, 0.441583
0.5, 0.439141, 0.36, 0.64, 0.438068
0.5, 0.446675, 0.36, 0.64, 0.444973
0.5, 0.449883, 0.36, 0.64, 0.43653
0.5, 0.44764, 0.36, 0.64, 0.442619
0.5, 0.442673, 0.36, 0.64, 0.441521
0.5, 0.428876, 0.36, 0.64, 0.430707
0.5, 0.448623, 0.36, 0.64, 0.443376
0.5, 0.42939, 0.36, 0.64, 0.422637
0.5, 0.43984, 0.36, 0.64, 0.433599
0.5, 0.441935, 0.36, 0.64, 0.431976
0.5, 0.456863, 0.36, 0.64, 0.445297
0.5, 0.434427, 0.36, 0.64, 0.435347
0.5, 0.445517, 0.36, 0.64, 0.435591
0.5, 0.457834, 0.36, 0.64, 0.445676
0.5, 0.43501, 0.36, 0.64, 0.433625
0.5, 0.436606, 0.36, 0.64, 0.432944
0.5, 0.438757, 0.36, 0.64, 0.432241
0.5, 0.43752, 0.36, 0.64, 0.431723
0.5, 0.448893, 0.36, 0.64, 0.436919
0.5, 0.442903, 0.36, 0.64, 0.442592
0.5, 0.454039, 0.365, 0.635, 0.451615
0.5, 0.456776, 0.365, 0.635, 0.447801
0.5, 0.449634, 0.365, 0.635, 0.448159
0.5, 0.458587, 0.365, 0.635, 0.449841
0.5, 0.458914, 0.365, 0.635, 0.459173
0.5, 0.463035, 0.365, 0.635, 0.455976
0.5, 0.437794, 0.365, 0.635, 0.436288
0.5, 0.449068, 0.365, 0.635, 0.443527
0.5, 0.452478, 0.365, 0.635, 0.447368
0.5, 0.457144, 0.365, 0.635, 0.444624
0.5, 0.453257, 0.365, 0.635, 0.443817
0.5, 0.457774, 0.365, 0.635, 0.451547
0.5, 0.452924, 0.365, 0.635, 0.446015
0.5, 0.447491, 0.365, 0.635, 0.445197
0.5, 0.438319, 0.365, 0.635, 0.44124
0.5, 0.441708, 0.365, 0.635, 0.444063
0.5, 0.435091, 0.365, 0.635, 0.43306
0.5, 0.447727, 0.365, 0.635, 0.44355
0.5, 0.464036, 0.365, 0.635, 0.454211
0.5, 0.447398, 0.365, 0.635, 0.435968
0.5, 0.451196, 0.365, 0.635, 0.445141
0.5, 0.454286, 0.365, 0.635, 0.44576
0.5, 0.455406, 0.365, 0.635, 0.443482
0.5, 0.44975, 0.365, 0.635, 0.439109
0.5, 0.46484, 0.365, 0.635, 0.456183
0.5, 0.480529, 0.37, 0.63, 0.4653
0.5, 0.476364, 0.37, 0.63, 0.471384
0.5, 0.445083, 0.37, 0.63, 0.441343
0.5, 0.451485, 0.37, 0.63, 0.45241
0.5, 0.460463, 0.37, 0.63, 0.455524
0.5, 0.473633, 0.37, 0.63, 0.471938
0.5, 0.443166, 0.37, 0.63, 0.444647
0.5, 0.464195, 0.37, 0.63, 0.454545
0.5, 0.460948, 0.37, 0.63, 0.459884
0.5, 0.469907, 0.37, 0.63, 0.467914
0.5, 0.462546, 0.37, 0.63, 0.454341
0.5, 0.459632, 0.37, 0.63, 0.454075
0.5, 0.464884, 0.37, 0.63, 0.454508
0.5, 0.451343, 0.37, 0.63, 0.45413
0.5, 0.466768, 0.37, 0.63, 0.462658
0.5, 0.464199, 0.37, 0.63, 0.45725
0.5, 0.45837, 0.37, 0.63, 0.448525
0.5, 0.478785, 0.37, 0.63, 0.46936
0.5, 0.466122, 0.37, 0.63, 0.459465
0.5, 0.451103, 0.37, 0.63, 0.452358
0.5, 0.465598, 0.37, 0.63, 0.456553
0.5, 0.468159, 0.37, 0.63, 0.464983
0.5, 0.46195, 0.37, 0.63, 0.457056
0.5, 0.451664, 0.37, 0.63, 0.446589
0.5, 0.455639, 0.37, 0.63, 0.443008
0.5, 0.46918, 0.375, 0.625, 0.458508
0.5, 0.470623, 0.375, 0.625, 0.468009
0.5, 0.473279, 0.375, 0.625, 0.467735
0.5, 0.459963, 0.375, 0.625, 0.455433
0.5, 0.475784, 0.375, 0.625, 0.465418
0.5, 0.473536, 0.375, 0.625, 0.467353
0.5, 0.481352, 0.375, 0.625, 0.472916
0.5, 0.463365, 0.375, 0.625, 0.455737
0.5, 0.470338, 0.375, 0.625, 0.468943
0.5, 0.477364, 0.375, 0.625, 0.468556
0.5, 0.476016, 0.375, 0.625, 0.465552
0.5, 0.479265, 0.375, 0.625, 0.463784
0.5, 0.479833, 0.375, 0.625, 0.472388
0.5, 0.467695, 0.375, 0.625, 0.460201
0.5, 0.487291, 0.375, 0.625, 0.477026
0.5, 0.47445, 0.375, 0.625, 0.462446
0.5, 0.471338, 0.375, 0.625, 0.470033
0.5, 0.463504, 0.375, 0.625, 0.457141
0.5, 0.479762, 0.375, 0.625, 0.476588
0.5, 0.461529, 0.375, 0.625, 0.456888
0.5, 0.448506, 0.375, 0.625, 0.44594
0.5, 0.457995, 0.375, 0.625, 0.45425
0.5, 0.472312, 0.375, 0.625, 0.465611
0.5, 0.480892, 0.375, 0.625, 0.473145
0.5, 0.464683, 0.375, 0.625, 0.464082
0.5, 0.48813, 0.38, 0.62, 0.490845
0.5, 0.478172, 0.38, 0.62, 0.466991
0.5, 0.472467, 0.38, 0.62, 0.46848
0.5, 0.49425, 0.38, 0.62, 0.483118
0.5, 0.489133, 0.38, 0.62, 0.483457
0.5, 0.479657, 0.38, 0.62, 0.471856
0.5, 0.486415, 0.38, 0.62, 0.481869
0.5, 0.464749, 0.38, 0.62, 0.459226
0.5, 0.495383, 0.38, 0.62, 0.481732
0.5, 0.4711, 0.38, 0.62, 0.468544
0.5, 0.484222, 0.38, 0.62, 0.477384
0.5, 0.472066, 0.38, 0.62, 0.461607
0.5, 0.489399, 0.38, 0.62, 0.478892
0.5, 0.496734, 0.38, 0.62, 0.483696
0.5, 0.483331, 0.38, 0.62, 0.480763
0.5, 0.484831, 0.38, 0.62, 0.483366
0.5, 0.484629, 0.38, 0.62, 0.478553
0.5, 0.479089, 0.38, 0.62, 0.478186
0.5, 0.467559, 0.38, 0.62, 0.466233
0.5, 0.460288, 0.38, 0.62, 0.4552
0.5, 0.484813, 0.38, 0.62, 0.476903
0.5, 0.48244, 0.38, 0.62, 0.478141
0.5, 0.484154, 0.38, 0.62, 0.481875
0.5, 0.479602, 0.38, 0.62, 0.471949
0.5, 0.478499, 0.38, 0.62, 0.467953
0.5, 0.496354, 0.385, 0.615, 0.49201
0.5, 0.505793, 0.385, 0.615, 0.494738
0.5, 0.485354, 0.385, 0.615, 0.480409
0.5, 0.491061, 0.385, 0.615, 0.486782
0.5, 0.481179, 0.385, 0.615, 0.477675
0.5, 0.485955, 0.385, 0.615, 0.486004
0.5, 0.475598, 0.385, 0.615, 0.468643
0.5, 0.501944, 0.385, 0.615, 0.491715
0.5, 0.489613, 0.385, 0.615, 0.483546
0.5, 0.496048, 0.385, 0.615, 0.495479
0.5, 0.484907, 0.385, 0.615, 0.477693
0.5, 0.514399, 0.385, 0.615, 0.506297
0.5, 0.502323, 0.385, 0.615, 0.497899
0.5, 0.497171, 0.385, 0.615, 0.48484
0.5, 0.484457, 0.385, 0.615, 0.48141
0.5, 0.486879, 0.385, 0.615, 0.479746
0.5, 0.48947, 0.385, 0.615, 0.488003
0.5, 0.475575, 0.385, 0.615, 0.479564
0.5, 0.503945, 0.385, 0.615, 0.490591
0.5, 0.48652, 0.385, 0.615, 0.47966
0.5, 0.497596, 0.385, 0.615, 0.493639
0.5, 0.497566, 0.385, 0.615, 0.490633
0.5, 0.495616, 0.385, 0.615, 0.488911
0.5, 0.48662, 0.385, 0.615, 0.478446
0.5, 0.494093, 0.385, 0.615, 0.491438
0.5, 0.522283, 0.39, 0.61, 0.512202
0.5, 0.507032, 0.39, 0.61, 0.498059
0.5, 0.515733, 0.39, 0.61, 0.506122
0.5, 0.498151, 0.39, 0.61, 0.498856
0.5, 0.502299, 0.39, 0.61, 0.492429
0.5, 0.514479, 0.39, 0.61, 0.503469
0.5, 0.520448, 0.39, 0.61, 0.508409
0.5, 0.513123, 0.39, 0.61, 0.506051
0.5, 0.508642, 0.39, 0.61, 0.501655
0.5, 0.527697, 0.39, 0.61, 0.511667
0.5, 0.511385, 0.39, 0.61, 0.498985
0.5, 0.506422, 0.39, 0.61, 0.497327
0.5, 0.507651, 0.39, 0.61, 0.49663
0.5, 0.494283, 0.39, 0.61, 0.495995
0.5, 0.514463, 0.39, 0.61, 0.503202
0.5, 0.509553, 0.39, 0.61, 0.50394
0.5, 0.50323, 0.39, 0.61, 0.497578
0.5, 0.503619, 0.39, 0.61, 0.490702
0.5, 0.508046, 0.39, 0.61, 0.497742
0.5, 0.504826, 0.39, 0.61, 0.490744
0.5, 0.498363, 0.39, 0.61, 0.488263
0.5, 0.501204, 0.39, 0.61, 0.501989
0.5, 0.513655, 0.39, 0.61, 0.506995
0.5, 0.506838, 0.39, 0.61, 0.496426
0.5, 0.49895, 0.39, 0.61, 0.48972
0.5, 0.5291, 0.395, 0.605, 0.521795
0.5, 0.512642, 0.395, 0.605, 0.50904
0.5, 0.521737, 0.395, 0.605, 0.511001
0.5, 0.551636, 0.395, 0.605, 0.533916
0.5, 0.535716, 0.395, 0.605, 0.526572
0.5, 0.527423, 0.395, 0.605, 0.518752
0.5, 0.519146, 0.395, 0.605, 0.50986
0.5, 0.519559, 0.395, 0.605, 0.517183
0.5, 0.528099, 0.395, 0.605, 0.523258
0.5, 0.53106, 0.395, 0.605, 0.520957
0.5, 0.521695, 0.395, 0.605, 0.514541
0.5, 0.516958, 0.395, 0.605, 0.513833
0.5, 0.527593, 0.395, 0.605, 0.522154
0.5, 0.506385, 0.395, 0.605, 0.499013
0.5, 0.538322, 0.395, 0.605, 0.524181
0.5, 0.517712, 0.395, 0.605, 0.510503
0.5, 0.51585, 0.395, 0.605, 0.511026
0.5, 0.530566, 0.395, 0.605, 0.521742
0.5, 0.529549, 0.395, 0.605, 0.527442
0.5, 0.50084, 0.395, 0.605, 0.497818
0.5, 0.507685, 0.395, 0.605, 0.49986
0.5, 0.52653, 0.395, 0.605, 0.50931
0.5, 0.522101, 0.395, 0.605, 0.512292
0.5, 0.493205, 0.395, 0.605, 0.493015
0.5, 0.522273, 0.395, 0.605, 0.505632
0.5, 0.523508, 0.4, 0.6, 0.51875
0.5, 0.541556, 0.4, 0.6, 0.533319
0.5, 0.546817, 0.4, 0.6, 0.536198
0.5, 0.543734, 0.4, 0.6, 0.532561
0.5, 0.540884, 0.4, 0.6, 0.532683
0.5, 0.53999, 0.4, 0.6, 0.522975
0.5, 0.531161, 0.4, 0.6, 0.526286
0.5, 0.539707, 0.4, 0.6, 0.526409
0.5, 0.546803, 0.4, 0.6, 0.540798
0.5, 0.534949, 0.4, 0.6, 0.528684
0.5, 0.532152, 0.4, 0.6, 0.524231
0.5, 0.53847, 0.4, 0.6, 0.527502
0.5, 0.542898, 0.4, 0.6, 0.536201
0.5, 0.546159, 0.4, 0.6, 0.537113
0.5, 0.543939, 0.4, 0.6, 0.532889
0.5, 0.539534, 0.4, 0.6, 0.520675
0.5, 0.514762, 0.4, 0.6, 0.510191
0.5, 0.553407, 0.4, 0.6, 0.534692
0.5, 0.531627, 0.4, 0.6, 0.518537
0.5, 0.553881, 0.4, 0.6, 0.538811
0.5, 0.535119, 0.4, 0.6, 0.525042
0.5, 0.537052, 0.4, 0.6, 0.529086
0.5, 0.519326, 0.4, 0.6, 0.514572
0.5, 0.537993, 0.4, 0.6, 0.526214
0.5, 0.517791, 0.4, 0.6, 0.521852
0.5, 0.560775, 0.405, 0.595, 0.54842
0.5, 0.551609, 0.405, 0.595, 0.540749
0.5, 0.55774, 0.405, 0.595, 0.553335
0.5, 0.530027, 0.405, 0.595, 0.525973
0.5, 0.558479, 0.405, 0.595, 0.545124
0.5, 0.547724, 0.405, 0.595, 0.536161
0.5, 0.546926, 0.405, 0.595, 0.541953
0.5, 0.566388, 0.405, 0.595, 0.560135
0.5, 0.546807, 0.405, 0.595, 0.534274
0.5, 0.546175, 0.405, 0.595, 0.531533
0.5, 0.541379, 0.405, 0.595, 0.532942
0.5, 0.550581, 0.405, 0.595, 0.542427
0.5, 0.564384, 0.405, 0.595, 0.547819
0.5, 0.551533, 0.405, 0.595, 0.533511
0.5, 0.531114, 0.405, 0.595, 0.522847
0.5, 0.542548, 0.405, 0.595, 0.533983
0.5, 0.538514, 0.405, 0.595, 0.530262
0.5, 0.542951, 0.405, 0.595, 0.537247
0.5, 0.558683, 0.405, 0.595, 0.546343
0.5, 0.551432, 0.405, 0.595, 0.541714
0.5, 0.538788, 0.405, 0.595, 0.530573
0.5, 0.537608, 0.405, 0.595, 0.528494
0.5, 0.568966, 0.405, 0.595, 0.55828
0.5, 0.539832, 0.405, 0.595, 0.535067
0.5, 0.545407, 0.405, 0.595, 0.536379
0.5, 0.573456, 0.41, 0.59, 0.559386
0.5, 0.570682, 0.41, 0.59, 0.557494
0.5, 0.549766, 0.41, 0.59, 0.539311
0.5, 0.584408, 0.41, 0.59, 0.562994
0.5, 0.564953, 0.41, 0.59, 0.552781
0.5, 0.562644, 0.41, 0.59, 0.559968
0.5, 0.560785, 0.41, 0.59, 0.543298
0.5, 0.563858, 0.41, 0.59, 0.556772
0.5, 0.582968, 0.41, 0.59, 0.565129
0.5, 0.557615, 0.41, 0.59, 0.554107
0.5, 0.560182, 0.41, 0.59, 0.548221
0.5, 0.557007, 0.41, 0.59, 0.546428
0.5, 0.551983, 0.41, 0.59, 0.542711
0.5, 0.55301, 0.41, 0.59, 0.549409
0.5, 0.573867, 0.41, 0.59, 0.563091
0.5, 0.553604, 0.41, 0.59, 0.548481
0.5, 0.55028, 0.41, 0.59, 0.543707
0.5, 0.560713, 0.41, 0.59, 0.552856
0.5, 0.556365, 0.41, 0.59, 0.546524
0.5, 0.583071, 0.41, 0.59, 0.564462
0.5, 0.567609, 0.41, 0.59, 0.551992
0.5, 0.567106, 0.41, 0.59, 0.554279
0.5, 0.560316, 0.41, 0.59, 0.544492
0.5, 0.545886, 0.41, 0.59, 0.542024
0.5, 0.561503, 0.41, 0.59, 0.554219
0.5, 0.566078, 0.415, 0.585, 0.559344
0.5, 0.563929, 0.415, 0.585, 0.559518
0.5, 0.59005, 0.415, 0.585, 0.579362
0.5, 0.550724, 0.415, 0.585, 0.533597
0.5, 0.579439, 0.415, 0.585, 0.563313
0.5, 0.596666, 0.415, 0.585, 0.575339
0.5, 0.574763, 0.415, 0.585, 0.560203
0.5, 0.581682, 0.415, 0.585, 0.5654
0.5, 0.583568, 0.415, 0.585, 0.569593
0.5, 0.562191, 0.415, 0.585, 0.553062
0.5, 0.583164, 0.415, 0.585, 0.568776
0.5, 0.581518, 0.415, 0.585, 0.566516
0.5, 0.579528, 0.415, 0.585, 0.567314
0.5, 0.566775, 0.415, 0.585, 0.560123
0.5, 0.572281, 0.415, 0.585, 0.565471
0.5, 0.564773, 0.415, 0.585, 0.558024
0.5, 0.581847, 0.415, 0.585, 0.57271
0.5, 0.561896, 0.415, 0.585, 0.545017
0.5, 0.569618, 0.415, 0.585, 0.558215
0.5, 0.580375, 0.415, 0.585, 0.568342
0.5, 0.584985, 0.415, 0.585, 0.564057
0.5, 0.579501, 0.415, 0.585, 0.559739
0.5, 0.562194, 0.415, 0.585, 0.549209
0.5, 0.57408, 0.415, 0.585, 0.556215
0.5, 0.583557, 0.415, 0.585, 0.566471
0.5, 0.602062, 0.42, 0.58, 0.58968
0.5, 0.590132, 0.42, 0.58, 0.571513
0.5, 0.591271, 0.42, 0.58, 0.579351
0.5, 0.606085, 0.42, 0.58, 0.586819
0.5, 0.603001, 0.42, 0.58, 0.590491
0.5, 0.57112, 0.42, 0.58, 0.565733
0.5, 0.605118, 0.42, 0.58, 0.58974
0.5, 0.586925, 0.42, 0.58, 0.574579
0.5, 0.60384, 0.42, 0.58, 0.590443
0.5, 0.592189, 0.42, 0.58, 0.576445
0.5, 0.59285, 0.42, 0.58, 0.58531
0.5, 0.589055, 0.42, 0.58, 0.578505
0.5, 0.573538, 0.42, 0.58, 0.563415
0.5, 0.610751, 0.42, 0.58, 0.58995
0.5, 0.603311, 0.42, 0.58, 0.596419
0.5, 0.577877, 0.42, 0.58, 0.570831
0.5, 0.607499, 0.42, 0.58, 0.592926
0.5, 0.605445, 0.42, 0.58, 0.591895
0.5, 0.60018, 0.42, 0.58, 0.584002
0.5, 0.607513, 0.42, 0.58, 0.595215
0.5, 0.590986, 0.42, 0.58, 0.580324
0.5, 0.599348, 0.42, 0.58, 0.591814
0.5, 0.596356, 0.42, 0.58, 0.579366
0.5, 0.580602, 0.42, 0.58, 0.568812
0.5, 0.573243, 0.42, 0.58, 0.572803
0.5, 0.591379, 0.425, 0.575, 0.577355
0.5, 0.609597, 0.425, 0.575, 0.596183
0.5, 0.610255, 0.425, 0.575, 0.599701
0.5, 0.600637, 0.425, 0.575, 0.586665
0.5, 0.612115, 0.425, 0.575, 0.597581
0.5, 0.612713, 0.425, 0.575, 0.59794
0.5, 0.597358, 0.425, 0.575, 0.586939
0.5, 0.605956, 0.425, 0.575, 0.590198
0.5, 0.618352, 0.425, 0.575, 0.599245
0.5, 0.61457, 0.425, 0.575, 0.60622
0.5, 0.595345, 0.425, 0.575, 0.584469
0.5, 0.600287, 0.425, 0.575, 0.589056
0.5, 0.605195, 0.425, 0.575, 0.594938
0.5, 0.585058, 0.425, 0.575, 0.580417
0.5, 0.603732, 0.425, 0.575, 0.592145
0.5, 0.60309, 0.425, 0.575, 0.593382
0.5, 0.617456, 0.425, 0.575, 0.602513
0.5, 0.615935, 0.425, 0.575, 0.60199
0.5, 0.599787, 0.425, 0.575, 0.583511
0.5, 0.632834, 0.425, 0.575, 0.607937
0.5, 0.607763, 0.425, 0.575, 0.591809
0.5, 0.59387, 0.425, 0.575, 0.578071
0.5, 0.620264, 0.425, 0.575, 0.603347
0.5, 0.63674, 0.425, 0.575, 0.612054
0.5, 0.605951, 0.425, 0.575, 0.584684
0.5, 0.608712, 0.43, 0.57, 0.597559
0.5, 0.621754, 0.43, 0.57, 0.61428
0.5, 0.632955, 0.43, 0.57, 0.620188
0.5, 0.637205, 0.43, 0.57, 0.619811
0.5, 0.602281, 0.43, 0.57, 0.59187
0.5, 0.622922, 0.43, 0.57, 0.611798
0.5, 0.622061, 0.43, 0.57, 0.609122
0.5, 0.641331, 0.43, 0.57, 0.617614
0.5, 0.637123, 0.43, 0.57, 0.619476
0.5, 0.62164, 0.43, 0.57, 0.609576
0.5, 0.605363, 0.43, 0.57, 0.588378
0.5, 0.626729, 0.43, 0.57, 0.610999
0.5, 0.615488, 0.43, 0.57, 0.604185
0.5, 0.63367, 0.43, 0.57, 0.61851
0.5, 0.640072, 0.43, 0.57, 0.615696
0.5, 0.612899, 0.43, 0.57, 0.599317
0.5, 0.626975, 0.43, 0.57, 0.617821
0.5, 0.61793, 0.43, 0.57, 0.607396
0.5, 0.627645, 0.43, 0.57, 0.613793
0.5, 0.619341, 0.43, 0.57, 0.610223
0.5, 0.620507, 0.43, 0.57, 0.612499
0.5, 0.629618, 0.43, 0.57, 0.613973
0.5, 0.630219, 0.43, 0.57, 0.613155
0.5, 0.645664, 0.43, 0.57, 0.635711
0.5, 0.631055, 0.43, 0.57, 0.612061
0.5, 0.633491, 0.435, 0.565, 0.614192
0.5, 0.637138, 0.435, 0.565, 0.62122
0.5, 0.65225, 0.435, 0.565, 0.637021
0.5, 0.652843, 0.435, 0.565, 0.624203
0.5, 0.647155, 0.435, 0.565, 0.635592
0.5, 0.655677, 0.435, 0.565, 0.633807
0.5, 0.640859, 0.435, 0.565, 0.626377
0.5, 0.627708, 0.435, 0.565, 0.609113
0.5, 0.654175, 0.435, 0.565, 0.632435
0.5, 0.665621, 0.435, 0.565, 0.638929
0.5, 0.669738, 0.435, 0.565, 0.647669
0.5, 0.643167, 0.435, 0.565, 0.62836
0.5, 0.646964, 0.435, 0.565, 0.631728
0.5, 0.636446, 0.435, 0.565, 0.634133
0.5, 0.646687, 0.435, 0.565, 0.626511
0.5, 0.675473, 0.435, 0.565, 0.651889
0.5, 0.621926, 0.435, 0.565, 0.603038
0.5, 0.616727, 0.435, 0.565, 0.608521
0.5, 0.642574, 0.435, 0.565, 0.620436
0.5, 0.611256, 0.435, 0.565, 0.600654
0.5, 0.642789, 0.435, 0.565, 0.629144
0.5, 0.671347, 0.435, 0.565, 0.655087
0.5, 0.66418, 0.435, 0.565, 0.640879
0.5, 0.656667, 0.435, 0.565, 0.630125
0.5, 0.662264, 0.435, 0.565, 0.647495
0.5, 0.669446, 0.44, 0.56, 0.647086
0.5, 0.65075, 0.44, 0.56, 0.639464
0.5, 0.676012, 0.44, 0.56, 0.650143
0.5, 0.679428, 0.44, 0.56, 0.661049
0.5, 0.667498, 0.44, 0.56, 0.647541
0.5, 0.652432, 0.44, 0.56, 0.630503
0.5, 0.6772, 0.44, 0.56, 0.658183
0.5, 0.654124, 0.44, 0.56, 0.642656
0.5, 0.64511, 0.44, 0.56, 0.632463
0.5, 0.682461, 0.44, 0.56, 0.663376
0.5, 0.655498, 0.44, 0.56, 0.6314
0.5, 0.674928, 0.44, 0.56, 0.656194
0.5, 0.672328, 0.44, 0.56, 0.657174
0.5, 0.662387, 0.44, 0.56, 0.642152
0.5, 0.642747, 0.44, 0.56, 0.627037
0.5, 0.682617, 0.44, 0.56, 0.659254
0.5, 0.63232, 0.44, 0.56, 0.623122
0.5, 0.648238, 0.44, 0.56, 0.631937
0.5, 0.689036, 0.44, 0.56, 0.669145
0.5, 0.673081, 0.44, 0.56, 0.662996
0.5, 0.660738, 0.44, 0.56, 0.642983
0.5, 0.652182, 0.44, 0.56, 0.632258
0.5, 0.676206, 0.44, 0.56, 0.649824
0.5, 0.686863, 0.44, 0.56, 0.665536
0.5, 0.631926, 0.44, 0.56, 0.614809
0.5, 0.676416, 0.445, 0.555, 0.663764
0.5, 0.706226, 0.445, 0.555, 0.686056
0.5, 0.660001, 0.445, 0.555, 0.640277
0.5, 0.656667, 0.445, 0.555, 0.641423
0.5, 0.671104, 0.445, 0.555, 0.651019
0.5, 0.70322, 0.445, 0.555, 0.682942
0.5, 0.683719, 0.445, 0.555, 0.664206
0.5, 0.686408, 0.445, 0.555, 0.670491
0.5, 0.672414, 0.445, 0.555, 0.656846
0.5, 0.695769, 0.445, 0.555, 0.676995
0.5, 0.658969, 0.445, 0.555, 0.654132
0.5, 0.678068, 0.445, 0.555, 0.654099
0.5, 0.663994, 0.445, 0.555, 0.642993
0.5, 0.670196, 0.445, 0.555, 0.652657
0.5, 0.69863, 0.445, 0.555, 0.676009
0.5, 0.693561, 0.445, 0.555, 0.671957
0.5, 0.672192, 0.445, 0.555, 0.654036
0.5, 0.671951, 0.445, 0.555, 0.650803
0.5, 0.673908, 0.445, 0.555, 0.650556
0.5, 0.669227, 0.445, 0.555, 0.656813
0.5, 0.700294, 0.445, 0.555, 0.679953
0.5, 0.670043, 0.445, 0.555, 0.653239
0.5, 0.693396, 0.445, 0.555, 0.675361
0.5, 0.707766, 0.445, 0.555, 0.682794
0.5, 0.670616, 0.445, 0.555, 0.654293
0.5, 0.705633, 0.45, 0.55, 0.679321
0.5, 0.697629, 0.45, 0.55, 0.676057
0.5, 0.711182, 0.45, 0.55, 0.69679
0.5, 0.701969, 0.45, 0.55, 0.686316
0.5, 0.689137, 0.45, 0.55, 0.673701
0.5, 0.699287, 0.45, 0.55, 0.680507
0.5, 0.689239, 0.45, 0.55, 0.675058
0.5, 0.710796, 0.45, 0.55, 0.692779
0.5, 0.691592, 0.45, 0.55, 0.676229
0.5, 0.681998, 0.45, 0.55, 0.658884
0.5, 0.70858, 0.45, 0.55, 0.687976
0.5, 0.68796, 0.45, 0.55, 0.665842
0.5, 0.701387, 0.45, 0.55, 0.674455
0.5, 0.717652, 0.45, 0.55, 0.691459
0.5, 0.698134, 0.45, 0.55, 0.677021
0.5, 0.688039, 0.45, 0.55, 0.672407
0.5, 0.726017, 0.45, 0.55, 0.702582
0.5, 0.725277, 0.45, 0.55, 0.696695
0.5, 0.674829, 0.45, 0.55, 0.655947
0.5, 0.711466, 0.45, 0.55, 0.694769
0.5, 0.671287, 0.45, 0.55, 0.653293
0.5, 0.699425, 0.45, 0.55, 0.679338
0.5, 0.707135, 0.45, 0.55, 0.689333
0.5, 0.722931, 0.45, 0.55, 0.70226
0.5, 0.69402, 0.45, 0.55, 0.674759
0.5, 0.777075, 0.455, 0.545, 0.752924
0.5, 0.737155, 0.455, 0.545, 0.715652
0.5, 0.679028, 0.455, 0.545, 0.667911
0.5, 0.733501, 0.455, 0.545, 0.713113
0.5, 0.697074, 0.455, 0.545, 0.678552
0.5, 0.741278, 0.455, 0.545, 0.714979
0.5, 0.730956, 0.455, 0.545, 0.709923
0.5, 0.763326, 0.455, 0.545, 0.738501
0.5, 0.709254, 0.455, 0.545, 0.69349
0.5, 0.737114, 0.455, 0.545, 0.718264
0.5, 0.758818, 0.455, 0.545, 0.732557
0.5, 0.695623, 0.455, 0.545, 0.676448
0.5, 0.700883, 0.455, 0.545, 0.684433
0.5, 0.731228, 0.455, 0.545, 0.713135
0.5, 0.730813, 0.455, 0.545, 0.711741
0.5, 0.732667, 0.455, 0.545, 0.707635
0.5, 0.707785, 0.455, 0.545, 0.692594
0.5, 0.743805, 0.455, 0.545, 0.7173
0.5, 0.708742, 0.455, 0.545, 0.693398
0.5, 0.739983, 0.455, 0.545, 0.71591
0.5, 0.72405, 0.455, 0.545, 0.701575
0.5, 0.715901, 0.455, 0.545, 0.69952
0.5, 0.744122, 0.455, 0.545, 0.72512
0.5, 0.712556, 0.455, 0.545, 0.694553
0.5, 0.705594, 0.455, 0.545, 0.684538
0.5, 0.744611, 0.46, 0.54, 0.725431
0.5, 0.713519, 0.46, 0.54, 0.693326
0.5, 0.721403, 0.46, 0.54, 0.702434
0.5, 0.722188, 0.46, 0.54, 0.708606
0.5, 0.792264, 0.46, 0.54, 0.771989
0.5, 0.70838, 0.46, 0.54, 0.689446
0.5, 0.75279, 0.46, 0.54, 0.739891
0.5, 0.735849, 0.46, 0.54, 0.71296
0.5, 0.721503, 0.46, 0.54, 0.706016
0.5, 0.740669, 0.46, 0.54, 0.722236
0.5, 0.741164, 0.46, 0.54, 0.724234
0.5, 0.753066, 0.46, 0.54, 0.736391
0.5, 0.731527, 0.46, 0.54, 0.714587
0.5, 0.788312, 0.46, 0.54, 0.767116
0.5, 0.716707, 0.46, 0.54, 0.701431
0.5, 0.763707, 0.46, 0.54, 0.742135
0.5, 0.74349, 0.46, 0.54, 0.716835
0.5, 0.751666, 0.46, 0.54, 0.726667
0.5, 0.756615, 0.46, 0.54, 0.736129
0.5, 0.734743, 0.46, 0.54, 0.725119
0.5, 0.754047, 0.46, 0.54, 0.729356
0.5, 0.736442, 0.46, 0.54, 0.717062
0.5, 0.743359, 0.46, 0.54, 0.71818
0.5, 0.743166, 0.46, 0.54, 0.723549
0.5, 0.728703, 0.46, 0.54, 0.709864
0.5, 0.788707, 0.465, 0.535, 0.763439
0.5, 0.783607, 0.465, 0.535, 0.757649
0.5, 0.756523, 0.465, 0.535, 0.732671
0.5, 0.764577, 0.465, 0.535, 0.745084
0.5, 0.770406, 0.465, 0.535, 0.746353
0.5, 0.748608, 0.465, 0.535, 0.727569
0.5, 0.782152, 0.465, 0.535, 0.762302
0.5, 0.782265, 0.465, 0.535, 0.761079
0.5, 0.752615, 0.465, 0.535, 0.730832
0.5, 0.754879, 0.465, 0.535, 0.736424
0.5, 0.770005, 0.465, 0.535, 0.749148
0.5, 0.803177, 0.465, 0.535, 0.782509
0.5, 0.757834, 0.465, 0.535, 0.738308
0.5, 0.748334, 0.465, 0.535, 0.732477
0.5, 0.788734, 0.465, 0.535, 0.766193
0.5, 0.782166, 0.465, 0.535, 0.759698
0.5, 0.782012, 0.465, 0.535, 0.758773
0.5, 0.758538, 0.465, 0.535, 0.741835
0.5, 0.770793, 0.465, 0.535, 0.74916
0.5, 0.746052, 0.465, 0.535, 0.724411
0.5, 0.769519, 0.465, 0.535, 0.74891
0.5, 0.781008, 0.465, 0.535, 0.755056
0.5, 0.749497, 0.465, 0.535, 0.725975
0.5, 0.756395, 0.465, 0.535, 0.7376
0.5, 0.7603, 0.465, 0.535, 0.736204
0.5, 0.797976, 0.47, 0.53, 0.78184
0.5, 0.805543, 0.47, 0.53, 0.779263
0.5, 0.814254, 0.47, 0.53, 0.796949
0.5, 0.776842, 0.47, 0.53, 0.760658
0.5, 0.78785, 0.47, 0.53, 0.767583
0.5, 0.803702, 0.47, 0.53, 0.783248
0.5, 0.794415, 0.47, 0.53, 0.768813
0.5, 0.782401, 0.47, 0.53, 0.762179
0.5, 0.806247, 0.47, 0.53, 0.785221
0.5, 0.788151, 0.47, 0.53, 0.763872
0.5, 0.787128, 0.47, 0.53, 0.768064
0.5, 0.773906, 0.47, 0.53, 0.752869
0.5, 0.782946, 0.47, 0.53, 0.762911
0.5, 0.803757, 0.47, 0.53, 0.779807
0.5, 0.799402, 0.47, 0.53, 0.772988
0.5, 0.822928, 0.47, 0.53, 0.795976
0.5, 0.799142, 0.47, 0.53, 0.778581
0.5, 0.828118, 0.47, 0.53, 0.81141
0.5, 0.789054, 0.47, 0.53, 0.761367
0.5, 0.788483, 0.47, 0.53, 0.765708
0.5, 0.794169, 0.47, 0.53, 0.77233
0.5, 0.811343, 0.47, 0.53, 0.794001
0.5, 0.803736, 0.47, 0.53, 0.781528
0.5, 0.791074, 0.47, 0.53, 0.769579
0.5, 0.777324, 0.47, 0.53, 0.754526
0.5, 0.777135, 0.475, 0.525, 0.74645
0.5, 0.805031, 0.475, 0.525, 0.784838
0.5, 0.794659, 0.475, 0.525, 0.773465
0.5, 0.793182, 0.475, 0.525, 0.76782
0.5, 0.820812, 0.475, 0.525, 0.79332
0.5, 0.870697, 0.475, 0.525, 0.84973
0.5, 0.816183, 0.475, 0.525, 0.793405
0.5, 0.821643, 0.475, 0.525, 0.799369
0.5, 0.844399, 0.475, 0.525, 0.820699
0.5, 0.85179, 0.475, 0.525, 0.82714
0.5, 0.818299, 0.475, 0.525, 0.79263
0.5, 0.841172, 0.475, 0.525, 0.819975
0.5, 0.799058, 0.475, 0.525, 0.773669
0.5, 0.822496, 0.475, 0.525, 0.799468
0.5, 0.812954, 0.475, 0.525, 0.782211
0.5, 0.805326, 0.475, 0.525, 0.785447
0.5, 0.814948, 0.475, 0.525, 0.797783
0.5, 0.854059, 0.475, 0.525, 0.830047
0.5, 0.829973, 0.475, 0.525, 0.805252
0.5, 0.805991, 0.475, 0.525, 0.790151
0.5, 0.848936, 0.475, 0.525, 0.83317
0.5, 0.824469, 0.475, 0.525, 0.799191
0.5, 0.842807, 0.475, 0.525, 0.823182
0.5, 0.839902, 0.475, 0.525, 0.82264
0.5, 0.841341, 0.475, 0.525, 0.824157
0.5, 0.87272, 0.48, 0.52, 0.847869
0.5, 0.880954, 0.48, 0.52, 0.866324
0.5, 0.8282, 0.48, 0.52, 0.809697
0.5, 0.836705, 0.48, 0.52, 0.818669
0.5, 0.889309, 0.48, 0.52, 0.867878
0.5, 0.847341, 0.48, 0.52, 0.825928
0.5, 0.85564, 0.48, 0.52, 0.831836
0.5, 0.846954, 0.48, 0.52, 0.82523
0.5, 0.871622, 0.48, 0.52, 0.852487
0.5, 0.87667, 0.48, 0.52, 0.862358
0.5, 0.861873, 0.48, 0.52, 0.846801
0.5, 0.867297, 0.48, 0.52, 0.845111
0.5, 0.836339, 0.48, 0.52, 0.808299
0.5, 0.850929, 0.48, 0.52, 0.824606
0.5, 0.828641, 0.48, 0.52, 0.806894
0.5, 0.848, 0.48, 0.52, 0.828768
0.5, 0.883441, 0.48, 0.52, 0.861419
0.5, 0.814663, 0.48, 0.52, 0.797708
0.5, 0.873419, 0.48, 0.52, 0.854127
0.5, 0.819125, 0.48, 0.52, 0.798603
0.5, 0.843304, 0.48, 0.52, 0.823965
0.5, 0.847534, 0.48, 0.52, 0.826822
0.5, 0.83707, 0.48, 0.52, 0.809486
0.5, 0.850982, 0.48, 0.52, 0.825432
0.5, 0.842071, 0.48, 0.52, 0.822692
0.5, 0.852, 0.485, 0.515, 0.827061
0.5, 0.904218, 0.485, 0.515, 0.888337
0.5, 0.887643, 0.485, 0.515, 0.864299
0.5, 0.905526, 0.485, 0.515, 0.881285
0.5, 0.881894, 0.485, 0.515, 0.862309
0.5, 0.883301, 0.485, 0.515, 0.864459
0.5, 0.866927, 0.485, 0.515, 0.847286
0.5, 0.82881, 0.485, 0.515, 0.802961
0.5, 0.896503, 0.485, 0.515, 0.874863
0.5, 0.8806, 0.485, 0.515, 0.862413
0.5, 0.86893, 0.485, 0.515, 0.849189
0.5, 0.880661, 0.485, 0.515, 0.864576
0.5, 0.877305, 0.485, 0.515, 0.860785
0.5, 0.873012, 0.485, 0.515, 0.856204
0.5, 0.8348, 0.485, 0.515, 0.817567
0.5, 0.908695, 0.485, 0.515, 0.893989
0.5, 0.887179, 0.485, 0.515, 0.866898
0.5, 0.845214, 0.485, 0.515, 0.826653
0.5, 0.93977, 0.485, 0.515, 0.928152
0.5, 0.916216, 0.485, 0.515, 0.899517
0.5, 0.889491, 0.485, 0.515, 0.869429
0.5, 0.880566, 0.485, 0.515, 0.858639
0.5, 0.898107, 0.485, 0.515, 0.877856
0.5, 0.876115, 0.485, 0.515, 0.85445
0.5, 0.883742, 0.485, 0.515, 0.860257
0.5, 0.921195, 0.49, 0.51, 0.905216
0.5, 0.886502, 0.49, 0.51, 0.866751
0.5, 0.944114, 0.49, 0.51, 0.932686
0.5, 0.938124, 0.49, 0.51, 0.926524
0.5, 0.931067, 0.49, 0.51, 0.917423
0.5, 0.889661, 0.49, 0.51, 0.868777
0.5, 0.90042, 0.49, 0.51, 0.884168
0.5, 0.902893, 0.49, 0.51, 0.88435
0.5, 0.947265, 0.49, 0.51, 0.932149
0.5, 0.935181, 0.49, 0.51, 0.922824
0.5, 0.923475, 0.49, 0.51, 0.908656
0.5, 0.940633, 0.49, 0.51, 0.927533
0.5, 0.934655, 0.49, 0.51, 0.921574
0.5, 0.897464, 0.49, 0.51, 0.878313
0.5, 0.941696, 0.49, 0.51, 0.924103
0.5, 0.908346, 0.49, 0.51, 0.892989
0.5, 0.906131, 0.49, 0.51, 0.886416
0.5, 0.898622, 0.49, 0.51, 0.879071
0.5, 0.918019, 0.49, 0.51, 0.904599
0.5, 0.898791, 0.49, 0.51, 0.88087
0.5, 0.924395, 0.49, 0.51, 0.909645
0.5, 0.903047, 0.49, 0.51, 0.883807
0.5, 0.942822, 0.49, 0.51, 0.928524
0.5, 0.906146, 0.49, 0.51, 0.893181
0.5, 0.920278, 0.49, 0.51, 0.905945
0.5, 0.971825, 0.495, 0.505, 0.96364
0.5, 0.965549, 0.495, 0.505, 0.956758
0.5, 0.926682, 0.495, 0.505, 0.912139
0.5, 0.976797, 0.495, 0.505, 0.970669
0.5, 0.934894, 0.495, 0.505, 0.918854
0.5, 0.902404, 0.495, 0.505, 0.888364
0.5, 0.994618, 0.495, 0.505, 0.99233
0.5, 0.920667, 0.495, 0.505, 0.905811
0.5, 0.94428, 0.495, 0.505, 0.934572
0.5, 0.950332, 0.495, 0.505, 0.93483
0.5, 0.906153, 0.495, 0.505, 0.893057
0.5, 0.935803, 0.495, 0.505, 0.920575
0.5, 0.982883, 0.495, 0.505, 0.978466
0.5, 0.944007, 0.495, 0.505, 0.936325
0.5, 0.948219, 0.495, 0.505, 0.933226
0.5, 0.909555, 0.495, 0.505, 0.895858
0.5, 0.945849, 0.495, 0.505, 0.936946
0.5, 0.940215, 0.495, 0.505, 0.929703
0.5, 0.959717, 0.495, 0.505, 0.949109
0.5, 0.973912, 0.495, 0.505, 0.968966
0.5, 0.906369, 0.495, 0.505, 0.891643
0.5, 0.973216, 0.495, 0.505, 0.967244
0.5, 0.971779, 0.495, 0.505, 0.966966
0.5, 0.980282, 0.495, 0.505, 0.974762
0.5, 0.895851, 0.495, 0.505, 0.878934
0.5, 0.963672, 0.5, 0.5, 0.955939
0.5, 0.978887, 0.5, 0.5, 0.973558
0.5, 0.948944, 0.5, 0.5, 0.935335
0.5, 0.928968, 0.5, 0.5, 0.917951
0.5, 0.98442, 0.5, 0.5, 0.979931
0.5, 0.979044, 0.5, 0.5, 0.974223
0.5, 0.987047, 0.5, 0.5, 0.984013
0.5, 1, 0.5, 0.5, 1
0.5, 0.960654, 0.5, 0.5, 0.954467
0.5, 0.976433, 0.5, 0.5, 0.971145
0.5, 0.973847, 0.5, 0.5, 0.966884
0.5, 0.963482, 0.5, 0.5, 0.953221
0.5, 0.976712, 0.5, 0.5, 0.971351
0.5, 0.996608, 0.5, 0.5, 0.996438
0.5, 0.95232, 0.5, 0.5, 0.941048
0.5, 0.97061, 0.5, 0.5, 0.964199
0.5, 0.948801, 0.5, 0.5, 0.939096
0.5, 0.984269, 0.5, 0.5, 0.980492
0.5, 0.956962, 0.5, 0.5, 0.946823
0.5, 0.92597, 0.5, 0.5, 0.912746
0.5, 0.994863, 0.5, 0.5, 0.993496
0.5, 0.989839, 0.5, 0.5, 0.98962
0.5, 0.956593, 0.5, 0.5, 0.948814
0.5, 0.967637, 0.5, 0.5, 0.961615
0.5, 0.99539, 0.5, 0.5, 0.991745
0.5, 0.985727, 0.505, 0.495, 0.982204
0.5, 0.980693, 0.505, 0.495, 0.97741
0.5, 0.985391, 0.505, 0.495, 0.978826
0.5, 0.978577, 0.505, 0.495, 0.972164
0.5, 0.999697, 0.505, 0.495, 0.999802
0.5, 0.986482, 0.505, 0.495, 0.980947
0.5, 0.982674, 0.505, 0.495, 0.977181
0.5, 0.997691, 0.505, 0.495, 0.997571
0.5, 0.981712, 0.505, 0.495, 0.976726
0.5, 0.995068, 0.505, 0.495, 0.994065
0.5, 0.99687, 0.505, 0.495, 0.995632
0.5, 0.992983, 0.505, 0.495, 0.990833
0.5, 0.974425, 0.505, 0.495, 0.967795
0.5, 0.989504, 0.505, 0.495, 0.985667
0.5, 0.966747, 0.505, 0.495, 0.962547
0.5, 0.999299, 0.505, 0.495, 0.999312
0.5, 0.999083, 0.505, 0.495, 0.998435
0.5, 0.986725, 0.505, 0.495, 0.982877
0.5, 0.996552, 0.505, 0.495, 0.995054
0.5, 0.994401, 0.505, 0.495, 0.993317
0.5, 0.989979, 0.505, 0.495, 0.986716
0.5, 0.999482, 0.505, 0.495, 0.999204
0.5, 0.997948, 0.505, 0.495, 0.997289
0.5, 0.990362, 0.505, 0.495, 0.987813
0.5, 0.98946, 0.505, 0.495, 0.985378
0.75, 0.0031713, 0.005, 0.995, 0.00398188
0.75, 0.00380247, 0.005, 0.995, 0.00384136
0.75, 0.00429893, 0.005, 0.995, 0.00402374
0.75, 0.00416828, 0.005, 0.995, 0.00379292
0.75, 0.00410526, 0.005, 0.995, 0.00437538
0.75, 0.00434188, 0.005, 0.995, 0.00372758
0.75, 0.00355558, 0.005, 0.995, 0.00356211
0.75, 0.00481101, 0.005, 0.995, 0.00435399
0.75, 0.00330001, 0.005, 0.995, 0.00385278
0.75, 0.00291176, 0.005, 0.995, 0.00372796
0.75, 0.00386372, 0.005, 0.995, 0.00344225
0.75, 0.00345993, 0.005, 0.995, 0.00351883
0.75, 0.00488878, 0.005, 0.995, 0.00430452
0.75, 0.00296349, 0.005, 0.995, 0.00313179
0.75, 0.0045451, 0.005, 0.995, 0.00368817
0.75, 0.00390676, 0.005, 0.995, 0.00424422
0.75, 0.00368104, 0.005, 0.995, 0.00370464
0.75, 0.00370643, 0.005, 0.995, 0.00419807
0.75, 0.0033235, 0.005, 0.995, 0.00381507
0.75, 0.0041874, 0.005, 0.995, 0.00447605
0.75, 0.0034494, 0.005, 0.995, 0.00382178
0.75, 0.00393857, 0.005, 0.995, 0.00330463
0.75, 0.00260248, 0.005, 0.995, 0.00335621
0.75, 0.00441827, 0.005, 0.995, 0.00423433
0.75, 0.00352034, 0.005, 0.995, 0.00354451
0.75, 0.00795444, 0.01, 0.99, 0.00785327
0.75, 0.00789228, 0.01, 0.99, 0.0072956
0.75, 0.00764485, 0.01, 0.99, 0.00784216
0.75, 0.00793503, 0.01, 0.99, 0.00897108
0.75, 0.00693933, 0.01, 0.99, 0.00673111
0.75, 0.00946906, 0.01, 0.99, 0.00842923
0.75, 0.00779457, 0.01, 0.99, 0.00784529
0.75, 0.00835525, 0.01, 0.99, 0.00878167
0.75, 0.00731525, 0.01, 0.99, 0.00697581
0.75, 0.00682246, 0.01, 0.99, 0.00682266
0.75, 0.00757162, 0.01, 0.99, 0.00807958
0.75, 0.00752339, 0.01, 0.99, 0.00740405
0.75, 0.00831801, 0.01, 0.99, 0.00797134
0.75, 0.00717542, 0.01, 0.99, 0.0075308
0.75, 0.00764632, 0.01, 0.99, 0.0075582
0.75, 0.00854061, 0.01, 0.99, 0.00788563
0.75, 0.00779452, 0.01, 0.99, 0.00811547
0.75, 0.00691416, 0.01, 0.99, 0.00738455
0.75, 0.00695171, 0.01, 0.99, 0.00711295
0.75, 0.00713938, 0.01, 0.99, 0.00800725
0.75, 0.0083333, 0.01, 0.99, 0.00771471
0.75, 0.00798225, 0.01, 0.99, 0.00857143
0.75, 0.00731468, 0.01, 0.99, 0.00745292
0.75, 0.00783281, 0.01, 0.99, 0.0077016
0.75, 0.00830336, 0.01, 0.99, 0.0074325
0.75, 0.0122297, 0.015, 0.985, 0.0120279
0.75, 0.0125754, 0.015, 0.985, 0.0115475
0.75, 0.0125153, 0.015, 0.985, 0.0122916
0.75, 0.0124649, 0.015, 0.985, 0.0116492
0.75, 0.0115249, 0.015, 0.985, 0.0116983
0.75, 0.0102626, 0.015, 0.985, 0.0117255
0.75, 0.0118075, 0.015, 0.985, 0.0118046
0.75, 0.0109945, 0.015, 0.985, 0.0116666
0.75, 0.0107913, 0.015, 0.985, 0.0116244
0.75, 0.0118669, 0.015, 0.985, 0.0124037
0.75, 0.0106565, 0.015, 0.985, 0.0105868
0.75, 0.0129585, 0.015, 0.985, 0.0121455
0.75, 0.0119817, 0.015, 0.985, 0.0117504
0.75, 0.0128204, 0.015, 0.985, 0.01324
0.75, 0.0107167, 0.015, 0.985, 0.0118946
0.75, 0.0111117, 0.015, 0.985, 0.0120549
0.75, 0.0122448, 0.015, 0.985, 0.0118897
0.75, 0.012021, 0.015, 0.985, 0.0117854
0.75, 0.0125743, 0.015, 0.985, 0.0120445
0.75, 0.0106031, 0.015, 0.985, 0.0102505
0.75, 0.0129156, 0.015, 0.985, 0.0121249
0.75, 0.0115365, 0.015, 0.985, 0.0114849
0.75, 0.0086852, 0.015, 0.985, 0.0106772
0.75, 0.0116362, 0.015, 0.985, 0.0115243
0.75, 0.011984, 0.015, 0.985, 0.0118547
0.75, 0.0170932, 0.02, 0.98, 0.0176392
0.75, 0.0159621, 0.02, 0.98, 0.0145434
0.75, 0.0153444, 0.02, 0.98, 0.0159454
0.75, 0.0177953, 0.02, 0.98, 0.0166435
0.75, 0.0164914, 0.02, 0.98, 0.0153308
0.75, 0.0171702, 0.02, 0.98, 0.0164643
0.75, 0.0149984, 0.02, 0.98, 0.0162184
0.75, 0.0142897, 0.02, 0.98, 0.0140267
0.75, 0.0151374, 0.02, 0.98, 0.0153759
0.75, 0.0173247, 0.02, 0.98, 0.0169535
0.75, 0.0176134, 0.02, 0.98, 0.015369
0.75, 0.0165954, 0.02, 0.98, 0.0159895
0.75, 0.0152422, 0.02, 0.98, 0.0147452
0.75, 0.014585, 0.02, 0.98, 0.0150376
0.75, 0.0137517, 0.02, 0.98, 0.0155523
0.75, 0.0153316, 0.02, 0.98, 0.0166377
0.75, 0.0138324, 0.02, 0.98, 0.0151206
0.75, 0.0155343, 0.02, 0.98, 0.0159381
0.75, 0.0157463, 0.02, 0.98, 0.0160114
0.75, 0.0147639, 0.02, 0.98, 0.0160093
0.75, 0.0146899, 0.02, 0.98, 0.0146242
0.75, 0.0164543, 0.02, 0.98, 0.015873
0.75, 0.0157817, 0.02, 0.98, 0.0153589
0.75, 0.0163619, 0.02, 0.98, 0.0161001
0.75, 0.0154363, 0.02, 0.98, 0.0162871
0.75, 0.0197296, 0.025, 0.975, 0.0194309
0.75, 0.01839, 0.025, 0.975, 0.0189112
0.75, 0.0205756, 0.025, 0.975, 0.0203281
0.75, 0.0198921, 0.025, 0.975, 0.0187912
0.75, 0.0201503, 0.025, 0.975, 0.0201835
0.75, 0.0218556, 0.025, 0.975, 0.0208237
0.75, 0.0209828, 0.025, 0.975, 0.0212734
0.75, 0.0181741, 0.025, 0.975, 0.0183586
0.75, 0.0165334, 0.025, 0.975, 0.017778
0.75, 0.0198723, 0.025, 0.975, 0.0191592
0.75, 0.0201986, 0.025, 0.975, 0.0200113
0.75, 0.0199253, 0.025, 0.975, 0.0210347
0.75, 0.0215956, 0.025, 0.975, 0.0209526
0.75, 0.0196536, 0.025, 0.975, 0.0198192
0.75, 0.0220705, 0.025, 0.975, 0.0225936
0.75, 0.0225988, 0.025, 0.975, 0.0205507
0.75, 0.0194044, 0.025, 0.975, 0.0201736
0.75, 0.0187956, 0.025, 0.975, 0.0185195
0.75, 0.0193783, 0.025, 0.975, 0.0190413
0.75, 0.0188131, 0.025, 0.975, 0.0193625
0.75, 0.0212306, 0.025, 0.975, 0.0198567
0.75, 0.02011, 0.025, 0.975, 0.0198868
0.75, 0.0194308, 0.025, 0.975, 0.0197771
0.75, 0.0202715, 0.025, 0.975, 0.0198539
0.75, 0.0206224, 0.025, 0.975, 0.0206085
0.75, 0.0228168, 0.03, 0.97, 0.0238554
0.75, 0.0272066, 0.03, 0.97, 0.0257159
0.75, 0.0250974, 0.03, 0.97, 0.0258827
0.75, 0.023846, 0.03, 0.97, 0.0246368
0.75, 0.0267334, 0.03, 0.97, 0.0257153
0.75, 0.0226307, 0.03, 0.97, 0.0224742
0.75, 0.0219067, 0.03, 0.97, 0.022077
0.75, 0.0261625, 0.03, 0.97, 0.0252533
0.75, 0.0235385, 0.03, 0.97, 0.0242816
0.75, 0.0240452, 0.03, 0.97, 0.024278
0.75, 0.0224684, 0.03, 0.97, 0.0243155
0.75, 0.023372, 0.03, 0.97, 0.0229379
0.75, 0.0251478, 0.03, 0.97, 0.0242193
0.75, 0.0246309, 0.03, 0.97, 0.0224713
0.75, 0.025556, 0.03, 0.97, 0.0231921
0.75, 0.0245563, 0.03, 0.97, 0.0246369
0.75, 0.0250304, 0.03, 0.97, 0.0245405
0.75, 0.0255105, 0.03, 0.97, 0.0237519
0.75, 0.0222626, 0.03, 0.97, 0.0231986
0.75, 0.0261623, 0.03, 0.97, 0.0231041
0.75, 0.0241488, 0.03, 0.97, 0.0231181
0.75, 0.0237501, 0.03, 0.97, 0.0244292
0.75, 0.0259756, 0.03, 0.97, 0.023521
0.75, 0.0237441, 0.03, 0.97, 0.0242487
0.75, 0.0237249, 0.03, 0.97, 0.0247149
0.75, 0.0298162, 0.035, 0.965, 0.0291011
0.75, 0.0289361, 0.035, 0.965, 0.0286465
0.75, 0.0268128, 0.035, 0.965, 0.0268559
0.75, 0.0268214, 0.035, 0.965, 0.0277347
0.75, 0.0295745, 0.035, 0.965, 0.0279143
0.75, 0.0296224, 0.035, 0.965, 0.0282231
0.75, 0.0280889, 0.035, 0.965, 0.0270728
0.75, 0.0277412, 0.035, 0.965, 0.0288601
0.75, 0.0297517, 0.035, 0.965, 0.0306589
0.75, 0.0271438, 0.035, 0.965, 0.0281647
0.75, 0.0275649, 0.035, 0.965, 0.0271167
0.75, 0.0295128, 0.035, 0.965, 0.0295767
0.75, 0.0304, 0.035, 0.965, 0.0277559
0.75, 0.0277811, 0.035, 0.965, 0.0270677
0.75, 0.02995, 0.035, 0.965, 0.0288582
0.75, 0.0309346, 0.035, 0.965, 0.0295999
0.75, 0.0310022, 0.035, 0.965, 0.0293223
0.75, 0.0322358, 0.035, 0.965, 0.0310572
0.75, 0.0315743, 0.035, 0.965, 0.0288824
0.75, 0.032895, 0.035, 0.965, 0.0298623
0.75, 0.0299049, 0.035, 0.965, 0.027962
0.75, 0.0272019, 0.035, 0.965, 0.029334
0.75, 0.028779, 0.035, 0.965, 0.0292377
0.75, 0.0278137, 0.035, 0.965, 0.0287588
0.75, 0.0295334, 0.035, 0.965, 0.0282017
0.75, 0.0357585, 0.04, 0.96, 0.0346465
0.75, 0.0337282, 0.04, 0.96, 0.031377
0.75, 0.0333261, 0.04, 0.96, 0.0322114
0.75, 0.0323338, 0.04, 0.96, 0.0306251
0.75, 0.0294318, 0.04, 0.96, 0.0310025
0.75, 0.0316705, 0.04, 0.96, 0.0321471
0.75, 0.03317, 0.04, 0.96, 0.0330483
0.75, 0.0325266, 0.04, 0.96, 0.0329027
0.75, 0.0343973, 0.04, 0.96, 0.0337592
0.75, 0.0363967, 0.04, 0.96, 0.0350041
0.75, 0.0346379, 0.04, 0.96, 0.0323017
0.75, 0.0325784, 0.04, 0.96, 0.0316224
0.75, 0.0349389, 0.04, 0.96, 0.0335588
0.75, 0.030406, 0.04, 0.96, 0.0297989
0.75, 0.0332952, 0.04, 0.96, 0.0321279
0.75, 0.0313764, 0.04, 0.96, 0.0317379
0.75, 0.0332178, 0.04, 0.96, 0.0337933
0.75, 0.0300153, 0.04, 0.96, 0.031166
0.75, 0.0332463, 0.04, 0.96, 0.0329917
0.75, 0.0318561, 0.04, 0.96, 0.0307979
0.75, 0.0285355, 0.04, 0.96, 0.0296407
0.75, 0.0324004, 0.04, 0.96, 0.0330535
0.75, 0.0334038, 0.04, 0.96, 0.0324476
0.75, 0.0342897, 0.04, 0.96, 0.0320805
0.75, 0.0288379, 0.04, 0.96, 0.028066
0.75, 0.0323033, 0.045, 0.955, 0.033361
0.75, 0.0366704, 0.045, 0.955, 0.0361646
0.75, 0.0402553, 0.045, 0.955, 0.0386781
0.75, 0.0349947, 0.045, 0.955, 0.0346417
0.75, 0.0366218, 0.045, 0.955, 0.0363827
0.75, 0.036819, 0.045, 0.955, 0.0372851
0.75, 0.033476, 0.045, 0.955, 0.0359116
0.75, 0.0358814, 0.045, 0.955, 0.0364105
0.75, 0.0354502, 0.045, 0.955, 0.0349577
0.75, 0.0352189, 0.045, 0.955, 0.0355126
0.75, 0.0357869, 0.045, 0.955, 0.0351087
0.75, 0.0382412, 0.045, 0.955, 0.0374194
0.75, 0.0348368, 0.045, 0.955, 0.0380907
0.75, 0.0360999, 0.045, 0.955, 0.0369077
0.75, 0.0362088, 0.045, 0.955, 0.0351123
0.75, 0.035073, 0.045, 0.955, 0.0351824
0.75, 0.0355827, 0.045, 0.955, 0.0349191
0.75, 0.0378942, 0.045, 0.955, 0.0355945
0.75, 0.0372969, 0.045, 0.955, 0.0366383
0.75, 0.0341486, 0.045, 0.955, 0.0351974
0.75, 0.0363376, 0.045, 0.955, 0.0354314
0.75, 0.0378141, 0.045, 0.955, 0.038841
0.75, 0.0392907, 0.045, 0.955, 0.0377368
0.75, 0.034846, 0.045, 0.955, 0.0362399
0.75, 0.0420987, 0.045, 0.955, 0.0386622
0.75, 0.0374753, 0.05, 0.95, 0.0376053
0.75, 0.0406595, 0.05, 0.95, 0.0404423
0.75, 0.0458108, 0.05, 0.95, 0.0443745
0.75, 0.0409305, 0.05, 0.95, 0.0414312
0.75, 0.0431425, 0.05, 0.95, 0.0432753
0.75, 0.0395666, 0.05, 0.95, 0.040616
0.75, 0.0379523, 0.05, 0.95, 0.0404427
0.75, 0.0409945, 0.05, 0.95, 0.0402464
0.75, 0.0386146, 0.05, 0.95, 0.0378378
0.75, 0.0449238, 0.05, 0.95, 0.0436601
0.75, 0.042944, 0.05, 0.95, 0.0406658
0.75, 0.0396689, 0.05, 0.95, 0.0391868
0.75, 0.0484636, 0.05, 0.95, 0.0430412
0.75, 0.0434878, 0.05, 0.95, 0.0413746
0.75, 0.0429346, 0.05, 0.95, 0.0435305
0.75, 0.0435779, 0.05, 0.95, 0.0422579
0.75, 0.0411596, 0.05, 0.95, 0.041341
0.75, 0.0401419, 0.05, 0.95, 0.0402979
0.75, 0.043255, 0.05, 0.95, 0.042495
0.75, 0.0428936, 0.05, 0.95, 0.0422381
0.75, 0.0408615, 0.05, 0.95, 0.0402114
0.75, 0.0425207, 0.05, 0.95, 0.0425788
0.75, 0.043237, 0.05, 0.95, 0.04305
0.75, 0.0424513, 0.05, 0.95, 0.0406747
0.75, 0.0436724, 0.05, 0.95, 0.0431835
0.75, 0.0458819, 0.055, 0.945, 0.044224
0.75, 0.0501038, 0.055, 0.945, 0.0458904
0.75, 0.0438805, 0.055, 0.945, 0.0456527
0.75, 0.049915, 0.055, 0.945, 0.0476539
0.75, 0.0489894, 0.055, 0.945, 0.0468635
0.75, 0.0454202, 0.055, 0.945, 0.0452074
0.75, 0.0466118, 0.055, 0.945, 0.0457561
0.75, 0.0482321, 0.055, 0.945, 0.0479819
0.75, 0.0461238, 0.055, 0.945, 0.0464934
0.75, 0.0453975, 0.055, 0.945, 0.0474841
0.75, 0.0520724, 0.055, 0.945, 0.0495724
0.75, 0.0418858, 0.055, 0.945, 0.0423836
0.75, 0.0455733, 0.055, 0.945, 0.0461993
0.75, 0.0461895, 0.055, 0.945, 0.0450757
0.75, 0.043662, 0.055, 0.945, 0.0432887
0.75, 0.044553, 0.055, 0.945, 0.0458623
0.75, 0.0477187, 0.055, 0.945, 0.0442422
0.75, 0.0488941, 0.055, 0.945, 0.0476392
0.75, 0.0461452, 0.055, 0.945, 0.0457706
0.75, 0.0478706, 0.055, 0.945, 0.0459084
0.75, 0.0466848, 0.055, 0.945, 0.0475817
0.75, 0.0452825, 0.055, 0.945, 0.0454142
0.75, 0.0487559, 0.055, 0.945, 0.0496003
0.75, 0.0485995, 0.055, 0.945, 0.0485215
0.75, 0.0441054, 0.055, 0.945, 0.0437055
0.75, 0.0516151, 0.06, 0.94, 0.0522533
0.75, 0.0533559, 0.06, 0.94, 0.0522725
0.75, 0.0564689, 0.06, 0.94, 0.0540296
0.75, 0.0480979, 0.06, 0.94, 0.0492103
0.75, 0.0501684, 0.06, 0.94, 0.0483577
0.75, 0.0546783, 0.06, 0.94, 0.0554883
0.75, 0.0528247, 0.06, 0.94, 0.0518747
0.75, 0.05276, 0.06, 0.94, 0.0492314
0.75, 0.0527195, 0.06, 0.94, 0.0494437
0.75, 0.0523584, 0.06, 0.94, 0.0518008
0.75, 0.048175, 0.06, 0.94, 0.0502646
0.75, 0.0434577, 0.06, 0.94, 0.0472114
0.75, 0.047513, 0.06, 0.94, 0.0494933
0.75, 0.050735, 0.06, 0.94, 0.0498504
0.75, 0.0548754, 0.06, 0.94, 0.0511601
0.75, 0.0498805, 0.06, 0.94, 0.0487523
0.75, 0.0541234, 0.06, 0.94, 0.0537268
0.75, 0.0513318, 0.06, 0.94, 0.0493421
0.75, 0.0498572, 0.06, 0.94, 0.050103
0.75, 0.0525918, 0.06, 0.94, 0.053251
0.75, 0.0478527, 0.06, 0.94, 0.0505586
0.75, 0.0527929, 0.06, 0.94, 0.0503662
0.75, 0.051306, 0.06, 0.94, 0.050594
0.75, 0.0485431, 0.06, 0.94, 0.0498786
0.75, 0.0541802, 0.06, 0.94, 0.0510537
0.75, 0.0556159, 0.065, 0.935, 0.0562852
0.75, 0.0613822, 0.065, 0.935, 0.0597694
0.75, 0.0548862, 0.065, 0.935, 0.0537588
0.75, 0.0547642, 0.065, 0.935, 0.0548097
0.75, 0.0550089, 0.065, 0.935, 0.0537168
0.75, 0.0572919, 0.065, 0.935, 0.0560009
0.75, 0.0544345, 0.065, 0.935, 0.0546945
0.75, 0.0599113, 0.065, 0.935, 0.0570208
0.75, 0.0561112, 0.065, 0.935, 0.0565565
0.75, 0.0518305, 0.065, 0.935, 0.0524343
0.75, 0.0540464, 0.065, 0.935, 0.0543496
0.75, 0.05295, 0.065, 0.935, 0.0541369
0.75, 0.0570041, 0.065, 0.935, 0.0569902
0.75, 0.0581749, 0.065, 0.935, 0.0558928
0.75, 0.0549991, 0.065, 0.935, 0.0558336
0.75, 0.0586811, 0.065, 0.935, 0.0560026
0.75, 0.053195, 0.065, 0.935, 0.0535638
0.75, 0.0567393, 0.065, 0.935, 0.0534714
0.75, 0.0570274, 0.065, 0.935, 0.0540109
0.75, 0.0580668, 0.065, 0.935, 0.0551455
0.75, 0.056797, 0.065, 0.935, 0.0555261
0.75, 0.0604497, 0.065, 0.935, 0.057183
0.75, 0.0596795, 0.065, 0.935, 0.0568888
0.75, 0.0545061, 0.065, 0.935, 0.0558283
0.75, 0.0571162, 0.065, 0.935, 0.0550748
0.75, 0.0585697, 0.07, 0.93, 0.0594494
0.75, 0.0561402, 0.07, 0.93, 0.0583934
0.75, 0.0620635, 0.07, 0.93, 0.0612728
0.75, 0.0604295, 0.07, 0.93, 0.0595104
0.75, 0.0622279, 0.07, 0.93, 0.0598828
0.75, 0.0609104, 0.07, 0.93, 0.0607914
0.75, 0.0555589, 0.07, 0.93, 0.0560497
0.75, 0.0579327, 0.07, 0.93, 0.0587488
0.75, 0.0620368, 0.07, 0.93, 0.0625099
0.75, 0.0596703, 0.07, 0.93, 0.0592006
0.75, 0.0600423, 0.07, 0.93, 0.0595473
0.75, 0.0581811, 0.07, 0.93, 0.0589633
0.75, 0.0582174, 0.07, 0.93, 0.0598953
0.75, 0.061912, 0.07, 0.93, 0.0606887
0.75, 0.0625384, 0.07, 0.93, 0.0626486
0.75, 0.0606418, 0.07, 0.93, 0.0598901
0.75, 0.0607245, 0.07, 0.93, 0.0609199
0.75, 0.0608384, 0.07, 0.93, 0.0602492
0.75, 0.0584127, 0.07, 0.93, 0.0597118
0.75, 0.0621814, 0.07, 0.93, 0.0617099
0.75, 0.0567834, 0.07, 0.93, 0.0585944
0.75, 0.0592002, 0.07, 0.93, 0.0601467
0.75, 0.0593724, 0.07, 0.93, 0.0597372
0.75, 0.0623254, 0.07, 0.93, 0.0600266
0.75, 0.0611214, 0.07, 0.93, 0.0611519
0.75, 0.0633105, 0.075, 0.925, 0.0625334
0.75, 0.0638797, 0.075, 0.925, 0.0660549
0.75, 0.0681912, 0.075, 0.925, 0.0640455
0.75, 0.0616081, 0.075, 0.925, 0.0612147
0.75, 0.0677442, 0.075, 0.925, 0.0663798
0.75, 0.0640558, 0.075, 0.925, 0.0639619
0.75, 0.0648914, 0.075, 0.925, 0.0651098
0.75, 0.0651041, 0.075, 0.925, 0.0647685
0.75, 0.0638488, 0.075, 0.925, 0.0641694
0.75, 0.0620497, 0.075, 0.925, 0.0618823
0.75, 0.0685233, 0.075, 0.925, 0.0652335
0.75, 0.0595096, 0.075, 0.925, 0.0634614
0.75, 0.0634883, 0.075, 0.925, 0.0636431
0.75, 0.0660577, 0.075, 0.925, 0.0643935
0.75, 0.0620483, 0.075, 0.925, 0.06162
0.75, 0.0676122, 0.075, 0.925, 0.0659557
0.75, 0.0662115, 0.075, 0.925, 0.0649509
0.75, 0.0676993, 0.075, 0.925, 0.066681
0.75, 0.0668907, 0.075, 0.925, 0.0635342
0.75, 0.0664067, 0.075, 0.925, 0.0632291
0.75, 0.0665996, 0.075, 0.925, 0.0677395
0.75, 0.0652268, 0.075, 0.925, 0.0645967
0.75, 0.0664563, 0.075, 0.925, 0.06463
0.75, 0.071314, 0.075, 0.925, 0.0677133
0.75, 0.0671819, 0.075, 0.925, 0.0651345
0.75, 0.0736486, 0.08, 0.92, 0.0721819
0.75, 0.0730593, 0.08, 0.92, 0.0715546
0.75, 0.0703736, 0.08, 0.92, 0.0702964
0.75, 0.0738321, 0.08, 0.92, 0.0720837
0.75, 0.0728692, 0.08, 0.92, 0.0705332
0.75, 0.0735485, 0.08, 0.92, 0.0718495
0.75, 0.0731156, 0.08, 0.92, 0.0738015
0.75, 0.0666553, 0.08, 0.92, 0.0684016
0.75, 0.0716883, 0.08, 0.92, 0.072572
0.75, 0.0738763, 0.08, 0.92, 0.0727028
0.75, 0.0693588, 0.08, 0.92, 0.0674211
0.75, 0.0682644, 0.08, 0.92, 0.0684701
0.75, 0.0702227, 0.08, 0.92, 0.0675146
0.75, 0.0736504, 0.08, 0.92, 0.072059
0.75, 0.0757586, 0.08, 0.92, 0.0739214
0.75, 0.0701355, 0.08, 0.92, 0.0692627
0.75, 0.0727341, 0.08, 0.92, 0.0697214
0.75, 0.0724119, 0.08, 0.92, 0.0674866
0.75, 0.0779105, 0.08, 0.92, 0.0719865
0.75, 0.0686889, 0.08, 0.92, 0.0677385
0.75, 0.0756455, 0.08, 0.92, 0.0719775
0.75, 0.0691567, 0.08, 0.92, 0.0688433
0.75, 0.0703998, 0.08, 0.92, 0.0710186
0.75, 0.0700599, 0.08, 0.92, 0.0695941
0.75, 0.071371, 0.08, 0.92, 0.0698602
0.75, 0.0775747, 0.085, 0.915, 0.0752489
0.75, 0.0749656, 0.085, 0.915, 0.0737827
0.75, 0.0740892, 0.085, 0.915, 0.0724038
0.75, 0.0718785, 0.085, 0.915, 0.0726408
0.75, 0.0802698, 0.085, 0.915, 0.0749179
0.75, 0.0768653, 0.085, 0.915, 0.0754308
0.75, 0.0782329, 0.085, 0.915, 0.0774838
0.75, 0.0766887, 0.085, 0.915, 0.0739853
0.75, 0.0755797, 0.085, 0.915, 0.0717999
0.75, 0.0784747, 0.085, 0.915, 0.0762556
0.75, 0.0741095, 0.085, 0.915, 0.0731826
0.75, 0.0762815, 0.085, 0.915, 0.0731851
0.75, 0.0699928, 0.085, 0.915, 0.0717973
0.75, 0.0767557, 0.085, 0.915, 0.0762608
0.75, 0.0716474, 0.085, 0.915, 0.0744234
0.75, 0.0783588, 0.085, 0.915, 0.0768195
0.75, 0.079006, 0.085, 0.915, 0.0766592
0.75, 0.0766285, 0.085, 0.915, 0.0756508
0.75, 0.0768631, 0.085, 0.915, 0.074554
0.75, 0.0741987, 0.085, 0.915, 0.0743359
0.75, 0.0741729, 0.085, 0.915, 0.0735754
0.75, 0.0740421, 0.085, 0.915, 0.0726932
0.75, 0.0745262, 0.085, 0.915, 0.0766941
0.75, 0.0765554, 0.085, 0.915, 0.0766378
0.75, 0.0724889, 0.085, 0.915, 0.0729054
0.75, 0.080034, 0.09, 0.91, 0.0780042
0.75, 0.0746685, 0.09, 0.91, 0.0792111
0.75, 0.0834225, 0.09, 0.91, 0.0816415
0.75, 0.08127, 0.09, 0.91, 0.0823241
0.75, 0.0818404, 0.09, 0.91, 0.0801469
0.75, 0.0778096, 0.09, 0.91, 0.0788785
0.75, 0.080973, 0.09, 0.91, 0.0809299
0.75, 0.0807683, 0.09, 0.91, 0.0792318
0.75, 0.0820485, 0.09, 0.91, 0.0852183
0.75, 0.0803074, 0.09, 0.91, 0.0782974
0.75, 0.0792049, 0.09, 0.91, 0.0781958
0.75, 0.0829871, 0.09, 0.91, 0.0818103
0.75, 0.0832927, 0.09, 0.91, 0.0795724
0.75, 0.0810397, 0.09, 0.91, 0.0791739
0.75, 0.0788649, 0.09, 0.91, 0.0778195
0.75, 0.0827636, 0.09, 0.91, 0.0819601
0.75, 0.0775372, 0.09, 0.91, 0.0790668
0.75, 0.086274, 0.09, 0.91, 0.0837699
0.75, 0.0771437, 0.09, 0.91, 0.0793068
0.75, 0.0777567, 0.09, 0.91, 0.0785144
0.75, 0.0793365, 0.09, 0.91, 0.0783388
0.75, 0.0794539, 0.09, 0.91, 0.0797278
0.75, 0.0853018, 0.09, 0.91, 0.0814875
0.75, 0.0806228, 0.09, 0.91, 0.0784937
0.75, 0.0808723, 0.09, 0.91, 0.0788613
0.75, 0.0856243, 0.095, 0.905, 0.0848522
0.75, 0.086777, 0.095, 0.905, 0.0846356
0.75, 0.0900262, 0.095, 0.905, 0.0863791
0.75, 0.0840266, 0.095, 0.905, 0.0803804
0.75, 0.0909268, 0.095, 0.905, 0.0859963
0.75, 0.084752, 0.095, 0.905, 0.0838258
0.75, 0.0874367, 0.095, 0.905, 0.0872633
0.75, 0.0870728, 0.095, 0.905, 0.0895692
0.75, 0.0835555, 0.095, 0.905, 0.0835224
0.75, 0.0860591, 0.095, 0.905, 0.0852878
0.75, 0.0888521, 0.095, 0.905, 0.0854233
0.75, 0.087879, 0.095, 0.905, 0.0839428
0.75, 0.0854808, 0.095, 0.905, 0.0873007
0.75, 0.0904881, 0.095, 0.905, 0.0867666
0.75, 0.0880673, 0.095, 0.905, 0.0863016
0.75, 0.084605, 0.095, 0.905, 0.0864982
0.75, 0.0815277, 0.095, 0.905, 0.0831217
0.75, 0.0875116, 0.095, 0.905, 0.083724
0.75, 0.0836223, 0.095, 0.905, 0.081741
0.75, 0.0857196, 0.095, 0.905, 0.0854692
0.75, 0.0881521, 0.095, 0.905, 0.0877848
0.75, 0.0820856, 0.095, 0.905, 0.0800022
0.75, 0.0867132, 0.095, 0.905, 0.0861642
0.75, 0.0835137, 0.095, 0.905, 0.0848116
0.75, 0.0931941, 0.095, 0.905, 0.0906795
0.75, 0.0949554, 0.1, 0.9, 0.0902317
0.75, 0.0939981, 0.1, 0.9, 0.0902627
0.75, 0.0917913, 0.1, 0.9, 0.0889144
0.75, 0.0865843, 0.1, 0.9, 0.0891854
0.75, 0.0908693, 0.1, 0.9, 0.0885402
0.75, 0.0857631, 0.1, 0.9, 0.0895449
0.75, 0.0936623, 0.1, 0.9, 0.0929857
0.75, 0.0885278, 0.1, 0.9, 0.0892896
0.75, 0.0909797, 0.1, 0.9, 0.0899594
0.75, 0.0936938, 0.1, 0.9, 0.0937294
0.75, 0.094161, 0.1, 0.9, 0.0894115
0.75, 0.0897417, 0.1, 0.9, 0.0915161
0.75, 0.0828818, 0.1, 0.9, 0.0862351
0.75, 0.0930452, 0.1, 0.9, 0.0915968
0.75, 0.0918907, 0.1, 0.9, 0.0898077
0.75, 0.0934245, 0.1, 0.9, 0.0938009
0.75, 0.0926272, 0.1, 0.9, 0.0897753
0.75, 0.0892737, 0.1, 0.9, 0.0881726
0.75, 0.0928954, 0.1, 0.9, 0.0877582
0.75, 0.0976458, 0.1, 0.9, 0.0948484
0.75, 0.0880772, 0.1, 0.9, 0.0890276
0.75, 0.0935099, 0.1, 0.9, 0.0928397
0.75, 0.0933454, 0.1, 0.9, 0.0902252
0.75, 0.0951101, 0.1, 0.9, 0.0932421
0.75, 0.0906156, 0.1, 0.9, 0.0894487
0.75, 0.0966946, 0.105, 0.895, 0.0938545
0.75, 0.0961596, 0.105, 0.895, 0.0934033
0.75, 0.101118, 0.105, 0.895, 0.0981058
0.75, 0.0899748, 0.105, 0.895, 0.0903852
0.75, 0.0974304, 0.105, 0.895, 0.0952093
0.75, 0.0927764, 0.105, 0.895, 0.0947095
0.75, 0.098324, 0.105, 0.895, 0.0971671
0.75, 0.0944678, 0.105, 0.895, 0.0983408
0.75, 0.0944037, 0.105, 0.895, 0.0937706
0.75, 0.0992986, 0.105, 0.895, 0.0974632
0.75, 0.0906315, 0.105, 0.895, 0.0935895
0.75, 0.0959379, 0.105, 0.895, 0.0943748
0.75, 0.0983106, 0.105, 0.895, 0.0971954
0.75, 0.0997795, 0.105, 0.895, 0.0992194
0.75, 0.0974222, 0.105, 0.895, 0.0971409
0.75, 0.0937042, 0.105, 0.895, 0.0943011
0.75, 0.0962552, 0.105, 0.895, 0.093556
0.75, 0.0936605, 0.105, 0.895, 0.0923978
0.75, 0.0946817, 0.105, 0.895, 0.09346
0.75, 0.0958442, 0.105, 0.895, 0.0960256
0.75, 0.0898086, 0.105, 0.895, 0.0945887
0.75, 0.100217, 0.105, 0.895, 0.0948095
0.75, 0.0940388, 0.105, 0.895, 0.0943271
0.75, 0.0992534, 0.105, 0.895, 0.0977522
0.75, 0.0932397, 0.105, 0.895, 0.0943376
0.75, 0.1099, 0.11, 0.89, 0.104582
0.75, 0.104567, 0.11, 0.89, 0.100359
0.75, 0.0983754, 0.11, 0.89, 0.0980424
0.75, 0.0984785, 0.11, 0.89, 0.0999229
0.75, 0.0998338, 0.11, 0.89, 0.100561
0.75, 0.0998363, 0.11, 0.89, 0.102513
0.75, 0.0999047, 0.11, 0.89, 0.0998787
0.75, 0.103156, 0.11, 0.89, 0.100077
0.75, 0.10175, 0.11, 0.89, 0.100011
0.75, 0.0976373, 0.11, 0.89, 0.0975623
0.75, 0.0961471, 0.11, 0.89, 0.0981457
0.75, 0.0958462, 0.11, 0.89, 0.0984991
0.75, 0.100399, 0.11, 0.89, 0.100467
0.75, 0.099284, 0.11, 0.89, 0.100708
0.75, 0.104214, 0.11, 0.89, 0.105078
0.75, 0.102033, 0.11, 0.89, 0.105649
0.75, 0.0971433, 0.11, 0.89, 0.100588
0.75, 0.10061, 0.11, 0.89, 0.099606
0.75, 0.100132, 0.11, 0.89, 0.100221
0.75, 0.103511, 0.11, 0.89, 0.104094
0.75, 0.101126, 0.11, 0.89, 0.101355
0.75, 0.099249, 0.11, 0.89, 0.0976201
0.75, 0.0923516, 0.11, 0.89, 0.0939133
0.75, 0.102592, 0.11, 0.89, 0.0992673
0.75, 0.0982573, 0.11, 0.89, 0.0998445
0.75, 0.106319, 0.115, 0.885, 0.107392
0.75, 0.108932, 0.115, 0.885, 0.106279
0.75, 0.10794, 0.115, 0.885, 0.105565
0.75, 0.107117, 0.115, 0.885, 0.105125
0.75, 0.105124, 0.115, 0.885, 0.104346
0.75, 0.108138, 0.115, 0.885, 0.107634
0.75, 0.102439, 0.115, 0.885, 0.105397
0.75, 0.106208, 0.115, 0.885, 0.104817
0.75, 0.110161, 0.115, 0.885, 0.105529
0.75, 0.100394, 0.115, 0.885, 0.103935
0.75, 0.108348, 0.115, 0.885, 0.108476
0.75, 0.102476, 0.115, 0.885, 0.104518
0.75, 0.111861, 0.115, 0.885, 0.109321
0.75, 0.110171, 0.115, 0.885, 0.105972
0.75, 0.104927, 0.115, 0.885, 0.10429
0.75, 0.101939, 0.115, 0.885, 0.104813
0.75, 0.109417, 0.115, 0.885, 0.108733
0.75, 0.104645, 0.115, 0.885, 0.105008
0.75, 0.112628, 0.115, 0.885, 0.10751
0.75, 0.103475, 0.115, 0.885, 0.106361
0.75, 0.102108, 0.115, 0.885, 0.101872
0.75, 0.101218, 0.115, 0.885, 0.102091
0.75, 0.105985, 0.115, 0.885, 0.10395
0.75, 0.101233, 0.115, 0.885, 0.102152
0.75, 0.114966, 0.115, 0.885, 0.112574
0.75, 0.111835, 0.12, 0.88, 0.111185
0.75, 0.112275, 0.12, 0.88, 0.110086
0.75, 0.121634, 0.12, 0.88, 0.11502
0.75, 0.111724, 0.12, 0.88, 0.109781
0.75, 0.111299, 0.12, 0.88, 0.109846
0.75, 0.120613, 0.12, 0.88, 0.114526
0.75, 0.114579, 0.12, 0.88, 0.115056
0.75, 0.11064, 0.12, 0.88, 0.114489
0.75, 0.113198, 0.12, 0.88, 0.113083
0.75, 0.114345, 0.12, 0.88, 0.116678
0.75, 0.111532, 0.12, 0.88, 0.110553
0.75, 0.112221, 0.12, 0.88, 0.113736
0.75, 0.120929, 0.12, 0.88, 0.117085
0.75, 0.113642, 0.12, 0.88, 0.111307
0.75, 0.109971, 0.12, 0.88, 0.112548
0.75, 0.111418, 0.12, 0.88, 0.111646
0.75, 0.104414, 0.12, 0.88, 0.106552
0.75, 0.115498, 0.12, 0.88, 0.113926
0.75, 0.117771, 0.12, 0.88, 0.113517
0.75, 0.108159, 0.12, 0.88, 0.108655
0.75, 0.117636, 0.12, 0.88, 0.115148
0.75, 0.112125, 0.12, 0.88, 0.113128
0.75, 0.110878, 0.12, 0.88, 0.111805
0.75, 0.114901, 0.12, 0.88, 0.111142
0.75, 0.116825, 0.12, 0.88, 0.115065
0.75, 0.115186, 0.125, 0.875, 0.117663
0.75, 0.113506, 0.125, 0.875, 0.113219
0.75, 0.125567, 0.125, 0.875, 0.122883
0.75, 0.119977, 0.125, 0.875, 0.119551
0.75, 0.117149, 0.125, 0.875, 0.113605
0.75, 0.117244, 0.125, 0.875, 0.114755
0.75, 0.11496, 0.125, 0.875, 0.116503
0.75, 0.121557, 0.125, 0.875, 0.119991
0.75, 0.120667, 0.125, 0.875, 0.119677
0.75, 0.120059, 0.125, 0.875, 0.119174
0.75, 0.118376, 0.125, 0.875, 0.116824
0.75, 0.109944, 0.125, 0.875, 0.112856
0.75, 0.115552, 0.125, 0.875, 0.116234
0.75, 0.114797, 0.125, 0.875, 0.114116
0.75, 0.120067, 0.125, 0.875, 0.117875
0.75, 0.117919, 0.125, 0.875, 0.117077
0.75, 0.115627, 0.125, 0.875, 0.115868
0.75, 0.119219, 0.125, 0.875, 0.116003
0.75, 0.11282, 0.125, 0.875, 0.11543
0.75, 0.121309, 0.125, 0.875, 0.121353
0.75, 0.120748, 0.125, 0.875, 0.118016
0.75, 0.118106, 0.125, 0.875, 0.117223
0.75, 0.121224, 0.125, 0.875, 0.121379
0.75, 0.116854, 0.125, 0.875, 0.114465
0.75, 0.116739, 0.125, 0.875, 0.120254
0.75, 0.127576, 0.13, 0.87, 0.125749
0.75, 0.123567, 0.13, 0.87, 0.122494
0.75, 0.119235, 0.13, 0.87, 0.120364
0.75, 0.125689, 0.13, 0.87, 0.122545
0.75, 0.12022, 0.13, 0.87, 0.123788
0.75, 0.122138, 0.13, 0.87, 0.120753
0.75, 0.121458, 0.13, 0.87, 0.124412
0.75, 0.12023, 0.13, 0.87, 0.122583
0.75, 0.120023, 0.13, 0.87, 0.120652
0.75, 0.117848, 0.13, 0.87, 0.117445
0.75, 0.120326, 0.13, 0.87, 0.122405
0.75, 0.122102, 0.13, 0.87, 0.12316
0.75, 0.12499, 0.13, 0.87, 0.125732
0.75, 0.122486, 0.13, 0.87, 0.121323
0.75, 0.119627, 0.13, 0.87, 0.119845
0.75, 0.124368, 0.13, 0.87, 0.123138
0.75, 0.121726, 0.13, 0.87, 0.121769
0.75, 0.124148, 0.13, 0.87, 0.122332
0.75, 0.119749, 0.13, 0.87, 0.11996
0.75, 0.125743, 0.13, 0.87, 0.126251
0.75, 0.125322, 0.13, 0.87, 0.128146
0.75, 0.116287, 0.13, 0.87, 0.117568
0.75, 0.122718, 0.13, 0.87, 0.121455
0.75, 0.1228, 0.13, 0.87, 0.125314
0.75, 0.125776, 0.13, 0.87, 0.124706
0.75, 0.127612, 0.135, 0.865, 0.12768
0.75, 0.125861, 0.135, 0.865, 0.123775
0.75, 0.127857, 0.135, 0.865, 0.125805
0.75, 0.124089, 0.135, 0.865, 0.125035
0.75, 0.129872, 0.135, 0.865, 0.130637
0.75, 0.134008, 0.135, 0.865, 0.129288
0.75, 0.136026, 0.135, 0.865, 0.136893
0.75, 0.133066, 0.135, 0.865, 0.13204
0.75, 0.124167, 0.135, 0.865, 0.125729
0.75, 0.135362, 0.135, 0.865, 0.132249
0.75, 0.132336, 0.135, 0.865, 0.129203
0.75, 0.128192, 0.135, 0.865, 0.126007
0.75, 0.127023, 0.135, 0.865, 0.125409
0.75, 0.125576, 0.135, 0.865, 0.125752
0.75, 0.122235, 0.135, 0.865, 0.127352
0.75, 0.129634, 0.135, 0.865, 0.128884
0.75, 0.127396, 0.135, 0.865, 0.12785
0.75, 0.137865, 0.135, 0.865, 0.131866
0.75, 0.133226, 0.135, 0.865, 0.130734
0.75, 0.126289, 0.135, 0.865, 0.128749
0.75, 0.126402, 0.135, 0.865, 0.128434
0.75, 0.12893, 0.135, 0.865, 0.125887
0.75, 0.131496, 0.135, 0.865, 0.128917
0.75, 0.127602, 0.135, 0.865, 0.128393
0.75, 0.12064, 0.135, 0.865, 0.121378
0.75, 0.134034, 0.14, 0.86, 0.130002
0.75, 0.132942, 0.14, 0.86, 0.131717
0.75, 0.13063, 0.14, 0.86, 0.131262
0.75, 0.135251, 0.14, 0.86, 0.134011
0.75, 0.1341, 0.14, 0.86, 0.132332
0.75, 0.124615, 0.14, 0.86, 0.124392
0.75, 0.137329, 0.14, 0.86, 0.137246
0.75, 0.135519, 0.14, 0.86, 0.132487
0.75, 0.133616, 0.14, 0.86, 0.131273
0.75, 0.138116, 0.14, 0.86, 0.131453
0.75, 0.130957, 0.14, 0.86, 0.134712
0.75, 0.130199, 0.14, 0.86, 0.132309
0.75, 0.134458, 0.14, 0.86, 0.134339
0.75, 0.135429, 0.14, 0.86, 0.130171
0.75, 0.138841, 0.14, 0.86, 0.13441
0.75, 0.134463, 0.14, 0.86, 0.136736
0.75, 0.142726, 0.14, 0.86, 0.137504
0.75, 0.13875, 0.14, 0.86, 0.134954
0.75, 0.134034, 0.14, 0.86, 0.132292
0.75, 0.133875, 0.14, 0.86, 0.131385
0.75, 0.130835, 0.14, 0.86, 0.13469
0.75, 0.129155, 0.14, 0.86, 0.132057
0.75, 0.132005, 0.14, 0.86, 0.134204
0.75, 0.133043, 0.14, 0.86, 0.134122
0.75, 0.133415, 0.14, 0.86, 0.134394
0.75, 0.141185, 0.145, 0.855, 0.14008
0.75, 0.1356, 0.145, 0.855, 0.138334
0.75, 0.140576, 0.145, 0.855, 0.142509
0.75, 0.144262, 0.145, 0.855, 0.141927
0.75, 0.135467, 0.145, 0.855, 0.137029
0.75, 0.135227, 0.145, 0.855, 0.136527
0.75, 0.137901, 0.145, 0.855, 0.137396
0.75, 0.142332, 0.145, 0.855, 0.139749
0.75, 0.14556, 0.145, 0.855, 0.140218
0.75, 0.134443, 0.145, 0.855, 0.140158
0.75, 0.140561, 0.145, 0.855, 0.140148
0.75, 0.145988, 0.145, 0.855, 0.147134
0.75, 0.137993, 0.145, 0.855, 0.138159
0.75, 0.134907, 0.145, 0.855, 0.139243
0.75, 0.146549, 0.145, 0.855, 0.143462
0.75, 0.139198, 0.145, 0.855, 0.137347
0.75, 0.139036, 0.145, 0.855, 0.138458
0.75, 0.139624, 0.145, 0.855, 0.142881
0.75, 0.143692, 0.145, 0.855, 0.144336
0.75, 0.141986, 0.145, 0.855, 0.138286
0.75, 0.144916, 0.145, 0.855, 0.143258
0.75, 0.136976, 0.145, 0.855, 0.140297
0.75, 0.141542, 0.145, 0.855, 0.142127
0.75, 0.136171, 0.145, 0.855, 0.139435
0.75, 0.134879, 0.145, 0.855, 0.138964
0.75, 0.148666, 0.15, 0.85, 0.14842
0.75, 0.143217, 0.15, 0.85, 0.139511
0.75, 0.144618, 0.15, 0.85, 0.139163
0.75, 0.144465, 0.15, 0.85, 0.142501
0.75, 0.142548, 0.15, 0.85, 0.143332
0.75, 0.151204, 0.15, 0.85, 0.144561
0.75, 0.146279, 0.15, 0.85, 0.145134
0.75, 0.145546, 0.15, 0.85, 0.142784
0.75, 0.151128, 0.15, 0.85, 0.149035
0.75, 0.144244, 0.15, 0.85, 0.146322
0.75, 0.143524, 0.15, 0.85, 0.143535
0.75, 0.143607, 0.15, 0.85, 0.14165
0.75, 0.145535, 0.15, 0.85, 0.143413
0.75, 0.156556, 0.15, 0.85, 0.150929
0.75, 0.144255, 0.15, 0.85, 0.143992
0.75, 0.147231, 0.15, 0.85, 0.143351
0.75, 0.14115, 0.15, 0.85, 0.146178
0.75, 0.157151, 0.15, 0.85, 0.151885
0.75, 0.149766, 0.15, 0.85, 0.149376
0.75, 0.144005, 0.15, 0.85, 0.147036
0.75, 0.149725, 0.15, 0.85, 0.146963
0.75, 0.146359, 0.15, 0.85, 0.146691
0.75, 0.148516, 0.15, 0.85, 0.144644
0.75, 0.14055, 0.15, 0.85, 0.142662
0.75, 0.143948, 0.15, 0.85, 0.138493
0.75, 0.14841, 0.155, 0.845, 0.147944
0.75, 0.149832, 0.155, 0.845, 0.151561
0.75, 0.154574, 0.155, 0.845, 0.153692
0.75, 0.152755, 0.155, 0.845, 0.153009
0.75, 0.157301, 0.155, 0.845, 0.153523
0.75, 0.152518, 0.155, 0.845, 0.147694
0.75, 0.161745, 0.155, 0.845, 0.155932
0.75, 0.150119, 0.155, 0.845, 0.14345
0.75, 0.151972, 0.155, 0.845, 0.150967
0.75, 0.153681, 0.155, 0.845, 0.15107
0.75, 0.153359, 0.155, 0.845, 0.154057
0.75, 0.151084, 0.155, 0.845, 0.151092
0.75, 0.152088, 0.155, 0.845, 0.151785
0.75, 0.150839, 0.155, 0.845, 0.148627
0.75, 0.154638, 0.155, 0.845, 0.155018
0.75, 0.156677, 0.155, 0.845, 0.159399
0.75, 0.158915, 0.155, 0.845, 0.155501
0.75, 0.152179, 0.155, 0.845, 0.152842
0.75, 0.15659, 0.155, 0.845, 0.152976
0.75, 0.156189, 0.155, 0.845, 0.155888
0.75, 0.152954, 0.155, 0.845, 0.149772
0.75, 0.147699, 0.155, 0.845, 0.153003
0.75, 0.159815, 0.155, 0.845, 0.151677
0.75, 0.153152, 0.155, 0.845, 0.151323
0.75, 0.158875, 0.155, 0.845, 0.159396
0.75, 0.154583, 0.16, 0.84, 0.154132
0.75, 0.151303, 0.16, 0.84, 0.153128
0.75, 0.161991, 0.16, 0.84, 0.161981
0.75, 0.16099, 0.16, 0.84, 0.155617
0.75, 0.159391, 0.16, 0.84, 0.156303
0.75, 0.157551, 0.16, 0.84, 0.160191
0.75, 0.1506, 0.16, 0.84, 0.150048
0.75, 0.156271, 0.16, 0.84, 0.155891
0.75, 0.152937, 0.16, 0.84, 0.151273
0.75, 0.152665, 0.16, 0.84, 0.154306
0.75, 0.157696, 0.16, 0.84, 0.15644
0.75, 0.154496, 0.16, 0.84, 0.153028
0.75, 0.1579, 0.16, 0.84, 0.160365
0.75, 0.15451, 0.16, 0.84, 0.158386
0.75, 0.156684, 0.16, 0.84, 0.156513
0.75, 0.157401, 0.16, 0.84, 0.1601
0.75, 0.15838, 0.16, 0.84, 0.158216
0.75, 0.16225, 0.16, 0.84, 0.161395
0.75, 0.163297, 0.16, 0.84, 0.158679
0.75, 0.153445, 0.16, 0.84, 0.155417
0.75, 0.155052, 0.16, 0.84, 0.152884
0.75, 0.165373, 0.16, 0.84, 0.163626
0.75, 0.163847, 0.16, 0.84, 0.160696
0.75, 0.166329, 0.16, 0.84, 0.162914
0.75, 0.156583, 0.16, 0.84, 0.15829
0.75, 0.170399, 0.165, 0.835, 0.169662
0.75, 0.166479, 0.165, 0.835, 0.164142
0.75, 0.174157, 0.165, 0.835, 0.167776
0.75, 0.170558, 0.165, 0.835, 0.168524
0.75, 0.169281, 0.165, 0.835, 0.16479
0.75, 0.163198, 0.165, 0.835, 0.160904
0.75, 0.163982, 0.165, 0.835, 0.162668
0.75, 0.171682, 0.165, 0.835, 0.17004
0.75, 0.163789, 0.165, 0.835, 0.164704
0.75, 0.170058, 0.165, 0.835, 0.169016
0.75, 0.162601, 0.165, 0.835, 0.162704
0.75, 0.160988, 0.165, 0.835, 0.167691
0.75, 0.169939, 0.165, 0.835, 0.168076
0.75, 0.161805, 0.165, 0.835, 0.165517
0.75, 0.162298, 0.165, 0.835, 0.161056
0.75, 0.171355, 0.165, 0.835, 0.165411
0.75, 0.161788, 0.165, 0.835, 0.158379
0.75, 0.170458, 0.165, 0.835, 0.170616
0.75, 0.168095, 0.165, 0.835, 0.164683
0.75, 0.151748, 0.165, 0.835, 0.156259
0.75, 0.167949, 0.165, 0.835, 0.16492
0.75, 0.173183, 0.165, 0.835, 0.169371
0.75, 0.166645, 0.165, 0.835, 0.168525
0.75, 0.157487, 0.165, 0.835, 0.159796
0.75, 0.168566, 0.165, 0.835, 0.166801
0.75, 0.169658, 0.17, 0.83, 0.171401
0.75, 0.16702, 0.17, 0.83, 0.16715
0.75, 0.166876, 0.17, 0.83, 0.168518
0.75, 0.16973, 0.17, 0.83, 0.169585
0.75, 0.1685, 0.17, 0.83, 0.167315
0.75, 0.169786, 0.17, 0.83, 0.168299
0.75, 0.164151, 0.17, 0.83, 0.166123
0.75, 0.171112, 0.17, 0.83, 0.169097
0.75, 0.166049, 0.17, 0.83, 0.168011
0.75, 0.1684, 0.17, 0.83, 0.169044
0.75, 0.170543, 0.17, 0.83, 0.17096
0.75, 0.168811, 0.17, 0.83, 0.166866
0.75, 0.169783, 0.17, 0.83, 0.166274
0.75, 0.171424, 0.17, 0.83, 0.17086
0.75, 0.163932, 0.17, 0.83, 0.167737
0.75, 0.172882, 0.17, 0.83, 0.170563
0.75, 0.167223, 0.17, 0.83, 0.170404
0.75, 0.164197, 0.17, 0.83, 0.170839
0.75, 0.168467, 0.17, 0.83, 0.169512
0.75, 0.166738, 0.17, 0.83, 0.163134
0.75, 0.177799, 0.17, 0.83, 0.176464
0.75, 0.174937, 0.17, 0.83, 0.172065
0.75, 0.171045, 0.17, 0.83, 0.171322
0.75, 0.170159, 0.17, 0.83, 0.170304
0.75, 0.168915, 0.17, 0.83, 0.169419
0.75, 0.183014, 0.175, 0.825, 0.177001
0.75, 0.174903, 0.175, 0.825, 0.177831
0.75, 0.17603, 0.175, 0.825, 0.174269
0.75, 0.184409, 0.175, 0.825, 0.183245
0.75, 0.176974, 0.175, 0.825, 0.178237
0.75, 0.178096, 0.175, 0.825, 0.178239
0.75, 0.189063, 0.175, 0.825, 0.181507
0.75, 0.182532, 0.175, 0.825, 0.179762
0.75, 0.177684, 0.175, 0.825, 0.178709
0.75, 0.177925, 0.175, 0.825, 0.179514
0.75, 0.176895, 0.175, 0.825, 0.178475
0.75, 0.1756, 0.175, 0.825, 0.175445
0.75, 0.177863, 0.175, 0.825, 0.177441
0.75, 0.178839, 0.175, 0.825, 0.179039
0.75, 0.180688, 0.175, 0.825, 0.181289
0.75, 0.184822, 0.175, 0.825, 0.178419
0.75, 0.170668, 0.175, 0.825, 0.176291
0.75, 0.184352, 0.175, 0.825, 0.179598
0.75, 0.173445, 0.175, 0.825, 0.170623
0.75, 0.177079, 0.175, 0.825, 0.179098
0.75, 0.185022, 0.175, 0.825, 0.179798
0.75, 0.184296, 0.175, 0.825, 0.180393
0.75, 0.182474, 0.175, 0.825, 0.178836
0.75, 0.178671, 0.175, 0.825, 0.182371
0.75, 0.18064, 0.175, 0.825, 0.176862
0.75, 0.183691, 0.18, 0.82, 0.184428
0.75, 0.183417, 0.18, 0.82, 0.184131
0.75, 0.187816, 0.18, 0.82, 0.185571
0.75, 0.183865, 0.18, 0.82, 0.182854
0.75, 0.182827, 0.18, 0.82, 0.182475
0.75, 0.18115, 0.18, 0.82, 0.179663
0.75, 0.180019, 0.18, 0.82, 0.178684
0.75, 0.185099, 0.18, 0.82, 0.18434
0.75, 0.186456, 0.18, 0.82, 0.18471
0.75, 0.180664, 0.18, 0.82, 0.182875
0.75, 0.180789, 0.18, 0.82, 0.181792
0.75, 0.183555, 0.18, 0.82, 0.185626
0.75, 0.184503, 0.18, 0.82, 0.18328
0.75, 0.179656, 0.18, 0.82, 0.182903
0.75, 0.185371, 0.18, 0.82, 0.180694
0.75, 0.191015, 0.18, 0.82, 0.185718
0.75, 0.187307, 0.18, 0.82, 0.182197
0.75, 0.178633, 0.18, 0.82, 0.178968
0.75, 0.178611, 0.18, 0.82, 0.185005
0.75, 0.177009, 0.18, 0.82, 0.179277
0.75, 0.184243, 0.18, 0.82, 0.184493
0.75, 0.183105, 0.18, 0.82, 0.181334
0.75, 0.183881, 0.18, 0.82, 0.186139
0.75, 0.176554, 0.18, 0.82, 0.178939
0.75, 0.18569, 0.18, 0.82, 0.183396
0.75, 0.189456, 0.185, 0.815, 0.1885
0.75, 0.189275, 0.185, 0.815, 0.189119
0.75, 0.186524, 0.185, 0.815, 0.185878
0.75, 0.184828, 0.185, 0.815, 0.185482
0.75, 0.192143, 0.185, 0.815, 0.192372
0.75, 0.183762, 0.185, 0.815, 0.18497
0.75, 0.19224, 0.185, 0.815, 0.187888
0.75, 0.191275, 0.185, 0.815, 0.189612
0.75, 0.1872, 0.185, 0.815, 0.186412
0.75, 0.189276, 0.185, 0.815, 0.188514
0.75, 0.18084, 0.185, 0.815, 0.184003
0.75, 0.189941, 0.185, 0.815, 0.187397
0.75, 0.191584, 0.185, 0.815, 0.19092
0.75, 0.18613, 0.185, 0.815, 0.183638
0.75, 0.187585, 0.185, 0.815, 0.185005
0.75, 0.181393, 0.185, 0.815, 0.186468
0.75, 0.192904, 0.185, 0.815, 0.1919
0.75, 0.184255, 0.185, 0.815, 0.18583
0.75, 0.185157, 0.185, 0.815, 0.187602
0.75, 0.192873, 0.185, 0.815, 0.188285
0.75, 0.187172, 0.185, 0.815, 0.186639
0.75, 0.183333, 0.185, 0.815, 0.185968
0.75, 0.188572, 0.185, 0.815, 0.189772
0.75, 0.186881, 0.185, 0.815, 0.18951
0.75, 0.188346, 0.185, 0.815, 0.186428
0.75, 0.194283, 0.19, 0.81, 0.197405
0.75, 0.189613, 0.19, 0.81, 0.192852
0.75, 0.192255, 0.19, 0.81, 0.190997
0.75, 0.187076, 0.19, 0.81, 0.192534
0.75, 0.195465, 0.19, 0.81, 0.192426
0.75, 0.192005, 0.19, 0.81, 0.192887
0.75, 0.193599, 0.19, 0.81, 0.197357
0.75, 0.196656, 0.19, 0.81, 0.192935
0.75, 0.197378, 0.19, 0.81, 0.192225
0.75, 0.192618, 0.19, 0.81, 0.192702
0.75, 0.194286, 0.19, 0.81, 0.193461
0.75, 0.194996, 0.19, 0.81, 0.193808
0.75, 0.194637, 0.19, 0.81, 0.196725
0.75, 0.192729, 0.19, 0.81, 0.194663
0.75, 0.198276, 0.19, 0.81, 0.195224
0.75, 0.200743, 0.19, 0.81, 0.195879
0.75, 0.195776, 0.19, 0.81, 0.200537
0.75, 0.198707, 0.19, 0.81, 0.19379
0.75, 0.19502, 0.19, 0.81, 0.193261
0.75, 0.194877, 0.19, 0.81, 0.189858
0.75, 0.194009, 0.19, 0.81, 0.19163
0.75, 0.195259, 0.19, 0.81, 0.19648
0.75, 0.194424, 0.19, 0.81, 0.192159
0.75, 0.19719, 0.19, 0.81, 0.195415
0.75, 0.200963, 0.19, 0.81, 0.199941
0.75, 0.209246, 0.195, 0.805, 0.204082
0.75, 0.198922, 0.195, 0.805, 0.200768
0.75, 0.203786, 0.195, 0.805, 0.201988
0.75, 0.201692, 0.195, 0.805, 0.198251
0.75, 0.201855, 0.195, 0.805, 0.197538
0.75, 0.198341, 0.195, 0.805, 0.201151
0.75, 0.196981, 0.195, 0.805, 0.198902
0.75, 0.201307, 0.195, 0.805, 0.204569
0.75, 0.203916, 0.195, 0.805, 0.202605
0.75, 0.19562, 0.195, 0.805, 0.199686
0.75, 0.203887, 0.195, 0.805, 0.201348
0.75, 0.197877, 0.195, 0.805, 0.197185
0.75, 0.203084, 0.195, 0.805, 0.204012
0.75, 0.199711, 0.195, 0.805, 0.202466
0.75, 0.19524, 0.195, 0.805, 0.197488
0.75, 0.197013, 0.195, 0.805, 0.194794
0.75, 0.205599, 0.195, 0.805, 0.202199
0.75, 0.203354, 0.195, 0.805, 0.202787
0.75, 0.203214, 0.195, 0.805, 0.204689
0.75, 0.199363, 0.195, 0.805, 0.198915
0.75, 0.209897, 0.195, 0.805, 0.207263
0.75, 0.208482, 0.195, 0.805, 0.206128
0.75, 0.197789, 0.195, 0.805, 0.198064
0.75, 0.200469, 0.195, 0.805, 0.208053
0.75, 0.207216, 0.195, 0.805, 0.204904
0.75, 0.199648, 0.2, 0.8, 0.202314
0.75, 0.209929, 0.2, 0.8, 0.209988
0.75, 0.212021, 0.2, 0.8, 0.209719
0.75, 0.210034, 0.2, 0.8, 0.203822
0.75, 0.204279, 0.2, 0.8, 0.203585
0.75, 0.207808, 0.2, 0.8, 0.210013
0.75, 0.207721, 0.2, 0.8, 0.210276
0.75, 0.208301, 0.2, 0.8, 0.20494
0.75, 0.209407, 0.2, 0.8, 0.206245
0.75, 0.207393, 0.2, 0.8, 0.204523
0.75, 0.209225, 0.2, 0.8, 0.21124
0.75, 0.216331, 0.2, 0.8, 0.21114
0.75, 0.206699, 0.2, 0.8, 0.206147
0.75, 0.207999, 0.2, 0.8, 0.207934
0.75, 0.211162, 0.2, 0.8, 0.211811
0.75, 0.205807, 0.2, 0.8, 0.205964
0.75, 0.211807, 0.2, 0.8, 0.206278
0.75, 0.201573, 0.2, 0.8, 0.205157
0.75, 0.211176, 0.2, 0.8, 0.205698
0.75, 0.213794, 0.2, 0.8, 0.214239
0.75, 0.202734, 0.2, 0.8, 0.206173
0.75, 0.212191, 0.2, 0.8, 0.20968
0.75, 0.204606, 0.2, 0.8, 0.208011
0.75, 0.213893, 0.2, 0.8, 0.211446
0.75, 0.203637, 0.2, 0.8, 0.204529
0.75, 0.213592, 0.205, 0.795, 0.216346
0.75, 0.20942, 0.205, 0.795, 0.212151
0.75, 0.208681, 0.205, 0.795, 0.215508
0.75, 0.215391, 0.205, 0.795, 0.215298
0.75, 0.219753, 0.205, 0.795, 0.220877
0.75, 0.213409, 0.205, 0.795, 0.211836
0.75, 0.219149, 0.205, 0.795, 0.21805
0.75, 0.215568, 0.205, 0.795, 0.215241
0.75, 0.220384, 0.205, 0.795, 0.218848
0.75, 0.205992, 0.205, 0.795, 0.211044
0.75, 0.218577, 0.205, 0.795, 0.217314
0.75, 0.221397, 0.205, 0.795, 0.222775
0.75, 0.207637, 0.205, 0.795, 0.20812
0.75, 0.215016, 0.205, 0.795, 0.216208
0.75, 0.212407, 0.205, 0.795, 0.21129
0.75, 0.212977, 0.205, 0.795, 0.215451
0.75, 0.203628, 0.205, 0.795, 0.204944
0.75, 0.226856, 0.205, 0.795, 0.220346
0.75, 0.212409, 0.205, 0.795, 0.217918
0.75, 0.212207, 0.205, 0.795, 0.21376
0.75, 0.213842, 0.205, 0.795, 0.214051
0.75, 0.221575, 0.205, 0.795, 0.220063
0.75, 0.212789, 0.205, 0.795, 0.208107
0.75, 0.215804, 0.205, 0.795, 0.215651
0.75, 0.218549, 0.205, 0.795, 0.214671
0.75, 0.221299, 0.21, 0.79, 0.216189
0.75, 0.21849, 0.21, 0.79, 0.220537
0.75, 0.216003, 0.21, 0.79, 0.220143
0.75, 0.223808, 0.21, 0.79, 0.220996
0.75, 0.215861, 0.21, 0.79, 0.221759
0.75, 0.222894, 0.21, 0.79, 0.218295
0.75, 0.218751, 0.21, 0.79, 0.218579
0.75, 0.218469, 0.21, 0.79, 0.217635
0.75, 0.21789, 0.21, 0.79, 0.22103
0.75, 0.22056, 0.21, 0.79, 0.222308
0.75, 0.21859, 0.21, 0.79, 0.215083
0.75, 0.221166, 0.21, 0.79, 0.227216
0.75, 0.221202, 0.21, 0.79, 0.222784
0.75, 0.220477, 0.21, 0.79, 0.221959
0.75, 0.224547, 0.21, 0.79, 0.219564
0.75, 0.219945, 0.21, 0.79, 0.219409
0.75, 0.221434, 0.21, 0.79, 0.217179
0.75, 0.223124, 0.21, 0.79, 0.22025
0.75, 0.229138, 0.21, 0.79, 0.222411
0.75, 0.21969, 0.21, 0.79, 0.222757
0.75, 0.22789, 0.21, 0.79, 0.228697
0.75, 0.216732, 0.21, 0.79, 0.217351
0.75, 0.220478, 0.21, 0.79, 0.217078
0.75, 0.217048, 0.21, 0.79, 0.218148
0.75, 0.217389, 0.21, 0.79, 0.219627
0.75, 0.218816, 0.215, 0.785, 0.216205
0.75, 0.230033, 0.215, 0.785, 0.235614
0.75, 0.225621, 0.215, 0.785, 0.229142
0.75, 0.214493, 0.215, 0.785, 0.220133
0.75, 0.233983, 0.215, 0.785, 0.235018
0.75, 0.227303, 0.215, 0.785, 0.225911
0.75, 0.232323, 0.215, 0.785, 0.22973
0.75, 0.227548, 0.215, 0.785, 0.230258
0.75, 0.221937, 0.215, 0.785, 0.224788
0.75, 0.229409, 0.215, 0.785, 0.231469
0.75, 0.233396, 0.215, 0.785, 0.231389
0.75, 0.223224, 0.215, 0.785, 0.226945
0.75, 0.232899, 0.215, 0.785, 0.236323
0.75, 0.220492, 0.215, 0.785, 0.227412
0.75, 0.233101, 0.215, 0.785, 0.232539
0.75, 0.228652, 0.215, 0.785, 0.225734
0.75, 0.227425, 0.215, 0.785, 0.225293
0.75, 0.228892, 0.215, 0.785, 0.227158
0.75, 0.222058, 0.215, 0.785, 0.227775
0.75, 0.225103, 0.215, 0.785, 0.224994
0.75, 0.228988, 0.215, 0.785, 0.231786
0.75, 0.220113, 0.215, 0.785, 0.222857
0.75, 0.226863, 0.215, 0.785, 0.226623
0.75, 0.227829, 0.215, 0.785, 0.228379
0.75, 0.224701, 0.215, 0.785, 0.224637
0.75, 0.233697, 0.22, 0.78, 0.236294
0.75, 0.236271, 0.22, 0.78, 0.237557
0.75, 0.237122, 0.22, 0.78, 0.23942
0.75, 0.233747, 0.22, 0.78, 0.233611
0.75, 0.235384, 0.22, 0.78, 0.23598
0.75, 0.234904, 0.22, 0.78, 0.231611
0.75, 0.233575, 0.22, 0.78, 0.234454
0.75, 0.227165, 0.22, 0.78, 0.230141
0.75, 0.238317, 0.22, 0.78, 0.236915
0.75, 0.234244, 0.22, 0.78, 0.233319
0.75, 0.233318, 0.22, 0.78, 0.235994
0.75, 0.245914, 0.22, 0.78, 0.241815
0.75, 0.228195, 0.22, 0.78, 0.230926
0.75, 0.238372, 0.22, 0.78, 0.234687
0.75, 0.236799, 0.22, 0.78, 0.236057
0.75, 0.231517, 0.22, 0.78, 0.232346
0.75, 0.233821, 0.22, 0.78, 0.23397
0.75, 0.237731, 0.22, 0.78, 0.236319
0.75, 0.231189, 0.22, 0.78, 0.231861
0.75, 0.238112, 0.22, 0.78, 0.237852
0.75, 0.231755, 0.22, 0.78, 0.229393
0.75, 0.234334, 0.22, 0.78, 0.229727
0.75, 0.233428, 0.22, 0.78, 0.233177
0.75, 0.231144, 0.22, 0.78, 0.235995
0.75, 0.225946, 0.22, 0.78, 0.226104
0.75, 0.236266, 0.225, 0.775, 0.23652
0.75, 0.248532, 0.225, 0.775, 0.24812
0.75, 0.23876, 0.225, 0.775, 0.241726
0.75, 0.236953, 0.225, 0.775, 0.240327
0.75, 0.248755, 0.225, 0.775, 0.245634
0.75, 0.234946, 0.225, 0.775, 0.2365
0.75, 0.242896, 0.225, 0.775, 0.241385
0.75, 0.241799, 0.225, 0.775, 0.243211
0.75, 0.246001, 0.225, 0.775, 0.247996
0.75, 0.242508, 0.225, 0.775, 0.241057
0.75, 0.241124, 0.225, 0.775, 0.243163
0.75, 0.248105, 0.225, 0.775, 0.243914
0.75, 0.233796, 0.225, 0.775, 0.240359
0.75, 0.248971, 0.225, 0.775, 0.244514
0.75, 0.232144, 0.225, 0.775, 0.234408
0.75, 0.244393, 0.225, 0.775, 0.241693
0.75, 0.241694, 0.225, 0.775, 0.239268
0.75, 0.235165, 0.225, 0.775, 0.237328
0.75, 0.24193, 0.225, 0.775, 0.239237
0.75, 0.236123, 0.225, 0.775, 0.235888
0.75, 0.23528, 0.225, 0.775, 0.239111
0.75, 0.242838, 0.225, 0.775, 0.24109
0.75, 0.236504, 0.225, 0.775, 0.239585
0.75, 0.247052, 0.225, 0.775, 0.247094
0.75, 0.24258, 0.225, 0.775, 0.244848
0.75, 0.23795, 0.23, 0.77, 0.239714
0.75, 0.247337, 0.23, 0.77, 0.247674
0.75, 0.244127, 0.23, 0.77, 0.246981
0.75, 0.254369, 0.23, 0.77, 0.251341
0.75, 0.252785, 0.23, 0.77, 0.255275
0.75, 0.248375, 0.23, 0.77, 0.245819
0.75, 0.237929, 0.23, 0.77, 0.239538
0.75, 0.246365, 0.23, 0.77, 0.24202
0.75, 0.246465, 0.23, 0.77, 0.250718
0.75, 0.248763, 0.23, 0.77, 0.252064
0.75, 0.246113, 0.23, 0.77, 0.250834
0.75, 0.246255, 0.23, 0.77, 0.255448
0.75, 0.247668, 0.23, 0.77, 0.245686
0.75, 0.250154, 0.23, 0.77, 0.247763
0.75, 0.251278, 0.23, 0.77, 0.253607
0.75, 0.250946, 0.23, 0.77, 0.248556
0.75, 0.250283, 0.23, 0.77, 0.249216
0.75, 0.247809, 0.23, 0.77, 0.244828
0.75, 0.250371, 0.23, 0.77, 0.24838
0.75, 0.24611, 0.23, 0.77, 0.249349
0.75, 0.245505, 0.23, 0.77, 0.246118
0.75, 0.251308, 0.23, 0.77, 0.247667
0.75, 0.254889, 0.23, 0.77, 0.253705
0.75, 0.251057, 0.23, 0.77, 0.249343
0.75, 0.249251, 0.23, 0.77, 0.248207
0.75, 0.25839, 0.235, 0.765, 0.257268
0.75, 0.246642, 0.235, 0.765, 0.24683
0.75, 0.257687, 0.235, 0.765, 0.257653
0.75, 0.265155, 0.235, 0.765, 0.265068
0.75, 0.258277, 0.235, 0.765, 0.261945
0.75, 0.245436, 0.235, 0.765, 0.249651
0.75, 0.254542, 0.235, 0.765, 0.255769
0.75, 0.254321, 0.235, 0.765, 0.253848
0.75, 0.267862, 0.235, 0.765, 0.263276
0.75, 0.259767, 0.235, 0.765, 0.255838
0.75, 0.252509, 0.235, 0.765, 0.253161
0.75, 0.248662, 0.235, 0.765, 0.25078
0.75, 0.27387, 0.235, 0.765, 0.268468
0.75, 0.252319, 0.235, 0.765, 0.251872
0.75, 0.249536, 0.235, 0.765, 0.25064
0.75, 0.251844, 0.235, 0.765, 0.246313
0.75, 0.25212, 0.235, 0.765, 0.257095
0.75, 0.249499, 0.235, 0.765, 0.247344
0.75, 0.256127, 0.235, 0.765, 0.260733
0.75, 0.25282, 0.235, 0.765, 0.260963
0.75, 0.252708, 0.235, 0.765, 0.254169
0.75, 0.245282, 0.235, 0.765, 0.246996
0.75, 0.251518, 0.235, 0.765, 0.256028
0.75, 0.254271, 0.235, 0.765, 0.252651
0.75, 0.254068, 0.235, 0.765, 0.25578
0.75, 0.257826, 0.24, 0.76, 0.259859
0.75, 0.262678, 0.24, 0.76, 0.267345
0.75, 0.269354, 0.24, 0.76, 0.268875
0.75, 0.260741, 0.24, 0.76, 0.26256
0.75, 0.251545, 0.24, 0.76, 0.257922
0.75, 0.260365, 0.24, 0.76, 0.267483
0.75, 0.26237, 0.24, 0.76, 0.266033
0.75, 0.260133, 0.24, 0.76, 0.258856
0.75, 0.266527, 0.24, 0.76, 0.263816
0.75, 0.263192, 0.24, 0.76, 0.262213
0.75, 0.246991, 0.24, 0.76, 0.255327
0.75, 0.258823, 0.24, 0.76, 0.260982
0.75, 0.251987, 0.24, 0.76, 0.255747
0.75, 0.261696, 0.24, 0.76, 0.261228
0.75, 0.257661, 0.24, 0.76, 0.264963
0.75, 0.257408, 0.24, 0.76, 0.255238
0.75, 0.263557, 0.24, 0.76, 0.264193
0.75, 0.26056, 0.24, 0.76, 0.264206
0.75, 0.252706, 0.24, 0.76, 0.256915
0.75, 0.263265, 0.24, 0.76, 0.262674
0.75, 0.26555, 0.24, 0.76, 0.265651
0.75, 0.260511, 0.24, 0.76, 0.261574
0.75, 0.26113, 0.24, 0.76, 0.263874
0.75, 0.274022, 0.24, 0.76, 0.271734
0.75, 0.262416, 0.24, 0.76, 0.269254
0.75, 0.266651, 0.245, 0.755, 0.270308
0.75, 0.266875, 0.245, 0.755, 0.269973
0.75, 0.273416, 0.245, 0.755, 0.270474
0.75, 0.265564, 0.245, 0.755, 0.26587
0.75, 0.266781, 0.245, 0.755, 0.269152
0.75, 0.261922, 0.245, 0.755, 0.268999
0.75, 0.276038, 0.245, 0.755, 0.273043
0.75, 0.269382, 0.245, 0.755, 0.266218
0.75, 0.274334, 0.245, 0.755, 0.270054
0.75, 0.26689, 0.245, 0.755, 0.270905
0.75, 0.259141, 0.245, 0.755, 0.264191
0.75, 0.274981, 0.245, 0.755, 0.270847
0.75, 0.273639, 0.245, 0.755, 0.272035
0.75, 0.26379, 0.245, 0.755, 0.26372
0.75, 0.266996, 0.245, 0.755, 0.263158
0.75, 0.268257, 0.245, 0.755, 0.264585
0.75, 0.274502, 0.245, 0.755, 0.271454
0.75, 0.263392, 0.245, 0.755, 0.267285
0.75, 0.269591, 0.245, 0.755, 0.267802
0.75, 0.270301, 0.245, 0.755, 0.271879
0.75, 0.263502, 0.245, 0.755, 0.265438
0.75, 0.25728, 0.245, 0.755, 0.260569
0.75, 0.268024, 0.245, 0.755, 0.264501
0.75, 0.262899, 0.245, 0.755, 0.267847
0.75, 0.254784, 0.245, 0.755, 0.262077
0.75, 0.268786, 0.25, 0.75, 0.268789
0.75, 0.281603, 0.25, 0.75, 0.287785
0.75, 0.273375, 0.25, 0.75, 0.272108
0.75, 0.278582, 0.25, 0.75, 0.279688
0.75, 0.277294, 0.25, 0.75, 0.27672
0.75, 0.274779, 0.25, 0.75, 0.277063
0.75, 0.277226, 0.25, 0.75, 0.279018
0.75, 0.277237, 0.25, 0.75, 0.275542
0.75, 0.263223, 0.25, 0.75, 0.270685
0.75, 0.28128, 0.25, 0.75, 0.281356
0.75, 0.273491, 0.25, 0.75, 0.276993
0.75, 0.281878, 0.25, 0.75, 0.281922
0.75, 0.26362, 0.25, 0.75, 0.272952
0.75, 0.272112, 0.25, 0.75, 0.274761
0.75, 0.273048, 0.25, 0.75, 0.270623
0.75, 0.280311, 0.25, 0.75, 0.278422
0.75, 0.274436, 0.25, 0.75, 0.275138
0.75, 0.272916, 0.25, 0.75, 0.275839
0.75, 0.278531, 0.25, 0.75, 0.282949
0.75, 0.290815, 0.25, 0.75, 0.287383
0.75, 0.267552, 0.25, 0.75, 0.269144
0.75, 0.283489, 0.25, 0.75, 0.28533
0.75, 0.279972, 0.25, 0.75, 0.28156
0.75, 0.275389, 0.25, 0.75, 0.278241
0.75, 0.280346, 0.25, 0.75, 0.279751
0.75, 0.284728, 0.255, 0.745, 0.285732
0.75, 0.278135, 0.255, 0.745, 0.281412
0.75, 0.288219, 0.255, 0.745, 0.287942
0.75, 0.285615, 0.255, 0.745, 0.280699
0.75, 0.288027, 0.255, 0.745, 0.288342
0.75, 0.275611, 0.255, 0.745, 0.279871
0.75, 0.292432, 0.255, 0.745, 0.287143
0.75, 0.286889, 0.255, 0.745, 0.283527
0.75, 0.284266, 0.255, 0.745, 0.288684
0.75, 0.289652, 0.255, 0.745, 0.287471
0.75, 0.279978, 0.255, 0.745, 0.284714
0.75, 0.29125, 0.255, 0.745, 0.290218
0.75, 0.281855, 0.255, 0.745, 0.2806
0.75, 0.275959, 0.255, 0.745, 0.276506
0.75, 0.280392, 0.255, 0.745, 0.278716
0.75, 0.279937, 0.255, 0.745, 0.281995
0.75, 0.294437, 0.255, 0.745, 0.286762
0.75, 0.275929, 0.255, 0.745, 0.276981
0.75, 0.288216, 0.255, 0.745, 0.289974
0.75, 0.286652, 0.255, 0.745, 0.281501
0.75, 0.287854, 0.255, 0.745, 0.289529
0.75, 0.285933, 0.255, 0.745, 0.291396
0.75, 0.284431, 0.255, 0.745, 0.282921
0.75, 0.290753, 0.255, 0.745, 0.285163
0.75, 0.277104, 0.255, 0.745, 0.277982
0.75, 0.293895, 0.26, 0.74, 0.292944
0.75, 0.292521, 0.26, 0.74, 0.29289
0.75, 0.295121, 0.26, 0.74, 0.296424
0.75, 0.282638, 0.26, 0.74, 0.286257
0.75, 0.288898, 0.26, 0.74, 0.290554
0.75, 0.286545, 0.26, 0.74, 0.289762
0.75, 0.293681, 0.26, 0.74, 0.290545
0.75, 0.295426, 0.26, 0.74, 0.289772
0.75, 0.295735, 0.26, 0.74, 0.295489
0.75, 0.290478, 0.26, 0.74, 0.289405
0.75, 0.283663, 0.26, 0.74, 0.284522
0.75, 0.296355, 0.26, 0.74, 0.298056
0.75, 0.28646, 0.26, 0.74, 0.285961
0.75, 0.298253, 0.26, 0.74, 0.292348
0.75, 0.287952, 0.26, 0.74, 0.286388
0.75, 0.300776, 0.26, 0.74, 0.300326
0.75, 0.304841, 0.26, 0.74, 0.304104
0.75, 0.284344, 0.26, 0.74, 0.290476
0.75, 0.28228, 0.26, 0.74, 0.287207
0.75, 0.283223, 0.26, 0.74, 0.284062
0.75, 0.283483, 0.26, 0.74, 0.290998
0.75, 0.284493, 0.26, 0.74, 0.288622
0.75, 0.282981, 0.26, 0.74, 0.28914
0.75, 0.291744, 0.26, 0.74, 0.294439
0.75, 0.294191, 0.26, 0.74, 0.295622
0.75, 0.287905, 0.265, 0.735, 0.289785
0.75, 0.300196, 0.265, 0.735, 0.299055
0.75, 0.298441, 0.265, 0.735, 0.298886
0.75, 0.287658, 0.265, 0.735, 0.297837
0.75, 0.286929, 0.265, 0.735, 0.293693
0.75, 0.28993, 0.265, 0.735, 0.290617
0.75, 0.301164, 0.265, 0.735, 0.303281
0.75, 0.302338, 0.265, 0.735, 0.303626
0.75, 0.301828, 0.265, 0.735, 0.305293
0.75, 0.301664, 0.265, 0.735, 0.303252
0.75, 0.298748, 0.265, 0.735, 0.304154
0.75, 0.292992, 0.265, 0.735, 0.295328
0.75, 0.298625, 0.265, 0.735, 0.298267
0.75, 0.292654, 0.265, 0.735, 0.294255
0.75, 0.305256, 0.265, 0.735, 0.302466
0.75, 0.296484, 0.265, 0.735, 0.294088
0.75, 0.301746, 0.265, 0.735, 0.295981
0.75, 0.29702, 0.265, 0.735, 0.300776
0.75, 0.29027, 0.265, 0.735, 0.288628
0.75, 0.308592, 0.265, 0.735, 0.305185
0.75, 0.288625, 0.265, 0.735, 0.295505
0.75, 0.293605, 0.265, 0.735, 0.294927
0.75, 0.287313, 0.265, 0.735, 0.293146
0.75, 0.297318, 0.265, 0.735, 0.298144
0.75, 0.296023, 0.265, 0.735, 0.301495
0.75, 0.301013, 0.27, 0.73, 0.303268
0.75, 0.299262, 0.27, 0.73, 0.305635
0.75, 0.308904, 0.27, 0.73, 0.306862
0.75, 0.315798, 0.27, 0.73, 0.313971
0.75, 0.299249, 0.27, 0.73, 0.303574
0.75, 0.302576, 0.27, 0.73, 0.305202
0.75, 0.304087, 0.27, 0.73, 0.30378
0.75, 0.30449, 0.27, 0.73, 0.308885
0.75, 0.30324, 0.27, 0.73, 0.306172
0.75, 0.303386, 0.27, 0.73, 0.305882
0.75, 0.305478, 0.27, 0.73, 0.300006
0.75, 0.298363, 0.27, 0.73, 0.305686
0.75, 0.293992, 0.27, 0.73, 0.302396
0.75, 0.308577, 0.27, 0.73, 0.312086
0.75, 0.315154, 0.27, 0.73, 0.310629
0.75, 0.303638, 0.27, 0.73, 0.30562
0.75, 0.305095, 0.27, 0.73, 0.301669
0.75, 0.291756, 0.27, 0.73, 0.301077
0.75, 0.316804, 0.27, 0.73, 0.311099
0.75, 0.308255, 0.27, 0.73, 0.309644
0.75, 0.293882, 0.27, 0.73, 0.296847
0.75, 0.314778, 0.27, 0.73, 0.318677
0.75, 0.308631, 0.27, 0.73, 0.30957
0.75, 0.297493, 0.27, 0.73, 0.301534
0.75, 0.304137, 0.27, 0.73, 0.302027
0.75, 0.320668, 0.275, 0.725, 0.318954
0.75, 0.315133, 0.275, 0.725, 0.319427
0.75, 0.314899, 0.275, 0.725, 0.315248
0.75, 0.309754, 0.275, 0.725, 0.309933
0.75, 0.312502, 0.275, 0.725, 0.317044
0.75, 0.308061, 0.275, 0.725, 0.313472
0.75, 0.311883, 0.275, 0.725, 0.311238
0.75, 0.305954, 0.275, 0.725, 0.312126
0.75, 0.301427, 0.275, 0.725, 0.313036
0.75, 0.317489, 0.275, 0.725, 0.316973
0.75, 0.317332, 0.275, 0.725, 0.318712
0.75, 0.324812, 0.275, 0.725, 0.320171
0.75, 0.30836, 0.275, 0.725, 0.314043
0.75, 0.309013, 0.275, 0.725, 0.311291
0.75, 0.303552, 0.275, 0.725, 0.312308
0.75, 0.320208, 0.275, 0.725, 0.32066
0.75, 0.312526, 0.275, 0.725, 0.312209
0.75, 0.30844, 0.275, 0.725, 0.317183
0.75, 0.298287, 0.275, 0.725, 0.30444
0.75, 0.311925, 0.275, 0.725, 0.311953
0.75, 0.301209, 0.275, 0.725, 0.298677
0.75, 0.314457, 0.275, 0.725, 0.315545
0.75, 0.314976, 0.275, 0.725, 0.313163
0.75, 0.305944, 0.275, 0.725, 0.3154
0.75, 0.316061, 0.275, 0.725, 0.321902
0.75, 0.316686, 0.28, 0.72, 0.319201
0.75, 0.315576, 0.28, 0.72, 0.316572
0.75, 0.32134, 0.28, 0.72, 0.32498
0.75, 0.314825, 0.28, 0.72, 0.320603
0.75, 0.31872, 0.28, 0.72, 0.323034
0.75, 0.318349, 0.28, 0.72, 0.322278
0.75, 0.321963, 0.28, 0.72, 0.323201
0.75, 0.3189, 0.28, 0.72, 0.317636
0.75, 0.329305, 0.28, 0.72, 0.328281
0.75, 0.316919, 0.28, 0.72, 0.32454
0.75, 0.315857, 0.28, 0.72, 0.320701
0.75, 0.323982, 0.28, 0.72, 0.322589
0.75, 0.307785, 0.28, 0.72, 0.314613
0.75, 0.32391, 0.28, 0.72, 0.325949
0.75, 0.315432, 0.28, 0.72, 0.31533
0.75, 0.314228, 0.28, 0.72, 0.317996
0.75, 0.333803, 0.28, 0.72, 0.332815
0.75, 0.313458, 0.28, 0.72, 0.317056
0.75, 0.314012, 0.28, 0.72, 0.314563
0.75, 0.322262, 0.28, 0.72, 0.318272
0.75, 0.323547, 0.28, 0.72, 0.328854
0.75, 0.321181, 0.28, 0.72, 0.325679
0.75, 0.317005, 0.28, 0.72, 0.318379
0.75, 0.318833, 0.28, 0.72, 0.31314
0.75, 0.329694, 0.28, 0.72, 0.326392
0.75, 0.327474, 0.285, 0.715, 0.331309
0.75, 0.335153, 0.285, 0.715, 0.335277
0.75, 0.325569, 0.285, 0.715, 0.326414
0.75, 0.333129, 0.285, 0.715, 0.329989
0.75, 0.335923, 0.285, 0.715, 0.337253
0.75, 0.325381, 0.285, 0.715, 0.329099
0.75, 0.323155, 0.285, 0.715, 0.329444
0.75, 0.317687, 0.285, 0.715, 0.327737
0.75, 0.332054, 0.285, 0.715, 0.337588
0.75, 0.324228, 0.285, 0.715, 0.321159
0.75, 0.316943, 0.285, 0.715, 0.319331
0.75, 0.327948, 0.285, 0.715, 0.330922
0.75, 0.329143, 0.285, 0.715, 0.329692
0.75, 0.323904, 0.285, 0.715, 0.328273
0.75, 0.332417, 0.285, 0.715, 0.327105
0.75, 0.323251, 0.285, 0.715, 0.325677
0.75, 0.317908, 0.285, 0.715, 0.323376
0.75, 0.328667, 0.285, 0.715, 0.334071
0.75, 0.33058, 0.285, 0.715, 0.337079
0.75, 0.33787, 0.285, 0.715, 0.334548
0.75, 0.331991, 0.285, 0.715, 0.331408
0.75, 0.333712, 0.285, 0.715, 0.327984
0.75, 0.329758, 0.285, 0.715, 0.328672
0.75, 0.330407, 0.285, 0.715, 0.332308
0.75, 0.327234, 0.285, 0.715, 0.32829
0.75, 0.346518, 0.29, 0.71, 0.347482
0.75, 0.33579, 0.29, 0.71, 0.341487
0.75, 0.326537, 0.29, 0.71, 0.334713
0.75, 0.33327, 0.29, 0.71, 0.338767
0.75, 0.336536, 0.29, 0.71, 0.337405
0.75, 0.326697, 0.29, 0.71, 0.330011
0.75, 0.322735, 0.29, 0.71, 0.328167
0.75, 0.338878, 0.29, 0.71, 0.338724
0.75, 0.333629, 0.29, 0.71, 0.335565
0.75, 0.331201, 0.29, 0.71, 0.335543
0.75, 0.333537, 0.29, 0.71, 0.334228
0.75, 0.347848, 0.29, 0.71, 0.340872
0.75, 0.339251, 0.29, 0.71, 0.339526
0.75, 0.329829, 0.29, 0.71, 0.329808
0.75, 0.344564, 0.29, 0.71, 0.343772
0.75, 0.340816, 0.29, 0.71, 0.338988
0.75, 0.32976, 0.29, 0.71, 0.33158
0.75, 0.328376, 0.29, 0.71, 0.333186
0.75, 0.336142, 0.29, 0.71, 0.335194
0.75, 0.345722, 0.29, 0.71, 0.341923
0.75, 0.334867, 0.29, 0.71, 0.336816
0.75, 0.321749, 0.29, 0.71, 0.325638
0.75, 0.337864, 0.29, 0.71, 0.33962
0.75, 0.341372, 0.29, 0.71, 0.342024
0.75, 0.326407, 0.29, 0.71, 0.325312
0.75, 0.347718, 0.295, 0.705, 0.345441
0.75, 0.34299, 0.295, 0.705, 0.348122
0.75, 0.34725, 0.295, 0.705, 0.346139
0.75, 0.343802, 0.295, 0.705, 0.346084
0.75, 0.335802, 0.295, 0.705, 0.339277
0.75, 0.337327, 0.295, 0.705, 0.343434
0.75, 0.345351, 0.295, 0.705, 0.344138
0.75, 0.339433, 0.295, 0.705, 0.344529
0.75, 0.336203, 0.295, 0.705, 0.340934
0.75, 0.346274, 0.295, 0.705, 0.350751
0.75, 0.342097, 0.295, 0.705, 0.349146
0.75, 0.345497, 0.295, 0.705, 0.347213
0.75, 0.340234, 0.295, 0.705, 0.343963
0.75, 0.351544, 0.295, 0.705, 0.348221
0.75, 0.35725, 0.295, 0.705, 0.357541
0.75, 0.340667, 0.295, 0.705, 0.347051
0.75, 0.345803, 0.295, 0.705, 0.341448
0.75, 0.34417, 0.295, 0.705, 0.346979
0.75, 0.343795, 0.295, 0.705, 0.348132
0.75, 0.337613, 0.295, 0.705, 0.339285
0.75, 0.340735, 0.295, 0.705, 0.334491
0.75, 0.34945, 0.295, 0.705, 0.342615
0.75, 0.335384, 0.295, 0.705, 0.334493
0.75, 0.340506, 0.295, 0.705, 0.337551
0.75, 0.349934, 0.295, 0.705, 0.349
0.75, 0.354555, 0.3, 0.7, 0.354568
0.75, 0.355321, 0.3, 0.7, 0.35596
0.75, 0.352134, 0.3, 0.7, 0.353798
0.75, 0.354421, 0.3, 0.7, 0.35616
0.75, 0.356284, 0.3, 0.7, 0.355713
0.75, 0.360916, 0.3, 0.7, 0.356945
0.75, 0.367477, 0.3, 0.7, 0.36211
0.75, 0.3499, 0.3, 0.7, 0.352284
0.75, 0.361886, 0.3, 0.7, 0.359497
0.75, 0.356624, 0.3, 0.7, 0.360715
0.75, 0.355025, 0.3, 0.7, 0.359949
0.75, 0.34659, 0.3, 0.7, 0.349668
0.75, 0.337619, 0.3, 0.7, 0.341456
0.75, 0.358734, 0.3, 0.7, 0.360378
0.75, 0.350265, 0.3, 0.7, 0.355944
0.75, 0.355934, 0.3, 0.7, 0.35557
0.75, 0.361554, 0.3, 0.7, 0.36175
0.75, 0.348925, 0.3, 0.7, 0.352483
0.75, 0.358644, 0.3, 0.7, 0.357859
0.75, 0.359873, 0.3, 0.7, 0.359067
0.75, 0.353604, 0.3, 0.7, 0.35642
0.75, 0.348374, 0.3, 0.7, 0.347108
0.75, 0.360825, 0.3, 0.7, 0.355536
0.75, 0.343248, 0.3, 0.7, 0.351237
0.75, 0.349576, 0.3, 0.7, 0.356145
0.75, 0.364318, 0.305, 0.695, 0.367589
0.75, 0.358715, 0.305, 0.695, 0.360331
0.75, 0.353415, 0.305, 0.695, 0.35664
0.75, 0.348122, 0.305, 0.695, 0.356934
0.75, 0.361461, 0.305, 0.695, 0.364084
0.75, 0.358819, 0.305, 0.695, 0.364196
0.75, 0.362311, 0.305, 0.695, 0.361977
0.75, 0.36452, 0.305, 0.695, 0.364747
0.75, 0.362241, 0.305, 0.695, 0.363161
0.75, 0.360278, 0.305, 0.695, 0.362217
0.75, 0.370791, 0.305, 0.695, 0.369152
0.75, 0.35656, 0.305, 0.695, 0.359987
0.75, 0.357869, 0.305, 0.695, 0.354217
0.75, 0.361711, 0.305, 0.695, 0.360483
0.75, 0.369219, 0.305, 0.695, 0.367529
0.75, 0.360206, 0.305, 0.695, 0.356702
0.75, 0.360006, 0.305, 0.695, 0.36142
0.75, 0.360171, 0.305, 0.695, 0.359263
0.75, 0.359683, 0.305, 0.695, 0.357539
0.75, 0.35818, 0.305, 0.695, 0.363055
0.75, 0.354953, 0.305, 0.695, 0.361492
0.75, 0.366899, 0.305, 0.695, 0.365746
0.75, 0.370838, 0.305, 0.695, 0.367368
0.75, 0.36345, 0.305, 0.695, 0.36223
0.75, 0.358448, 0.305, 0.695, 0.355257
0.75, 0.37207, 0.31, 0.69, 0.377464
0.75, 0.376409, 0.31, 0.69, 0.376741
0.75, 0.381952, 0.31, 0.69, 0.377019
0.75, 0.364269, 0.31, 0.69, 0.367063
0.75, 0.368499, 0.31, 0.69, 0.37
0.75, 0.37234, 0.31, 0.69, 0.37074
0.75, 0.361386, 0.31, 0.69, 0.362361
0.75, 0.372075, 0.31, 0.69, 0.371967
0.75, 0.365957, 0.31, 0.69, 0.364344
0.75, 0.363033, 0.31, 0.69, 0.367995
0.75, 0.365059, 0.31, 0.69, 0.368502
0.75, 0.361304, 0.31, 0.69, 0.364975
0.75, 0.385601, 0.31, 0.69, 0.385642
0.75, 0.37259, 0.31, 0.69, 0.373302
0.75, 0.368106, 0.31, 0.69, 0.363515
0.75, 0.366759, 0.31, 0.69, 0.370053
0.75, 0.374186, 0.31, 0.69, 0.373002
0.75, 0.352626, 0.31, 0.69, 0.354132
0.75, 0.370682, 0.31, 0.69, 0.37201
0.75, 0.367204, 0.31, 0.69, 0.372598
0.75, 0.372048, 0.31, 0.69, 0.373934
0.75, 0.359408, 0.31, 0.69, 0.366766
0.75, 0.380763, 0.31, 0.69, 0.37716
0.75, 0.364235, 0.31, 0.69, 0.365843
0.75, 0.374577, 0.31, 0.69, 0.371447
0.75, 0.378344, 0.315, 0.685, 0.378877
0.75, 0.38191, 0.315, 0.685, 0.3827
0.75, 0.377992, 0.315, 0.685, 0.373846
0.75, 0.370509, 0.315, 0.685, 0.372042
0.75, 0.377693, 0.315, 0.685, 0.376265
0.75, 0.364707, 0.315, 0.685, 0.372035
0.75, 0.375762, 0.315, 0.685, 0.371715
0.75, 0.388427, 0.315, 0.685, 0.388166
0.75, 0.382037, 0.315, 0.685, 0.383849
0.75, 0.373369, 0.315, 0.685, 0.376479
0.75, 0.380061, 0.315, 0.685, 0.377991
0.75, 0.368265, 0.315, 0.685, 0.37251
0.75, 0.369273, 0.315, 0.685, 0.376371
0.75, 0.376628, 0.315, 0.685, 0.380584
0.75, 0.381994, 0.315, 0.685, 0.386794
0.75, 0.373518, 0.315, 0.685, 0.371663
0.75, 0.370436, 0.315, 0.685, 0.370916
0.75, 0.373828, 0.315, 0.685, 0.37598
0.75, 0.377484, 0.315, 0.685, 0.376606
0.75, 0.382513, 0.315, 0.685, 0.387238
0.75, 0.377985, 0.315, 0.685, 0.373998
0.75, 0.373539, 0.315, 0.685, 0.372081
0.75, 0.383516, 0.315, 0.685, 0.38106
0.75, 0.374343, 0.315, 0.685, 0.382301
0.75, 0.377017, 0.315, 0.685, 0.379634
0.75, 0.378971, 0.32, 0.68, 0.383347
0.75, 0.384427, 0.32, 0.68, 0.388119
0.75, 0.380766, 0.32, 0.68, 0.382531
0.75, 0.38753, 0.32, 0.68, 0.393381
0.75, 0.375721, 0.32, 0.68, 0.380294
0.75, 0.374891, 0.32, 0.68, 0.381143
0.75, 0.392524, 0.32, 0.68, 0.392191
0.75, 0.374452, 0.32, 0.68, 0.377953
0.75, 0.38218, 0.32, 0.68, 0.387193
0.75, 0.381096, 0.32, 0.68, 0.383036
0.75, 0.381333, 0.32, 0.68, 0.380722
0.75, 0.396689, 0.32, 0.68, 0.392869
0.75, 0.390756, 0.32, 0.68, 0.38483
0.75, 0.382808, 0.32, 0.68, 0.387763
0.75, 0.376677, 0.32, 0.68, 0.378617
0.75, 0.38609, 0.32, 0.68, 0.386168
0.75, 0.378032, 0.32, 0.68, 0.381051
0.75, 0.384206, 0.32, 0.68, 0.388118
0.75, 0.400481, 0.32, 0.68, 0.395669
0.75, 0.388191, 0.32, 0.68, 0.391394
0.75, 0.385814, 0.32, 0.68, 0.387477
0.75, 0.39127, 0.32, 0.68, 0.39434
0.75, 0.388834, 0.32, 0.68, 0.392699
0.75, 0.390089, 0.32, 0.68, 0.396149
0.75, 0.396084, 0.32, 0.68, 0.391817
0.75, 0.382005, 0.325, 0.675, 0.386748
0.75, 0.390744, 0.325, 0.675, 0.394209
0.75, 0.397249, 0.325, 0.675, 0.400195
0.75, 0.399869, 0.325, 0.675, 0.397158
0.75, 0.39413, 0.325, 0.675, 0.395009
0.75, 0.403621, 0.325, 0.675, 0.401733
0.75, 0.389924, 0.325, 0.675, 0.390336
0.75, 0.393275, 0.325, 0.675, 0.398104
0.75, 0.395617, 0.325, 0.675, 0.398637
0.75, 0.411596, 0.325, 0.675, 0.404997
0.75, 0.399905, 0.325, 0.675, 0.400935
0.75, 0.391004, 0.325, 0.675, 0.389325
0.75, 0.407653, 0.325, 0.675, 0.407332
0.75, 0.382687, 0.325, 0.675, 0.391007
0.75, 0.39627, 0.325, 0.675, 0.401084
0.75, 0.392172, 0.325, 0.675, 0.394225
0.75, 0.397725, 0.325, 0.675, 0.401828
0.75, 0.40025, 0.325, 0.675, 0.406089
0.75, 0.394233, 0.325, 0.675, 0.398084
0.75, 0.397456, 0.325, 0.675, 0.39689
0.75, 0.406091, 0.325, 0.675, 0.403147
0.75, 0.393002, 0.325, 0.675, 0.401097
0.75, 0.399039, 0.325, 0.675, 0.403211
0.75, 0.386339, 0.325, 0.675, 0.387426
0.75, 0.385772, 0.325, 0.675, 0.389022
0.75, 0.394928, 0.33, 0.67, 0.400325
0.75, 0.408947, 0.33, 0.67, 0.406658
0.75, 0.406294, 0.33, 0.67, 0.405205
0.75, 0.407375, 0.33, 0.67, 0.408173
0.75, 0.408549, 0.33, 0.67, 0.408502
0.75, 0.401637, 0.33, 0.67, 0.404811
0.75, 0.410908, 0.33, 0.67, 0.409133
0.75, 0.418382, 0.33, 0.67, 0.411321
0.75, 0.401811, 0.33, 0.67, 0.402343
0.75, 0.408802, 0.33, 0.67, 0.412151
0.75, 0.409955, 0.33, 0.67, 0.408292
0.75, 0.401108, 0.33, 0.67, 0.404558
0.75, 0.398433, 0.33, 0.67, 0.403893
0.75, 0.40112, 0.33, 0.67, 0.398099
0.75, 0.401594, 0.33, 0.67, 0.400233
0.75, 0.412868, 0.33, 0.67, 0.410486
0.75, 0.403683, 0.33, 0.67, 0.404029
0.75, 0.417711, 0.33, 0.67, 0.412416
0.75, 0.396214, 0.33, 0.67, 0.393221
0.75, 0.39664, 0.33, 0.67, 0.401139
0.75, 0.403546, 0.33, 0.67, 0.400825
0.75, 0.402805, 0.33, 0.67, 0.406258
0.75, 0.411403, 0.33, 0.67, 0.410127
0.75, 0.403833, 0.33, 0.67, 0.404554
0.75, 0.410963, 0.33, 0.67, 0.410634
0.75, 0.414248, 0.335, 0.665, 0.413703
0.75, 0.409415, 0.335, 0.665, 0.41139
0.75, 0.420726, 0.335, 0.665, 0.417682
0.75, 0.397663, 0.335, 0.665, 0.404359
0.75, 0.401326, 0.335, 0.665, 0.4054
0.75, 0.413689, 0.335, 0.665, 0.409991
0.75, 0.416753, 0.335, 0.665, 0.417753
0.75, 0.393803, 0.335, 0.665, 0.404944
0.75, 0.40931, 0.335, 0.665, 0.405365
0.75, 0.410413, 0.335, 0.665, 0.406274
0.75, 0.407084, 0.335, 0.665, 0.406855
0.75, 0.403384, 0.335, 0.665, 0.411281
0.75, 0.405678, 0.335, 0.665, 0.410238
0.75, 0.417252, 0.335, 0.665, 0.416291
0.75, 0.413358, 0.335, 0.665, 0.412707
0.75, 0.409643, 0.335, 0.665, 0.414563
0.75, 0.408981, 0.335, 0.665, 0.410574
0.75, 0.402075, 0.335, 0.665, 0.409714
0.75, 0.405, 0.335, 0.665, 0.407449
0.75, 0.412484, 0.335, 0.665, 0.412465
0.75, 0.413816, 0.335, 0.665, 0.413294
0.75, 0.41547, 0.335, 0.665, 0.415373
0.75, 0.403741, 0.335, 0.665, 0.40477
0.75, 0.419305, 0.335, 0.665, 0.418356
0.75, 0.397464, 0.335, 0.665, 0.402814
0.75, 0.421226, 0.34, 0.66, 0.415705
0.75, 0.426834, 0.34, 0.66, 0.424298
0.75, 0.418785, 0.34, 0.66, 0.423983
0.75, 0.418899, 0.34, 0.66, 0.424417
0.75, 0.424268, 0.34, 0.66, 0.421585
0.75, 0.425847, 0.34, 0.66, 0.420875
0.75, 0.425306, 0.34, 0.66, 0.426593
0.75, 0.424411, 0.34, 0.66, 0.422835
0.75, 0.413475, 0.34, 0.66, 0.420074
0.75, 0.419386, 0.34, 0.66, 0.420412
0.75, 0.419206, 0.34, 0.66, 0.419189
0.75, 0.422199, 0.34, 0.66, 0.41917
0.75, 0.417315, 0.34, 0.66, 0.419769
0.75, 0.418107, 0.34, 0.66, 0.420184
0.75, 0.40994, 0.34, 0.66, 0.411846
0.75, 0.414207, 0.34, 0.66, 0.414757
0.75, 0.425798, 0.34, 0.66, 0.42579
0.75, 0.408775, 0.34, 0.66, 0.417109
0.75, 0.420819, 0.34, 0.66, 0.419494
0.75, 0.420509, 0.34, 0.66, 0.419916
0.75, 0.430917, 0.34, 0.66, 0.427721
0.75, 0.415496, 0.34, 0.66, 0.40944
0.75, 0.417303, 0.34, 0.66, 0.418976
0.75, 0.422985, 0.34, 0.66, 0.419484
0.75, 0.433665, 0.34, 0.66, 0.428243
0.75, 0.413843, 0.345, 0.655, 0.42206
0.75, 0.42529, 0.345, 0.655, 0.433444
0.75, 0.430768, 0.345, 0.655, 0.433253
0.75, 0.431539, 0.345, 0.655, 0.429136
0.75, 0.430938, 0.345, 0.655, 0.428609
0.75, 0.424889, 0.345, 0.655, 0.427747
0.75, 0.426128, 0.345, 0.655, 0.426848
0.75, 0.431046, 0.345, 0.655, 0.431859
0.75, 0.43541, 0.345, 0.655, 0.436679
0.75, 0.440683, 0.345, 0.655, 0.438262
0.75, 0.442248, 0.345, 0.655, 0.435235
0.75, 0.428478, 0.345, 0.655, 0.426907
0.75, 0.435186, 0.345, 0.655, 0.434474
0.75, 0.434238, 0.345, 0.655, 0.431872
0.75, 0.426547, 0.345, 0.655, 0.423504
0.75, 0.417278, 0.345, 0.655, 0.415011
0.75, 0.445413, 0.345, 0.655, 0.442864
0.75, 0.42353, 0.345, 0.655, 0.423789
0.75, 0.445806, 0.345, 0.655, 0.438106
0.75, 0.432775, 0.345, 0.655, 0.431434
0.75, 0.427314, 0.345, 0.655, 0.425617
0.75, 0.434949, 0.345, 0.655, 0.430683
0.75, 0.432983, 0.345, 0.655, 0.426009
0.75, 0.428693, 0.345, 0.655, 0.425979
0.75, 0.448605, 0.345, 0.655, 0.43704
0.75, 0.437621, 0.35, 0.65, 0.436501
0.75, 0.425516, 0.35, 0.65, 0.425796
0.75, 0.450796, 0.35, 0.65, 0.444452
0.75, 0.439632, 0.35, 0.65, 0.434928
0.75, 0.437281, 0.35, 0.65, 0.440471
0.75, 0.442219, 0.35, 0.65, 0.446468
0.75, 0.444005, 0.35, 0.65, 0.439198
0.75, 0.440292, 0.35, 0.65, 0.4422
0.75, 0.442743, 0.35, 0.65, 0.4388
0.75, 0.444977, 0.35, 0.65, 0.444303
0.75, 0.440697, 0.35, 0.65, 0.439802
0.75, 0.441986, 0.35, 0.65, 0.443757
0.75, 0.453102, 0.35, 0.65, 0.449779
0.75, 0.443435, 0.35, 0.65, 0.442791
0.75, 0.448313, 0.35, 0.65, 0.442508
0.75, 0.448365, 0.35, 0.65, 0.442853
0.75, 0.441534, 0.35, 0.65, 0.438153
0.75, 0.4419, 0.35, 0.65, 0.436831
0.75, 0.446605, 0.35, 0.65, 0.44507
0.75, 0.434613, 0.35, 0.65, 0.435921
0.75, 0.437658, 0.35, 0.65, 0.443338
0.75, 0.436869, 0.35, 0.65, 0.435035
0.75, 0.446814, 0.35, 0.65, 0.446621
0.75, 0.452391, 0.35, 0.65, 0.450145
0.75, 0.433103, 0.35, 0.65, 0.43244
0.75, 0.449586, 0.355, 0.645, 0.445431
0.75, 0.448461, 0.355, 0.645, 0.447739
0.75, 0.451118, 0.355, 0.645, 0.446695
0.75, 0.455466, 0.355, 0.645, 0.453188
0.75, 0.444525, 0.355, 0.645, 0.445074
0.75, 0.444929, 0.355, 0.645, 0.446752
0.75, 0.435408, 0.355, 0.645, 0.436273
0.75, 0.450835, 0.355, 0.645, 0.452659
0.75, 0.444869, 0.355, 0.645, 0.44457
0.75, 0.452164, 0.355, 0.645, 0.452499
0.75, 0.453686, 0.355, 0.645, 0.45333
0.75, 0.443828, 0.355, 0.645, 0.448963
0.75, 0.456924, 0.355, 0.645, 0.454527
0.75, 0.468054, 0.355, 0.645, 0.459883
0.75, 0.449144, 0.355, 0.645, 0.447332
0.75, 0.454728, 0.355, 0.645, 0.450003
0.75, 0.44437, 0.355, 0.645, 0.445747
0.75, 0.467678, 0.355, 0.645, 0.462342
0.75, 0.457392, 0.355, 0.645, 0.453942
0.75, 0.444954, 0.355, 0.645, 0.437599
0.75, 0.435798, 0.355, 0.645, 0.445002
0.75, 0.471006, 0.355, 0.645, 0.464703
0.75, 0.452689, 0.355, 0.645, 0.448054
0.75, 0.448514, 0.355, 0.645, 0.449374
0.75, 0.453859, 0.355, 0.645, 0.448223
0.75, 0.466346, 0.36, 0.64, 0.462265
0.75, 0.450802, 0.36, 0.64, 0.455233
0.75, 0.454224, 0.36, 0.64, 0.459906
0.75, 0.457453, 0.36, 0.64, 0.454951
0.75, 0.46536, 0.36, 0.64, 0.460119
0.75, 0.458523, 0.36, 0.64, 0.463413
0.75, 0.446184, 0.36, 0.64, 0.453492
0.75, 0.457866, 0.36, 0.64, 0.453183
0.75, 0.465683, 0.36, 0.64, 0.463614
0.75, 0.461568, 0.36, 0.64, 0.455885
0.75, 0.472029, 0.36, 0.64, 0.463858
0.75, 0.460751, 0.36, 0.64, 0.462186
0.75, 0.455755, 0.36, 0.64, 0.460602
0.75, 0.462372, 0.36, 0.64, 0.459128
0.75, 0.477289, 0.36, 0.64, 0.468169
0.75, 0.460908, 0.36, 0.64, 0.457053
0.75, 0.466287, 0.36, 0.64, 0.463013
0.75, 0.455859, 0.36, 0.64, 0.455933
0.75, 0.452779, 0.36, 0.64, 0.456799
0.75, 0.468493, 0.36, 0.64, 0.462184
0.75, 0.467383, 0.36, 0.64, 0.457846
0.75, 0.473632, 0.36, 0.64, 0.466299
0.75, 0.459354, 0.36, 0.64, 0.461461
0.75, 0.442931, 0.36, 0.64, 0.446088
0.75, 0.463117, 0.36, 0.64, 0.465396
0.75, 0.4596, 0.365, 0.635, 0.461287
0.75, 0.479609, 0.365, 0.635, 0.476959
0.75, 0.481694, 0.365, 0.635, 0.477378
0.75, 0.465991, 0.365, 0.635, 0.46366
0.75, 0.471353, 0.365, 0.635, 0.47172
0.75, 0.473622, 0.365, 0.635, 0.463429
0.75, 0.462961, 0.365, 0.635, 0.459516
0.75, 0.483591, 0.365, 0.635, 0.482283
0.75, 0.478912, 0.365, 0.635, 0.472166
0.75, 0.465537, 0.365, 0.635, 0.466998
0.75, 0.478455, 0.365, 0.635, 0.477548
0.75, 0.466708, 0.365, 0.635, 0.472235
0.75, 0.473515, 0.365, 0.635, 0.475042
0.75, 0.464756, 0.365, 0.635, 0.462944
0.75, 0.457255, 0.365, 0.635, 0.460741
0.75, 0.46596, 0.365, 0.635, 0.470771
0.75, 0.485344, 0.365, 0.635, 0.478664
0.75, 0.47169, 0.365, 0.635, 0.472401
0.75, 0.473421, 0.365, 0.635, 0.471089
0.75, 0.476239, 0.365, 0.635, 0.472741
0.75, 0.479146, 0.365, 0.635, 0.479412
0.75, 0.466596, 0.365, 0.635, 0.467036
0.75, 0.477965, 0.365, 0.635, 0.475734
0.75, 0.479271, 0.365, 0.635, 0.470282
0.75, 0.466531, 0.365, 0.635, 0.461554
0.75, 0.48708, 0.37, 0.63, 0.493172
0.75, 0.48136, 0.37, 0.63, 0.479823
0.75, 0.46956, 0.37, 0.63, 0.47152
0.75, 0.49882, 0.37, 0.63, 0.485981
0.75, 0.471791, 0.37, 0.63, 0.471396
0.75, 0.483465, 0.37, 0.63, 0.477537
0.75, 0.477835, 0.37, 0.63, 0.478776
0.75, 0.479535, 0.37, 0.63, 0.483229
0.75, 0.492613, 0.37, 0.63, 0.49154
0.75, 0.473553, 0.37, 0.63, 0.473981
0.75, 0.499379, 0.37, 0.63, 0.492128
0.75, 0.476445, 0.37, 0.63, 0.479085
0.75, 0.480146, 0.37, 0.63, 0.477836
0.75, 0.483029, 0.37, 0.63, 0.475398
0.75, 0.485717, 0.37, 0.63, 0.481711
0.75, 0.480371, 0.37, 0.63, 0.475391
0.75, 0.475106, 0.37, 0.63, 0.480332
0.75, 0.480989, 0.37, 0.63, 0.480994
0.75, 0.464282, 0.37, 0.63, 0.466339
0.75, 0.488716, 0.37, 0.63, 0.478183
0.75, 0.491267, 0.37, 0.63, 0.494304
0.75, 0.482925, 0.37, 0.63, 0.482964
0.75, 0.49655, 0.37, 0.63, 0.490312
0.75, 0.460096, 0.37, 0.63, 0.458779
0.75, 0.472858, 0.37, 0.63, 0.469918
0.75, 0.492885, 0.375, 0.625, 0.489244
0.75, 0.481084, 0.375, 0.625, 0.484753
0.75, 0.488017, 0.375, 0.625, 0.485358
0.75, 0.483993, 0.375, 0.625, 0.482338
0.75, 0.489776, 0.375, 0.625, 0.489227
0.75, 0.508046, 0.375, 0.625, 0.505701
0.75, 0.493063, 0.375, 0.625, 0.491432
0.75, 0.485428, 0.375, 0.625, 0.484594
0.75, 0.48326, 0.375, 0.625, 0.484213
0.75, 0.481553, 0.375, 0.625, 0.476486
0.75, 0.478632, 0.375, 0.625, 0.477317
0.75, 0.496446, 0.375, 0.625, 0.49489
0.75, 0.484906, 0.375, 0.625, 0.483153
0.75, 0.502999, 0.375, 0.625, 0.491181
0.75, 0.500306, 0.375, 0.625, 0.494695
0.75, 0.48709, 0.375, 0.625, 0.485924
0.75, 0.512235, 0.375, 0.625, 0.507575
0.75, 0.497121, 0.375, 0.625, 0.497196
0.75, 0.50286, 0.375, 0.625, 0.494376
0.75, 0.483071, 0.375, 0.625, 0.480157
0.75, 0.479938, 0.375, 0.625, 0.480256
0.75, 0.495461, 0.375, 0.625, 0.499418
0.75, 0.49044, 0.375, 0.625, 0.484536
0.75, 0.497123, 0.375, 0.625, 0.495438
0.75, 0.486622, 0.375, 0.625, 0.48604
0.75, 0.498858, 0.38, 0.62, 0.499692
0.75, 0.51289, 0.38, 0.62, 0.511679
0.75, 0.487923, 0.38, 0.62, 0.488913
0.75, 0.502551, 0.38, 0.62, 0.501997
0.75, 0.505249, 0.38, 0.62, 0.501318
0.75, 0.498837, 0.38, 0.62, 0.497515
0.75, 0.495071, 0.38, 0.62, 0.483897
0.75, 0.51301, 0.38, 0.62, 0.505406
0.75, 0.497125, 0.38, 0.62, 0.501386
0.75, 0.499164, 0.38, 0.62, 0.493945
0.75, 0.50485, 0.38, 0.62, 0.508789
0.75, 0.484809, 0.38, 0.62, 0.492796
0.75, 0.490042, 0.38, 0.62, 0.491283
0.75, 0.499468, 0.38, 0.62, 0.500454
0.75, 0.487554, 0.38, 0.62, 0.494789
0.75, 0.498143, 0.38, 0.62, 0.496716
0.75, 0.496576, 0.38, 0.62, 0.496973
0.75, 0.495753, 0.38, 0.62, 0.495808
0.75, 0.500734, 0.38, 0.62, 0.495736
0.75, 0.513106, 0.38, 0.62, 0.507955
0.75, 0.498962, 0.38, 0.62, 0.498204
0.75, 0.509639, 0.38, 0.62, 0.505225
0.75, 0.505064, 0.38, 0.62, 0.508153
0.75, 0.508347, 0.38, 0.62, 0.507098
0.75, 0.502023, 0.38, 0.62, 0.498015
0.75, 0.529716, 0.385, 0.615, 0.528916
0.75, 0.502959, 0.385, 0.615, 0.504303
0.75, 0.52182, 0.385, 0.615, 0.518472
0.75, 0.518885, 0.385, 0.615, 0.511681
0.75, 0.512129, 0.385, 0.615, 0.510534
0.75, 0.517636, 0.385, 0.615, 0.510092
0.75, 0.504575, 0.385, 0.615, 0.503796
0.75, 0.504649, 0.385, 0.615, 0.510256
0.75, 0.521339, 0.385, 0.615, 0.512027
0.75, 0.525352, 0.385, 0.615, 0.511642
0.75, 0.537341, 0.385, 0.615, 0.526986
0.75, 0.504333, 0.385, 0.615, 0.496958
0.75, 0.518007, 0.385, 0.615, 0.517318
0.75, 0.510731, 0.385, 0.615, 0.507167
0.75, 0.51625, 0.385, 0.615, 0.509737
0.75, 0.509176, 0.385, 0.615, 0.505549
0.75, 0.50672, 0.385, 0.615, 0.506257
0.75, 0.505485, 0.385, 0.615, 0.500684
0.75, 0.520725, 0.385, 0.615, 0.52018
0.75, 0.512281, 0.385, 0.615, 0.504764
0.75, 0.51604, 0.385, 0.615, 0.506482
0.75, 0.51753, 0.385, 0.615, 0.514495
0.75, 0.53664, 0.385, 0.615, 0.529601
0.75, 0.524488, 0.385, 0.615, 0.517467
0.75, 0.491986, 0.385, 0.615, 0.491859
0.75, 0.528513, 0.39, 0.61, 0.519565
0.75, 0.530819, 0.39, 0.61, 0.527688
0.75, 0.524529, 0.39, 0.61, 0.518822
0.75, 0.529218, 0.39, 0.61, 0.52869
0.75, 0.519627, 0.39, 0.61, 0.513807
0.75, 0.530215, 0.39, 0.61, 0.523246
0.75, 0.519171, 0.39, 0.61, 0.513915
0.75, 0.517361, 0.39, 0.61, 0.522345
0.75, 0.540331, 0.39, 0.61, 0.533933
0.75, 0.544775, 0.39, 0.61, 0.533216
0.75, 0.517649, 0.39, 0.61, 0.514362
0.75, 0.541588, 0.39, 0.61, 0.53173
0.75, 0.517651, 0.39, 0.61, 0.515949
0.75, 0.535971, 0.39, 0.61, 0.526507
0.75, 0.536506, 0.39, 0.61, 0.527912
0.75, 0.527623, 0.39, 0.61, 0.524076
0.75, 0.504108, 0.39, 0.61, 0.49942
0.75, 0.514418, 0.39, 0.61, 0.513245
0.75, 0.54105, 0.39, 0.61, 0.536767
0.75, 0.526094, 0.39, 0.61, 0.522414
0.75, 0.52366, 0.39, 0.61, 0.523055
0.75, 0.53783, 0.39, 0.61, 0.534189
0.75, 0.513391, 0.39, 0.61, 0.510925
0.75, 0.516859, 0.39, 0.61, 0.51666
0.75, 0.524748, 0.39, 0.61, 0.518778
0.75, 0.567235, 0.395, 0.605, 0.561416
0.75, 0.551567, 0.395, 0.605, 0.545532
0.75, 0.533353, 0.395, 0.605, 0.527572
0.75, 0.539097, 0.395, 0.605, 0.535124
0.75, 0.549332, 0.395, 0.605, 0.540131
0.75, 0.53488, 0.395, 0.605, 0.535246
0.75, 0.554831, 0.395, 0.605, 0.544039
0.75, 0.539428, 0.395, 0.605, 0.54275
0.75, 0.536909, 0.395, 0.605, 0.536491
0.75, 0.547681, 0.395, 0.605, 0.542884
0.75, 0.547572, 0.395, 0.605, 0.541475
0.75, 0.553355, 0.395, 0.605, 0.545261
0.75, 0.55296, 0.395, 0.605, 0.544874
0.75, 0.54053, 0.395, 0.605, 0.538184
0.75, 0.523781, 0.395, 0.605, 0.514919
0.75, 0.541816, 0.395, 0.605, 0.536358
0.75, 0.519364, 0.395, 0.605, 0.524205
0.75, 0.533806, 0.395, 0.605, 0.534151
0.75, 0.559131, 0.395, 0.605, 0.549039
0.75, 0.537355, 0.395, 0.605, 0.531129
0.75, 0.533217, 0.395, 0.605, 0.52602
0.75, 0.571099, 0.395, 0.605, 0.561953
0.75, 0.544159, 0.395, 0.605, 0.538971
0.75, 0.549169, 0.395, 0.605, 0.542438
0.75, 0.553876, 0.395, 0.605, 0.537173
0.75, 0.566972, 0.4, 0.6, 0.560655
0.75, 0.557089, 0.4, 0.6, 0.544471
0.75, 0.553144, 0.4, 0.6, 0.545377
0.75, 0.557193, 0.4, 0.6, 0.55334
0.75, 0.546706, 0.4, 0.6, 0.54132
0.75, 0.535866, 0.4, 0.6, 0.535903
0.75, 0.574631, 0.4, 0.6, 0.568
0.75, 0.548617, 0.4, 0.6, 0.541271
0.75, 0.566521, 0.4, 0.6, 0.556879
0.75, 0.540643, 0.4, 0.6, 0.538735
0.75, 0.553162, 0.4, 0.6, 0.5457
0.75, 0.556564, 0.4, 0.6, 0.545995
0.75, 0.546851, 0.4, 0.6, 0.543591
0.75, 0.543449, 0.4, 0.6, 0.537623
0.75, 0.541242, 0.4, 0.6, 0.530377
0.75, 0.554209, 0.4, 0.6, 0.544643
0.75, 0.54286, 0.4, 0.6, 0.542841
0.75, 0.562365, 0.4, 0.6, 0.549307
0.75, 0.549096, 0.4, 0.6, 0.539929
0.75, 0.544825, 0.4, 0.6, 0.537824
0.75, 0.550649, 0.4, 0.6, 0.545
0.75, 0.562366, 0.4, 0.6, 0.553436
0.75, 0.549303, 0.4, 0.6, 0.541049
0.75, 0.542486, 0.4, 0.6, 0.541188
0.75, 0.567096, 0.4, 0.6, 0.554387
0.75, 0.557142, 0.405, 0.595, 0.547937
0.75, 0.583385, 0.405, 0.595, 0.570771
0.75, 0.566476, 0.405, 0.595, 0.563734
0.75, 0.576879, 0.405, 0.595, 0.569828
0.75, 0.548588, 0.405, 0.595, 0.555508
0.75, 0.542173, 0.405, 0.595, 0.5385
0.75, 0.588439, 0.405, 0.595, 0.579997
0.75, 0.571415, 0.405, 0.595, 0.566392
0.75, 0.581731, 0.405, 0.595, 0.569987
0.75, 0.560012, 0.405, 0.595, 0.553115
0.75, 0.572765, 0.405, 0.595, 0.558569
0.75, 0.563591, 0.405, 0.595, 0.558543
0.75, 0.561375, 0.405, 0.595, 0.55666
0.75, 0.56825, 0.405, 0.595, 0.55959
0.75, 0.567481, 0.405, 0.595, 0.558457
0.75, 0.561772, 0.405, 0.595, 0.553833
0.75, 0.568201, 0.405, 0.595, 0.557211
0.75, 0.572107, 0.405, 0.595, 0.564901
0.75, 0.573222, 0.405, 0.595, 0.563103
0.75, 0.576033, 0.405, 0.595, 0.566144
0.75, 0.565308, 0.405, 0.595, 0.556561
0.75, 0.566143, 0.405, 0.595, 0.553205
0.75, 0.593924, 0.405, 0.595, 0.58891
0.75, 0.568399, 0.405, 0.595, 0.556181
0.75, 0.580051, 0.405, 0.595, 0.566455
0.75, 0.563267, 0.41, 0.59, 0.563472
0.75, 0.575447, 0.41, 0.59, 0.570389
0.75, 0.579506, 0.41, 0.59, 0.570534
0.75, 0.576533, 0.41, 0.59, 0.572893
0.75, 0.575862, 0.41, 0.59, 0.566001
0.75, 0.568578, 0.41, 0.59, 0.561238
0.75, 0.589669, 0.41, 0.59, 0.573534
0.75, 0.580506, 0.41, 0.59, 0.570832
0.75, 0.578154, 0.41, 0.59, 0.567486
0.75, 0.570403, 0.41, 0.59, 0.566242
0.75, 0.56919, 0.41, 0.59, 0.556866
0.75, 0.603743, 0.41, 0.59, 0.592335
0.75, 0.551126, 0.41, 0.59, 0.550575
0.75, 0.585686, 0.41, 0.59, 0.575932
0.75, 0.577547, 0.41, 0.59, 0.568551
0.75, 0.568883, 0.41, 0.59, 0.562105
0.75, 0.576654, 0.41, 0.59, 0.56628
0.75, 0.603365, 0.41, 0.59, 0.586527
0.75, 0.574326, 0.41, 0.59, 0.57255
0.75, 0.591295, 0.41, 0.59, 0.580105
0.75, 0.575394, 0.41, 0.59, 0.570555
0.75, 0.588867, 0.41, 0.59, 0.58156
0.75, 0.57691, 0.41, 0.59, 0.565765
0.75, 0.599504, 0.41, 0.59, 0.586235
0.75, 0.572514, 0.41, 0.59, 0.56523
0.75, 0.603969, 0.415, 0.585, 0.592033
0.75, 0.593837, 0.415, 0.585, 0.584662
0.75, 0.590883, 0.415, 0.585, 0.584494
0.75, 0.597882, 0.415, 0.585, 0.579393
0.75, 0.595462, 0.415, 0.585, 0.589515
0.75, 0.589812, 0.415, 0.585, 0.567815
0.75, 0.59063, 0.415, 0.585, 0.585208
0.75, 0.593288, 0.415, 0.585, 0.589129
0.75, 0.581338, 0.415, 0.585, 0.575744
0.75, 0.590128, 0.415, 0.585, 0.581867
0.75, 0.587988, 0.415, 0.585, 0.581682
0.75, 0.598394, 0.415, 0.585, 0.584156
0.75, 0.595204, 0.415, 0.585, 0.585301
0.75, 0.59031, 0.415, 0.585, 0.579088
0.75, 0.588886, 0.415, 0.585, 0.575079
0.75, 0.5998, 0.415, 0.585, 0.593075
0.75, 0.573961, 0.415, 0.585, 0.567929
0.75, 0.594538, 0.415, 0.585, 0.585898
0.75, 0.586223, 0.415, 0.585, 0.586522
0.75, 0.590435, 0.415, 0.585, 0.580555
0.75, 0.569281, 0.415, 0.585, 0.569444
0.75, 0.603216, 0.415, 0.585, 0.592895
0.75, 0.597533, 0.415, 0.585, 0.588844
0.75, 0.602681, 0.415, 0.585, 0.588347
0.75, 0.59369, 0.415, 0.585, 0.589307
0.75, 0.621771, 0.42, 0.58, 0.602408
0.75, 0.608146, 0.42, 0.58, 0.594826
0.75, 0.605136, 0.42, 0.58, 0.59156
0.75, 0.596189, 0.42, 0.58, 0.590007
0.75, 0.600444, 0.42, 0.58, 0.594061
0.75, 0.598998, 0.42, 0.58, 0.583248
0.75, 0.603037, 0.42, 0.58, 0.588895
0.75, 0.614966, 0.42, 0.58, 0.599411
0.75, 0.612262, 0.42, 0.58, 0.608271
0.75, 0.592882, 0.42, 0.58, 0.584111
0.75, 0.607638, 0.42, 0.58, 0.605078
0.75, 0.599852, 0.42, 0.58, 0.591555
0.75, 0.624228, 0.42, 0.58, 0.604661
0.75, 0.619417, 0.42, 0.58, 0.608154
0.75, 0.596255, 0.42, 0.58, 0.593108
0.75, 0.607906, 0.42, 0.58, 0.592858
0.75, 0.596281, 0.42, 0.58, 0.590562
0.75, 0.59047, 0.42, 0.58, 0.58289
0.75, 0.5856, 0.42, 0.58, 0.580866
0.75, 0.627702, 0.42, 0.58, 0.615413
0.75, 0.600256, 0.42, 0.58, 0.591668
0.75, 0.603375, 0.42, 0.58, 0.597826
0.75, 0.606841, 0.42, 0.58, 0.595439
0.75, 0.59928, 0.42, 0.58, 0.584678
0.75, 0.597726, 0.42, 0.58, 0.591967
0.75, 0.596145, 0.425, 0.575, 0.58467
0.75, 0.63289, 0.425, 0.575, 0.616079
0.75, 0.640676, 0.425, 0.575, 0.627933
0.75, 0.628761, 0.425, 0.575, 0.614469
0.75, 0.636084, 0.425, 0.575, 0.621127
0.75, 0.654343, 0.425, 0.575, 0.634788
0.75, 0.618233, 0.425, 0.575, 0.606691
0.75, 0.628393, 0.425, 0.575, 0.614469
0.75, 0.606464, 0.425, 0.575, 0.592454
0.75, 0.626434, 0.425, 0.575, 0.617736
0.75, 0.599728, 0.425, 0.575, 0.591869
0.75, 0.628992, 0.425, 0.575, 0.616603
0.75, 0.616045, 0.425, 0.575, 0.610449
0.75, 0.628733, 0.425, 0.575, 0.614396
0.75, 0.611526, 0.425, 0.575, 0.598777
0.75, 0.623584, 0.425, 0.575, 0.613865
0.75, 0.610357, 0.425, 0.575, 0.599897
0.75, 0.624098, 0.425, 0.575, 0.612101
0.75, 0.6306, 0.425, 0.575, 0.616282
0.75, 0.617049, 0.425, 0.575, 0.602119
0.75, 0.642579, 0.425, 0.575, 0.624129
0.75, 0.647155, 0.425, 0.575, 0.627542
0.75, 0.599346, 0.425, 0.575, 0.589309
0.75, 0.626175, 0.425, 0.575, 0.610425
0.75, 0.618003, 0.425, 0.575, 0.609906
0.75, 0.656525, 0.43, 0.57, 0.641494
0.75, 0.652218, 0.43, 0.57, 0.635743
0.75, 0.625617, 0.43, 0.57, 0.613853
0.75, 0.632348, 0.43, 0.57, 0.615849
0.75, 0.64745, 0.43, 0.57, 0.634386
0.75, 0.649602, 0.43, 0.57, 0.623402
0.75, 0.637059, 0.43, 0.57, 0.622002
0.75, 0.636443, 0.43, 0.57, 0.625254
0.75, 0.655325, 0.43, 0.57, 0.640375
0.75, 0.641031, 0.43, 0.57, 0.623185
0.75, 0.638197, 0.43, 0.57, 0.621858
0.75, 0.617506, 0.43, 0.57, 0.601745
0.75, 0.664939, 0.43, 0.57, 0.642112
0.75, 0.617829, 0.43, 0.57, 0.607914
0.75, 0.641297, 0.43, 0.57, 0.627606
0.75, 0.646976, 0.43, 0.57, 0.63907
0.75, 0.64793, 0.43, 0.57, 0.635703
0.75, 0.653186, 0.43, 0.57, 0.635854
0.75, 0.64725, 0.43, 0.57, 0.630988
0.75, 0.637333, 0.43, 0.57, 0.627007
0.75, 0.647928, 0.43, 0.57, 0.634935
0.75, 0.649477, 0.43, 0.57, 0.63272
0.75, 0.621538, 0.43, 0.57, 0.610916
0.75, 0.669476, 0.43, 0.57, 0.646459
0.75, 0.635341, 0.43, 0.57, 0.62247
0.75, 0.67334, 0.435, 0.565, 0.648671
0.75, 0.657777, 0.435, 0.565, 0.638055
0.75, 0.649586, 0.435, 0.565, 0.640612
0.75, 0.666155, 0.435, 0.565, 0.649739
0.75, 0.618188, 0.435, 0.565, 0.616635
0.75, 0.646496, 0.435, 0.565, 0.639133
0.75, 0.653758, 0.435, 0.565, 0.644851
0.75, 0.647493, 0.435, 0.565, 0.639476
0.75, 0.648858, 0.435, 0.565, 0.636973
0.75, 0.649917, 0.435, 0.565, 0.64021
0.75, 0.653632, 0.435, 0.565, 0.643189
0.75, 0.65541, 0.435, 0.565, 0.639404
0.75, 0.646271, 0.435, 0.565, 0.634602
0.75, 0.649095, 0.435, 0.565, 0.632175
0.75, 0.647735, 0.435, 0.565, 0.636503
0.75, 0.639947, 0.435, 0.565, 0.633828
0.75, 0.647393, 0.435, 0.565, 0.632907
0.75, 0.671939, 0.435, 0.565, 0.655626
0.75, 0.678712, 0.435, 0.565, 0.66541
0.75, 0.648945, 0.435, 0.565, 0.636658
0.75, 0.625335, 0.435, 0.565, 0.616224
0.75, 0.639115, 0.435, 0.565, 0.622734
0.75, 0.636465, 0.435, 0.565, 0.631961
0.75, 0.679968, 0.435, 0.565, 0.662338
0.75, 0.66817, 0.435, 0.565, 0.652617
0.75, 0.660478, 0.44, 0.56, 0.650053
0.75, 0.676475, 0.44, 0.56, 0.663359
0.75, 0.681004, 0.44, 0.56, 0.667513
0.75, 0.678715, 0.44, 0.56, 0.658084
0.75, 0.639938, 0.44, 0.56, 0.632436
0.75, 0.670386, 0.44, 0.56, 0.653971
0.75, 0.667567, 0.44, 0.56, 0.65181
0.75, 0.679507, 0.44, 0.56, 0.662057
0.75, 0.674527, 0.44, 0.56, 0.657075
0.75, 0.691181, 0.44, 0.56, 0.667331
0.75, 0.647571, 0.44, 0.56, 0.636281
0.75, 0.698544, 0.44, 0.56, 0.678161
0.75, 0.693561, 0.44, 0.56, 0.674105
0.75, 0.665545, 0.44, 0.56, 0.659068
0.75, 0.664742, 0.44, 0.56, 0.655188
0.75, 0.659205, 0.44, 0.56, 0.648434
0.75, 0.65024, 0.44, 0.56, 0.63381
0.75, 0.687888, 0.44, 0.56, 0.662893
0.75, 0.70167, 0.44, 0.56, 0.680931
0.75, 0.672348, 0.44, 0.56, 0.656378
0.75, 0.66618, 0.44, 0.56, 0.646891
0.75, 0.660682, 0.44, 0.56, 0.646462
0.75, 0.663238, 0.44, 0.56, 0.656784
0.75, 0.66851, 0.44, 0.56, 0.647794
0.75, 0.723921, 0.44, 0.56, 0.698443
0.75, 0.705878, 0.445, 0.555, 0.687921
0.75, 0.711125, 0.445, 0.555, 0.697506
0.75, 0.673278, 0.445, 0.555, 0.669273
0.75, 0.662998, 0.445, 0.555, 0.654937
0.75, 0.692455, 0.445, 0.555, 0.679499
0.75, 0.693189, 0.445, 0.555, 0.671731
0.75, 0.706919, 0.445, 0.555, 0.690561
0.75, 0.690486, 0.445, 0.555, 0.671182
0.75, 0.692275, 0.445, 0.555, 0.676735
0.75, 0.651436, 0.445, 0.555, 0.646978
0.75, 0.680479, 0.445, 0.555, 0.661058
0.75, 0.701627, 0.445, 0.555, 0.691512
0.75, 0.666405, 0.445, 0.555, 0.654842
0.75, 0.708246, 0.445, 0.555, 0.694447
0.75, 0.695819, 0.445, 0.555, 0.67771
0.75, 0.69367, 0.445, 0.555, 0.672862
0.75, 0.680239, 0.445, 0.555, 0.668121
0.75, 0.668798, 0.445, 0.555, 0.659272
0.75, 0.66945, 0.445, 0.555, 0.65031
0.75, 0.682269, 0.445, 0.555, 0.666589
0.75, 0.685212, 0.445, 0.555, 0.664129
0.75, 0.701694, 0.445, 0.555, 0.680188
0.75, 0.688344, 0.445, 0.555, 0.668728
0.75, 0.676324, 0.445, 0.555, 0.660486
0.75, 0.714714, 0.445, 0.555, 0.698188
0.75, 0.698821, 0.45, 0.55, 0.685242
0.75, 0.702037, 0.45, 0.55, 0.683313
0.75, 0.711614, 0.45, 0.55, 0.694575
0.75, 0.71768, 0.45, 0.55, 0.700541
0.75, 0.71111, 0.45, 0.55, 0.69143
0.75, 0.713624, 0.45, 0.55, 0.694127
0.75, 0.708921, 0.45, 0.55, 0.695029
0.75, 0.698228, 0.45, 0.55, 0.686049
0.75, 0.70533, 0.45, 0.55, 0.693919
0.75, 0.68544, 0.45, 0.55, 0.670081
0.75, 0.73687, 0.45, 0.55, 0.71399
0.75, 0.71127, 0.45, 0.55, 0.697171
0.75, 0.729114, 0.45, 0.55, 0.710859
0.75, 0.698067, 0.45, 0.55, 0.682273
0.75, 0.722972, 0.45, 0.55, 0.700442
0.75, 0.71061, 0.45, 0.55, 0.688114
0.75, 0.703557, 0.45, 0.55, 0.68536
0.75, 0.728635, 0.45, 0.55, 0.712894
0.75, 0.685514, 0.45, 0.55, 0.673133
0.75, 0.683937, 0.45, 0.55, 0.674221
0.75, 0.699173, 0.45, 0.55, 0.689842
0.75, 0.714129, 0.45, 0.55, 0.703811
0.75, 0.701988, 0.45, 0.55, 0.681388
0.75, 0.696315, 0.45, 0.55, 0.68274
0.75, 0.712472, 0.45, 0.55, 0.703589
0.75, 0.718868, 0.455, 0.545, 0.699945
0.75, 0.753357, 0.455, 0.545, 0.728375
0.75, 0.721309, 0.455, 0.545, 0.70409
0.75, 0.744291, 0.455, 0.545, 0.723737
0.75, 0.706764, 0.455, 0.545, 0.698894
0.75, 0.731593, 0.455, 0.545, 0.717503
0.75, 0.724986, 0.455, 0.545, 0.706296
0.75, 0.71438, 0.455, 0.545, 0.694455
0.75, 0.745299, 0.455, 0.545, 0.716642
0.75, 0.723634, 0.455, 0.545, 0.707853
0.75, 0.763026, 0.455, 0.545, 0.745052
0.75, 0.721885, 0.455, 0.545, 0.702763
0.75, 0.701649, 0.455, 0.545, 0.69573
0.75, 0.740385, 0.455, 0.545, 0.731403
0.75, 0.737782, 0.455, 0.545, 0.720176
0.75, 0.724754, 0.455, 0.545, 0.710624
0.75, 0.731007, 0.455, 0.545, 0.717437
0.75, 0.742162, 0.455, 0.545, 0.722349
0.75, 0.739954, 0.455, 0.545, 0.724626
0.75, 0.73291, 0.455, 0.545, 0.721493
0.75, 0.735052, 0.455, 0.545, 0.715048
0.75, 0.732591, 0.455, 0.545, 0.708453
0.75, 0.745746, 0.455, 0.545, 0.730164
0.75, 0.735059, 0.455, 0.545, 0.712902
0.75, 0.748109, 0.455, 0.545, 0.726928
0.75, 0.729501, 0.46, 0.54, 0.712482
0.75, 0.739013, 0.46, 0.54, 0.717044
0.75, 0.720269, 0.46, 0.54, 0.703372
0.75, 0.74377, 0.46, 0.54, 0.723909
0.75, 0.747278, 0.46, 0.54, 0.727551
0.75, 0.770831, 0.46, 0.54, 0.753098
0.75, 0.752555, 0.46, 0.54, 0.736209
0.75, 0.727988, 0.46, 0.54, 0.718563
0.75, 0.764435, 0.46, 0.54, 0.740981
0.75, 0.774211, 0.46, 0.54, 0.753551
0.75, 0.763075, 0.46, 0.54, 0.743697
0.75, 0.737678, 0.46, 0.54, 0.72303
0.75, 0.761328, 0.46, 0.54, 0.739803
0.75, 0.741925, 0.46, 0.54, 0.719468
0.75, 0.793632, 0.46, 0.54, 0.771934
0.75, 0.743813, 0.46, 0.54, 0.725142
0.75, 0.739798, 0.46, 0.54, 0.720964
0.75, 0.775838, 0.46, 0.54, 0.757769
0.75, 0.730521, 0.46, 0.54, 0.709675
0.75, 0.704156, 0.46, 0.54, 0.690889
0.75, 0.749287, 0.46, 0.54, 0.731868
0.75, 0.7192, 0.46, 0.54, 0.708396
0.75, 0.718257, 0.46, 0.54, 0.70513
0.75, 0.713522, 0.46, 0.54, 0.691545
0.75, 0.745244, 0.46, 0.54, 0.730031
0.75, 0.772463, 0.465, 0.535, 0.750062
0.75, 0.769445, 0.465, 0.535, 0.746649
0.75, 0.76209, 0.465, 0.535, 0.74302
0.75, 0.766124, 0.465, 0.535, 0.748298
0.75, 0.767336, 0.465, 0.535, 0.75107
0.75, 0.7798, 0.465, 0.535, 0.761452
0.75, 0.74466, 0.465, 0.535, 0.72798
0.75, 0.771389, 0.465, 0.535, 0.752341
0.75, 0.765026, 0.465, 0.535, 0.745932
0.75, 0.770737, 0.465, 0.535, 0.755815
0.75, 0.785552, 0.465, 0.535, 0.763693
0.75, 0.76133, 0.465, 0.535, 0.738175
0.75, 0.793462, 0.465, 0.535, 0.762296
0.75, 0.772905, 0.465, 0.535, 0.753062
0.75, 0.759227, 0.465, 0.535, 0.739226
0.75, 0.777071, 0.465, 0.535, 0.759928
0.75, 0.7876, 0.465, 0.535, 0.766167
0.75, 0.770637, 0.465, 0.535, 0.74742
0.75, 0.776247, 0.465, 0.535, 0.759662
0.75, 0.761048, 0.465, 0.535, 0.746633
0.75, 0.785387, 0.465, 0.535, 0.763355
0.75, 0.772601, 0.465, 0.535, 0.754698
0.75, 0.795124, 0.465, 0.535, 0.77319
0.75, 0.756233, 0.465, 0.535, 0.745127
0.75, 0.79056, 0.465, 0.535, 0.771026
0.75, 0.800226, 0.47, 0.53, 0.778315
0.75, 0.78499, 0.47, 0.53, 0.766836
0.75, 0.805427, 0.47, 0.53, 0.78537
0.75, 0.821464, 0.47, 0.53, 0.798641
0.75, 0.766677, 0.47, 0.53, 0.742034
0.75, 0.823165, 0.47, 0.53, 0.802569
0.75, 0.79281, 0.47, 0.53, 0.773267
0.75, 0.801707, 0.47, 0.53, 0.778685
0.75, 0.815737, 0.47, 0.53, 0.792277
0.75, 0.82367, 0.47, 0.53, 0.804376
0.75, 0.782207, 0.47, 0.53, 0.758817
0.75, 0.843639, 0.47, 0.53, 0.822967
0.75, 0.78342, 0.47, 0.53, 0.760927
0.75, 0.798059, 0.47, 0.53, 0.781216
0.75, 0.797473, 0.47, 0.53, 0.776914
0.75, 0.804052, 0.47, 0.53, 0.785853
0.75, 0.799852, 0.47, 0.53, 0.781418
0.75, 0.825445, 0.47, 0.53, 0.807176
0.75, 0.808263, 0.47, 0.53, 0.78495
0.75, 0.817021, 0.47, 0.53, 0.788155
0.75, 0.811368, 0.47, 0.53, 0.788252
0.75, 0.774633, 0.47, 0.53, 0.755739
0.75, 0.794164, 0.47, 0.53, 0.769027
0.75, 0.777896, 0.47, 0.53, 0.753847
0.75, 0.8004, 0.47, 0.53, 0.770783
0.75, 0.83582, 0.475, 0.525, 0.814255
0.75, 0.808496, 0.475, 0.525, 0.790381
0.75, 0.83405, 0.475, 0.525, 0.811421
0.75, 0.839475, 0.475, 0.525, 0.818095
0.75, 0.847973, 0.475, 0.525, 0.827765
0.75, 0.822928, 0.475, 0.525, 0.804489
0.75, 0.800408, 0.475, 0.525, 0.779843
0.75, 0.808021, 0.475, 0.525, 0.791235
0.75, 0.839909, 0.475, 0.525, 0.815475
0.75, 0.801143, 0.475, 0.525, 0.781737
0.75, 0.78816, 0.475, 0.525, 0.77324
0.75, 0.829352, 0.475, 0.525, 0.80458
0.75, 0.800265, 0.475, 0.525, 0.774987
0.75, 0.831822, 0.475, 0.525, 0.806282
0.75, 0.822276, 0.475, 0.525, 0.802869
0.75, 0.852836, 0.475, 0.525, 0.833391
0.75, 0.813818, 0.475, 0.525, 0.794185
0.75, 0.838582, 0.475, 0.525, 0.819332
0.75, 0.796551, 0.475, 0.525, 0.774155
0.75, 0.810513, 0.475, 0.525, 0.791839
0.75, 0.837581, 0.475, 0.525, 0.818213
0.75, 0.827551, 0.475, 0.525, 0.807337
0.75, 0.831261, 0.475, 0.525, 0.80822
0.75, 0.859429, 0.475, 0.525, 0.84064
0.75, 0.843812, 0.475, 0.525, 0.823607
0.75, 0.85803, 0.48, 0.52, 0.839021
0.75, 0.864998, 0.48, 0.52, 0.84434
0.75, 0.855799, 0.48, 0.52, 0.834725
0.75, 0.859324, 0.48, 0.52, 0.837935
0.75, 0.867355, 0.48, 0.52, 0.839756
0.75, 0.895721, 0.48, 0.52, 0.872296
0.75, 0.853535, 0.48, 0.52, 0.832534
0.75, 0.881758, 0.48, 0.52, 0.855317
0.75, 0.845656, 0.48, 0.52, 0.824536
0.75, 0.86026, 0.48, 0.52, 0.843608
0.75, 0.877405, 0.48, 0.52, 0.854645
0.75, 0.874075, 0.48, 0.52, 0.854612
0.75, 0.864756, 0.48, 0.52, 0.843584
0.75, 0.837204, 0.48, 0.52, 0.816341
0.75, 0.889244, 0.48, 0.52, 0.867667
0.75, 0.831955, 0.48, 0.52, 0.812565
0.75, 0.841714, 0.48, 0.52, 0.823916
0.75, 0.859726, 0.48, 0.52, 0.844254
0.75, 0.810326, 0.48, 0.52, 0.792633
0.75, 0.844515, 0.48, 0.52, 0.823023
0.75, 0.872547, 0.48, 0.52, 0.854549
0.75, 0.829817, 0.48, 0.52, 0.813956
0.75, 0.854844, 0.48, 0.52, 0.831703
0.75, 0.861729, 0.48, 0.52, 0.842402
0.75, 0.837676, 0.48, 0.52, 0.825773
0.75, 0.877947, 0.485, 0.515, 0.860365
0.75, 0.884945, 0.485, 0.515, 0.862281
0.75, 0.913634, 0.485, 0.515, 0.898549
0.75, 0.869638, 0.485, 0.515, 0.84789
0.75, 0.948242, 0.485, 0.515, 0.937721
0.75, 0.910671, 0.485, 0.515, 0.897927
0.75, 0.871573, 0.485, 0.515, 0.85213
0.75, 0.879187, 0.485, 0.515, 0.862016
0.75, 0.88265, 0.485, 0.515, 0.868996
0.75, 0.908668, 0.485, 0.515, 0.89478
0.75, 0.90356, 0.485, 0.515, 0.885403
0.75, 0.901979, 0.485, 0.515, 0.886308
0.75, 0.915046, 0.485, 0.515, 0.89755
0.75, 0.917642, 0.485, 0.515, 0.902633
0.75, 0.893519, 0.485, 0.515, 0.875494
0.75, 0.86532, 0.485, 0.515, 0.845389
0.75, 0.896806, 0.485, 0.515, 0.880378
0.75, 0.920931, 0.485, 0.515, 0.904338
0.75, 0.88828, 0.485, 0.515, 0.872448
0.75, 0.888099, 0.485, 0.515, 0.873712
0.75, 0.895473, 0.485, 0.515, 0.877615
0.75, 0.932277, 0.485, 0.515, 0.919076
0.75, 0.899922, 0.485, 0.515, 0.883317
0.75, 0.896776, 0.485, 0.515, 0.878581
0.75, 0.86995, 0.485, 0.515, 0.852608
0.75, 0.901564, 0.49, 0.51, 0.885222
0.75, 0.910401, 0.49, 0.51, 0.895198
0.75, 0.941342, 0.49, 0.51, 0.926781
0.75, 0.947261, 0.49, 0.51, 0.934766
0.75, 0.908346, 0.49, 0.51, 0.8942
0.75, 0.912771, 0.49, 0.51, 0.897893
0.75, 0.939435, 0.49, 0.51, 0.924735
0.75, 0.925289, 0.49, 0.51, 0.915977
0.75, 0.910955, 0.49, 0.51, 0.892649
0.75, 0.948079, 0.49, 0.51, 0.937441
0.75, 0.943828, 0.49, 0.51, 0.932897
0.75, 0.923494, 0.49, 0.51, 0.90584
0.75, 0.909731, 0.49, 0.51, 0.893216
0.75, 0.922477, 0.49, 0.51, 0.909683
0.75, 0.915333, 0.49, 0.51, 0.899407
0.75, 0.901571, 0.49, 0.51, 0.886637
0.75, 0.903028, 0.49, 0.51, 0.888564
0.75, 0.89289, 0.49, 0.51, 0.877466
0.75, 0.904225, 0.49, 0.51, 0.884914
0.75, 0.927477, 0.49, 0.51, 0.917968
0.75, 0.910666, 0.49, 0.51, 0.899817
0.75, 0.883593, 0.49, 0.51, 0.86399
0.75, 0.923055, 0.49, 0.51, 0.910181
0.75, 0.92887, 0.49, 0.51, 0.915085
0.75, 0.956475, 0.49, 0.51, 0.941367
0.75, 0.940053, 0.495, 0.505, 0.928164
0.75, 0.919546, 0.495, 0.505, 0.903345
0.75, 0.962566, 0.495, 0.505, 0.954514
0.75, 0.952196, 0.495, 0.505, 0.94019
0.75, 0.943871, 0.495, 0.505, 0.935398
0.75, 0.96655, 0.495, 0.505, 0.959916
0.75, 0.962684, 0.495, 0.505, 0.955217
0.75, 0.929403, 0.495, 0.505, 0.913593
0.75, 0.950049, 0.495, 0.505, 0.942308
0.75, 0.986743, 0.495, 0.505, 0.983467
0.75, 0.945852, 0.495, 0.505, 0.931492
0.75, 0.936467, 0.495, 0.505, 0.925343
0.75, 0.922251, 0.495, 0.505, 0.909985
0.75, 0.950633, 0.495, 0.505, 0.941216
0.75, 0.92523, 0.495, 0.505, 0.908668
0.75, 0.921949, 0.495, 0.505, 0.908259
0.75, 0.940182, 0.495, 0.505, 0.928182
0.75, 0.960547, 0.495, 0.505, 0.953846
0.75, 0.953811, 0.495, 0.505, 0.9436
0.75, 0.943587, 0.495, 0.505, 0.931067
0.75, 0.976917, 0.495, 0.505, 0.968129
0.75, 0.924819, 0.495, 0.505, 0.91366
0.75, 0.958129, 0.495, 0.505, 0.954895
0.75, 0.907854, 0.495, 0.505, 0.894814
0.75, 0.936782, 0.495, 0.505, 0.922287
0.75, 0.994002, 0.5, 0.5, 0.992795
0.75, 0.974124, 0.5, 0.5, 0.966722
0.75, 0.98557, 0.5, 0.5, 0.984055
0.75, 0.994176, 0.5, 0.5, 0.993895
0.75, 0.993806, 0.5, 0.5, 0.990691
0.75, 0.999723, 0.5, 0.5, 0.999604
0.75, 0.966373, 0.5, 0.5, 0.959545
0.75, 0.999601, 0.5, 0.5, 0.999512
0.75, 0.996276, 0.5, 0.5, 0.995176
0.75, 0.986281, 0.5, 0.5, 0.982444
0.75, 0.989019, 0.5, 0.5, 0.98437
0.75, 0.992287, 0.5, 0.5, 0.990521
0.75, 0.959022, 0.5, 0.5, 0.951616
0.75, 0.93706, 0.5, 0.5, 0.925982
0.75, 0.99215, 0.5, 0.5, 0.989524
0.75, 0.944022, 0.5, 0.5, 0.928259
0.75, 0.992961, 0.5, 0.5, 0.991453
0.75, 0.95969, 0.5, 0.5, 0.948572
0.75, 0.97494, 0.5, 0.5, 0.967761
0.75, 0.97423, 0.5, 0.5, 0.968383
0.75, 0.95896, 0.5, 0.5, 0.953824
0.75, 0.999637, 0.5, 0.5, 0.999701
0.75, 0.971507, 0.5, 0.5, 0.961612
0.75, 0.99945, 0.5, 0.5, 0.999403
0.75, 0.988322, 0.5, 0.5, 0.985957
0.75, 0.997442, 0.505, 0.495, 0.996857
0.75, 0.995404, 0.505, 0.495, 0.994848
0.75, 0.964881, 0.505, 0.495, 0.956593
0.75, 0.975325, 0.505, 0.495, 0.9697
0.75, 0.978191, 0.505, 0.495, 0.969312
0.75, 0.999819, 0.505, 0.495, 0.999609
0.75, 0.995597, 0.505, 0.495, 0.993978
0.75, 0.99327, 0.505, 0.495, 0.991887
0.75, 0.987758, 0.505, 0.495, 0.98618
0.75, 0.992249, 0.505, 0.495, 0.990386
0.75, 0.997985, 0.505, 0.495, 0.996867
0.75, 0.976816, 0.505, 0.495, 0.972322
0.75, 0.974988, 0.505, 0.495, 0.968802
0.75, 0.991612, 0.505, 0.495, 0.99036
0.75, 0.978031, 0.505, 0.495, 0.974426
0.75, 0.988523, 0.505, 0.495, 0.985563
0.75, 0.978088, 0.505, 0.495, 0.971507
0.75, 0.981615, 0.505, 0.495, 0.978972
0.75, 0.988624, 0.505, 0.495, 0.986733
0.75, 0.999227, 0.505, 0.495, 0.998442
0.75, 0.99593, 0.505, 0.495, 0.995611
0.75, 1, 0.505, 0.495, 1
0.75, 0.99836, 0.505, 0.495, 0.998813
0.75, 0.995805, 0.505, 0.495, 0.99543
0.75, 0.986474, 0.505, 0.495, 0.982015
1, 0.00449553, 0.005, 0.995, 0.00509355
1, 0.00487876, 0.005, 0.995, 0.00497735
1, 0.00548136, 0.005, 0.995, 0.00488887
1, 0.00561466, 0.005, 0.995, 0.00550755
1, 0.00457627, 0.005, 0.995, 0.00478228
1, 0.00549983, 0.005, 0.995, 0.00499796
1, 0.0055595, 0.005, 0.995, 0.00520807
1, 0.00490582, 0.005, 0.995, 0.00487046
1, 0.00527329, 0.005, 0.995, 0.00469413
1, 0.00541563, 0.005, 0.995, 0.0053723
1, 0.00461624, 0.005, 0.995, 0.00451377
1, 0.00499915, 0.005, 0.995, 0.00547931
1, 0.00457283, 0.005, 0.995, 0.0047912
1, 0.00528591, 0.005, 0.995, 0.00511637
1, 0.00417998, 0.005, 0.995, 0.00445089
1, 0.00602907, 0.005, 0.995, 0.00509371
1, 0.00591286, 0.005, 0.995, 0.00548759
1, 0.00471146, 0.005, 0.995, 0.00535
1, 0.00626966, 0.005, 0.995, 0.00559645
1, 0.00601354, 0.005, 0.995, 0.00582495
1, 0.00495118, 0.005, 0.995, 0.00466082
1, 0.00507475, 0.005, 0.995, 0.00472718
1, 0.00578552, 0.005, 0.995, 0.00471982
1, 0.00530826, 0.005, 0.995, 0.00449699
1, 0.00575549, 0.005, 0.995, 0.00554849
1, 0.0106555, 0.01, 0.99, 0.0101175
1, 0.01073, 0.01, 0.99, 0.010778
1, 0.00925082, 0.01, 0.99, 0.0101174
1, 0.00974814, 0.01, 0.99, 0.00985396
1, 0.0098716, 0.01, 0.99, 0.00984776
1, 0.00877334, 0.01, 0.99, 0.00964388
1, 0.0099154, 0.01, 0.99, 0.010123
1, 0.00937523, 0.01, 0.99, 0.0102359
1, 0.0112805, 0.01, 0.99, 0.0113418
1, 0.00929259, 0.01, 0.99, 0.0096753
1, 0.0106176, 0.01, 0.99, 0.0113567
1, 0.010026, 0.01, 0.99, 0.00985172
1, 0.0098547, 0.01, 0.99, 0.0092645
1, 0.0107269, 0.01, 0.99, 0.0104818
1, 0.0125312, 0.01, 0.99, 0.0116405
1, 0.00852173, 0.01, 0.99, 0.00963624
1, 0.0108061, 0.01, 0.99, 0.0100985
1, 0.0100674, 0.01, 0.99, 0.0100475
1, 0.0106874, 0.01, 0.99, 0.0105369
1, 0.00983429, 0.01, 0.99, 0.0107634
1, 0.00952194, 0.01, 0.99, 0.009845
1, 0.00974017, 0.01, 0.99, 0.00942536
1, 0.00920749, 0.01, 0.99, 0.00970777
1, 0.0103228, 0.01, 0.99, 0.0104342
1, 0.0097157, 0.01, 0.99, 0.010251
1, 0.0147648, 0.015, 0.985, 0.0150797
1, 0.0146183, 0.015, 0.985, 0.0150651
1, 0.0170916, 0.015, 0.985, 0.0153572
1, 0.0144938, 0.015, 0.985, 0.0149574
1, 0.0163064, 0.015, 0.985, 0.0153596
1, 0.01402, 0.015, 0.985, 0.014907
1, 0.0158248, 0.015, 0.985, 0.0160024
1, 0.0155211, 0.015, 0.985, 0.0160589
1, 0.0140971, 0.015, 0.985, 0.0146364
1, 0.0141823, 0.015, 0.985, 0.0140881
1, 0.0180705, 0.015, 0.985, 0.0167119
1, 0.014999, 0.015, 0.985, 0.0145221
1, 0.0148012, 0.015, 0.985, 0.0153388
1, 0.0164442, 0.015, 0.985, 0.015625
1, 0.0150155, 0.015, 0.985, 0.0152517
1, 0.0155227, 0.015, 0.985, 0.0147217
1, 0.0157223, 0.015, 0.985, 0.0154567
1, 0.0174022, 0.015, 0.985, 0.0155967
1, 0.0145901, 0.015, 0.985, 0.014952
1, 0.015533, 0.015, 0.985, 0.0153574
1, 0.0142839, 0.015, 0.985, 0.0145009
1, 0.0142021, 0.015, 0.985, 0.0141332
1, 0.0178815, 0.015, 0.985, 0.017972
1, 0.0125341, 0.015, 0.985, 0.0137731
1, 0.016828, 0.015, 0.985, 0.015962
1, 0.0202215, 0.02, 0.98, 0.0205521
1, 0.0182057, 0.02, 0.98, 0.0185694
1, 0.0215616, 0.02, 0.98, 0.0201457
1, 0.0209155, 0.02, 0.98, 0.0216105
1, 0.0215417, 0.02, 0.98, 0.0207954
1, 0.0184656, 0.02, 0.98, 0.0193816
1, 0.0199041, 0.02, 0.98, 0.0199141
1, 0.0191547, 0.02, 0.98, 0.0191549
1, 0.0210337, 0.02, 0.98, 0.0208109
1, 0.0201335, 0.02, 0.98, 0.0196048
1, 0.019703, 0.02, 0.98, 0.0199238
1, 0.0204868, 0.02, 0.98, 0.0208183
1, 0.0202688, 0.02, 0.98, 0.0211586
1, 0.0236011, 0.02, 0.98, 0.0220464
1, 0.0220218, 0.02, 0.98, 0.0212701
1, 0.0214773, 0.02, 0.98, 0.0207604
1, 0.0178609, 0.02, 0.98, 0.0197105
1, 0.0192015, 0.02, 0.98, 0.0185287
1, 0.019016, 0.02, 0.98, 0.0190942
1, 0.0209519, 0.02, 0.98, 0.0203761
1, 0.0207182, 0.02, 0.98, 0.0207616
1, 0.0196573, 0.02, 0.98, 0.0192395
1, 0.0204161, 0.02, 0.98, 0.0202287
1, 0.0200841, 0.02, 0.98, 0.0207167
1, 0.0182501, 0.02, 0.98, 0.0186247
1, 0.026613, 0.025, 0.975, 0.0250167
1, 0.0253619, 0.025, 0.975, 0.025902
1, 0.0243633, 0.025, 0.975, 0.0257682
1, 0.024203, 0.025, 0.975, 0.0253521
1, 0.0246445, 0.025, 0.975, 0.0252222
1, 0.0277093, 0.025, 0.975, 0.0258241
1, 0.0255503, 0.025, 0.975, 0.0256659
1, 0.0260598, 0.025, 0.975, 0.0245885
1, 0.0248517, 0.025, 0.975, 0.0253678
1, 0.0265894, 0.025, 0.975, 0.0256463
1, 0.0265278, 0.025, 0.975, 0.0253365
1, 0.0258187, 0.025, 0.975, 0.0244942
1, 0.0254345, 0.025, 0.975, 0.0254263
1, 0.0253375, 0.025, 0.975, 0.0233707
1, 0.028036, 0.025, 0.975, 0.0274467
1, 0.0247895, 0.025, 0.975, 0.0239353
1, 0.0247174, 0.025, 0.975, 0.0252387
1, 0.0255319, 0.025, 0.975, 0.025299
1, 0.0243389, 0.025, 0.975, 0.0261597
1, 0.0242767, 0.025, 0.975, 0.0244931
1, 0.0275769, 0.025, 0.975, 0.0268902
1, 0.0226648, 0.025, 0.975, 0.0228914
1, 0.0268029, 0.025, 0.975, 0.0241051
1, 0.026502, 0.025, 0.975, 0.0264103
1, 0.0273238, 0.025, 0.975, 0.0267912
1, 0.0279534, 0.03, 0.97, 0.0288193
1, 0.0313948, 0.03, 0.97, 0.0304243
1, 0.0322684, 0.03, 0.97, 0.0314377
1, 0.0345963, 0.03, 0.97, 0.0314184
1, 0.031626, 0.03, 0.97, 0.0314028
1, 0.0315228, 0.03, 0.97, 0.0325569
1, 0.0292193, 0.03, 0.97, 0.0304118
1, 0.0321725, 0.03, 0.97, 0.0308359
1, 0.0311656, 0.03, 0.97, 0.0311809
1, 0.0346347, 0.03, 0.97, 0.0337409
1, 0.0306454, 0.03, 0.97, 0.0306714
1, 0.0325868, 0.03, 0.97, 0.0309491
1, 0.0326285, 0.03, 0.97, 0.0328876
1, 0.0296185, 0.03, 0.97, 0.0305933
1, 0.0305812, 0.03, 0.97, 0.0310252
1, 0.0344121, 0.03, 0.97, 0.0321412
1, 0.0313415, 0.03, 0.97, 0.0299114
1, 0.0306267, 0.03, 0.97, 0.0290686
1, 0.0309759, 0.03, 0.97, 0.0324819
1, 0.0265194, 0.03, 0.97, 0.0289619
1, 0.031692, 0.03, 0.97, 0.0322797
1, 0.0307845, 0.03, 0.97, 0.029913
1, 0.0274151, 0.03, 0.97, 0.0287285
1, 0.0302119, 0.03, 0.97, 0.0309466
1, 0.0291549, 0.03, 0.97, 0.0302205
1, 0.0344936, 0.035, 0.965, 0.036097
1, 0.0390658, 0.035, 0.965, 0.038056
1, 0.0352038, 0.035, 0.965, 0.0352276
1, 0.0359899, 0.035, 0.965, 0.0358256
1, 0.0360508, 0.035, 0.965, 0.0365283
1, 0.0334577, 0.035, 0.965, 0.0346631
1, 0.0375572, 0.035, 0.965, 0.0368032
1, 0.0349054, 0.035, 0.965, 0.034554
1, 0.0370058, 0.035, 0.965, 0.036417
1, 0.0348686, 0.035, 0.965, 0.0355125
1, 0.0363755, 0.035, 0.965, 0.0360054
1, 0.0378535, 0.035, 0.965, 0.0383263
1, 0.0356682, 0.035, 0.965, 0.0373208
1, 0.0358767, 0.035, 0.965, 0.0351801
1, 0.0362423, 0.035, 0.965, 0.0358501
1, 0.0370402, 0.035, 0.965, 0.0378207
1, 0.0366937, 0.035, 0.965, 0.0372332
1, 0.0357232, 0.035, 0.965, 0.0347589
1, 0.0371724, 0.035, 0.965, 0.0357494
1, 0.0368796, 0.035, 0.965, 0.0379054
1, 0.0371664, 0.035, 0.965, 0.03469
1, 0.0358702, 0.035, 0.965, 0.0357569
1, 0.0347143, 0.035, 0.965, 0.0349365
1, 0.0354578, 0.035, 0.965, 0.0352777
1, 0.0328304, 0.035, 0.965, 0.0354413
1, 0.038759, 0.04, 0.96, 0.0401257
1, 0.0431528, 0.04, 0.96, 0.0423526
1, 0.0437562, 0.04, 0.96, 0.043519
1, 0.0401785, 0.04, 0.96, 0.0414401
1, 0.0455684, 0.04, 0.96, 0.0434805
1, 0.0421429, 0.04, 0.96, 0.0425222
1, 0.041877, 0.04, 0.96, 0.0430034
1, 0.0390231, 0.04, 0.96, 0.0409372
1, 0.0401431, 0.04, 0.96, 0.0400041
1, 0.0414674, 0.04, 0.96, 0.0407384
1, 0.0387623, 0.04, 0.96, 0.0403021
1, 0.0429913, 0.04, 0.96, 0.0437324
1, 0.0373643, 0.04, 0.96, 0.0391543
1, 0.0420559, 0.04, 0.96, 0.0416688
1, 0.0423582, 0.04, 0.96, 0.0424355
1, 0.0409709, 0.04, 0.96, 0.0409602
1, 0.0423266, 0.04, 0.96, 0.0416168
1, 0.0417519, 0.04, 0.96, 0.0402889
1, 0.0432178, 0.04, 0.96, 0.0425873
1, 0.0396125, 0.04, 0.96, 0.0417335
1, 0.0427646, 0.04, 0.96, 0.0421853
1, 0.0440768, 0.04, 0.96, 0.0428416
1, 0.041676, 0.04, 0.96, 0.0434961
1, 0.0390077, 0.04, 0.96, 0.0400701
1, 0.0444849, 0.04, 0.96, 0.0425298
1, 0.0445629, 0.045, 0.955, 0.0455864
1, 0.0479939, 0.045, 0.955, 0.04696
1, 0.0488937, 0.045, 0.955, 0.048017
1, 0.0457633, 0.045, 0.955, 0.0447636
1, 0.0491957, 0.045, 0.955, 0.0481314
1, 0.0462555, 0.045, 0.955, 0.0479051
1, 0.0464491, 0.045, 0.955, 0.0476265
1, 0.0467466, 0.045, 0.955, 0.0465985
1, 0.0420945, 0.045, 0.955, 0.0457547
1, 0.0484431, 0.045, 0.955, 0.0491752
1, 0.046585, 0.045, 0.955, 0.0489099
1, 0.0474234, 0.045, 0.955, 0.0461362
1, 0.046361, 0.045, 0.955, 0.0464704
1, 0.0448083, 0.045, 0.955, 0.045064
1, 0.0482525, 0.045, 0.955, 0.0474608
1, 0.0446927, 0.045, 0.955, 0.044113
1, 0.0503978, 0.045, 0.955, 0.0472453
1, 0.049874, 0.045, 0.955, 0.0461514
1, 0.0450775, 0.045, 0.955, 0.0455367
1, 0.0452293, 0.045, 0.955, 0.0453314
1, 0.045502, 0.045, 0.955, 0.0462389
1, 0.0446331, 0.045, 0.955, 0.0458418
1, 0.0471671, 0.045, 0.955, 0.0482493
1, 0.0470647, 0.045, 0.955, 0.0456566
1, 0.0461695, 0.045, 0.955, 0.0452425
1, 0.0515064, 0.05, 0.95, 0.0515437
1, 0.0524986, 0.05, 0.95, 0.0499172
1, 0.0538771, 0.05, 0.95, 0.0523999
1, 0.0525571, 0.05, 0.95, 0.0520588
1, 0.0567918, 0.05, 0.95, 0.0531567
1, 0.0528209, 0.05, 0.95, 0.0532423
1, 0.0520289, 0.05, 0.95, 0.0547041
1, 0.0482899, 0.05, 0.95, 0.0516476
1, 0.0520184, 0.05, 0.95, 0.0533039
1, 0.0518403, 0.05, 0.95, 0.0504508
1, 0.0538964, 0.05, 0.95, 0.0526984
1, 0.051697, 0.05, 0.95, 0.0527244
1, 0.0511082, 0.05, 0.95, 0.0511815
1, 0.0506905, 0.05, 0.95, 0.0509484
1, 0.0545711, 0.05, 0.95, 0.054143
1, 0.0528066, 0.05, 0.95, 0.0510892
1, 0.0513659, 0.05, 0.95, 0.0496881
1, 0.0484483, 0.05, 0.95, 0.0504732
1, 0.053088, 0.05, 0.95, 0.0532032
1, 0.0496886, 0.05, 0.95, 0.050446
1, 0.0530183, 0.05, 0.95, 0.0519123
1, 0.0515354, 0.05, 0.95, 0.0521356
1, 0.0534399, 0.05, 0.95, 0.0545142
1, 0.0514088, 0.05, 0.95, 0.0543559
1, 0.051015, 0.05, 0.95, 0.0518711
1, 0.0559058, 0.055, 0.945, 0.0558208
1, 0.0576361, 0.055, 0.945, 0.0566774
1, 0.0535722, 0.055, 0.945, 0.0554824
1, 0.0576058, 0.055, 0.945, 0.0585833
1, 0.0588433, 0.055, 0.945, 0.0585235
1, 0.0547082, 0.055, 0.945, 0.0540753
1, 0.055255, 0.055, 0.945, 0.0552327
1, 0.0590786, 0.055, 0.945, 0.0620585
1, 0.0623603, 0.055, 0.945, 0.059255
1, 0.0584404, 0.055, 0.945, 0.0581983
1, 0.0616823, 0.055, 0.945, 0.0578451
1, 0.0565484, 0.055, 0.945, 0.0584638
1, 0.0574859, 0.055, 0.945, 0.0593605
1, 0.0557583, 0.055, 0.945, 0.0570166
1, 0.0554809, 0.055, 0.945, 0.057075
1, 0.0548645, 0.055, 0.945, 0.056452
1, 0.0620316, 0.055, 0.945, 0.0614581
1, 0.0560718, 0.055, 0.945, 0.0582643
1, 0.0527457, 0.055, 0.945, 0.0554688
1, 0.0610933, 0.055, 0.945, 0.0602786
1, 0.0599047, 0.055, 0.945, 0.0586251
1, 0.0543982, 0.055, 0.945, 0.0565869
1, 0.0562571, 0.055, 0.945, 0.0569771
1, 0.0586772, 0.055, 0.945, 0.056666
1, 0.0588297, 0.055, 0.945, 0.0583425
1, 0.0634322, 0.06, 0.94, 0.0633458
1, 0.0591861, 0.06, 0.94, 0.0591378
1, 0.062346, 0.06, 0.94, 0.0622607
1, 0.0620964, 0.06, 0.94, 0.0617212
1, 0.0652245, 0.06, 0.94, 0.0627242
1, 0.0630538, 0.06, 0.94, 0.0612608
1, 0.0653242, 0.06, 0.94, 0.063962
1, 0.0642883, 0.06, 0.94, 0.0625986
1, 0.0655965, 0.06, 0.94, 0.0660045
1, 0.0669755, 0.06, 0.94, 0.0639034
1, 0.0615215, 0.06, 0.94, 0.0611354
1, 0.0606135, 0.06, 0.94, 0.0628961
1, 0.0608242, 0.06, 0.94, 0.060796
1, 0.0654001, 0.06, 0.94, 0.0643957
1, 0.0661238, 0.06, 0.94, 0.065941
1, 0.062519, 0.06, 0.94, 0.0662619
1, 0.0575475, 0.06, 0.94, 0.0600872
1, 0.0611193, 0.06, 0.94, 0.0632878
1, 0.0588556, 0.06, 0.94, 0.0616213
1, 0.0667893, 0.06, 0.94, 0.0636993
1, 0.0631756, 0.06, 0.94, 0.0638598
1, 0.0618333, 0.06, 0.94, 0.0611059
1, 0.0648647, 0.06, 0.94, 0.0658651
1, 0.0616944, 0.06, 0.94, 0.0633566
1, 0.0622637, 0.06, 0.94, 0.0637484
1, 0.0748351, 0.065, 0.935, 0.0734674
1, 0.0698026, 0.065, 0.935, 0.0702751
1, 0.0677047, 0.065, 0.935, 0.0666065
1, 0.0709284, 0.065, 0.935, 0.0718159
1, 0.0665804, 0.065, 0.935, 0.0662401
1, 0.0635377, 0.065, 0.935, 0.0649187
1, 0.0715513, 0.065, 0.935, 0.0706614
1, 0.0748744, 0.065, 0.935, 0.0723008
1, 0.0691411, 0.065, 0.935, 0.0715383
1, 0.071428, 0.065, 0.935, 0.0714286
1, 0.0707934, 0.065, 0.935, 0.069038
1, 0.0658918, 0.065, 0.935, 0.0660532
1, 0.0671201, 0.065, 0.935, 0.0678702
1, 0.0666615, 0.065, 0.935, 0.0695898
1, 0.0644268, 0.065, 0.935, 0.065912
1, 0.0721457, 0.065, 0.935, 0.0702301
1, 0.0688488, 0.065, 0.935, 0.0690552
1, 0.0651053, 0.065, 0.935, 0.0688248
1, 0.067799, 0.065, 0.935, 0.0692712
1, 0.0667214, 0.065, 0.935, 0.0674499
1, 0.0647704, 0.065, 0.935, 0.0677158
1, 0.0666838, 0.065, 0.935, 0.0668912
1, 0.0698316, 0.065, 0.935, 0.0684503
1, 0.0742018, 0.065, 0.935, 0.0730952
1, 0.0696424, 0.065, 0.935, 0.0731916
1, 0.0698141, 0.07, 0.93, 0.073423
1, 0.0759108, 0.07, 0.93, 0.0763193
1, 0.0719744, 0.07, 0.93, 0.0752386
1, 0.0765048, 0.07, 0.93, 0.0737714
1, 0.072844, 0.07, 0.93, 0.0743107
1, 0.0696134, 0.07, 0.93, 0.0743049
1, 0.0727148, 0.07, 0.93, 0.0780606
1, 0.0730892, 0.07, 0.93, 0.0746779
1, 0.0752154, 0.07, 0.93, 0.0783602
1, 0.0757727, 0.07, 0.93, 0.0757113
1, 0.0804496, 0.07, 0.93, 0.0796479
1, 0.0686312, 0.07, 0.93, 0.0690225
1, 0.075027, 0.07, 0.93, 0.0759241
1, 0.0712502, 0.07, 0.93, 0.0730511
1, 0.0762794, 0.07, 0.93, 0.0745944
1, 0.0737495, 0.07, 0.93, 0.0734368
1, 0.0794062, 0.07, 0.93, 0.0779326
1, 0.0779414, 0.07, 0.93, 0.0762037
1, 0.079686, 0.07, 0.93, 0.0768158
1, 0.0763059, 0.07, 0.93, 0.0768986
1, 0.0750979, 0.07, 0.93, 0.0753392
1, 0.0735244, 0.07, 0.93, 0.0742694
1, 0.0755702, 0.07, 0.93, 0.0738733
1, 0.0745469, 0.07, 0.93, 0.0746767
1, 0.0784425, 0.07, 0.93, 0.0761925
1, 0.0771398, 0.075, 0.925, 0.0781191
1, 0.0799617, 0.075, 0.925, 0.0797796
1, 0.0803247, 0.075, 0.925, 0.0798779
1, 0.0820227, 0.075, 0.925, 0.0808761
1, 0.0797065, 0.075, 0.925, 0.0805961
1, 0.0779738, 0.075, 0.925, 0.0792417
1, 0.0767939, 0.075, 0.925, 0.0782287
1, 0.0849212, 0.075, 0.925, 0.0821858
1, 0.0816528, 0.075, 0.925, 0.0813219
1, 0.0829712, 0.075, 0.925, 0.0812635
1, 0.0803876, 0.075, 0.925, 0.0800087
1, 0.0805721, 0.075, 0.925, 0.0828186
1, 0.0804932, 0.075, 0.925, 0.0812883
1, 0.0828476, 0.075, 0.925, 0.0797176
1, 0.0809301, 0.075, 0.925, 0.081046
1, 0.0752731, 0.075, 0.925, 0.0769353
1, 0.0794795, 0.075, 0.925, 0.0802459
1, 0.0787688, 0.075, 0.925, 0.07817
1, 0.0792448, 0.075, 0.925, 0.0779116
1, 0.0801199, 0.075, 0.925, 0.080555
1, 0.0829198, 0.075, 0.925, 0.0810141
1, 0.0857659, 0.075, 0.925, 0.0833378
1, 0.081806, 0.075, 0.925, 0.0797491
1, 0.0809506, 0.075, 0.925, 0.0807846
1, 0.0780549, 0.075, 0.925, 0.0780542
1, 0.0861552, 0.08, 0.92, 0.0874111
1, 0.0855769, 0.08, 0.92, 0.0882703
1, 0.0880936, 0.08, 0.92, 0.0862625
1, 0.0840324, 0.08, 0.92, 0.0846763
1, 0.087704, 0.08, 0.92, 0.0881926
1, 0.0829494, 0.08, 0.92, 0.0834141
1, 0.0899685, 0.08, 0.92, 0.0882463
1, 0.084669, 0.08, 0.92, 0.082861
1, 0.0878536, 0.08, 0.92, 0.0846125
1, 0.0860608, 0.08, 0.92, 0.0864073
1, 0.0882585, 0.08, 0.92, 0.0858757
1, 0.0886733, 0.08, 0.92, 0.0884332
1, 0.0841319, 0.08, 0.92, 0.085968
1, 0.0891569, 0.08, 0.92, 0.084082
1, 0.0861107, 0.08, 0.92, 0.0850905
1, 0.086038, 0.08, 0.92, 0.0840211
1, 0.088976, 0.08, 0.92, 0.0877023
1, 0.0881616, 0.08, 0.92, 0.0876261
1, 0.0824566, 0.08, 0.92, 0.0847051
1, 0.0832259, 0.08, 0.92, 0.0830897
1, 0.0840759, 0.08, 0.92, 0.0841141
1, 0.0871343, 0.08, 0.92, 0.0868215
1, 0.0905681, 0.08, 0.92, 0.0894933
1, 0.0889409, 0.08, 0.92, 0.0885515
1, 0.0837988, 0.08, 0.92, 0.0836336
1, 0.0893924, 0.085, 0.915, 0.0908151
1, 0.086006, 0.085, 0.915, 0.0907488
1, 0.0851993, 0.085, 0.915, 0.0855475
1, 0.0913287, 0.085, 0.915, 0.0910279
1, 0.0902496, 0.085, 0.915, 0.0926764
1, 0.0880599, 0.085, 0.915, 0.0902778
1, 0.0932011, 0.085, 0.915, 0.0909717
1, 0.0837608, 0.085, 0.915, 0.0895441
1, 0.094771, 0.085, 0.915, 0.0892742
1, 0.089497, 0.085, 0.915, 0.0961528
1, 0.0966192, 0.085, 0.915, 0.0953157
1, 0.0923717, 0.085, 0.915, 0.0925464
1, 0.092193, 0.085, 0.915, 0.0929532
1, 0.0930347, 0.085, 0.915, 0.0938296
1, 0.0902929, 0.085, 0.915, 0.0897935
1, 0.0926233, 0.085, 0.915, 0.0890344
1, 0.0935727, 0.085, 0.915, 0.0944453
1, 0.0904629, 0.085, 0.915, 0.0911689
1, 0.09337, 0.085, 0.915, 0.0933732
1, 0.0875916, 0.085, 0.915, 0.0897623
1, 0.0934118, 0.085, 0.915, 0.0915603
1, 0.0922251, 0.085, 0.915, 0.0902349
1, 0.0964924, 0.085, 0.915, 0.0948123
1, 0.091184, 0.085, 0.915, 0.0926672
1, 0.0921057, 0.085, 0.915, 0.0938005
1, 0.0960072, 0.09, 0.91, 0.0980628
1, 0.101219, 0.09, 0.91, 0.101401
1, 0.0948781, 0.09, 0.91, 0.0959664
1, 0.0979505, 0.09, 0.91, 0.0996204
1, 0.0991653, 0.09, 0.91, 0.0979849
1, 0.101871, 0.09, 0.91, 0.0993812
1, 0.0959229, 0.09, 0.91, 0.0979265
1, 0.0971842, 0.09, 0.91, 0.0964456
1, 0.0961209, 0.09, 0.91, 0.0978042
1, 0.100098, 0.09, 0.91, 0.0996401
1, 0.0965968, 0.09, 0.91, 0.0944375
1, 0.0970176, 0.09, 0.91, 0.0990656
1, 0.0958191, 0.09, 0.91, 0.0964888
1, 0.096582, 0.09, 0.91, 0.095292
1, 0.0990271, 0.09, 0.91, 0.0975729
1, 0.103002, 0.09, 0.91, 0.101513
1, 0.0948677, 0.09, 0.91, 0.0955114
1, 0.102623, 0.09, 0.91, 0.101408
1, 0.0977526, 0.09, 0.91, 0.0996828
1, 0.0941464, 0.09, 0.91, 0.0990104
1, 0.0994564, 0.09, 0.91, 0.0987227
1, 0.0939798, 0.09, 0.91, 0.095032
1, 0.0982332, 0.09, 0.91, 0.0981489
1, 0.0949894, 0.09, 0.91, 0.0978386
1, 0.0959859, 0.09, 0.91, 0.0991753
1, 0.10336, 0.095, 0.905, 0.104098
1, 0.10047, 0.095, 0.905, 0.100423
1, 0.101045, 0.095, 0.905, 0.10104
1, 0.101868, 0.095, 0.905, 0.103174
1, 0.104807, 0.095, 0.905, 0.101646
1, 0.100781, 0.095, 0.905, 0.101476
1, 0.105934, 0.095, 0.905, 0.104945
1, 0.0999897, 0.095, 0.905, 0.102481
1, 0.100787, 0.095, 0.905, 0.101749
1, 0.101203, 0.095, 0.905, 0.100778
1, 0.102938, 0.095, 0.905, 0.102424
1, 0.104677, 0.095, 0.905, 0.101983
1, 0.0994858, 0.095, 0.905, 0.0994162
1, 0.105651, 0.095, 0.905, 0.105201
1, 0.101299, 0.095, 0.905, 0.105093
1, 0.0999099, 0.095, 0.905, 0.10163
1, 0.11044, 0.095, 0.905, 0.108086
1, 0.106563, 0.095, 0.905, 0.105927
1, 0.102131, 0.095, 0.905, 0.103952
1, 0.102569, 0.095, 0.905, 0.10554
1, 0.10302, 0.095, 0.905, 0.10311
1, 0.104179, 0.095, 0.905, 0.106483
1, 0.104289, 0.095, 0.905, 0.102205
1, 0.101338, 0.095, 0.905, 0.102973
1, 0.0994865, 0.095, 0.905, 0.105162
1, 0.110418, 0.1, 0.9, 0.107998
1, 0.108835, 0.1, 0.9, 0.109263
1, 0.1067, 0.1, 0.9, 0.105485
1, 0.112002, 0.1, 0.9, 0.110997
1, 0.110986, 0.1, 0.9, 0.11058
1, 0.11611, 0.1, 0.9, 0.114119
1, 0.107802, 0.1, 0.9, 0.108808
1, 0.109597, 0.1, 0.9, 0.109085
1, 0.109612, 0.1, 0.9, 0.107495
1, 0.107008, 0.1, 0.9, 0.10991
1, 0.106343, 0.1, 0.9, 0.107917
1, 0.111628, 0.1, 0.9, 0.11122
1, 0.108209, 0.1, 0.9, 0.110273
1, 0.107491, 0.1, 0.9, 0.112389
1, 0.110655, 0.1, 0.9, 0.111027
1, 0.108603, 0.1, 0.9, 0.108783
1, 0.105284, 0.1, 0.9, 0.107193
1, 0.114828, 0.1, 0.9, 0.112976
1, 0.109611, 0.1, 0.9, 0.10871
1, 0.110324, 0.1, 0.9, 0.112114
1, 0.107419, 0.1, 0.9, 0.110015
1, 0.106502, 0.1, 0.9, 0.10855
1, 0.112535, 0.1, 0.9, 0.111497
1, 0.1102, 0.1, 0.9, 0.109761
1, 0.113021, 0.1, 0.9, 0.110668
1, 0.109299, 0.105, 0.895, 0.112392
1, 0.113016, 0.105, 0.895, 0.114578
1, 0.107692, 0.105, 0.895, 0.113296
1, 0.110356, 0.105, 0.895, 0.111365
1, 0.115714, 0.105, 0.895, 0.115849
1, 0.111068, 0.105, 0.895, 0.114702
1, 0.112439, 0.105, 0.895, 0.112556
1, 0.115003, 0.105, 0.895, 0.113205
1, 0.11469, 0.105, 0.895, 0.118363
1, 0.110181, 0.105, 0.895, 0.112974
1, 0.119386, 0.105, 0.895, 0.117548
1, 0.105812, 0.105, 0.895, 0.111884
1, 0.115888, 0.105, 0.895, 0.116023
1, 0.115509, 0.105, 0.895, 0.114453
1, 0.111894, 0.105, 0.895, 0.113218
1, 0.11308, 0.105, 0.895, 0.11278
1, 0.106944, 0.105, 0.895, 0.111612
1, 0.122635, 0.105, 0.895, 0.119623
1, 0.117833, 0.105, 0.895, 0.115098
1, 0.120142, 0.105, 0.895, 0.117919
1, 0.113358, 0.105, 0.895, 0.113107
1, 0.121762, 0.105, 0.895, 0.122073
1, 0.113194, 0.105, 0.895, 0.111348
1, 0.11652, 0.105, 0.895, 0.117101
1, 0.116014, 0.105, 0.895, 0.117972
1, 0.119312, 0.11, 0.89, 0.124503
1, 0.119343, 0.11, 0.89, 0.119689
1, 0.122276, 0.11, 0.89, 0.120497
1, 0.123811, 0.11, 0.89, 0.122432
1, 0.121673, 0.11, 0.89, 0.12384
1, 0.117573, 0.11, 0.89, 0.122733
1, 0.121656, 0.11, 0.89, 0.122289
1, 0.119781, 0.11, 0.89, 0.12017
1, 0.117915, 0.11, 0.89, 0.118951
1, 0.115097, 0.11, 0.89, 0.117389
1, 0.125015, 0.11, 0.89, 0.122958
1, 0.118748, 0.11, 0.89, 0.122413
1, 0.121634, 0.11, 0.89, 0.119759
1, 0.125552, 0.11, 0.89, 0.124876
1, 0.124996, 0.11, 0.89, 0.119819
1, 0.11652, 0.11, 0.89, 0.117567
1, 0.115997, 0.11, 0.89, 0.120811
1, 0.120603, 0.11, 0.89, 0.12253
1, 0.116747, 0.11, 0.89, 0.118559
1, 0.121769, 0.11, 0.89, 0.120827
1, 0.12619, 0.11, 0.89, 0.122655
1, 0.124538, 0.11, 0.89, 0.120431
1, 0.120203, 0.11, 0.89, 0.12406
1, 0.11165, 0.11, 0.89, 0.114522
1, 0.114674, 0.11, 0.89, 0.116723
1, 0.12218, 0.115, 0.885, 0.127118
1, 0.135362, 0.115, 0.885, 0.134538
1, 0.124255, 0.115, 0.885, 0.12674
1, 0.13346, 0.115, 0.885, 0.12757
1, 0.125381, 0.115, 0.885, 0.124993
1, 0.129061, 0.115, 0.885, 0.127913
1, 0.118667, 0.115, 0.885, 0.122831
1, 0.120244, 0.115, 0.885, 0.125882
1, 0.126427, 0.115, 0.885, 0.128409
1, 0.127323, 0.115, 0.885, 0.12624
1, 0.133583, 0.115, 0.885, 0.127563
1, 0.12548, 0.115, 0.885, 0.127058
1, 0.131083, 0.115, 0.885, 0.133393
1, 0.127327, 0.115, 0.885, 0.12423
1, 0.127195, 0.115, 0.885, 0.128432
1, 0.122466, 0.115, 0.885, 0.123553
1, 0.123954, 0.115, 0.885, 0.124383
1, 0.125745, 0.115, 0.885, 0.128131
1, 0.123564, 0.115, 0.885, 0.125193
1, 0.135599, 0.115, 0.885, 0.129121
1, 0.120229, 0.115, 0.885, 0.125048
1, 0.134608, 0.115, 0.885, 0.13374
1, 0.131097, 0.115, 0.885, 0.125379
1, 0.130154, 0.115, 0.885, 0.130382
1, 0.136001, 0.115, 0.885, 0.130483
1, 0.137231, 0.12, 0.88, 0.135866
1, 0.130512, 0.12, 0.88, 0.131936
1, 0.121339, 0.12, 0.88, 0.125684
1, 0.135126, 0.12, 0.88, 0.134953
1, 0.137114, 0.12, 0.88, 0.136356
1, 0.135801, 0.12, 0.88, 0.133785
1, 0.132571, 0.12, 0.88, 0.134457
1, 0.132512, 0.12, 0.88, 0.132085
1, 0.131502, 0.12, 0.88, 0.130568
1, 0.1343, 0.12, 0.88, 0.138397
1, 0.127337, 0.12, 0.88, 0.131456
1, 0.131363, 0.12, 0.88, 0.13137
1, 0.131154, 0.12, 0.88, 0.133344
1, 0.13209, 0.12, 0.88, 0.134308
1, 0.126867, 0.12, 0.88, 0.131407
1, 0.13594, 0.12, 0.88, 0.133824
1, 0.132748, 0.12, 0.88, 0.131155
1, 0.129373, 0.12, 0.88, 0.131551
1, 0.135829, 0.12, 0.88, 0.133252
1, 0.129471, 0.12, 0.88, 0.13243
1, 0.129684, 0.12, 0.88, 0.132061
1, 0.130838, 0.12, 0.88, 0.130988
1, 0.134043, 0.12, 0.88, 0.134885
1, 0.132607, 0.12, 0.88, 0.131903
1, 0.140501, 0.12, 0.88, 0.136007
1, 0.136539, 0.125, 0.875, 0.139319
1, 0.143165, 0.125, 0.875, 0.140681
1, 0.142019, 0.125, 0.875, 0.142541
1, 0.138835, 0.125, 0.875, 0.141384
1, 0.136379, 0.125, 0.875, 0.136346
1, 0.140075, 0.125, 0.875, 0.135063
1, 0.137515, 0.125, 0.875, 0.13976
1, 0.136971, 0.125, 0.875, 0.137975
1, 0.136942, 0.125, 0.875, 0.135526
1, 0.132864, 0.125, 0.875, 0.135386
1, 0.133996, 0.125, 0.875, 0.137091
1, 0.137273, 0.125, 0.875, 0.14171
1, 0.135384, 0.125, 0.875, 0.139431
1, 0.13571, 0.125, 0.875, 0.139188
1, 0.141627, 0.125, 0.875, 0.144799
1, 0.143239, 0.125, 0.875, 0.145132
1, 0.132347, 0.125, 0.875, 0.135251
1, 0.139234, 0.125, 0.875, 0.14031
1, 0.138589, 0.125, 0.875, 0.138703
1, 0.134676, 0.125, 0.875, 0.139243
1, 0.132704, 0.125, 0.875, 0.138564
1, 0.143408, 0.125, 0.875, 0.140829
1, 0.134961, 0.125, 0.875, 0.135798
1, 0.139502, 0.125, 0.875, 0.138545
1, 0.134426, 0.125, 0.875, 0.137656
1, 0.145047, 0.13, 0.87, 0.146485
1, 0.144028, 0.13, 0.87, 0.144256
1, 0.145222, 0.13, 0.87, 0.143869
1, 0.139699, 0.13, 0.87, 0.144244
1, 0.137606, 0.13, 0.87, 0.141947
1, 0.148235, 0.13, 0.87, 0.144049
1, 0.137778, 0.13, 0.87, 0.140912
1, 0.146719, 0.13, 0.87, 0.150767
1, 0.152163, 0.13, 0.87, 0.149251
1, 0.133609, 0.13, 0.87, 0.144689
1, 0.148603, 0.13, 0.87, 0.145709
1, 0.14508, 0.13, 0.87, 0.144382
1, 0.146753, 0.13, 0.87, 0.146582
1, 0.139215, 0.13, 0.87, 0.141013
1, 0.138185, 0.13, 0.87, 0.14192
1, 0.143581, 0.13, 0.87, 0.145316
1, 0.143714, 0.13, 0.87, 0.146272
1, 0.148412, 0.13, 0.87, 0.146416
1, 0.133292, 0.13, 0.87, 0.141033
1, 0.13905, 0.13, 0.87, 0.144855
1, 0.14074, 0.13, 0.87, 0.145203
1, 0.143717, 0.13, 0.87, 0.144699
1, 0.14769, 0.13, 0.87, 0.148962
1, 0.143585, 0.13, 0.87, 0.144447
1, 0.145784, 0.13, 0.87, 0.146563
1, 0.147968, 0.135, 0.865, 0.147423
1, 0.152541, 0.135, 0.865, 0.156113
1, 0.159212, 0.135, 0.865, 0.156423
1, 0.146967, 0.135, 0.865, 0.14631
1, 0.148859, 0.135, 0.865, 0.148407
1, 0.149711, 0.135, 0.865, 0.153682
1, 0.149805, 0.135, 0.865, 0.15303
1, 0.146792, 0.135, 0.865, 0.151656
1, 0.148928, 0.135, 0.865, 0.154337
1, 0.15338, 0.135, 0.865, 0.154192
1, 0.143961, 0.135, 0.865, 0.148959
1, 0.14918, 0.135, 0.865, 0.152139
1, 0.149269, 0.135, 0.865, 0.149842
1, 0.15787, 0.135, 0.865, 0.157598
1, 0.154315, 0.135, 0.865, 0.155456
1, 0.158907, 0.135, 0.865, 0.157217
1, 0.149457, 0.135, 0.865, 0.151715
1, 0.150552, 0.135, 0.865, 0.153303
1, 0.150025, 0.135, 0.865, 0.151963
1, 0.155462, 0.135, 0.865, 0.154699
1, 0.145485, 0.135, 0.865, 0.148096
1, 0.151313, 0.135, 0.865, 0.154173
1, 0.148173, 0.135, 0.865, 0.149275
1, 0.146781, 0.135, 0.865, 0.151892
1, 0.14609, 0.135, 0.865, 0.150538
1, 0.149289, 0.14, 0.86, 0.150408
1, 0.158383, 0.14, 0.86, 0.16013
1, 0.152757, 0.14, 0.86, 0.157913
1, 0.153856, 0.14, 0.86, 0.156353
1, 0.155386, 0.14, 0.86, 0.160715
1, 0.15832, 0.14, 0.86, 0.156719
1, 0.149713, 0.14, 0.86, 0.154407
1, 0.15102, 0.14, 0.86, 0.149907
1, 0.161614, 0.14, 0.86, 0.157862
1, 0.156069, 0.14, 0.86, 0.162938
1, 0.159631, 0.14, 0.86, 0.158018
1, 0.1562, 0.14, 0.86, 0.159696
1, 0.160132, 0.14, 0.86, 0.1599
1, 0.155382, 0.14, 0.86, 0.159674
1, 0.163539, 0.14, 0.86, 0.165384
1, 0.158507, 0.14, 0.86, 0.156006
1, 0.155748, 0.14, 0.86, 0.153997
1, 0.157719, 0.14, 0.86, 0.158061
1, 0.152573, 0.14, 0.86, 0.156383
1, 0.162556, 0.14, 0.86, 0.164386
1, 0.159209, 0.14, 0.86, 0.160137
1, 0.154642, 0.14, 0.86, 0.157406
1, 0.153155, 0.14, 0.86, 0.156779
1, 0.157314, 0.14, 0.86, 0.158333
1, 0.15, 0.14, 0.86, 0.15335
1, 0.158255, 0.145, 0.855, 0.159741
1, 0.164545, 0.145, 0.855, 0.160595
1, 0.165155, 0.145, 0.855, 0.163588
1, 0.155295, 0.145, 0.855, 0.162476
1, 0.162107, 0.145, 0.855, 0.167676
1, 0.156855, 0.145, 0.855, 0.161009
1, 0.161757, 0.145, 0.855, 0.166714
1, 0.163952, 0.145, 0.855, 0.164592
1, 0.156588, 0.145, 0.855, 0.162007
1, 0.159212, 0.145, 0.855, 0.160159
1, 0.163986, 0.145, 0.855, 0.16512
1, 0.157823, 0.145, 0.855, 0.161376
1, 0.161573, 0.145, 0.855, 0.160059
1, 0.15695, 0.145, 0.855, 0.162136
1, 0.158117, 0.145, 0.855, 0.16178
1, 0.162821, 0.145, 0.855, 0.163257
1, 0.163919, 0.145, 0.855, 0.16562
1, 0.161634, 0.145, 0.855, 0.161559
1, 0.16138, 0.145, 0.855, 0.160493
1, 0.16806, 0.145, 0.855, 0.167769
1, 0.163172, 0.145, 0.855, 0.163638
1, 0.163542, 0.145, 0.855, 0.163542
1, 0.165872, 0.145, 0.855, 0.164644
1, 0.158991, 0.145, 0.855, 0.165771
1, 0.163443, 0.145, 0.855, 0.166905
1, 0.165549, 0.15, 0.85, 0.172713
1, 0.171714, 0.15, 0.85, 0.171458
1, 0.176314, 0.15, 0.85, 0.171986
1, 0.169542, 0.15, 0.85, 0.175278
1, 0.170559, 0.15, 0.85, 0.171495
1, 0.167712, 0.15, 0.85, 0.168194
1, 0.171715, 0.15, 0.85, 0.170446
1, 0.159615, 0.15, 0.85, 0.165571
1, 0.173101, 0.15, 0.85, 0.173183
1, 0.164875, 0.15, 0.85, 0.166563
1, 0.172285, 0.15, 0.85, 0.169939
1, 0.164002, 0.15, 0.85, 0.168279
1, 0.164499, 0.15, 0.85, 0.167639
1, 0.166918, 0.15, 0.85, 0.170469
1, 0.169382, 0.15, 0.85, 0.175375
1, 0.164792, 0.15, 0.85, 0.165396
1, 0.166559, 0.15, 0.85, 0.172767
1, 0.169483, 0.15, 0.85, 0.168354
1, 0.171711, 0.15, 0.85, 0.17243
1, 0.167782, 0.15, 0.85, 0.17041
1, 0.16997, 0.15, 0.85, 0.167231
1, 0.162161, 0.15, 0.85, 0.169842
1, 0.172822, 0.15, 0.85, 0.173338
1, 0.166598, 0.15, 0.85, 0.171249
1, 0.17361, 0.15, 0.85, 0.174054
1, 0.172118, 0.155, 0.845, 0.177133
1, 0.175704, 0.155, 0.845, 0.176978
1, 0.177962, 0.155, 0.845, 0.176059
1, 0.163725, 0.155, 0.845, 0.171219
1, 0.180514, 0.155, 0.845, 0.181041
1, 0.176582, 0.155, 0.845, 0.176073
1, 0.164754, 0.155, 0.845, 0.170547
1, 0.174985, 0.155, 0.845, 0.172665
1, 0.167335, 0.155, 0.845, 0.168302
1, 0.18381, 0.155, 0.845, 0.181014
1, 0.174071, 0.155, 0.845, 0.174848
1, 0.174226, 0.155, 0.845, 0.171279
1, 0.176325, 0.155, 0.845, 0.176685
1, 0.178705, 0.155, 0.845, 0.179409
1, 0.176188, 0.155, 0.845, 0.178042
1, 0.177724, 0.155, 0.845, 0.179039
1, 0.174994, 0.155, 0.845, 0.17415
1, 0.170374, 0.155, 0.845, 0.173374
1, 0.177861, 0.155, 0.845, 0.180375
1, 0.180482, 0.155, 0.845, 0.181684
1, 0.170749, 0.155, 0.845, 0.174272
1, 0.167766, 0.155, 0.845, 0.170878
1, 0.168339, 0.155, 0.845, 0.172502
1, 0.173301, 0.155, 0.845, 0.176584
1, 0.167393, 0.155, 0.845, 0.171504
1, 0.176313, 0.16, 0.84, 0.176331
1, 0.178146, 0.16, 0.84, 0.182699
1, 0.18623, 0.16, 0.84, 0.184493
1, 0.173694, 0.16, 0.84, 0.176948
1, 0.179753, 0.16, 0.84, 0.185143
1, 0.176338, 0.16, 0.84, 0.182952
1, 0.184953, 0.16, 0.84, 0.182516
1, 0.175493, 0.16, 0.84, 0.178053
1, 0.182052, 0.16, 0.84, 0.18112
1, 0.181475, 0.16, 0.84, 0.182538
1, 0.177418, 0.16, 0.84, 0.175563
1, 0.180378, 0.16, 0.84, 0.183312
1, 0.17191, 0.16, 0.84, 0.174913
1, 0.182163, 0.16, 0.84, 0.180811
1, 0.173615, 0.16, 0.84, 0.17904
1, 0.172848, 0.16, 0.84, 0.179205
1, 0.177103, 0.16, 0.84, 0.184139
1, 0.172744, 0.16, 0.84, 0.177291
1, 0.176722, 0.16, 0.84, 0.182694
1, 0.177562, 0.16, 0.84, 0.177302
1, 0.174105, 0.16, 0.84, 0.1763
1, 0.182795, 0.16, 0.84, 0.182838
1, 0.17849, 0.16, 0.84, 0.182175
1, 0.185235, 0.16, 0.84, 0.183986
1, 0.179851, 0.16, 0.84, 0.178767
1, 0.186948, 0.165, 0.835, 0.186093
1, 0.187305, 0.165, 0.835, 0.193351
1, 0.18445, 0.165, 0.835, 0.188022
1, 0.190893, 0.165, 0.835, 0.194629
1, 0.186624, 0.165, 0.835, 0.188344
1, 0.18526, 0.165, 0.835, 0.189337
1, 0.18675, 0.165, 0.835, 0.188529
1, 0.189654, 0.165, 0.835, 0.194036
1, 0.19373, 0.165, 0.835, 0.195237
1, 0.192118, 0.165, 0.835, 0.194214
1, 0.177439, 0.165, 0.835, 0.186782
1, 0.195632, 0.165, 0.835, 0.194107
1, 0.183204, 0.165, 0.835, 0.18667
1, 0.191174, 0.165, 0.835, 0.191933
1, 0.195911, 0.165, 0.835, 0.189909
1, 0.184931, 0.165, 0.835, 0.184954
1, 0.183771, 0.165, 0.835, 0.188496
1, 0.183513, 0.165, 0.835, 0.189061
1, 0.184797, 0.165, 0.835, 0.189987
1, 0.187172, 0.165, 0.835, 0.190681
1, 0.191356, 0.165, 0.835, 0.18918
1, 0.1921, 0.165, 0.835, 0.193534
1, 0.187656, 0.165, 0.835, 0.188319
1, 0.185572, 0.165, 0.835, 0.187028
1, 0.191681, 0.165, 0.835, 0.191045
1, 0.194235, 0.17, 0.83, 0.195767
1, 0.196191, 0.17, 0.83, 0.198767
1, 0.195419, 0.17, 0.83, 0.199954
1, 0.200214, 0.17, 0.83, 0.201492
1, 0.190183, 0.17, 0.83, 0.193693
1, 0.194165, 0.17, 0.83, 0.193127
1, 0.188325, 0.17, 0.83, 0.194322
1, 0.196524, 0.17, 0.83, 0.194914
1, 0.191305, 0.17, 0.83, 0.193233
1, 0.193085, 0.17, 0.83, 0.19543
1, 0.19398, 0.17, 0.83, 0.197688
1, 0.189373, 0.17, 0.83, 0.19391
1, 0.197606, 0.17, 0.83, 0.199262
1, 0.188691, 0.17, 0.83, 0.192373
1, 0.187307, 0.17, 0.83, 0.196106
1, 0.195638, 0.17, 0.83, 0.196387
1, 0.202656, 0.17, 0.83, 0.205603
1, 0.197776, 0.17, 0.83, 0.198182
1, 0.194944, 0.17, 0.83, 0.19713
1, 0.191591, 0.17, 0.83, 0.195428
1, 0.197522, 0.17, 0.83, 0.198041
1, 0.201777, 0.17, 0.83, 0.199977
1, 0.19912, 0.17, 0.83, 0.200495
1, 0.19684, 0.17, 0.83, 0.201276
1, 0.191144, 0.17, 0.83, 0.192713
1, 0.200187, 0.175, 0.825, 0.208382
1, 0.203383, 0.175, 0.825, 0.202586
1, 0.198385, 0.175, 0.825, 0.199658
1, 0.19804, 0.175, 0.825, 0.203279
1, 0.202255, 0.175, 0.825, 0.199559
1, 0.194035, 0.175, 0.825, 0.196263
1, 0.200318, 0.175, 0.825, 0.203559
1, 0.199578, 0.175, 0.825, 0.204245
1, 0.198711, 0.175, 0.825, 0.200518
1, 0.204489, 0.175, 0.825, 0.207902
1, 0.205238, 0.175, 0.825, 0.20636
1, 0.196654, 0.175, 0.825, 0.199733
1, 0.205151, 0.175, 0.825, 0.206566
1, 0.1985, 0.175, 0.825, 0.201475
1, 0.198313, 0.175, 0.825, 0.201953
1, 0.202247, 0.175, 0.825, 0.207643
1, 0.191449, 0.175, 0.825, 0.202043
1, 0.20486, 0.175, 0.825, 0.205026
1, 0.199115, 0.175, 0.825, 0.202281
1, 0.196191, 0.175, 0.825, 0.200673
1, 0.18728, 0.175, 0.825, 0.194672
1, 0.192488, 0.175, 0.825, 0.19814
1, 0.201281, 0.175, 0.825, 0.204899
1, 0.205254, 0.175, 0.825, 0.202742
1, 0.195527, 0.175, 0.825, 0.201893
1, 0.206283, 0.18, 0.82, 0.209301
1, 0.198604, 0.18, 0.82, 0.207815
1, 0.204427, 0.18, 0.82, 0.207234
1, 0.200167, 0.18, 0.82, 0.20837
1, 0.213024, 0.18, 0.82, 0.21272
1, 0.211586, 0.18, 0.82, 0.212267
1, 0.205614, 0.18, 0.82, 0.209452
1, 0.20766, 0.18, 0.82, 0.208919
1, 0.207178, 0.18, 0.82, 0.208747
1, 0.210436, 0.18, 0.82, 0.206977
1, 0.199997, 0.18, 0.82, 0.204099
1, 0.203778, 0.18, 0.82, 0.207573
1, 0.212901, 0.18, 0.82, 0.213365
1, 0.205309, 0.18, 0.82, 0.208096
1, 0.200442, 0.18, 0.82, 0.205495
1, 0.203331, 0.18, 0.82, 0.210398
1, 0.213453, 0.18, 0.82, 0.216216
1, 0.201513, 0.18, 0.82, 0.205579
1, 0.209214, 0.18, 0.82, 0.209643
1, 0.21357, 0.18, 0.82, 0.214282
1, 0.204114, 0.18, 0.82, 0.207207
1, 0.218399, 0.18, 0.82, 0.215126
1, 0.205237, 0.18, 0.82, 0.206186
1, 0.202314, 0.18, 0.82, 0.204145
1, 0.212314, 0.18, 0.82, 0.215638
1, 0.210813, 0.185, 0.815, 0.212815
1, 0.216004, 0.185, 0.815, 0.215861
1, 0.218806, 0.185, 0.815, 0.222463
1, 0.206381, 0.185, 0.815, 0.206756
1, 0.20979, 0.185, 0.815, 0.214294
1, 0.209394, 0.185, 0.815, 0.212595
1, 0.203195, 0.185, 0.815, 0.211269
1, 0.207284, 0.185, 0.815, 0.215437
1, 0.208672, 0.185, 0.815, 0.215309
1, 0.209892, 0.185, 0.815, 0.212476
1, 0.199745, 0.185, 0.815, 0.209483
1, 0.213504, 0.185, 0.815, 0.213425
1, 0.221758, 0.185, 0.815, 0.217345
1, 0.209137, 0.185, 0.815, 0.214006
1, 0.216722, 0.185, 0.815, 0.216374
1, 0.227654, 0.185, 0.815, 0.221975
1, 0.212156, 0.185, 0.815, 0.219341
1, 0.21451, 0.185, 0.815, 0.212187
1, 0.205502, 0.185, 0.815, 0.207984
1, 0.207209, 0.185, 0.815, 0.207635
1, 0.210419, 0.185, 0.815, 0.21787
1, 0.202338, 0.185, 0.815, 0.209885
1, 0.218613, 0.185, 0.815, 0.218721
1, 0.206427, 0.185, 0.815, 0.21243
1, 0.216002, 0.185, 0.815, 0.216361
1, 0.219945, 0.19, 0.81, 0.220828
1, 0.215215, 0.19, 0.81, 0.221573
1, 0.219733, 0.19, 0.81, 0.222491
1, 0.220436, 0.19, 0.81, 0.22371
1, 0.219396, 0.19, 0.81, 0.222696
1, 0.216783, 0.19, 0.81, 0.222157
1, 0.220842, 0.19, 0.81, 0.222553
1, 0.210177, 0.19, 0.81, 0.213933
1, 0.216069, 0.19, 0.81, 0.222262
1, 0.216869, 0.19, 0.81, 0.21584
1, 0.222795, 0.19, 0.81, 0.224928
1, 0.220358, 0.19, 0.81, 0.223134
1, 0.211322, 0.19, 0.81, 0.21793
1, 0.219984, 0.19, 0.81, 0.218381
1, 0.213486, 0.19, 0.81, 0.221854
1, 0.215796, 0.19, 0.81, 0.218019
1, 0.225683, 0.19, 0.81, 0.223198
1, 0.22007, 0.19, 0.81, 0.222596
1, 0.215866, 0.19, 0.81, 0.220495
1, 0.225066, 0.19, 0.81, 0.231376
1, 0.222201, 0.19, 0.81, 0.22331
1, 0.216378, 0.19, 0.81, 0.220048
1, 0.217791, 0.19, 0.81, 0.223599
1, 0.223189, 0.19, 0.81, 0.229219
1, 0.214156, 0.19, 0.81, 0.215683
1, 0.230401, 0.195, 0.805, 0.229655
1, 0.228106, 0.195, 0.805, 0.227585
1, 0.223855, 0.195, 0.805, 0.227262
1, 0.2287, 0.195, 0.805, 0.232763
1, 0.227275, 0.195, 0.805, 0.22651
1, 0.22646, 0.195, 0.805, 0.233936
1, 0.221278, 0.195, 0.805, 0.22356
1, 0.229976, 0.195, 0.805, 0.227911
1, 0.226411, 0.195, 0.805, 0.232444
1, 0.222511, 0.195, 0.805, 0.224937
1, 0.227681, 0.195, 0.805, 0.23316
1, 0.220405, 0.195, 0.805, 0.224151
1, 0.231078, 0.195, 0.805, 0.228375
1, 0.223856, 0.195, 0.805, 0.226558
1, 0.232744, 0.195, 0.805, 0.23749
1, 0.228169, 0.195, 0.805, 0.232704
1, 0.218697, 0.195, 0.805, 0.227995
1, 0.222759, 0.195, 0.805, 0.230222
1, 0.23386, 0.195, 0.805, 0.235793
1, 0.229343, 0.195, 0.805, 0.230577
1, 0.223631, 0.195, 0.805, 0.227511
1, 0.221141, 0.195, 0.805, 0.224651
1, 0.223303, 0.195, 0.805, 0.223631
1, 0.219351, 0.195, 0.805, 0.228244
1, 0.225407, 0.195, 0.805, 0.228565
1, 0.226374, 0.2, 0.8, 0.233948
1, 0.233222, 0.2, 0.8, 0.23475
1, 0.228009, 0.2, 0.8, 0.233265
1, 0.237026, 0.2, 0.8, 0.238597
1, 0.228001, 0.2, 0.8, 0.231357
1, 0.230597, 0.2, 0.8, 0.2335
1, 0.238632, 0.2, 0.8, 0.243715
1, 0.231641, 0.2, 0.8, 0.237958
1, 0.233566, 0.2, 0.8, 0.237882
1, 0.238012, 0.2, 0.8, 0.237904
1, 0.233788, 0.2, 0.8, 0.238753
1, 0.224656, 0.2, 0.8, 0.231612
1, 0.224745, 0.2, 0.8, 0.232928
1, 0.241997, 0.2, 0.8, 0.244249
1, 0.24054, 0.2, 0.8, 0.235648
1, 0.225819, 0.2, 0.8, 0.232792
1, 0.233407, 0.2, 0.8, 0.236959
1, 0.234784, 0.2, 0.8, 0.23931
1, 0.229032, 0.2, 0.8, 0.235505
1, 0.226366, 0.2, 0.8, 0.231138
1, 0.237908, 0.2, 0.8, 0.235604
1, 0.233574, 0.2, 0.8, 0.237366
1, 0.233438, 0.2, 0.8, 0.234802
1, 0.231621, 0.2, 0.8, 0.23157
1, 0.23662, 0.2, 0.8, 0.24086
1, 0.23589, 0.205, 0.795, 0.238801
1, 0.24175, 0.205, 0.795, 0.242218
1, 0.242003, 0.205, 0.795, 0.242082
1, 0.236004, 0.205, 0.795, 0.236018
1, 0.242776, 0.205, 0.795, 0.243655
1, 0.226598, 0.205, 0.795, 0.230742
1, 0.234987, 0.205, 0.795, 0.242301
1, 0.246537, 0.205, 0.795, 0.246288
1, 0.23465, 0.205, 0.795, 0.237292
1, 0.242099, 0.205, 0.795, 0.247013
1, 0.231967, 0.205, 0.795, 0.238759
1, 0.239238, 0.205, 0.795, 0.244658
1, 0.233518, 0.205, 0.795, 0.243033
1, 0.241662, 0.205, 0.795, 0.25025
1, 0.246167, 0.205, 0.795, 0.245669
1, 0.239696, 0.205, 0.795, 0.240405
1, 0.242626, 0.205, 0.795, 0.246772
1, 0.225875, 0.205, 0.795, 0.233409
1, 0.244394, 0.205, 0.795, 0.252417
1, 0.234883, 0.205, 0.795, 0.236466
1, 0.241439, 0.205, 0.795, 0.246187
1, 0.235112, 0.205, 0.795, 0.237189
1, 0.233537, 0.205, 0.795, 0.243364
1, 0.244037, 0.205, 0.795, 0.240719
1, 0.238263, 0.205, 0.795, 0.247336
1, 0.237202, 0.21, 0.79, 0.244322
1, 0.251735, 0.21, 0.79, 0.255294
1, 0.237952, 0.21, 0.79, 0.244226
1, 0.248996, 0.21, 0.79, 0.250369
1, 0.240482, 0.21, 0.79, 0.245271
1, 0.241829, 0.21, 0.79, 0.246159
1, 0.250197, 0.21, 0.79, 0.256181
1, 0.24315, 0.21, 0.79, 0.242876
1, 0.24185, 0.21, 0.79, 0.248596
1, 0.247485, 0.21, 0.79, 0.246729
1, 0.250115, 0.21, 0.79, 0.248874
1, 0.249633, 0.21, 0.79, 0.248557
1, 0.24572, 0.21, 0.79, 0.246746
1, 0.243941, 0.21, 0.79, 0.243996
1, 0.243556, 0.21, 0.79, 0.243828
1, 0.246621, 0.21, 0.79, 0.250977
1, 0.244654, 0.21, 0.79, 0.247618
1, 0.2538, 0.21, 0.79, 0.260867
1, 0.243536, 0.21, 0.79, 0.250296
1, 0.236049, 0.21, 0.79, 0.245613
1, 0.253854, 0.21, 0.79, 0.252372
1, 0.245883, 0.21, 0.79, 0.253286
1, 0.243584, 0.21, 0.79, 0.247952
1, 0.234345, 0.21, 0.79, 0.243304
1, 0.237104, 0.21, 0.79, 0.243203
1, 0.2559, 0.215, 0.785, 0.254952
1, 0.249584, 0.215, 0.785, 0.254479
1, 0.245172, 0.215, 0.785, 0.250119
1, 0.25665, 0.215, 0.785, 0.254432
1, 0.258703, 0.215, 0.785, 0.262508
1, 0.248832, 0.215, 0.785, 0.254076
1, 0.25293, 0.215, 0.785, 0.253339
1, 0.243092, 0.215, 0.785, 0.249214
1, 0.25258, 0.215, 0.785, 0.254127
1, 0.255122, 0.215, 0.785, 0.258409
1, 0.246852, 0.215, 0.785, 0.250135
1, 0.251481, 0.215, 0.785, 0.256081
1, 0.242104, 0.215, 0.785, 0.252587
1, 0.259022, 0.215, 0.785, 0.26426
1, 0.253489, 0.215, 0.785, 0.253978
1, 0.247789, 0.215, 0.785, 0.251689
1, 0.245011, 0.215, 0.785, 0.255528
1, 0.252156, 0.215, 0.785, 0.256929
1, 0.242583, 0.215, 0.785, 0.246733
1, 0.256881, 0.215, 0.785, 0.256212
1, 0.248463, 0.215, 0.785, 0.249822
1, 0.253895, 0.215, 0.785, 0.258702
1, 0.249889, 0.215, 0.785, 0.250223
1, 0.24615, 0.215, 0.785, 0.252946
1, 0.249564, 0.215, 0.785, 0.257225
1, 0.255134, 0.22, 0.78, 0.262318
1, 0.262935, 0.22, 0.78, 0.269053
1, 0.251264, 0.22, 0.78, 0.258635
1, 0.26026, 0.22, 0.78, 0.26452
1, 0.263256, 0.22, 0.78, 0.265044
1, 0.259953, 0.22, 0.78, 0.264014
1, 0.258407, 0.22, 0.78, 0.260862
1, 0.269177, 0.22, 0.78, 0.268396
1, 0.260232, 0.22, 0.78, 0.258021
1, 0.253196, 0.22, 0.78, 0.260379
1, 0.256775, 0.22, 0.78, 0.259842
1, 0.252462, 0.22, 0.78, 0.255052
1, 0.256603, 0.22, 0.78, 0.263173
1, 0.263585, 0.22, 0.78, 0.267181
1, 0.259946, 0.22, 0.78, 0.266631
1, 0.260076, 0.22, 0.78, 0.262046
1, 0.261462, 0.22, 0.78, 0.266258
1, 0.262663, 0.22, 0.78, 0.26365
1, 0.257616, 0.22, 0.78, 0.26331
1, 0.252905, 0.22, 0.78, 0.256497
1, 0.25458, 0.22, 0.78, 0.262474
1, 0.257037, 0.22, 0.78, 0.261046
1, 0.251498, 0.22, 0.78, 0.256299
1, 0.264658, 0.22, 0.78, 0.266045
1, 0.259707, 0.22, 0.78, 0.265594
1, 0.262119, 0.225, 0.775, 0.264667
1, 0.260571, 0.225, 0.775, 0.264947
1, 0.268262, 0.225, 0.775, 0.269524
1, 0.251322, 0.225, 0.775, 0.262012
1, 0.270222, 0.225, 0.775, 0.270613
1, 0.261487, 0.225, 0.775, 0.270621
1, 0.25766, 0.225, 0.775, 0.262978
1, 0.265016, 0.225, 0.775, 0.265144
1, 0.264106, 0.225, 0.775, 0.270717
1, 0.255436, 0.225, 0.775, 0.262767
1, 0.264062, 0.225, 0.775, 0.269319
1, 0.257439, 0.225, 0.775, 0.262888
1, 0.268678, 0.225, 0.775, 0.272552
1, 0.262397, 0.225, 0.775, 0.266097
1, 0.269421, 0.225, 0.775, 0.272478
1, 0.254304, 0.225, 0.775, 0.260103
1, 0.262082, 0.225, 0.775, 0.26977
1, 0.267671, 0.225, 0.775, 0.269205
1, 0.256325, 0.225, 0.775, 0.265356
1, 0.273812, 0.225, 0.775, 0.27377
1, 0.258561, 0.225, 0.775, 0.266234
1, 0.266369, 0.225, 0.775, 0.270231
1, 0.264649, 0.225, 0.775, 0.268529
1, 0.258508, 0.225, 0.775, 0.263043
1, 0.267366, 0.225, 0.775, 0.274788
1, 0.263031, 0.23, 0.77, 0.274231
1, 0.277857, 0.23, 0.77, 0.279399
1, 0.279173, 0.23, 0.77, 0.28042
1, 0.271689, 0.23, 0.77, 0.275925
1, 0.27823, 0.23, 0.77, 0.277082
1, 0.272723, 0.23, 0.77, 0.278572
1, 0.268094, 0.23, 0.77, 0.279104
1, 0.267219, 0.23, 0.77, 0.27565
1, 0.26673, 0.23, 0.77, 0.275258
1, 0.270777, 0.23, 0.77, 0.275726
1, 0.268434, 0.23, 0.77, 0.275898
1, 0.273778, 0.23, 0.77, 0.283034
1, 0.268176, 0.23, 0.77, 0.272879
1, 0.26198, 0.23, 0.77, 0.274854
1, 0.266724, 0.23, 0.77, 0.274893
1, 0.273468, 0.23, 0.77, 0.275529
1, 0.269873, 0.23, 0.77, 0.279742
1, 0.285128, 0.23, 0.77, 0.279262
1, 0.265742, 0.23, 0.77, 0.271669
1, 0.277856, 0.23, 0.77, 0.280464
1, 0.276432, 0.23, 0.77, 0.280953
1, 0.26937, 0.23, 0.77, 0.277616
1, 0.268041, 0.23, 0.77, 0.276798
1, 0.282667, 0.23, 0.77, 0.285619
1, 0.282478, 0.23, 0.77, 0.280039
1, 0.279749, 0.235, 0.765, 0.286113
1, 0.283567, 0.235, 0.765, 0.285723
1, 0.28092, 0.235, 0.765, 0.284523
1, 0.280689, 0.235, 0.765, 0.28251
1, 0.278196, 0.235, 0.765, 0.285237
1, 0.272976, 0.235, 0.765, 0.278846
1, 0.279658, 0.235, 0.765, 0.286577
1, 0.277451, 0.235, 0.765, 0.280542
1, 0.282732, 0.235, 0.765, 0.288159
1, 0.28475, 0.235, 0.765, 0.286638
1, 0.276111, 0.235, 0.765, 0.278792
1, 0.278065, 0.235, 0.765, 0.283843
1, 0.275334, 0.235, 0.765, 0.281177
1, 0.282613, 0.235, 0.765, 0.283798
1, 0.267805, 0.235, 0.765, 0.271625
1, 0.271623, 0.235, 0.765, 0.276638
1, 0.284863, 0.235, 0.765, 0.28808
1, 0.27445, 0.235, 0.765, 0.278964
1, 0.285128, 0.235, 0.765, 0.289713
1, 0.274766, 0.235, 0.765, 0.287185
1, 0.277714, 0.235, 0.765, 0.279346
1, 0.27174, 0.235, 0.765, 0.277606
1, 0.282318, 0.235, 0.765, 0.282288
1, 0.286244, 0.235, 0.765, 0.28997
1, 0.274968, 0.235, 0.765, 0.279038
1, 0.28601, 0.24, 0.76, 0.291327
1, 0.285428, 0.24, 0.76, 0.291892
1, 0.285701, 0.24, 0.76, 0.29643
1, 0.287188, 0.24, 0.76, 0.288755
1, 0.284485, 0.24, 0.76, 0.291015
1, 0.281289, 0.24, 0.76, 0.289116
1, 0.280483, 0.24, 0.76, 0.287588
1, 0.292213, 0.24, 0.76, 0.294157
1, 0.293516, 0.24, 0.76, 0.295995
1, 0.280315, 0.24, 0.76, 0.290618
1, 0.297678, 0.24, 0.76, 0.296068
1, 0.299633, 0.24, 0.76, 0.299314
1, 0.2796, 0.24, 0.76, 0.287038
1, 0.28439, 0.24, 0.76, 0.288809
1, 0.287466, 0.24, 0.76, 0.293545
1, 0.276073, 0.24, 0.76, 0.27829
1, 0.289451, 0.24, 0.76, 0.292153
1, 0.286223, 0.24, 0.76, 0.294701
1, 0.273623, 0.24, 0.76, 0.285671
1, 0.283138, 0.24, 0.76, 0.291657
1, 0.283319, 0.24, 0.76, 0.288989
1, 0.2747, 0.24, 0.76, 0.28474
1, 0.282731, 0.24, 0.76, 0.288132
1, 0.287792, 0.24, 0.76, 0.285353
1, 0.286234, 0.24, 0.76, 0.28925
1, 0.294005, 0.245, 0.755, 0.299262
1, 0.287784, 0.245, 0.755, 0.294266
1, 0.286734, 0.245, 0.755, 0.298012
1, 0.299927, 0.245, 0.755, 0.304345
1, 0.288155, 0.245, 0.755, 0.293156
1, 0.285273, 0.245, 0.755, 0.291589
1, 0.292889, 0.245, 0.755, 0.298292
1, 0.290693, 0.245, 0.755, 0.294831
1, 0.291656, 0.245, 0.755, 0.301118
1, 0.288936, 0.245, 0.755, 0.298546
1, 0.294385, 0.245, 0.755, 0.298413
1, 0.293131, 0.245, 0.755, 0.303986
1, 0.297257, 0.245, 0.755, 0.299635
1, 0.30015, 0.245, 0.755, 0.300012
1, 0.283702, 0.245, 0.755, 0.296249
1, 0.310367, 0.245, 0.755, 0.314208
1, 0.295766, 0.245, 0.755, 0.299693
1, 0.285067, 0.245, 0.755, 0.293368
1, 0.29076, 0.245, 0.755, 0.294439
1, 0.296738, 0.245, 0.755, 0.298748
1, 0.292547, 0.245, 0.755, 0.298442
1, 0.286291, 0.245, 0.755, 0.294071
1, 0.290709, 0.245, 0.755, 0.292715
1, 0.293326, 0.245, 0.755, 0.299933
1, 0.297066, 0.245, 0.755, 0.305728
1, 0.296097, 0.25, 0.75, 0.299861
1, 0.304765, 0.25, 0.75, 0.307468
1, 0.304391, 0.25, 0.75, 0.312198
1, 0.309962, 0.25, 0.75, 0.312974
1, 0.302477, 0.25, 0.75, 0.302928
1, 0.29482, 0.25, 0.75, 0.301541
1, 0.299451, 0.25, 0.75, 0.304212
1, 0.306722, 0.25, 0.75, 0.308525
1, 0.300406, 0.25, 0.75, 0.307424
1, 0.305784, 0.25, 0.75, 0.313222
1, 0.296162, 0.25, 0.75, 0.299561
1, 0.301977, 0.25, 0.75, 0.306506
1, 0.295906, 0.25, 0.75, 0.303403
1, 0.281333, 0.25, 0.75, 0.293497
1, 0.322503, 0.25, 0.75, 0.317123
1, 0.299741, 0.25, 0.75, 0.303957
1, 0.293186, 0.25, 0.75, 0.298166
1, 0.300993, 0.25, 0.75, 0.305354
1, 0.301583, 0.25, 0.75, 0.300883
1, 0.293926, 0.25, 0.75, 0.301931
1, 0.29485, 0.25, 0.75, 0.306542
1, 0.29773, 0.25, 0.75, 0.304593
1, 0.291383, 0.25, 0.75, 0.298891
1, 0.308075, 0.25, 0.75, 0.310495
1, 0.310712, 0.25, 0.75, 0.314201
1, 0.308152, 0.255, 0.745, 0.311345
1, 0.311706, 0.255, 0.745, 0.314404
1, 0.300469, 0.255, 0.745, 0.308309
1, 0.301659, 0.255, 0.745, 0.310565
1, 0.310293, 0.255, 0.745, 0.316766
1, 0.321609, 0.255, 0.745, 0.323174
1, 0.297748, 0.255, 0.745, 0.307519
1, 0.298955, 0.255, 0.745, 0.310301
1, 0.306599, 0.255, 0.745, 0.311305
1, 0.305827, 0.255, 0.745, 0.311893
1, 0.310086, 0.255, 0.745, 0.320178
1, 0.305326, 0.255, 0.745, 0.312582
1, 0.305799, 0.255, 0.745, 0.309585
1, 0.308216, 0.255, 0.745, 0.312175
1, 0.304987, 0.255, 0.745, 0.311742
1, 0.308071, 0.255, 0.745, 0.308127
1, 0.309864, 0.255, 0.745, 0.31255
1, 0.304478, 0.255, 0.745, 0.308769
1, 0.300263, 0.255, 0.745, 0.308121
1, 0.312016, 0.255, 0.745, 0.317097
1, 0.304945, 0.255, 0.745, 0.312016
1, 0.298482, 0.255, 0.745, 0.310695
1, 0.298786, 0.255, 0.745, 0.307116
1, 0.303669, 0.255, 0.745, 0.309207
1, 0.312623, 0.255, 0.745, 0.313141
1, 0.317472, 0.26, 0.74, 0.324565
1, 0.305817, 0.26, 0.74, 0.316167
1, 0.304821, 0.26, 0.74, 0.312
1, 0.313675, 0.26, 0.74, 0.321058
1, 0.318819, 0.26, 0.74, 0.323173
1, 0.311215, 0.26, 0.74, 0.323187
1, 0.315288, 0.26, 0.74, 0.317662
1, 0.306446, 0.26, 0.74, 0.314117
1, 0.31174, 0.26, 0.74, 0.317215
1, 0.309962, 0.26, 0.74, 0.319075
1, 0.309129, 0.26, 0.74, 0.313393
1, 0.310816, 0.26, 0.74, 0.314363
1, 0.312166, 0.26, 0.74, 0.316752
1, 0.31199, 0.26, 0.74, 0.322281
1, 0.322183, 0.26, 0.74, 0.323167
1, 0.322594, 0.26, 0.74, 0.319843
1, 0.313517, 0.26, 0.74, 0.321221
1, 0.309347, 0.26, 0.74, 0.313968
1, 0.313386, 0.26, 0.74, 0.323899
1, 0.316036, 0.26, 0.74, 0.320826
1, 0.315706, 0.26, 0.74, 0.318632
1, 0.304305, 0.26, 0.74, 0.319171
1, 0.302451, 0.26, 0.74, 0.316805
1, 0.322961, 0.26, 0.74, 0.325043
1, 0.312561, 0.26, 0.74, 0.318109
1, 0.322577, 0.265, 0.735, 0.327217
1, 0.322278, 0.265, 0.735, 0.329624
1, 0.323231, 0.265, 0.735, 0.329437
1, 0.31801, 0.265, 0.735, 0.327942
1, 0.321218, 0.265, 0.735, 0.326142
1, 0.313761, 0.265, 0.735, 0.322084
1, 0.317297, 0.265, 0.735, 0.319998
1, 0.31576, 0.265, 0.735, 0.319312
1, 0.330773, 0.265, 0.735, 0.331707
1, 0.325332, 0.265, 0.735, 0.326777
1, 0.328372, 0.265, 0.735, 0.334267
1, 0.32968, 0.265, 0.735, 0.332086
1, 0.315251, 0.265, 0.735, 0.32438
1, 0.312422, 0.265, 0.735, 0.323184
1, 0.318415, 0.265, 0.735, 0.329064
1, 0.336921, 0.265, 0.735, 0.338508
1, 0.317552, 0.265, 0.735, 0.318964
1, 0.320987, 0.265, 0.735, 0.328364
1, 0.329617, 0.265, 0.735, 0.327776
1, 0.315241, 0.265, 0.735, 0.326253
1, 0.321631, 0.265, 0.735, 0.331582
1, 0.320652, 0.265, 0.735, 0.330186
1, 0.318362, 0.265, 0.735, 0.318346
1, 0.322937, 0.265, 0.735, 0.327103
1, 0.321069, 0.265, 0.735, 0.327419
1, 0.326151, 0.27, 0.73, 0.331639
1, 0.322619, 0.27, 0.73, 0.329162
1, 0.320345, 0.27, 0.73, 0.329181
1, 0.331195, 0.27, 0.73, 0.335647
1, 0.33009, 0.27, 0.73, 0.334647
1, 0.331776, 0.27, 0.73, 0.336113
1, 0.313879, 0.27, 0.73, 0.322975
1, 0.330312, 0.27, 0.73, 0.332117
1, 0.323618, 0.27, 0.73, 0.330762
1, 0.31607, 0.27, 0.73, 0.326715
1, 0.321491, 0.27, 0.73, 0.33152
1, 0.322457, 0.27, 0.73, 0.328281
1, 0.325547, 0.27, 0.73, 0.32994
1, 0.323515, 0.27, 0.73, 0.331671
1, 0.334017, 0.27, 0.73, 0.33599
1, 0.325653, 0.27, 0.73, 0.332174
1, 0.325204, 0.27, 0.73, 0.330423
1, 0.331197, 0.27, 0.73, 0.337086
1, 0.319737, 0.27, 0.73, 0.326573
1, 0.323701, 0.27, 0.73, 0.332531
1, 0.325115, 0.27, 0.73, 0.326246
1, 0.322124, 0.27, 0.73, 0.333333
1, 0.326024, 0.27, 0.73, 0.334359
1, 0.32308, 0.27, 0.73, 0.331635
1, 0.313146, 0.27, 0.73, 0.319953
1, 0.339755, 0.275, 0.725, 0.344429
1, 0.333827, 0.275, 0.725, 0.341083
1, 0.335445, 0.275, 0.725, 0.342564
1, 0.331317, 0.275, 0.725, 0.338694
1, 0.336116, 0.275, 0.725, 0.33937
1, 0.326811, 0.275, 0.725, 0.333001
1, 0.339436, 0.275, 0.725, 0.340136
1, 0.336262, 0.275, 0.725, 0.343649
1, 0.343531, 0.275, 0.725, 0.345391
1, 0.331564, 0.275, 0.725, 0.342581
1, 0.339651, 0.275, 0.725, 0.339007
1, 0.342461, 0.275, 0.725, 0.344162
1, 0.335869, 0.275, 0.725, 0.340843
1, 0.321655, 0.275, 0.725, 0.330961
1, 0.341147, 0.275, 0.725, 0.345255
1, 0.33513, 0.275, 0.725, 0.337745
1, 0.33451, 0.275, 0.725, 0.344417
1, 0.343298, 0.275, 0.725, 0.350049
1, 0.337341, 0.275, 0.725, 0.345508
1, 0.344756, 0.275, 0.725, 0.349753
1, 0.341013, 0.275, 0.725, 0.347164
1, 0.342998, 0.275, 0.725, 0.346215
1, 0.346592, 0.275, 0.725, 0.348755
1, 0.329314, 0.275, 0.725, 0.334704
1, 0.333561, 0.275, 0.725, 0.3462
1, 0.347963, 0.28, 0.72, 0.349669
1, 0.347859, 0.28, 0.72, 0.352244
1, 0.337456, 0.28, 0.72, 0.34756
1, 0.338941, 0.28, 0.72, 0.346847
1, 0.341373, 0.28, 0.72, 0.344531
1, 0.345138, 0.28, 0.72, 0.352749
1, 0.350433, 0.28, 0.72, 0.350442
1, 0.344134, 0.28, 0.72, 0.351512
1, 0.351442, 0.28, 0.72, 0.353286
1, 0.350228, 0.28, 0.72, 0.352669
1, 0.336778, 0.28, 0.72, 0.347333
1, 0.349649, 0.28, 0.72, 0.354449
1, 0.3571, 0.28, 0.72, 0.35479
1, 0.34085, 0.28, 0.72, 0.345922
1, 0.339431, 0.28, 0.72, 0.341725
1, 0.340518, 0.28, 0.72, 0.344382
1, 0.352677, 0.28, 0.72, 0.355672
1, 0.33287, 0.28, 0.72, 0.337819
1, 0.341174, 0.28, 0.72, 0.348275
1, 0.340036, 0.28, 0.72, 0.345389
1, 0.341116, 0.28, 0.72, 0.344662
1, 0.344889, 0.28, 0.72, 0.348816
1, 0.340276, 0.28, 0.72, 0.34944
1, 0.341358, 0.28, 0.72, 0.345032
1, 0.346144, 0.28, 0.72, 0.355836
1, 0.354542, 0.285, 0.715, 0.359273
1, 0.350309, 0.285, 0.715, 0.357386
1, 0.34807, 0.285, 0.715, 0.351544
1, 0.349687, 0.285, 0.715, 0.355324
1, 0.354372, 0.285, 0.715, 0.362155
1, 0.350986, 0.285, 0.715, 0.358753
1, 0.345478, 0.285, 0.715, 0.348376
1, 0.358377, 0.285, 0.715, 0.359957
1, 0.360354, 0.285, 0.715, 0.364
1, 0.348226, 0.285, 0.715, 0.358781
1, 0.339078, 0.285, 0.715, 0.353939
1, 0.355651, 0.285, 0.715, 0.36069
1, 0.348998, 0.285, 0.715, 0.3542
1, 0.349006, 0.285, 0.715, 0.350657
1, 0.347933, 0.285, 0.715, 0.357724
1, 0.35438, 0.285, 0.715, 0.358881
1, 0.351719, 0.285, 0.715, 0.351251
1, 0.348687, 0.285, 0.715, 0.351596
1, 0.353973, 0.285, 0.715, 0.360699
1, 0.351551, 0.285, 0.715, 0.355254
1, 0.347021, 0.285, 0.715, 0.351808
1, 0.347975, 0.285, 0.715, 0.354056
1, 0.342462, 0.285, 0.715, 0.356387
1, 0.351306, 0.285, 0.715, 0.360372
1, 0.341113, 0.285, 0.715, 0.348941
1, 0.34471, 0.29, 0.71, 0.355483
1, 0.356249, 0.29, 0.71, 0.364917
1, 0.357433, 0.29, 0.71, 0.362085
1, 0.363543, 0.29, 0.71, 0.366707
1, 0.363701, 0.29, 0.71, 0.374154
1, 0.361249, 0.29, 0.71, 0.365707
1, 0.365997, 0.29, 0.71, 0.366108
1, 0.368317, 0.29, 0.71, 0.371601
1, 0.377115, 0.29, 0.71, 0.372386
1, 0.353909, 0.29, 0.71, 0.362253
1, 0.348295, 0.29, 0.71, 0.35779
1, 0.355485, 0.29, 0.71, 0.364557
1, 0.365973, 0.29, 0.71, 0.366349
1, 0.360953, 0.29, 0.71, 0.365358
1, 0.358749, 0.29, 0.71, 0.366113
1, 0.359204, 0.29, 0.71, 0.360709
1, 0.361407, 0.29, 0.71, 0.367857
1, 0.355618, 0.29, 0.71, 0.362069
1, 0.367734, 0.29, 0.71, 0.368348
1, 0.34679, 0.29, 0.71, 0.355177
1, 0.357454, 0.29, 0.71, 0.362676
1, 0.360259, 0.29, 0.71, 0.367455
1, 0.36213, 0.29, 0.71, 0.365653
1, 0.366619, 0.29, 0.71, 0.371849
1, 0.362557, 0.29, 0.71, 0.360429
1, 0.371279, 0.295, 0.705, 0.378654
1, 0.37425, 0.295, 0.705, 0.374509
1, 0.376902, 0.295, 0.705, 0.382651
1, 0.363344, 0.295, 0.705, 0.371475
1, 0.373014, 0.295, 0.705, 0.378728
1, 0.372419, 0.295, 0.705, 0.381025
1, 0.375488, 0.295, 0.705, 0.378577
1, 0.371448, 0.295, 0.705, 0.372296
1, 0.36573, 0.295, 0.705, 0.370704
1, 0.357937, 0.295, 0.705, 0.369315
1, 0.372429, 0.295, 0.705, 0.377239
1, 0.359203, 0.295, 0.705, 0.362207
1, 0.369178, 0.295, 0.705, 0.372326
1, 0.361077, 0.295, 0.705, 0.367935
1, 0.373501, 0.295, 0.705, 0.374905
1, 0.372793, 0.295, 0.705, 0.375313
1, 0.364291, 0.295, 0.705, 0.367564
1, 0.372562, 0.295, 0.705, 0.375549
1, 0.368527, 0.295, 0.705, 0.375602
1, 0.379244, 0.295, 0.705, 0.381925
1, 0.369196, 0.295, 0.705, 0.369936
1, 0.366166, 0.295, 0.705, 0.366713
1, 0.373362, 0.295, 0.705, 0.377487
1, 0.373815, 0.295, 0.705, 0.369943
1, 0.363173, 0.295, 0.705, 0.362906
1, 0.368858, 0.3, 0.7, 0.378377
1, 0.373886, 0.3, 0.7, 0.383985
1, 0.368295, 0.3, 0.7, 0.378786
1, 0.361579, 0.3, 0.7, 0.371164
1, 0.380117, 0.3, 0.7, 0.386299
1, 0.36561, 0.3, 0.7, 0.375823
1, 0.382334, 0.3, 0.7, 0.383016
1, 0.372629, 0.3, 0.7, 0.373678
1, 0.384944, 0.3, 0.7, 0.385808
1, 0.381226, 0.3, 0.7, 0.383578
1, 0.371577, 0.3, 0.7, 0.376998
1, 0.386672, 0.3, 0.7, 0.388223
1, 0.363814, 0.3, 0.7, 0.369969
1, 0.378948, 0.3, 0.7, 0.381776
1, 0.377319, 0.3, 0.7, 0.388257
1, 0.372302, 0.3, 0.7, 0.379256
1, 0.378796, 0.3, 0.7, 0.374221
1, 0.375549, 0.3, 0.7, 0.378655
1, 0.383209, 0.3, 0.7, 0.389123
1, 0.371623, 0.3, 0.7, 0.376386
1, 0.372418, 0.3, 0.7, 0.379813
1, 0.375914, 0.3, 0.7, 0.384538
1, 0.369558, 0.3, 0.7, 0.374724
1, 0.375187, 0.3, 0.7, 0.375658
1, 0.38506, 0.3, 0.7, 0.382989
1, 0.374918, 0.305, 0.695, 0.380184
1, 0.380953, 0.305, 0.695, 0.385958
1, 0.383244, 0.305, 0.695, 0.390165
1, 0.376235, 0.305, 0.695, 0.378394
1, 0.392189, 0.305, 0.695, 0.398734
1, 0.392676, 0.305, 0.695, 0.393371
1, 0.382197, 0.305, 0.695, 0.388263
1, 0.38297, 0.305, 0.695, 0.387894
1, 0.37504, 0.305, 0.695, 0.378839
1, 0.386494, 0.305, 0.695, 0.385256
1, 0.385872, 0.305, 0.695, 0.390342
1, 0.378594, 0.305, 0.695, 0.38793
1, 0.374708, 0.305, 0.695, 0.382578
1, 0.387131, 0.305, 0.695, 0.393835
1, 0.372394, 0.305, 0.695, 0.381897
1, 0.392345, 0.305, 0.695, 0.393932
1, 0.381899, 0.305, 0.695, 0.388949
1, 0.388199, 0.305, 0.695, 0.391282
1, 0.374117, 0.305, 0.695, 0.379763
1, 0.394539, 0.305, 0.695, 0.395675
1, 0.387555, 0.305, 0.695, 0.398371
1, 0.387947, 0.305, 0.695, 0.394722
1, 0.382245, 0.305, 0.695, 0.38951
1, 0.387936, 0.305, 0.695, 0.3888
1, 0.385056, 0.305, 0.695, 0.390456
1, 0.393173, 0.31, 0.69, 0.396769
1, 0.397007, 0.31, 0.69, 0.40089
1, 0.40272, 0.31, 0.69, 0.40594
1, 0.395928, 0.31, 0.69, 0.402379
1, 0.395247, 0.31, 0.69, 0.404877
1, 0.389004, 0.31, 0.69, 0.388502
1, 0.376997, 0.31, 0.69, 0.386622
1, 0.393042, 0.31, 0.69, 0.394551
1, 0.384406, 0.31, 0.69, 0.392941
1, 0.405774, 0.31, 0.69, 0.401515
1, 0.384517, 0.31, 0.69, 0.391114
1, 0.39676, 0.31, 0.69, 0.401926
1, 0.392176, 0.31, 0.69, 0.403236
1, 0.388216, 0.31, 0.69, 0.389313
1, 0.400598, 0.31, 0.69, 0.398443
1, 0.38577, 0.31, 0.69, 0.394441
1, 0.402466, 0.31, 0.69, 0.404962
1, 0.389837, 0.31, 0.69, 0.397512
1, 0.388433, 0.31, 0.69, 0.39797
1, 0.392938, 0.31, 0.69, 0.393075
1, 0.396211, 0.31, 0.69, 0.404087
1, 0.398108, 0.31, 0.69, 0.409106
1, 0.400112, 0.31, 0.69, 0.409724
1, 0.383456, 0.31, 0.69, 0.393299
1, 0.393988, 0.31, 0.69, 0.401472
1, 0.407282, 0.315, 0.685, 0.410177
1, 0.401208, 0.315, 0.685, 0.409949
1, 0.409566, 0.315, 0.685, 0.412537
1, 0.392591, 0.315, 0.685, 0.400548
1, 0.398081, 0.315, 0.685, 0.401566
1, 0.392782, 0.315, 0.685, 0.402253
1, 0.396668, 0.315, 0.685, 0.405336
1, 0.397941, 0.315, 0.685, 0.402184
1, 0.397477, 0.315, 0.685, 0.404453
1, 0.394545, 0.315, 0.685, 0.404954
1, 0.405198, 0.315, 0.685, 0.408897
1, 0.394726, 0.315, 0.685, 0.40608
1, 0.406543, 0.315, 0.685, 0.406749
1, 0.393605, 0.315, 0.685, 0.399395
1, 0.392985, 0.315, 0.685, 0.403098
1, 0.387976, 0.315, 0.685, 0.398177
1, 0.388694, 0.315, 0.685, 0.401058
1, 0.406193, 0.315, 0.685, 0.411757
1, 0.396123, 0.315, 0.685, 0.400426
1, 0.39939, 0.315, 0.685, 0.401786
1, 0.405981, 0.315, 0.685, 0.41199
1, 0.394924, 0.315, 0.685, 0.402132
1, 0.404985, 0.315, 0.685, 0.411549
1, 0.404349, 0.315, 0.685, 0.412086
1, 0.395703, 0.315, 0.685, 0.403472
1, 0.406016, 0.32, 0.68, 0.414075
1, 0.410241, 0.32, 0.68, 0.41402
1, 0.409773, 0.32, 0.68, 0.420006
1, 0.400084, 0.32, 0.68, 0.404951
1, 0.405356, 0.32, 0.68, 0.408037
1, 0.411086, 0.32, 0.68, 0.416801
1, 0.408938, 0.32, 0.68, 0.412381
1, 0.403893, 0.32, 0.68, 0.408108
1, 0.406738, 0.32, 0.68, 0.411069
1, 0.415875, 0.32, 0.68, 0.418337
1, 0.403116, 0.32, 0.68, 0.405102
1, 0.410424, 0.32, 0.68, 0.413366
1, 0.4239, 0.32, 0.68, 0.429483
1, 0.406658, 0.32, 0.68, 0.416845
1, 0.416463, 0.32, 0.68, 0.423406
1, 0.403469, 0.32, 0.68, 0.410452
1, 0.409274, 0.32, 0.68, 0.413548
1, 0.394947, 0.32, 0.68, 0.413384
1, 0.410241, 0.32, 0.68, 0.41286
1, 0.412819, 0.32, 0.68, 0.41104
1, 0.410755, 0.32, 0.68, 0.416342
1, 0.410447, 0.32, 0.68, 0.415997
1, 0.40144, 0.32, 0.68, 0.407516
1, 0.406733, 0.32, 0.68, 0.419453
1, 0.406439, 0.32, 0.68, 0.412032
1, 0.417686, 0.325, 0.675, 0.419196
1, 0.41203, 0.325, 0.675, 0.420837
1, 0.417158, 0.325, 0.675, 0.42193
1, 0.416573, 0.325, 0.675, 0.425681
1, 0.413437, 0.325, 0.675, 0.420631
1, 0.408295, 0.325, 0.675, 0.421498
1, 0.426071, 0.325, 0.675, 0.428105
1, 0.41233, 0.325, 0.675, 0.423228
1, 0.399236, 0.325, 0.675, 0.405275
1, 0.408862, 0.325, 0.675, 0.413262
1, 0.40623, 0.325, 0.675, 0.410539
1, 0.409139, 0.325, 0.675, 0.413638
1, 0.413029, 0.325, 0.675, 0.41921
1, 0.409892, 0.325, 0.675, 0.421087
1, 0.419198, 0.325, 0.675, 0.421151
1, 0.404884, 0.325, 0.675, 0.412407
1, 0.417678, 0.325, 0.675, 0.428983
1, 0.421903, 0.325, 0.675, 0.422571
1, 0.415165, 0.325, 0.675, 0.426008
1, 0.420989, 0.325, 0.675, 0.430034
1, 0.420326, 0.325, 0.675, 0.417673
1, 0.42174, 0.325, 0.675, 0.424764
1, 0.416158, 0.325, 0.675, 0.420304
1, 0.422481, 0.325, 0.675, 0.427725
1, 0.413559, 0.325, 0.675, 0.421014
1, 0.425403, 0.33, 0.67, 0.432002
1, 0.419987, 0.33, 0.67, 0.426279
1, 0.421896, 0.33, 0.67, 0.43269
1, 0.444879, 0.33, 0.67, 0.444783
1, 0.42626, 0.33, 0.67, 0.429681
1, 0.430862, 0.33, 0.67, 0.434034
1, 0.425805, 0.33, 0.67, 0.430686
1, 0.413449, 0.33, 0.67, 0.419066
1, 0.417421, 0.33, 0.67, 0.423401
1, 0.426616, 0.33, 0.67, 0.433623
1, 0.42819, 0.33, 0.67, 0.431848
1, 0.430392, 0.33, 0.67, 0.435618
1, 0.43239, 0.33, 0.67, 0.442846
1, 0.421257, 0.33, 0.67, 0.430587
1, 0.43354, 0.33, 0.67, 0.428131
1, 0.431139, 0.33, 0.67, 0.435
1, 0.430725, 0.33, 0.67, 0.436188
1, 0.424524, 0.33, 0.67, 0.429262
1, 0.42351, 0.33, 0.67, 0.422039
1, 0.435005, 0.33, 0.67, 0.435194
1, 0.420145, 0.33, 0.67, 0.423886
1, 0.420399, 0.33, 0.67, 0.423465
1, 0.410593, 0.33, 0.67, 0.420205
1, 0.425182, 0.33, 0.67, 0.427708
1, 0.445755, 0.33, 0.67, 0.444218
1, 0.432701, 0.335, 0.665, 0.444402
1, 0.435045, 0.335, 0.665, 0.437269
1, 0.448883, 0.335, 0.665, 0.446817
1, 0.435953, 0.335, 0.665, 0.440095
1, 0.438685, 0.335, 0.665, 0.43899
1, 0.437563, 0.335, 0.665, 0.442231
1, 0.439309, 0.335, 0.665, 0.442686
1, 0.441358, 0.335, 0.665, 0.445344
1, 0.444666, 0.335, 0.665, 0.448778
1, 0.43967, 0.335, 0.665, 0.441935
1, 0.426702, 0.335, 0.665, 0.433224
1, 0.450155, 0.335, 0.665, 0.449646
1, 0.432649, 0.335, 0.665, 0.440231
1, 0.440231, 0.335, 0.665, 0.445156
1, 0.438747, 0.335, 0.665, 0.43856
1, 0.435642, 0.335, 0.665, 0.445539
1, 0.432408, 0.335, 0.665, 0.436929
1, 0.430675, 0.335, 0.665, 0.435431
1, 0.4338, 0.335, 0.665, 0.441194
1, 0.416295, 0.335, 0.665, 0.425117
1, 0.451803, 0.335, 0.665, 0.450332
1, 0.423611, 0.335, 0.665, 0.43047
1, 0.432496, 0.335, 0.665, 0.439154
1, 0.439503, 0.335, 0.665, 0.44311
1, 0.430612, 0.335, 0.665, 0.438677
1, 0.452751, 0.34, 0.66, 0.456051
1, 0.439721, 0.34, 0.66, 0.445272
1, 0.443195, 0.34, 0.66, 0.450102
1, 0.452139, 0.34, 0.66, 0.453604
1, 0.440717, 0.34, 0.66, 0.4451
1, 0.448952, 0.34, 0.66, 0.451408
1, 0.449813, 0.34, 0.66, 0.446218
1, 0.453486, 0.34, 0.66, 0.453777
1, 0.439237, 0.34, 0.66, 0.443558
1, 0.426408, 0.34, 0.66, 0.431595
1, 0.443866, 0.34, 0.66, 0.446454
1, 0.44119, 0.34, 0.66, 0.452082
1, 0.447295, 0.34, 0.66, 0.457547
1, 0.451848, 0.34, 0.66, 0.452544
1, 0.44227, 0.34, 0.66, 0.444503
1, 0.456677, 0.34, 0.66, 0.45179
1, 0.433295, 0.34, 0.66, 0.441876
1, 0.435938, 0.34, 0.66, 0.443991
1, 0.440899, 0.34, 0.66, 0.4432
1, 0.461935, 0.34, 0.66, 0.461324
1, 0.465688, 0.34, 0.66, 0.463054
1, 0.429646, 0.34, 0.66, 0.44435
1, 0.452412, 0.34, 0.66, 0.454768
1, 0.441572, 0.34, 0.66, 0.447894
1, 0.448317, 0.34, 0.66, 0.455305
1, 0.452369, 0.345, 0.655, 0.462865
1, 0.458061, 0.345, 0.655, 0.460132
1, 0.445437, 0.345, 0.655, 0.453419
1, 0.465794, 0.345, 0.655, 0.467128
1, 0.442612, 0.345, 0.655, 0.450809
1, 0.450113, 0.345, 0.655, 0.456462
1, 0.456225, 0.345, 0.655, 0.46319
1, 0.463797, 0.345, 0.655, 0.467204
1, 0.456402, 0.345, 0.655, 0.45989
1, 0.448657, 0.345, 0.655, 0.453353
1, 0.456043, 0.345, 0.655, 0.462358
1, 0.448801, 0.345, 0.655, 0.453658
1, 0.454415, 0.345, 0.655, 0.458121
1, 0.45574, 0.345, 0.655, 0.459802
1, 0.448993, 0.345, 0.655, 0.452725
1, 0.471396, 0.345, 0.655, 0.470675
1, 0.439974, 0.345, 0.655, 0.446965
1, 0.456958, 0.345, 0.655, 0.456775
1, 0.453883, 0.345, 0.655, 0.4596
1, 0.450284, 0.345, 0.655, 0.454066
1, 0.453898, 0.345, 0.655, 0.453978
1, 0.444816, 0.345, 0.655, 0.451677
1, 0.448587, 0.345, 0.655, 0.45141
1, 0.456, 0.345, 0.655, 0.461702
1, 0.448874, 0.345, 0.655, 0.458075
1, 0.461304, 0.35, 0.65, 0.469295
1, 0.457427, 0.35, 0.65, 0.466947
1, 0.472356, 0.35, 0.65, 0.467791
1, 0.459733, 0.35, 0.65, 0.467995
1, 0.453014, 0.35, 0.65, 0.455632
1, 0.458749, 0.35, 0.65, 0.456118
1, 0.461306, 0.35, 0.65, 0.464503
1, 0.458037, 0.35, 0.65, 0.467074
1, 0.469428, 0.35, 0.65, 0.469288
1, 0.461626, 0.35, 0.65, 0.466272
1, 0.453728, 0.35, 0.65, 0.461756
1, 0.457556, 0.35, 0.65, 0.456385
1, 0.459913, 0.35, 0.65, 0.460808
1, 0.442832, 0.35, 0.65, 0.456342
1, 0.468296, 0.35, 0.65, 0.47386
1, 0.463945, 0.35, 0.65, 0.468995
1, 0.450239, 0.35, 0.65, 0.456805
1, 0.453835, 0.35, 0.65, 0.460393
1, 0.470158, 0.35, 0.65, 0.474148
1, 0.45731, 0.35, 0.65, 0.461186
1, 0.458397, 0.35, 0.65, 0.468351
1, 0.469973, 0.35, 0.65, 0.473088
1, 0.461534, 0.35, 0.65, 0.466364
1, 0.475297, 0.35, 0.65, 0.47635
1, 0.456943, 0.35, 0.65, 0.455155
1, 0.458976, 0.355, 0.645, 0.4612
1, 0.484152, 0.355, 0.645, 0.48544
1, 0.461269, 0.355, 0.645, 0.47225
1, 0.470373, 0.355, 0.645, 0.470549
1, 0.465232, 0.355, 0.645, 0.468182
1, 0.480227, 0.355, 0.645, 0.487718
1, 0.466912, 0.355, 0.645, 0.466772
1, 0.469569, 0.355, 0.645, 0.475885
1, 0.476298, 0.355, 0.645, 0.480877
1, 0.459719, 0.355, 0.645, 0.469218
1, 0.46546, 0.355, 0.645, 0.466443
1, 0.47789, 0.355, 0.645, 0.480743
1, 0.478646, 0.355, 0.645, 0.481113
1, 0.480412, 0.355, 0.645, 0.481387
1, 0.468987, 0.355, 0.645, 0.47681
1, 0.466251, 0.355, 0.645, 0.468721
1, 0.47046, 0.355, 0.645, 0.470027
1, 0.483618, 0.355, 0.645, 0.483795
1, 0.474184, 0.355, 0.645, 0.473257
1, 0.474818, 0.355, 0.645, 0.47993
1, 0.484488, 0.355, 0.645, 0.481506
1, 0.455546, 0.355, 0.645, 0.463915
1, 0.470215, 0.355, 0.645, 0.476716
1, 0.459893, 0.355, 0.645, 0.465002
1, 0.48071, 0.355, 0.645, 0.485151
1, 0.485801, 0.36, 0.64, 0.487744
1, 0.467199, 0.36, 0.64, 0.472204
1, 0.491919, 0.36, 0.64, 0.489007
1, 0.48149, 0.36, 0.64, 0.481191
1, 0.484573, 0.36, 0.64, 0.490438
1, 0.474555, 0.36, 0.64, 0.483384
1, 0.473041, 0.36, 0.64, 0.479805
1, 0.493352, 0.36, 0.64, 0.492379
1, 0.470423, 0.36, 0.64, 0.476142
1, 0.481747, 0.36, 0.64, 0.483245
1, 0.477994, 0.36, 0.64, 0.476752
1, 0.47684, 0.36, 0.64, 0.479561
1, 0.467681, 0.36, 0.64, 0.476238
1, 0.49215, 0.36, 0.64, 0.497263
1, 0.490923, 0.36, 0.64, 0.487089
1, 0.482835, 0.36, 0.64, 0.489882
1, 0.482702, 0.36, 0.64, 0.48169
1, 0.470408, 0.36, 0.64, 0.478841
1, 0.480762, 0.36, 0.64, 0.485161
1, 0.481717, 0.36, 0.64, 0.483261
1, 0.482579, 0.36, 0.64, 0.488264
1, 0.47003, 0.36, 0.64, 0.47834
1, 0.485857, 0.36, 0.64, 0.491018
1, 0.465011, 0.36, 0.64, 0.468328
1, 0.482264, 0.36, 0.64, 0.484307
1, 0.492163, 0.365, 0.635, 0.49446
1, 0.483498, 0.365, 0.635, 0.490404
1, 0.493383, 0.365, 0.635, 0.490912
1, 0.496987, 0.365, 0.635, 0.496912
1, 0.515975, 0.365, 0.635, 0.511026
1, 0.489029, 0.365, 0.635, 0.489686
1, 0.50827, 0.365, 0.635, 0.509922
1, 0.486033, 0.365, 0.635, 0.488788
1, 0.493074, 0.365, 0.635, 0.494298
1, 0.486302, 0.365, 0.635, 0.49126
1, 0.505757, 0.365, 0.635, 0.511332
1, 0.478728, 0.365, 0.635, 0.490589
1, 0.486651, 0.365, 0.635, 0.485553
1, 0.481883, 0.365, 0.635, 0.49063
1, 0.484884, 0.365, 0.635, 0.486919
1, 0.496019, 0.365, 0.635, 0.492547
1, 0.501183, 0.365, 0.635, 0.498073
1, 0.471846, 0.365, 0.635, 0.479282
1, 0.502945, 0.365, 0.635, 0.501835
1, 0.490295, 0.365, 0.635, 0.498612
1, 0.489591, 0.365, 0.635, 0.489366
1, 0.494113, 0.365, 0.635, 0.493137
1, 0.502824, 0.365, 0.635, 0.503959
1, 0.480492, 0.365, 0.635, 0.490572
1, 0.494028, 0.365, 0.635, 0.492003
1, 0.498374, 0.37, 0.63, 0.499628
1, 0.509071, 0.37, 0.63, 0.508963
1, 0.510788, 0.37, 0.63, 0.510132
1, 0.493865, 0.37, 0.63, 0.502349
1, 0.503472, 0.37, 0.63, 0.501988
1, 0.521633, 0.37, 0.63, 0.522478
1, 0.482347, 0.37, 0.63, 0.48921
1, 0.499658, 0.37, 0.63, 0.503087
1, 0.493258, 0.37, 0.63, 0.498367
1, 0.5067, 0.37, 0.63, 0.508085
1, 0.507925, 0.37, 0.63, 0.507566
1, 0.496231, 0.37, 0.63, 0.502135
1, 0.511192, 0.37, 0.63, 0.512851
1, 0.505753, 0.37, 0.63, 0.502155
1, 0.499885, 0.37, 0.63, 0.505668
1, 0.490909, 0.37, 0.63, 0.496399
1, 0.497237, 0.37, 0.63, 0.500135
1, 0.517246, 0.37, 0.63, 0.511334
1, 0.510368, 0.37, 0.63, 0.51492
1, 0.502416, 0.37, 0.63, 0.504766
1, 0.509552, 0.37, 0.63, 0.510449
1, 0.497541, 0.37, 0.63, 0.499239
1, 0.502905, 0.37, 0.63, 0.507517
1, 0.507294, 0.37, 0.63, 0.509907
1, 0.502286, 0.37, 0.63, 0.503672
1, 0.508618, 0.375, 0.625, 0.510114
1, 0.523349, 0.375, 0.625, 0.524122
1, 0.509004, 0.375, 0.625, 0.510811
1, 0.499567, 0.375, 0.625, 0.502138
1, 0.517887, 0.375, 0.625, 0.514853
1, 0.524717, 0.375, 0.625, 0.521691
1, 0.527148, 0.375, 0.625, 0.524527
1, 0.511018, 0.375, 0.625, 0.505076
1, 0.508138, 0.375, 0.625, 0.512789
1, 0.523982, 0.375, 0.625, 0.520422
1, 0.506946, 0.375, 0.625, 0.512404
1, 0.503673, 0.375, 0.625, 0.507202
1, 0.529651, 0.375, 0.625, 0.526175
1, 0.50722, 0.375, 0.625, 0.511937
1, 0.519402, 0.375, 0.625, 0.514107
1, 0.501957, 0.375, 0.625, 0.508993
1, 0.517996, 0.375, 0.625, 0.520598
1, 0.516278, 0.375, 0.625, 0.517034
1, 0.513759, 0.375, 0.625, 0.51804
1, 0.523639, 0.375, 0.625, 0.523483
1, 0.520829, 0.375, 0.625, 0.519609
1, 0.518654, 0.375, 0.625, 0.520134
1, 0.515504, 0.375, 0.625, 0.513077
1, 0.520041, 0.375, 0.625, 0.508853
1, 0.516445, 0.375, 0.625, 0.510172
1, 0.531376, 0.38, 0.62, 0.527772
1, 0.540145, 0.38, 0.62, 0.531208
1, 0.533743, 0.38, 0.62, 0.530137
1, 0.516362, 0.38, 0.62, 0.515004
1, 0.522866, 0.38, 0.62, 0.522237
1, 0.535461, 0.38, 0.62, 0.52693
1, 0.513343, 0.38, 0.62, 0.514929
1, 0.540732, 0.38, 0.62, 0.53811
1, 0.522275, 0.38, 0.62, 0.525901
1, 0.517102, 0.38, 0.62, 0.519797
1, 0.534535, 0.38, 0.62, 0.533122
1, 0.526016, 0.38, 0.62, 0.517907
1, 0.544472, 0.38, 0.62, 0.540654
1, 0.524562, 0.38, 0.62, 0.527375
1, 0.539342, 0.38, 0.62, 0.5362
1, 0.527864, 0.38, 0.62, 0.522189
1, 0.527839, 0.38, 0.62, 0.533761
1, 0.531946, 0.38, 0.62, 0.532565
1, 0.546061, 0.38, 0.62, 0.545512
1, 0.510066, 0.38, 0.62, 0.50982
1, 0.525822, 0.38, 0.62, 0.524276
1, 0.530371, 0.38, 0.62, 0.527475
1, 0.521181, 0.38, 0.62, 0.527302
1, 0.51295, 0.38, 0.62, 0.514104
1, 0.526571, 0.38, 0.62, 0.525539
1, 0.509462, 0.385, 0.615, 0.51256
1, 0.538045, 0.385, 0.615, 0.540288
1, 0.527603, 0.385, 0.615, 0.532045
1, 0.537535, 0.385, 0.615, 0.540809
1, 0.534724, 0.385, 0.615, 0.53387
1, 0.532538, 0.385, 0.615, 0.540959
1, 0.525964, 0.385, 0.615, 0.530634
1, 0.523357, 0.385, 0.615, 0.52646
1, 0.552472, 0.385, 0.615, 0.550684
1, 0.537299, 0.385, 0.615, 0.541228
1, 0.536496, 0.385, 0.615, 0.535284
1, 0.530723, 0.385, 0.615, 0.529983
1, 0.540049, 0.385, 0.615, 0.541505
1, 0.534326, 0.385, 0.615, 0.534774
1, 0.529703, 0.385, 0.615, 0.537742
1, 0.517957, 0.385, 0.615, 0.527028
1, 0.525236, 0.385, 0.615, 0.528009
1, 0.514198, 0.385, 0.615, 0.522034
1, 0.527342, 0.385, 0.615, 0.532871
1, 0.526421, 0.385, 0.615, 0.525975
1, 0.527079, 0.385, 0.615, 0.526287
1, 0.548586, 0.385, 0.615, 0.545314
1, 0.515492, 0.385, 0.615, 0.526162
1, 0.530702, 0.385, 0.615, 0.529392
1, 0.538732, 0.385, 0.615, 0.536781
1, 0.540463, 0.39, 0.61, 0.53971
1, 0.53333, 0.39, 0.61, 0.536945
1, 0.54638, 0.39, 0.61, 0.54849
1, 0.542252, 0.39, 0.61, 0.545122
1, 0.542645, 0.39, 0.61, 0.540828
1, 0.542876, 0.39, 0.61, 0.550095
1, 0.550446, 0.39, 0.61, 0.5524
1, 0.549747, 0.39, 0.61, 0.544088
1, 0.541863, 0.39, 0.61, 0.544055
1, 0.549108, 0.39, 0.61, 0.553158
1, 0.540515, 0.39, 0.61, 0.542042
1, 0.551176, 0.39, 0.61, 0.550549
1, 0.543187, 0.39, 0.61, 0.537502
1, 0.560006, 0.39, 0.61, 0.555587
1, 0.552954, 0.39, 0.61, 0.549473
1, 0.560863, 0.39, 0.61, 0.557756
1, 0.556504, 0.39, 0.61, 0.548587
1, 0.534915, 0.39, 0.61, 0.535714
1, 0.538089, 0.39, 0.61, 0.544625
1, 0.543427, 0.39, 0.61, 0.547446
1, 0.537388, 0.39, 0.61, 0.536181
1, 0.542224, 0.39, 0.61, 0.547112
1, 0.554471, 0.39, 0.61, 0.550628
1, 0.548708, 0.39, 0.61, 0.551676
1, 0.544286, 0.39, 0.61, 0.54488
1, 0.571909, 0.395, 0.605, 0.559416
1, 0.562703, 0.395, 0.605, 0.558161
1, 0.582448, 0.395, 0.605, 0.572458
1, 0.562372, 0.395, 0.605, 0.557867
1, 0.562994, 0.395, 0.605, 0.560324
1, 0.546391, 0.395, 0.605, 0.547294
1, 0.557968, 0.395, 0.605, 0.553634
1, 0.581839, 0.395, 0.605, 0.578378
1, 0.551217, 0.395, 0.605, 0.550535
1, 0.551045, 0.395, 0.605, 0.552042
1, 0.562208, 0.395, 0.605, 0.560396
1, 0.572602, 0.395, 0.605, 0.569971
1, 0.567233, 0.395, 0.605, 0.557172
1, 0.550563, 0.395, 0.605, 0.544145
1, 0.561355, 0.395, 0.605, 0.556266
1, 0.558831, 0.395, 0.605, 0.557126
1, 0.566753, 0.395, 0.605, 0.564154
1, 0.558926, 0.395, 0.605, 0.55791
1, 0.559957, 0.395, 0.605, 0.554689
1, 0.551416, 0.395, 0.605, 0.548711
1, 0.562135, 0.395, 0.605, 0.555275
1, 0.545282, 0.395, 0.605, 0.538632
1, 0.573031, 0.395, 0.605, 0.561673
1, 0.552724, 0.395, 0.605, 0.559125
1, 0.577281, 0.395, 0.605, 0.570825
1, 0.557193, 0.4, 0.6, 0.559464
1, 0.547504, 0.4, 0.6, 0.552396
1, 0.559562, 0.4, 0.6, 0.561336
1, 0.570162, 0.4, 0.6, 0.565438
1, 0.565448, 0.4, 0.6, 0.563475
1, 0.564829, 0.4, 0.6, 0.563427
1, 0.561257, 0.4, 0.6, 0.561663
1, 0.563563, 0.4, 0.6, 0.55907
1, 0.584185, 0.4, 0.6, 0.573313
1, 0.556945, 0.4, 0.6, 0.558465
1, 0.571339, 0.4, 0.6, 0.569327
1, 0.554887, 0.4, 0.6, 0.556767
1, 0.566304, 0.4, 0.6, 0.558596
1, 0.570604, 0.4, 0.6, 0.566508
1, 0.569739, 0.4, 0.6, 0.569334
1, 0.561345, 0.4, 0.6, 0.562653
1, 0.561945, 0.4, 0.6, 0.559696
1, 0.567286, 0.4, 0.6, 0.562566
1, 0.564362, 0.4, 0.6, 0.562201
1, 0.552033, 0.4, 0.6, 0.554392
1, 0.577707, 0.4, 0.6, 0.573072
1, 0.562232, 0.4, 0.6, 0.562726
1, 0.570725, 0.4, 0.6, 0.564926
1, 0.571184, 0.4, 0.6, 0.57062
1, 0.55764, 0.4, 0.6, 0.56268
1, 0.576947, 0.405, 0.595, 0.576337
1, 0.589388, 0.405, 0.595, 0.58696
1, 0.585289, 0.405, 0.595, 0.586125
1, 0.571961, 0.405, 0.595, 0.572568
1, 0.580123, 0.405, 0.595, 0.576507
1, 0.589907, 0.405, 0.595, 0.584811
1, 0.575491, 0.405, 0.595, 0.573616
1, 0.58681, 0.405, 0.595, 0.575594
1, 0.5696, 0.405, 0.595, 0.57218
1, 0.59181, 0.405, 0.595, 0.58268
1, 0.575472, 0.405, 0.595, 0.568629
1, 0.577953, 0.405, 0.595, 0.576602
1, 0.594158, 0.405, 0.595, 0.588973
1, 0.582967, 0.405, 0.595, 0.578588
1, 0.566987, 0.405, 0.595, 0.564126
1, 0.593294, 0.405, 0.595, 0.58962
1, 0.564267, 0.405, 0.595, 0.567179
1, 0.575393, 0.405, 0.595, 0.572327
1, 0.582403, 0.405, 0.595, 0.579142
1, 0.572555, 0.405, 0.595, 0.571829
1, 0.582183, 0.405, 0.595, 0.580908
1, 0.567647, 0.405, 0.595, 0.56873
1, 0.584352, 0.405, 0.595, 0.589526
1, 0.580455, 0.405, 0.595, 0.582174
1, 0.568842, 0.405, 0.595, 0.571685
1, 0.598395, 0.41, 0.59, 0.593679
1, 0.588981, 0.41, 0.59, 0.582518
1, 0.598178, 0.41, 0.59, 0.597316
1, 0.600319, 0.41, 0.59, 0.595037
1, 0.60358, 0.41, 0.59, 0.594612
1, 0.602511, 0.41, 0.59, 0.598515
1, 0.585602, 0.41, 0.59, 0.580538
1, 0.604076, 0.41, 0.59, 0.596003
1, 0.597044, 0.41, 0.59, 0.592502
1, 0.590585, 0.41, 0.59, 0.585819
1, 0.590302, 0.41, 0.59, 0.585518
1, 0.596292, 0.41, 0.59, 0.580745
1, 0.581167, 0.41, 0.59, 0.5753
1, 0.601054, 0.41, 0.59, 0.597788
1, 0.600759, 0.41, 0.59, 0.595763
1, 0.598041, 0.41, 0.59, 0.601395
1, 0.569688, 0.41, 0.59, 0.572705
1, 0.612308, 0.41, 0.59, 0.599724
1, 0.595102, 0.41, 0.59, 0.590619
1, 0.582742, 0.41, 0.59, 0.578049
1, 0.597098, 0.41, 0.59, 0.590707
1, 0.590449, 0.41, 0.59, 0.588506
1, 0.605129, 0.41, 0.59, 0.595938
1, 0.604258, 0.41, 0.59, 0.60273
1, 0.570572, 0.41, 0.59, 0.571561
1, 0.605807, 0.415, 0.585, 0.600231
1, 0.604371, 0.415, 0.585, 0.608246
1, 0.604691, 0.415, 0.585, 0.601053
1, 0.620611, 0.415, 0.585, 0.612811
1, 0.595251, 0.415, 0.585, 0.591916
1, 0.625448, 0.415, 0.585, 0.61374
1, 0.616372, 0.415, 0.585, 0.605872
1, 0.599303, 0.415, 0.585, 0.599986
1, 0.610353, 0.415, 0.585, 0.603157
1, 0.618741, 0.415, 0.585, 0.609692
1, 0.620903, 0.415, 0.585, 0.61355
1, 0.599036, 0.415, 0.585, 0.592472
1, 0.612702, 0.415, 0.585, 0.608952
1, 0.612759, 0.415, 0.585, 0.600102
1, 0.606709, 0.415, 0.585, 0.599799
1, 0.631842, 0.415, 0.585, 0.615356
1, 0.604164, 0.415, 0.585, 0.600029
1, 0.616199, 0.415, 0.585, 0.616144
1, 0.605519, 0.415, 0.585, 0.600581
1, 0.618802, 0.415, 0.585, 0.608753
1, 0.630454, 0.415, 0.585, 0.61257
1, 0.616106, 0.415, 0.585, 0.604057
1, 0.610121, 0.415, 0.585, 0.600772
1, 0.614463, 0.415, 0.585, 0.611963
1, 0.594072, 0.415, 0.585, 0.591644
1, 0.608454, 0.42, 0.58, 0.604425
1, 0.643538, 0.42, 0.58, 0.626554
1, 0.651729, 0.42, 0.58, 0.634083
1, 0.616502, 0.42, 0.58, 0.604643
1, 0.631919, 0.42, 0.58, 0.622475
1, 0.629058, 0.42, 0.58, 0.621328
1, 0.634247, 0.42, 0.58, 0.621646
1, 0.61706, 0.42, 0.58, 0.603583
1, 0.612513, 0.42, 0.58, 0.611095
1, 0.633988, 0.42, 0.58, 0.625571
1, 0.61089, 0.42, 0.58, 0.606917
1, 0.609586, 0.42, 0.58, 0.608047
1, 0.614019, 0.42, 0.58, 0.610836
1, 0.642177, 0.42, 0.58, 0.635851
1, 0.633316, 0.42, 0.58, 0.62655
1, 0.606737, 0.42, 0.58, 0.597286
1, 0.637119, 0.42, 0.58, 0.628243
1, 0.636528, 0.42, 0.58, 0.629141
1, 0.604679, 0.42, 0.58, 0.60306
1, 0.638507, 0.42, 0.58, 0.631719
1, 0.609249, 0.42, 0.58, 0.603859
1, 0.599718, 0.42, 0.58, 0.596336
1, 0.623132, 0.42, 0.58, 0.612525
1, 0.63098, 0.42, 0.58, 0.623993
1, 0.606918, 0.42, 0.58, 0.603878
1, 0.635916, 0.425, 0.575, 0.628909
1, 0.660245, 0.425, 0.575, 0.643692
1, 0.645431, 0.425, 0.575, 0.636377
1, 0.625088, 0.425, 0.575, 0.626285
1, 0.619832, 0.425, 0.575, 0.615234
1, 0.643846, 0.425, 0.575, 0.641612
1, 0.629428, 0.425, 0.575, 0.622802
1, 0.651338, 0.425, 0.575, 0.638366
1, 0.639872, 0.425, 0.575, 0.631594
1, 0.638929, 0.425, 0.575, 0.633413
1, 0.626597, 0.425, 0.575, 0.612955
1, 0.626299, 0.425, 0.575, 0.625193
1, 0.643521, 0.425, 0.575, 0.637217
1, 0.608169, 0.425, 0.575, 0.610572
1, 0.6521, 0.425, 0.575, 0.635788
1, 0.642869, 0.425, 0.575, 0.632602
1, 0.633987, 0.425, 0.575, 0.62321
1, 0.646658, 0.425, 0.575, 0.634193
1, 0.644732, 0.425, 0.575, 0.629065
1, 0.645721, 0.425, 0.575, 0.636845
1, 0.65509, 0.425, 0.575, 0.643556
1, 0.635979, 0.425, 0.575, 0.634585
1, 0.656625, 0.425, 0.575, 0.644894
1, 0.643288, 0.425, 0.575, 0.632279
1, 0.646566, 0.425, 0.575, 0.633931
1, 0.647991, 0.43, 0.57, 0.63596
1, 0.656048, 0.43, 0.57, 0.647081
1, 0.69108, 0.43, 0.57, 0.677031
1, 0.668723, 0.43, 0.57, 0.648823
1, 0.677553, 0.43, 0.57, 0.659982
1, 0.644584, 0.43, 0.57, 0.634121
1, 0.645433, 0.43, 0.57, 0.632117
1, 0.645947, 0.43, 0.57, 0.639934
1, 0.664208, 0.43, 0.57, 0.647152
1, 0.647, 0.43, 0.57, 0.643078
1, 0.652786, 0.43, 0.57, 0.641079
1, 0.654657, 0.43, 0.57, 0.645452
1, 0.674061, 0.43, 0.57, 0.661941
1, 0.659735, 0.43, 0.57, 0.649834
1, 0.674989, 0.43, 0.57, 0.662346
1, 0.666351, 0.43, 0.57, 0.66045
1, 0.647215, 0.43, 0.57, 0.635584
1, 0.643014, 0.43, 0.57, 0.63626
1, 0.664373, 0.43, 0.57, 0.644855
1, 0.670465, 0.43, 0.57, 0.664621
1, 0.655069, 0.43, 0.57, 0.646453
1, 0.651728, 0.43, 0.57, 0.647299
1, 0.652587, 0.43, 0.57, 0.63603
1, 0.668825, 0.43, 0.57, 0.657175
1, 0.684514, 0.43, 0.57, 0.666081
1, 0.705625, 0.435, 0.565, 0.681168
1, 0.66277, 0.435, 0.565, 0.651743
1, 0.680482, 0.435, 0.565, 0.669728
1, 0.675036, 0.435, 0.565, 0.659731
1, 0.655318, 0.435, 0.565, 0.645805
1, 0.672495, 0.435, 0.565, 0.660583
1, 0.671496, 0.435, 0.565, 0.657445
1, 0.684297, 0.435, 0.565, 0.668607
1, 0.690695, 0.435, 0.565, 0.668996
1, 0.693393, 0.435, 0.565, 0.673972
1, 0.675477, 0.435, 0.565, 0.658132
1, 0.681459, 0.435, 0.565, 0.665851
1, 0.670693, 0.435, 0.565, 0.653221
1, 0.661973, 0.435, 0.565, 0.650558
1, 0.672043, 0.435, 0.565, 0.655359
1, 0.691002, 0.435, 0.565, 0.674062
1, 0.671378, 0.435, 0.565, 0.651906
1, 0.680052, 0.435, 0.565, 0.670563
1, 0.671849, 0.435, 0.565, 0.656641
1, 0.677042, 0.435, 0.565, 0.660619
1, 0.66951, 0.435, 0.565, 0.654748
1, 0.656347, 0.435, 0.565, 0.650237
1, 0.670619, 0.435, 0.565, 0.660437
1, 0.663657, 0.435, 0.565, 0.653178
1, 0.654886, 0.435, 0.565, 0.646968
1, 0.665062, 0.44, 0.56, 0.659486
1, 0.702562, 0.44, 0.56, 0.683338
1, 0.693873, 0.44, 0.56, 0.682112
1, 0.690056, 0.44, 0.56, 0.677987
1, 0.683787, 0.44, 0.56, 0.673411
1, 0.699856, 0.44, 0.56, 0.684801
1, 0.700906, 0.44, 0.56, 0.685674
1, 0.677864, 0.44, 0.56, 0.665669
1, 0.691115, 0.44, 0.56, 0.677757
1, 0.703292, 0.44, 0.56, 0.685389
1, 0.655384, 0.44, 0.56, 0.642024
1, 0.671845, 0.44, 0.56, 0.657471
1, 0.686499, 0.44, 0.56, 0.675694
1, 0.682271, 0.44, 0.56, 0.672675
1, 0.674888, 0.44, 0.56, 0.667419
1, 0.701541, 0.44, 0.56, 0.687728
1, 0.671505, 0.44, 0.56, 0.655046
1, 0.678574, 0.44, 0.56, 0.669324
1, 0.672673, 0.44, 0.56, 0.667828
1, 0.693411, 0.44, 0.56, 0.676833
1, 0.687062, 0.44, 0.56, 0.673199
1, 0.687954, 0.44, 0.56, 0.670501
1, 0.681119, 0.44, 0.56, 0.670174
1, 0.687076, 0.44, 0.56, 0.673964
1, 0.689649, 0.44, 0.56, 0.676473
1, 0.715673, 0.445, 0.555, 0.704652
1, 0.693839, 0.445, 0.555, 0.677711
1, 0.695427, 0.445, 0.555, 0.684243
1, 0.70524, 0.445, 0.555, 0.690787
1, 0.704712, 0.445, 0.555, 0.683454
1, 0.707055, 0.445, 0.555, 0.689693
1, 0.69678, 0.445, 0.555, 0.680737
1, 0.697985, 0.445, 0.555, 0.684366
1, 0.706012, 0.445, 0.555, 0.689116
1, 0.696548, 0.445, 0.555, 0.688082
1, 0.694593, 0.445, 0.555, 0.683086
1, 0.69048, 0.445, 0.555, 0.67612
1, 0.720063, 0.445, 0.555, 0.696612
1, 0.700767, 0.445, 0.555, 0.690225
1, 0.682968, 0.445, 0.555, 0.678847
1, 0.686292, 0.445, 0.555, 0.671971
1, 0.687944, 0.445, 0.555, 0.675467
1, 0.712251, 0.445, 0.555, 0.691051
1, 0.700051, 0.445, 0.555, 0.688255
1, 0.695702, 0.445, 0.555, 0.683052
1, 0.707561, 0.445, 0.555, 0.695621
1, 0.698421, 0.445, 0.555, 0.684492
1, 0.741539, 0.445, 0.555, 0.728198
1, 0.692611, 0.445, 0.555, 0.67867
1, 0.691991, 0.445, 0.555, 0.683662
1, 0.730472, 0.45, 0.55, 0.708284
1, 0.737178, 0.45, 0.55, 0.714503
1, 0.736188, 0.45, 0.55, 0.716022
1, 0.726159, 0.45, 0.55, 0.712005
1, 0.753246, 0.45, 0.55, 0.728219
1, 0.7221, 0.45, 0.55, 0.701974
1, 0.731203, 0.45, 0.55, 0.718975
1, 0.72008, 0.45, 0.55, 0.711569
1, 0.73338, 0.45, 0.55, 0.714218
1, 0.719046, 0.45, 0.55, 0.709878
1, 0.719668, 0.45, 0.55, 0.704611
1, 0.703026, 0.45, 0.55, 0.695045
1, 0.733019, 0.45, 0.55, 0.712895
1, 0.748925, 0.45, 0.55, 0.728471
1, 0.737546, 0.45, 0.55, 0.712707
1, 0.74496, 0.45, 0.55, 0.726053
1, 0.720211, 0.45, 0.55, 0.706034
1, 0.708704, 0.45, 0.55, 0.701123
1, 0.72507, 0.45, 0.55, 0.709131
1, 0.716633, 0.45, 0.55, 0.703025
1, 0.723436, 0.45, 0.55, 0.710897
1, 0.729814, 0.45, 0.55, 0.71138
1, 0.735398, 0.45, 0.55, 0.713618
1, 0.719787, 0.45, 0.55, 0.709251
1, 0.740483, 0.45, 0.55, 0.724749
1, 0.760882, 0.455, 0.545, 0.741578
1, 0.755117, 0.455, 0.545, 0.739519
1, 0.72276, 0.455, 0.545, 0.706752
1, 0.730632, 0.455, 0.545, 0.716063
1, 0.729598, 0.455, 0.545, 0.714782
1, 0.754876, 0.455, 0.545, 0.73911
1, 0.738832, 0.455, 0.545, 0.719485
1, 0.724298, 0.455, 0.545, 0.713597
1, 0.739517, 0.455, 0.545, 0.723424
1, 0.727534, 0.455, 0.545, 0.719949
1, 0.730946, 0.455, 0.545, 0.708642
1, 0.746108, 0.455, 0.545, 0.732093
1, 0.741784, 0.455, 0.545, 0.727097
1, 0.722538, 0.455, 0.545, 0.702398
1, 0.730223, 0.455, 0.545, 0.712647
1, 0.711894, 0.455, 0.545, 0.701468
1, 0.743195, 0.455, 0.545, 0.722213
1, 0.752446, 0.455, 0.545, 0.733139
1, 0.752641, 0.455, 0.545, 0.741008
1, 0.750071, 0.455, 0.545, 0.72934
1, 0.756628, 0.455, 0.545, 0.742746
1, 0.732298, 0.455, 0.545, 0.716925
1, 0.719792, 0.455, 0.545, 0.706338
1, 0.739633, 0.455, 0.545, 0.723698
1, 0.780684, 0.455, 0.545, 0.75218
1, 0.759592, 0.46, 0.54, 0.741559
1, 0.754014, 0.46, 0.54, 0.741608
1, 0.743478, 0.46, 0.54, 0.726235
1, 0.750889, 0.46, 0.54, 0.733061
1, 0.770496, 0.46, 0.54, 0.75002
1, 0.759671, 0.46, 0.54, 0.746385
1, 0.782784, 0.46, 0.54, 0.760471
1, 0.742829, 0.46, 0.54, 0.734152
1, 0.75568, 0.46, 0.54, 0.738841
1, 0.748891, 0.46, 0.54, 0.731159
1, 0.766471, 0.46, 0.54, 0.750574
1, 0.771448, 0.46, 0.54, 0.763484
1, 0.747941, 0.46, 0.54, 0.736825
1, 0.753707, 0.46, 0.54, 0.740151
1, 0.768975, 0.46, 0.54, 0.750735
1, 0.759048, 0.46, 0.54, 0.741248
1, 0.772522, 0.46, 0.54, 0.751793
1, 0.768192, 0.46, 0.54, 0.749817
1, 0.753533, 0.46, 0.54, 0.734174
1, 0.776449, 0.46, 0.54, 0.760478
1, 0.767017, 0.46, 0.54, 0.751455
1, 0.781341, 0.46, 0.54, 0.765908
1, 0.774825, 0.46, 0.54, 0.758259
1, 0.765103, 0.46, 0.54, 0.750081
1, 0.786209, 0.46, 0.54, 0.764846
1, 0.789736, 0.465, 0.535, 0.779353
1, 0.74137, 0.465, 0.535, 0.730421
1, 0.793897, 0.465, 0.535, 0.774369
1, 0.801313, 0.465, 0.535, 0.784935
1, 0.805935, 0.465, 0.535, 0.782104
1, 0.786267, 0.465, 0.535, 0.772968
1, 0.762751, 0.465, 0.535, 0.748175
1, 0.781672, 0.465, 0.535, 0.764054
1, 0.820452, 0.465, 0.535, 0.800617
1, 0.761941, 0.465, 0.535, 0.744385
1, 0.801831, 0.465, 0.535, 0.783045
1, 0.772454, 0.465, 0.535, 0.757503
1, 0.80987, 0.465, 0.535, 0.791897
1, 0.78013, 0.465, 0.535, 0.764236
1, 0.797933, 0.465, 0.535, 0.772528
1, 0.764466, 0.465, 0.535, 0.75357
1, 0.797371, 0.465, 0.535, 0.773965
1, 0.80592, 0.465, 0.535, 0.780636
1, 0.791244, 0.465, 0.535, 0.772462
1, 0.793232, 0.465, 0.535, 0.77464
1, 0.787101, 0.465, 0.535, 0.767887
1, 0.788971, 0.465, 0.535, 0.766997
1, 0.78077, 0.465, 0.535, 0.767128
1, 0.771759, 0.465, 0.535, 0.751374
1, 0.791666, 0.465, 0.535, 0.776644
1, 0.803799, 0.47, 0.53, 0.783593
1, 0.800814, 0.47, 0.53, 0.781417
1, 0.804726, 0.47, 0.53, 0.787209
1, 0.830457, 0.47, 0.53, 0.813849
1, 0.815615, 0.47, 0.53, 0.799659
1, 0.80791, 0.47, 0.53, 0.786705
1, 0.791466, 0.47, 0.53, 0.770917
1, 0.769268, 0.47, 0.53, 0.759028
1, 0.800264, 0.47, 0.53, 0.778427
1, 0.819575, 0.47, 0.53, 0.800832
1, 0.79557, 0.47, 0.53, 0.780817
1, 0.820984, 0.47, 0.53, 0.799696
1, 0.826658, 0.47, 0.53, 0.803872
1, 0.820202, 0.47, 0.53, 0.80318
1, 0.8027, 0.47, 0.53, 0.779145
1, 0.787389, 0.47, 0.53, 0.760841
1, 0.83454, 0.47, 0.53, 0.815826
1, 0.829994, 0.47, 0.53, 0.811555
1, 0.791002, 0.47, 0.53, 0.772078
1, 0.81108, 0.47, 0.53, 0.787198
1, 0.821665, 0.47, 0.53, 0.801668
1, 0.82637, 0.47, 0.53, 0.808247
1, 0.8173, 0.47, 0.53, 0.796425
1, 0.844629, 0.47, 0.53, 0.822691
1, 0.807919, 0.47, 0.53, 0.789623
1, 0.82889, 0.475, 0.525, 0.810843
1, 0.822533, 0.475, 0.525, 0.807043
1, 0.848809, 0.475, 0.525, 0.828524
1, 0.820469, 0.475, 0.525, 0.798483
1, 0.849655, 0.475, 0.525, 0.82484
1, 0.81488, 0.475, 0.525, 0.797593
1, 0.833339, 0.475, 0.525, 0.819653
1, 0.839906, 0.475, 0.525, 0.822759
1, 0.839966, 0.475, 0.525, 0.821623
1, 0.823767, 0.475, 0.525, 0.80708
1, 0.859118, 0.475, 0.525, 0.838727
1, 0.863918, 0.475, 0.525, 0.84115
1, 0.818435, 0.475, 0.525, 0.802089
1, 0.861228, 0.475, 0.525, 0.837952
1, 0.862202, 0.475, 0.525, 0.833172
1, 0.859083, 0.475, 0.525, 0.839828
1, 0.822802, 0.475, 0.525, 0.805168
1, 0.838951, 0.475, 0.525, 0.818945
1, 0.837971, 0.475, 0.525, 0.818519
1, 0.848083, 0.475, 0.525, 0.82284
1, 0.860219, 0.475, 0.525, 0.839777
1, 0.823153, 0.475, 0.525, 0.804554
1, 0.796874, 0.475, 0.525, 0.779554
1, 0.9005, 0.475, 0.525, 0.886576
1, 0.8428, 0.475, 0.525, 0.819399
1, 0.86057, 0.48, 0.52, 0.842171
1, 0.884482, 0.48, 0.52, 0.870524
1, 0.843106, 0.48, 0.52, 0.820526
1, 0.856097, 0.48, 0.52, 0.839838
1, 0.868103, 0.48, 0.52, 0.851103
1, 0.849887, 0.48, 0.52, 0.829402
1, 0.8492, 0.48, 0.52, 0.834551
1, 0.865724, 0.48, 0.52, 0.843384
1, 0.877741, 0.48, 0.52, 0.8619
1, 0.88249, 0.48, 0.52, 0.861559
1, 0.868051, 0.48, 0.52, 0.845761
1, 0.867702, 0.48, 0.52, 0.851885
1, 0.880538, 0.48, 0.52, 0.863966
1, 0.859627, 0.48, 0.52, 0.841156
1, 0.842695, 0.48, 0.52, 0.824699
1, 0.871985, 0.48, 0.52, 0.854697
1, 0.902665, 0.48, 0.52, 0.882609
1, 0.838478, 0.48, 0.52, 0.823036
1, 0.867854, 0.48, 0.52, 0.85019
1, 0.874729, 0.48, 0.52, 0.854401
1, 0.866718, 0.48, 0.52, 0.854742
1, 0.859429, 0.48, 0.52, 0.835804
1, 0.821841, 0.48, 0.52, 0.807419
1, 0.859236, 0.48, 0.52, 0.842463
1, 0.849826, 0.48, 0.52, 0.830801
1, 0.868987, 0.485, 0.515, 0.856774
1, 0.852191, 0.485, 0.515, 0.832967
1, 0.914048, 0.485, 0.515, 0.894945
1, 0.886116, 0.485, 0.515, 0.869925
1, 0.877411, 0.485, 0.515, 0.860981
1, 0.861063, 0.485, 0.515, 0.849256
1, 0.898321, 0.485, 0.515, 0.885978
1, 0.893841, 0.485, 0.515, 0.876335
1, 0.86981, 0.485, 0.515, 0.851819
1, 0.908471, 0.485, 0.515, 0.893236
1, 0.925402, 0.485, 0.515, 0.91208
1, 0.923691, 0.485, 0.515, 0.911181
1, 0.869782, 0.485, 0.515, 0.850357
1, 0.886332, 0.485, 0.515, 0.868366
1, 0.905555, 0.485, 0.515, 0.894168
1, 0.845725, 0.485, 0.515, 0.822994
1, 0.928231, 0.485, 0.515, 0.914532
1, 0.907002, 0.485, 0.515, 0.891811
1, 0.884823, 0.485, 0.515, 0.869925
1, 0.926473, 0.485, 0.515, 0.913408
1, 0.922901, 0.485, 0.515, 0.904249
1, 0.900982, 0.485, 0.515, 0.874538
1, 0.89988, 0.485, 0.515, 0.891631
1, 0.90559, 0.485, 0.515, 0.889643
1, 0.899824, 0.485, 0.515, 0.881433
1, 0.978037, 0.49, 0.51, 0.973784
1, 0.933723, 0.49, 0.51, 0.923866
1, 0.877457, 0.49, 0.51, 0.862176
1, 0.943272, 0.49, 0.51, 0.93507
1, 0.874534, 0.49, 0.51, 0.859111
1, 0.965689, 0.49, 0.51, 0.96
1, 0.932263, 0.49, 0.51, 0.916046
1, 0.975696, 0.49, 0.51, 0.970699
1, 0.919884, 0.49, 0.51, 0.901153
1, 0.93782, 0.49, 0.51, 0.924146
1, 0.940179, 0.49, 0.51, 0.929048
1, 0.927148, 0.49, 0.51, 0.91339
1, 0.989806, 0.49, 0.51, 0.98563
1, 0.887608, 0.49, 0.51, 0.872238
1, 0.946744, 0.49, 0.51, 0.93091
1, 0.928195, 0.49, 0.51, 0.914307
1, 0.937226, 0.49, 0.51, 0.925314
1, 0.934351, 0.49, 0.51, 0.917291
1, 0.924435, 0.49, 0.51, 0.903862
1, 0.948638, 0.49, 0.51, 0.937619
1, 0.927421, 0.49, 0.51, 0.916434
1, 0.905252, 0.49, 0.51, 0.884872
1, 0.85906, 0.49, 0.51, 0.841325
1, 0.909682, 0.49, 0.51, 0.891687
1, 0.936966, 0.49, 0.51, 0.92792
1, 0.912092, 0.495, 0.505, 0.901141
1, 0.921435, 0.495, 0.505, 0.905762
1, 0.942189, 0.495, 0.505, 0.932534
1, 0.988891, 0.495, 0.505, 0.986331
1, 0.973815, 0.495, 0.505, 0.967165
1, 0.96437, 0.495, 0.505, 0.959372
1, 0.986909, 0.495, 0.505, 0.983584
1, 0.951786, 0.495, 0.505, 0.942814
1, 0.970837, 0.495, 0.505, 0.963703
1, 0.908645, 0.495, 0.505, 0.895912
1, 0.992277, 0.495, 0.505, 0.989725
1, 0.982974, 0.495, 0.505, 0.979538
1, 0.940214, 0.495, 0.505, 0.929311
1, 0.972177, 0.495, 0.505, 0.964231
1, 0.924913, 0.495, 0.505, 0.916092
1, 0.945408, 0.495, 0.505, 0.936311
1, 0.9688, 0.495, 0.505, 0.961113
1, 0.933235, 0.495, 0.505, 0.923623
1, 0.943132, 0.495, 0.505, 0.934715
1, 0.939289, 0.495, 0.505, 0.93168
1, 0.960579, 0.495, 0.505, 0.95375
1, 0.934261, 0.495, 0.505, 0.919461
1, 0.958987, 0.495, 0.505, 0.950538
1, 0.951607, 0.495, 0.505, 0.942465
1, 0.967817, 0.495, 0.505, 0.960042
1, 0.980813, 0.5, 0.5, 0.975574
1, 0.985917, 0.5, 0.5, 0.983346
1, 0.976612, 0.5, 0.5, 0.971353
1, 0.994865, 0.5, 0.5, 0.991613
1, 0.983534, 0.5, 0.5, 0.980794
1, 0.975033, 0.5, 0.5, 0.970667
1, 0.958436, 0.5, 0.5, 0.951318
1, 0.997411, 0.5, 0.5, 0.996626
1, 0.998182, 0.5, 0.5, 0.996938
1, 0.99159, 0.5, 0.5, 0.990068
1, 0.959961, 0.5, 0.5, 0.951929
1, 0.986474, 0.5, 0.5, 0.983648
1, 0.989874, 0.5, 0.5, 0.98794
1, 0.983227, 0.5, 0.5, 0.980619
1, 0.965884, 0.5, 0.5, 0.957596
1, 0.989524, 0.5, 0.5, 0.986372
1, 0.972537, 0.5, 0.5, 0.966901
1, 0.975833, 0.5, 0.5, 0.971461
1, 0.982668, 0.5, 0.5, 0.977926
1, 0.987664, 0.5, 0.5, 0.986036
1, 0.991036, 0.5, 0.5, 0.989386
1, 0.97952, 0.5, 0.5, 0.976218
1, 0.992717, 0.5, 0.5, 0.991547
1, 0.959777, 0.5, 0.5, 0.952163
1, 0.996348, 0.5, 0.5, 0.995104
1, 0.990354, 0.505, 0.495, 0.988113
1, 0.99687, 0.505, 0.495, 0.995715
1, 0.960018, 0.505, 0.495, 0.950019
1, 0.979269, 0.505, 0.495, 0.977665
1, 0.999984, 0.505, 0.495, 0.999902
1, 0.9873, 0.505, 0.495, 0.983083
1, 0.985966, 0.505, 0.495, 0.980981
1, 0.988166, 0.505, 0.495, 0.982958
1, 0.995699, 0.505, 0.495, 0.995839
1, 0.94426, 0.505, 0.495, 0.936389
1, 0.993267, 0.505, 0.495, 0.991582
1, 0.99928, 0.505, 0.495, 0.999003
1, 0.974555, 0.505, 0.495, 0.966625
1, 0.975653, 0.505, 0.495, 0.968233
1, 0.992885, 0.505, 0.495, 0.993149
1, 0.996641, 0.505, 0.495, 0.995352
1, 0.989926, 0.505, 0.495, 0.98771
1, 0.996173, 0.505, 0.495, 0.994082
1, 0.986033, 0.505, 0.495, 0.983523
1, 0.989276, 0.505, 0.495, 0.984893
1, 0.994887, 0.505, 0.495, 0.993926
1, 0.9936, 0.505, 0.495, 0.989867
1, 0.99666, 0.505, 0.495, 0.995944
1, 0.980826, 0.505, 0.495, 0.974215
1, 0.995578, 0.505, 0.495, 0.992966
