# Dynamic Strategy Switching Simulation Results
# Schedule file: schedule_pure_selfish.txt
# Miner 0: selfish (0-6666), stubborn-trail (6667-13333), petty (13334-19999)
# Miner 1: default-selfish (0-19999)
Gamma, Miner0_ProfitFraction, Miner0_HashRate, Miner1_HashRate, Miner0_BlockFraction
0, 0, 0.005, 0.995, 0
0, 9.71597e-05, 0.005, 0.995, 0.000100609
0, 0, 0.005, 0.995, 0
0, 1.71663e-05, 0.005, 0.995, 0.000101271
0, 7.57468e-05, 0.005, 0.995, 0.000100231
0, 0, 0.005, 0.995, 0
0, 0.000202663, 0.005, 0.995, 0.000200914
0, 0, 0.005, 0.995, 0
0, 0.000552878, 0.005, 0.995, 0.000200965
0, 0.000125146, 0.005, 0.995, 0.000101735
0, 0.000107573, 0.005, 0.995, 0.000101911
0, 0, 0.005, 0.995, 0
0, 0.000211406, 0.005, 0.995, 0.000200934
0, 0.000138165, 0.005, 0.995, 0.00010238
0, 0.000218988, 0.005, 0.995, 0.000197638
0, 0.000250135, 0.005, 0.995, 0.000100583
0, 0.0002118, 0.005, 0.995, 0.00029991
0, 0, 0.005, 0.995, 0
0, 0.000229249, 0.005, 0.995, 0.000302939
0, 0, 0.005, 0.995, 0
0, 1.23328e-05, 0.005, 0.995, 9.98652e-05
0, 0.000293746, 0.005, 0.995, 0.000202419
0, 0.000113583, 0.005, 0.995, 0.000198985
0, 0, 0.005, 0.995, 0
0, 0.000237081, 0.005, 0.995, 0.000100614
0, 0.000663817, 0.01, 0.99, 0.000508053
0, 0.000763809, 0.01, 0.99, 0.000456691
0, 0.000601639, 0.01, 0.99, 0.00049724
0, 5.53304e-05, 0.01, 0.99, 0.000100447
0, 0.000939556, 0.01, 0.99, 0.000707857
0, 0.0002134, 0.01, 0.99, 0.000202799
0, 0.000189417, 0.01, 0.99, 0.000299715
0, 0.000554976, 0.01, 0.99, 0.000708466
0, 0.000586564, 0.01, 0.99, 0.000408622
0, 3.81659e-05, 0.01, 0.99, 0.000100918
0, 0.000794885, 0.01, 0.99, 0.000497488
0, 0.000393739, 0.01, 0.99, 0.000100857
0, 0.000184583, 0.01, 0.99, 0.000456158
0, 0.000672243, 0.01, 0.99, 0.000807265
0, 0.000240622, 0.01, 0.99, 0.00030033
0, 0.000282583, 0.01, 0.99, 0.00040568
0, 0.000479303, 0.01, 0.99, 0.000602319
0, 0.000382825, 0.01, 0.99, 0.000601052
0, 0.000144991, 0.01, 0.99, 0.000202583
0, 0.000612648, 0.01, 0.99, 0.000503905
0, 0.000812598, 0.01, 0.99, 0.000593237
0, 0.000660411, 0.01, 0.99, 0.000807551
0, 0.000231741, 0.01, 0.99, 0.000202603
0, 0.000252741, 0.01, 0.99, 0.000401828
0, 0.000172662, 0.01, 0.99, 0.000201654
0, 0.000635546, 0.015, 0.985, 0.000602258
0, 0.000238999, 0.015, 0.985, 0.000402414
0, 0.000639469, 0.015, 0.985, 0.00070843
0, 0.00142388, 0.015, 0.985, 0.00105242
0, 0.000505612, 0.015, 0.985, 0.000304337
0, 0.00118747, 0.015, 0.985, 0.00086921
0, 0.00118137, 0.015, 0.985, 0.00081984
0, 0.00091878, 0.015, 0.985, 0.000709651
0, 0.00173741, 0.015, 0.985, 0.00101513
0, 0.000439499, 0.015, 0.985, 0.000501153
0, 0.000484276, 0.015, 0.985, 0.000508414
0, 0.00177043, 0.015, 0.985, 0.00132316
0, 0.000754666, 0.015, 0.985, 0.000811524
0, 0.000652601, 0.015, 0.985, 0.000912363
0, 0.000938626, 0.015, 0.985, 0.000507949
0, 0.000898165, 0.015, 0.985, 0.00070593
0, 0.000790889, 0.015, 0.985, 0.000606581
0, 0.000709016, 0.015, 0.985, 0.000804424
0, 0.00122771, 0.015, 0.985, 0.000711129
0, 0.00151799, 0.015, 0.985, 0.00132356
0, 0.00108573, 0.015, 0.985, 0.00100397
0, 0.00119874, 0.015, 0.985, 0.000923266
0, 0.00168441, 0.015, 0.985, 0.00112693
0, 0.00107227, 0.015, 0.985, 0.00106464
0, 0.000294662, 0.015, 0.985, 0.000304538
0, 0.00121829, 0.02, 0.98, 0.000912686
0, 0.00195867, 0.02, 0.98, 0.00122844
0, 0.0017857, 0.02, 0.98, 0.00110904
0, 0.00210563, 0.02, 0.98, 0.00167922
0, 0.00190428, 0.02, 0.98, 0.00142748
0, 0.00181607, 0.02, 0.98, 0.0015282
0, 0.00148573, 0.02, 0.98, 0.00121611
0, 0.00134914, 0.02, 0.98, 0.00121982
0, 0.00240361, 0.02, 0.98, 0.00160764
0, 0.00184929, 0.02, 0.98, 0.00173523
0, 0.00160424, 0.02, 0.98, 0.00143354
0, 0.00262305, 0.02, 0.98, 0.00205255
0, 0.00237455, 0.02, 0.98, 0.00236346
0, 0.00134646, 0.02, 0.98, 0.00112636
0, 0.00323299, 0.02, 0.98, 0.00213675
0, 0.0019198, 0.02, 0.98, 0.00152921
0, 0.00160772, 0.02, 0.98, 0.0012253
0, 0.00268203, 0.02, 0.98, 0.00203791
0, 0.00126022, 0.02, 0.98, 0.00162709
0, 0.00145571, 0.02, 0.98, 0.00132911
0, 0.00229968, 0.02, 0.98, 0.00163641
0, 0.000755886, 0.02, 0.98, 0.00100402
0, 0.00187219, 0.02, 0.98, 0.00182251
0, 0.0016516, 0.02, 0.98, 0.0014468
0, 0.00187193, 0.02, 0.98, 0.00153077
0, 0.00194999, 0.025, 0.975, 0.00133354
0, 0.00261638, 0.025, 0.975, 0.00224158
0, 0.00305498, 0.025, 0.975, 0.00307503
0, 0.0029284, 0.025, 0.975, 0.00213969
0, 0.00276941, 0.025, 0.975, 0.00203428
0, 0.00315714, 0.025, 0.975, 0.00234706
0, 0.00212372, 0.025, 0.975, 0.00225329
0, 0.00227801, 0.025, 0.975, 0.00206462
0, 0.00304418, 0.025, 0.975, 0.00261632
0, 0.00246707, 0.025, 0.975, 0.00256713
0, 0.00321742, 0.025, 0.975, 0.0026047
0, 0.00208275, 0.025, 0.975, 0.00204918
0, 0.00238559, 0.025, 0.975, 0.00194762
0, 0.00247013, 0.025, 0.975, 0.00237358
0, 0.00245817, 0.025, 0.975, 0.00163708
0, 0.00196676, 0.025, 0.975, 0.00147268
0, 0.00386079, 0.025, 0.975, 0.00304692
0, 0.00384733, 0.025, 0.975, 0.00245889
0, 0.00392695, 0.025, 0.975, 0.00248332
0, 0.00264183, 0.025, 0.975, 0.00225133
0, 0.00272437, 0.025, 0.975, 0.00184483
0, 0.00262839, 0.025, 0.975, 0.001973
0, 0.0027387, 0.025, 0.975, 0.00213893
0, 0.00167891, 0.025, 0.975, 0.00172729
0, 0.00229499, 0.025, 0.975, 0.00165503
0, 0.00332833, 0.03, 0.97, 0.00327852
0, 0.00423759, 0.03, 0.97, 0.0031623
0, 0.00367248, 0.03, 0.97, 0.00351712
0, 0.00406327, 0.03, 0.97, 0.00370866
0, 0.00597765, 0.03, 0.97, 0.00459043
0, 0.00430402, 0.03, 0.97, 0.00444123
0, 0.00475533, 0.03, 0.97, 0.00372902
0, 0.0036382, 0.03, 0.97, 0.00329574
0, 0.00349595, 0.03, 0.97, 0.00311397
0, 0.00461278, 0.03, 0.97, 0.00368324
0, 0.00351623, 0.03, 0.97, 0.00300814
0, 0.00273699, 0.03, 0.97, 0.00249727
0, 0.00449576, 0.03, 0.97, 0.00358038
0, 0.00419421, 0.03, 0.97, 0.00382449
0, 0.00381717, 0.03, 0.97, 0.00308087
0, 0.00618516, 0.03, 0.97, 0.00406358
0, 0.00439106, 0.03, 0.97, 0.0039701
0, 0.00264965, 0.03, 0.97, 0.00279315
0, 0.00529521, 0.03, 0.97, 0.0041888
0, 0.00495097, 0.03, 0.97, 0.0042624
0, 0.00509441, 0.03, 0.97, 0.00339873
0, 0.00288248, 0.03, 0.97, 0.00262759
0, 0.00376376, 0.03, 0.97, 0.00316278
0, 0.00579329, 0.03, 0.97, 0.00475354
0, 0.00441096, 0.03, 0.97, 0.00390304
0, 0.00600496, 0.035, 0.965, 0.00572392
0, 0.00625761, 0.035, 0.965, 0.00515947
0, 0.00713209, 0.035, 0.965, 0.00546079
0, 0.00588982, 0.035, 0.965, 0.00444927
0, 0.00418429, 0.035, 0.965, 0.00403539
0, 0.00420695, 0.035, 0.965, 0.00400478
0, 0.00635701, 0.035, 0.965, 0.00530835
0, 0.00458624, 0.035, 0.965, 0.00480042
0, 0.00603234, 0.035, 0.965, 0.00475469
0, 0.0057863, 0.035, 0.965, 0.0048788
0, 0.00479431, 0.035, 0.965, 0.00443162
0, 0.00583804, 0.035, 0.965, 0.00458716
0, 0.00535534, 0.035, 0.965, 0.00424562
0, 0.00356448, 0.035, 0.965, 0.00280885
0, 0.00699401, 0.035, 0.965, 0.00576671
0, 0.00452219, 0.035, 0.965, 0.00393599
0, 0.00618099, 0.035, 0.965, 0.00464133
0, 0.00510784, 0.035, 0.965, 0.00413476
0, 0.00481618, 0.035, 0.965, 0.00391309
0, 0.00564809, 0.035, 0.965, 0.0050137
0, 0.00507603, 0.035, 0.965, 0.00412533
0, 0.00474509, 0.035, 0.965, 0.0039089
0, 0.00693278, 0.035, 0.965, 0.00494132
0, 0.00505423, 0.035, 0.965, 0.0049243
0, 0.0060493, 0.035, 0.965, 0.00553506
0, 0.00693618, 0.04, 0.96, 0.00629192
0, 0.00762083, 0.04, 0.96, 0.00668791
0, 0.00681307, 0.04, 0.96, 0.00556615
0, 0.00830899, 0.04, 0.96, 0.00652681
0, 0.00741697, 0.04, 0.96, 0.00622222
0, 0.00790332, 0.04, 0.96, 0.00634888
0, 0.00732686, 0.04, 0.96, 0.00635715
0, 0.00713242, 0.04, 0.96, 0.00641962
0, 0.00635612, 0.04, 0.96, 0.00599052
0, 0.00778539, 0.04, 0.96, 0.00627976
0, 0.0100468, 0.04, 0.96, 0.00759793
0, 0.0064223, 0.04, 0.96, 0.00627431
0, 0.00834023, 0.04, 0.96, 0.00603036
0, 0.00644425, 0.04, 0.96, 0.00537996
0, 0.00949057, 0.04, 0.96, 0.00769032
0, 0.00645979, 0.04, 0.96, 0.00563104
0, 0.00498299, 0.04, 0.96, 0.00433884
0, 0.00863322, 0.04, 0.96, 0.00662844
0, 0.00821385, 0.04, 0.96, 0.0067253
0, 0.00746574, 0.04, 0.96, 0.00548045
0, 0.00672662, 0.04, 0.96, 0.00619276
0, 0.00703525, 0.04, 0.96, 0.00631644
0, 0.00763725, 0.04, 0.96, 0.00595516
0, 0.00667308, 0.04, 0.96, 0.00578005
0, 0.00669347, 0.04, 0.96, 0.00560777
0, 0.0112529, 0.045, 0.955, 0.0091208
0, 0.00808311, 0.045, 0.955, 0.00724486
0, 0.00745091, 0.045, 0.955, 0.00632714
0, 0.00946622, 0.045, 0.955, 0.00861844
0, 0.00919925, 0.045, 0.955, 0.00740663
0, 0.00879736, 0.045, 0.955, 0.00741169
0, 0.0102204, 0.045, 0.955, 0.00788586
0, 0.00670402, 0.045, 0.955, 0.00606441
0, 0.0116108, 0.045, 0.955, 0.00871583
0, 0.00972479, 0.045, 0.955, 0.00833115
0, 0.00890256, 0.045, 0.955, 0.00814161
0, 0.0101365, 0.045, 0.955, 0.00688857
0, 0.00879933, 0.045, 0.955, 0.00756046
0, 0.00805843, 0.045, 0.955, 0.00716377
0, 0.00901201, 0.045, 0.955, 0.00752076
0, 0.00972515, 0.045, 0.955, 0.00786008
0, 0.00933624, 0.045, 0.955, 0.00777337
0, 0.0113821, 0.045, 0.955, 0.00939604
0, 0.00915222, 0.045, 0.955, 0.0076668
0, 0.0113239, 0.045, 0.955, 0.00967199
0, 0.00871429, 0.045, 0.955, 0.00754327
0, 0.00973028, 0.045, 0.955, 0.00772789
0, 0.00832067, 0.045, 0.955, 0.00663239
0, 0.00836545, 0.045, 0.955, 0.00714699
0, 0.00864719, 0.045, 0.955, 0.0074136
0, 0.0140211, 0.05, 0.95, 0.0114041
0, 0.0115169, 0.05, 0.95, 0.00951475
0, 0.00844873, 0.05, 0.95, 0.00791213
0, 0.0107289, 0.05, 0.95, 0.00956284
0, 0.0100633, 0.05, 0.95, 0.00907652
0, 0.0118397, 0.05, 0.95, 0.0103873
0, 0.0118058, 0.05, 0.95, 0.00970976
0, 0.0109217, 0.05, 0.95, 0.00959146
0, 0.0101656, 0.05, 0.95, 0.0095103
0, 0.00899456, 0.05, 0.95, 0.0076501
0, 0.0101771, 0.05, 0.95, 0.00861164
0, 0.0133565, 0.05, 0.95, 0.0108398
0, 0.0115066, 0.05, 0.95, 0.00950381
0, 0.00972872, 0.05, 0.95, 0.00865169
0, 0.0110029, 0.05, 0.95, 0.0102423
0, 0.0117691, 0.05, 0.95, 0.0100505
0, 0.00974861, 0.05, 0.95, 0.0083919
0, 0.0102069, 0.05, 0.95, 0.00894972
0, 0.0102546, 0.05, 0.95, 0.00893478
0, 0.0105851, 0.05, 0.95, 0.00879489
0, 0.0104511, 0.05, 0.95, 0.00904319
0, 0.0122616, 0.05, 0.95, 0.00984345
0, 0.0116837, 0.05, 0.95, 0.00951783
0, 0.0137514, 0.05, 0.95, 0.010961
0, 0.0117705, 0.05, 0.95, 0.0102228
0, 0.0150425, 0.055, 0.945, 0.0119128
0, 0.0123192, 0.055, 0.945, 0.0112653
0, 0.0138649, 0.055, 0.945, 0.0121222
0, 0.0139894, 0.055, 0.945, 0.0117405
0, 0.0163521, 0.055, 0.945, 0.0125868
0, 0.0121287, 0.055, 0.945, 0.0107634
0, 0.0148481, 0.055, 0.945, 0.0113107
0, 0.0136374, 0.055, 0.945, 0.0116754
0, 0.0149382, 0.055, 0.945, 0.0120715
0, 0.0116544, 0.055, 0.945, 0.010636
0, 0.015776, 0.055, 0.945, 0.0123223
0, 0.0142743, 0.055, 0.945, 0.0124303
0, 0.012956, 0.055, 0.945, 0.0114542
0, 0.0140114, 0.055, 0.945, 0.0106563
0, 0.0137923, 0.055, 0.945, 0.0106158
0, 0.0152958, 0.055, 0.945, 0.0122244
0, 0.0136531, 0.055, 0.945, 0.0113969
0, 0.0105402, 0.055, 0.945, 0.00992674
0, 0.0133819, 0.055, 0.945, 0.0120884
0, 0.0161704, 0.055, 0.945, 0.0130136
0, 0.0110396, 0.055, 0.945, 0.00936645
0, 0.0165255, 0.055, 0.945, 0.0140325
0, 0.0141087, 0.055, 0.945, 0.0114492
0, 0.0118845, 0.055, 0.945, 0.0101105
0, 0.0141044, 0.055, 0.945, 0.0114542
0, 0.0164684, 0.06, 0.94, 0.0141115
0, 0.0160175, 0.06, 0.94, 0.0138506
0, 0.0138275, 0.06, 0.94, 0.0119469
0, 0.0144012, 0.06, 0.94, 0.0139684
0, 0.0172661, 0.06, 0.94, 0.0156118
0, 0.0145552, 0.06, 0.94, 0.0129802
0, 0.0146379, 0.06, 0.94, 0.0126836
0, 0.015197, 0.06, 0.94, 0.01238
0, 0.0150972, 0.06, 0.94, 0.0129317
0, 0.0142623, 0.06, 0.94, 0.0120444
0, 0.0159311, 0.06, 0.94, 0.0131495
0, 0.013853, 0.06, 0.94, 0.0132989
0, 0.0158294, 0.06, 0.94, 0.0137825
0, 0.0160693, 0.06, 0.94, 0.0142721
0, 0.0154167, 0.06, 0.94, 0.0127083
0, 0.0151903, 0.06, 0.94, 0.013462
0, 0.0145295, 0.06, 0.94, 0.012494
0, 0.0162714, 0.06, 0.94, 0.0128501
0, 0.0172546, 0.06, 0.94, 0.0144351
0, 0.0178103, 0.06, 0.94, 0.014455
0, 0.0153291, 0.06, 0.94, 0.0132734
0, 0.0149965, 0.06, 0.94, 0.0129283
0, 0.014017, 0.06, 0.94, 0.0127449
0, 0.0137267, 0.06, 0.94, 0.0116913
0, 0.0149017, 0.06, 0.94, 0.012328
0, 0.0214592, 0.065, 0.935, 0.0192855
0, 0.0186883, 0.065, 0.935, 0.0158231
0, 0.0167746, 0.065, 0.935, 0.016208
0, 0.020526, 0.065, 0.935, 0.0159693
0, 0.0171551, 0.065, 0.935, 0.0160341
0, 0.0187744, 0.065, 0.935, 0.0165355
0, 0.0157032, 0.065, 0.935, 0.0145628
0, 0.0188533, 0.065, 0.935, 0.0164989
0, 0.0191895, 0.065, 0.935, 0.0149183
0, 0.0201322, 0.065, 0.935, 0.0160638
0, 0.0185755, 0.065, 0.935, 0.0166325
0, 0.0206956, 0.065, 0.935, 0.0172957
0, 0.0184641, 0.065, 0.935, 0.0172323
0, 0.0202372, 0.065, 0.935, 0.0170118
0, 0.0203547, 0.065, 0.935, 0.0162254
0, 0.0185328, 0.065, 0.935, 0.0164676
0, 0.0193765, 0.065, 0.935, 0.0160926
0, 0.0212779, 0.065, 0.935, 0.0167965
0, 0.0192884, 0.065, 0.935, 0.016106
0, 0.0176013, 0.065, 0.935, 0.0152647
0, 0.0201749, 0.065, 0.935, 0.0182947
0, 0.0164261, 0.065, 0.935, 0.0149597
0, 0.018456, 0.065, 0.935, 0.0170368
0, 0.0179268, 0.065, 0.935, 0.0163821
0, 0.0143519, 0.065, 0.935, 0.0124827
0, 0.0201338, 0.07, 0.93, 0.0178195
0, 0.0214238, 0.07, 0.93, 0.0184999
0, 0.0215689, 0.07, 0.93, 0.0180637
0, 0.0179371, 0.07, 0.93, 0.0173812
0, 0.0225982, 0.07, 0.93, 0.0202834
0, 0.0197458, 0.07, 0.93, 0.0166807
0, 0.0205721, 0.07, 0.93, 0.0189961
0, 0.0232521, 0.07, 0.93, 0.020765
0, 0.0256022, 0.07, 0.93, 0.0223
0, 0.0214998, 0.07, 0.93, 0.0182104
0, 0.019347, 0.07, 0.93, 0.0158378
0, 0.021744, 0.07, 0.93, 0.0192287
0, 0.0214708, 0.07, 0.93, 0.0195381
0, 0.0179627, 0.07, 0.93, 0.0165491
0, 0.0220649, 0.07, 0.93, 0.0176635
0, 0.0230627, 0.07, 0.93, 0.017542
0, 0.0229158, 0.07, 0.93, 0.0184557
0, 0.022169, 0.07, 0.93, 0.0188958
0, 0.019609, 0.07, 0.93, 0.0161118
0, 0.0204553, 0.07, 0.93, 0.01721
0, 0.0200218, 0.07, 0.93, 0.0175317
0, 0.022532, 0.07, 0.93, 0.0189725
0, 0.0213712, 0.07, 0.93, 0.0195529
0, 0.0203629, 0.07, 0.93, 0.0176242
0, 0.0199484, 0.07, 0.93, 0.0161067
0, 0.0231844, 0.075, 0.925, 0.0210448
0, 0.025525, 0.075, 0.925, 0.0226679
0, 0.0248, 0.075, 0.925, 0.0218947
0, 0.0229838, 0.075, 0.925, 0.0210594
0, 0.0247034, 0.075, 0.925, 0.0217694
0, 0.0205775, 0.075, 0.925, 0.0189749
0, 0.0295005, 0.075, 0.925, 0.0231004
0, 0.0228542, 0.075, 0.925, 0.0210021
0, 0.0235466, 0.075, 0.925, 0.02082
0, 0.0252464, 0.075, 0.925, 0.0215151
0, 0.0220155, 0.075, 0.925, 0.018987
0, 0.0235307, 0.075, 0.925, 0.0207841
0, 0.0289553, 0.075, 0.925, 0.0231263
0, 0.0242098, 0.075, 0.925, 0.0221685
0, 0.0225902, 0.075, 0.925, 0.0193656
0, 0.0212341, 0.075, 0.925, 0.0197962
0, 0.0249548, 0.075, 0.925, 0.0216558
0, 0.0245162, 0.075, 0.925, 0.0207561
0, 0.0216942, 0.075, 0.925, 0.0198268
0, 0.022296, 0.075, 0.925, 0.0200042
0, 0.0262562, 0.075, 0.925, 0.0221936
0, 0.0251174, 0.075, 0.925, 0.0217067
0, 0.0229731, 0.075, 0.925, 0.0199257
0, 0.0243847, 0.075, 0.925, 0.0217077
0, 0.019787, 0.075, 0.925, 0.0181886
0, 0.0250643, 0.08, 0.92, 0.02176
0, 0.0255899, 0.08, 0.92, 0.0222293
0, 0.0267418, 0.08, 0.92, 0.0230757
0, 0.0225975, 0.08, 0.92, 0.0201173
0, 0.0271352, 0.08, 0.92, 0.0242876
0, 0.0290273, 0.08, 0.92, 0.0256806
0, 0.0257052, 0.08, 0.92, 0.0236334
0, 0.0265899, 0.08, 0.92, 0.023194
0, 0.028951, 0.08, 0.92, 0.0247186
0, 0.025635, 0.08, 0.92, 0.0222448
0, 0.0259229, 0.08, 0.92, 0.0229545
0, 0.0237479, 0.08, 0.92, 0.0203742
0, 0.0259505, 0.08, 0.92, 0.0220459
0, 0.0254483, 0.08, 0.92, 0.0242332
0, 0.0283889, 0.08, 0.92, 0.0241888
0, 0.0282023, 0.08, 0.92, 0.0250524
0, 0.0286206, 0.08, 0.92, 0.0253043
0, 0.0249334, 0.08, 0.92, 0.02158
0, 0.0310828, 0.08, 0.92, 0.0237447
0, 0.0228401, 0.08, 0.92, 0.0215589
0, 0.0274823, 0.08, 0.92, 0.0251937
0, 0.0323315, 0.08, 0.92, 0.0258538
0, 0.0263769, 0.08, 0.92, 0.0231121
0, 0.0258968, 0.08, 0.92, 0.0220403
0, 0.0234625, 0.08, 0.92, 0.0212913
0, 0.0298421, 0.085, 0.915, 0.0246324
0, 0.0307655, 0.085, 0.915, 0.0262336
0, 0.0270117, 0.085, 0.915, 0.0244797
0, 0.0301489, 0.085, 0.915, 0.0279478
0, 0.0318775, 0.085, 0.915, 0.0279564
0, 0.0295885, 0.085, 0.915, 0.0245826
0, 0.0314328, 0.085, 0.915, 0.0270605
0, 0.0308688, 0.085, 0.915, 0.0273378
0, 0.0352295, 0.085, 0.915, 0.0292636
0, 0.0287981, 0.085, 0.915, 0.0256746
0, 0.0327657, 0.085, 0.915, 0.0270285
0, 0.0312336, 0.085, 0.915, 0.0285174
0, 0.0296067, 0.085, 0.915, 0.0266001
0, 0.0321446, 0.085, 0.915, 0.0275561
0, 0.0313783, 0.085, 0.915, 0.0281395
0, 0.0273046, 0.085, 0.915, 0.0256314
0, 0.0302411, 0.085, 0.915, 0.0261509
0, 0.0303439, 0.085, 0.915, 0.0270344
0, 0.0331453, 0.085, 0.915, 0.027547
0, 0.0295032, 0.085, 0.915, 0.0257047
0, 0.030296, 0.085, 0.915, 0.0273256
0, 0.031151, 0.085, 0.915, 0.025669
0, 0.0286392, 0.085, 0.915, 0.025652
0, 0.0319418, 0.085, 0.915, 0.0268901
0, 0.0335621, 0.085, 0.915, 0.0301844
0, 0.0304982, 0.09, 0.91, 0.0273036
0, 0.0371875, 0.09, 0.91, 0.0327174
0, 0.0362819, 0.09, 0.91, 0.0318768
0, 0.0309054, 0.09, 0.91, 0.026932
0, 0.0343934, 0.09, 0.91, 0.0299597
0, 0.0324489, 0.09, 0.91, 0.0285577
0, 0.0337523, 0.09, 0.91, 0.0295167
0, 0.0345909, 0.09, 0.91, 0.0311842
0, 0.0339225, 0.09, 0.91, 0.030539
0, 0.0327527, 0.09, 0.91, 0.0304657
0, 0.0354167, 0.09, 0.91, 0.031072
0, 0.0383202, 0.09, 0.91, 0.0305832
0, 0.0332221, 0.09, 0.91, 0.0276157
0, 0.0346149, 0.09, 0.91, 0.0293323
0, 0.0362244, 0.09, 0.91, 0.0292222
0, 0.0334959, 0.09, 0.91, 0.0276094
0, 0.0353405, 0.09, 0.91, 0.0309217
0, 0.0351479, 0.09, 0.91, 0.0302146
0, 0.0330876, 0.09, 0.91, 0.0277368
0, 0.032115, 0.09, 0.91, 0.0294437
0, 0.0377365, 0.09, 0.91, 0.0326995
0, 0.029172, 0.09, 0.91, 0.0263129
0, 0.0357846, 0.09, 0.91, 0.0307202
0, 0.0364917, 0.09, 0.91, 0.0312889
0, 0.0359412, 0.09, 0.91, 0.0297806
0, 0.0409432, 0.095, 0.905, 0.0326381
0, 0.0440619, 0.095, 0.905, 0.0372343
0, 0.0392777, 0.095, 0.905, 0.0345224
0, 0.0352669, 0.095, 0.905, 0.032219
0, 0.0379376, 0.095, 0.905, 0.0350973
0, 0.0343781, 0.095, 0.905, 0.0287958
0, 0.0421161, 0.095, 0.905, 0.0343058
0, 0.040668, 0.095, 0.905, 0.0355033
0, 0.0376264, 0.095, 0.905, 0.032707
0, 0.0366297, 0.095, 0.905, 0.0310222
0, 0.0353636, 0.095, 0.905, 0.0317754
0, 0.0384141, 0.095, 0.905, 0.0333333
0, 0.0366924, 0.095, 0.905, 0.033992
0, 0.0348584, 0.095, 0.905, 0.0300679
0, 0.0397108, 0.095, 0.905, 0.0333352
0, 0.0361942, 0.095, 0.905, 0.0322422
0, 0.0378292, 0.095, 0.905, 0.0345599
0, 0.032127, 0.095, 0.905, 0.0313867
0, 0.036787, 0.095, 0.905, 0.0322897
0, 0.041424, 0.095, 0.905, 0.0359275
0, 0.0373307, 0.095, 0.905, 0.0340934
0, 0.0391266, 0.095, 0.905, 0.0319956
0, 0.0348971, 0.095, 0.905, 0.029542
0, 0.0377883, 0.095, 0.905, 0.0316188
0, 0.038473, 0.095, 0.905, 0.0344733
0, 0.0434303, 0.1, 0.9, 0.0362235
0, 0.0395371, 0.1, 0.9, 0.034904
0, 0.0397525, 0.1, 0.9, 0.0340188
0, 0.0356234, 0.1, 0.9, 0.0326912
0, 0.0413258, 0.1, 0.9, 0.0348528
0, 0.0429392, 0.1, 0.9, 0.0367347
0, 0.0403255, 0.1, 0.9, 0.0366952
0, 0.034006, 0.1, 0.9, 0.0301918
0, 0.0400578, 0.1, 0.9, 0.0346707
0, 0.0422677, 0.1, 0.9, 0.037277
0, 0.0367523, 0.1, 0.9, 0.0334662
0, 0.0442972, 0.1, 0.9, 0.0367873
0, 0.0364633, 0.1, 0.9, 0.0326643
0, 0.0395348, 0.1, 0.9, 0.0371845
0, 0.0415614, 0.1, 0.9, 0.0370472
0, 0.0404823, 0.1, 0.9, 0.0365847
0, 0.0444901, 0.1, 0.9, 0.0382951
0, 0.0358483, 0.1, 0.9, 0.0323239
0, 0.0414975, 0.1, 0.9, 0.0354458
0, 0.0394067, 0.1, 0.9, 0.0346605
0, 0.0383436, 0.1, 0.9, 0.0323384
0, 0.0433624, 0.1, 0.9, 0.0367779
0, 0.0418304, 0.1, 0.9, 0.0373184
0, 0.0426597, 0.1, 0.9, 0.037627
0, 0.0432351, 0.1, 0.9, 0.0367043
0, 0.0462198, 0.105, 0.895, 0.0400828
0, 0.0485816, 0.105, 0.895, 0.0398519
0, 0.0434905, 0.105, 0.895, 0.038239
0, 0.042242, 0.105, 0.895, 0.0365701
0, 0.0439831, 0.105, 0.895, 0.038036
0, 0.0454978, 0.105, 0.895, 0.040442
0, 0.0501063, 0.105, 0.895, 0.0424973
0, 0.0460059, 0.105, 0.895, 0.0413187
0, 0.0450562, 0.105, 0.895, 0.0396791
0, 0.0469522, 0.105, 0.895, 0.042029
0, 0.0482202, 0.105, 0.895, 0.04111
0, 0.0449665, 0.105, 0.895, 0.0398935
0, 0.0419197, 0.105, 0.895, 0.0348086
0, 0.0448139, 0.105, 0.895, 0.0392705
0, 0.0422738, 0.105, 0.895, 0.0375443
0, 0.0452633, 0.105, 0.895, 0.0385525
0, 0.0447651, 0.105, 0.895, 0.0412721
0, 0.0421121, 0.105, 0.895, 0.0375524
0, 0.0394156, 0.105, 0.895, 0.0370084
0, 0.0454927, 0.105, 0.895, 0.0391414
0, 0.0450262, 0.105, 0.895, 0.0395844
0, 0.0502343, 0.105, 0.895, 0.0416484
0, 0.0429787, 0.105, 0.895, 0.0367543
0, 0.0427861, 0.105, 0.895, 0.0397522
0, 0.0433397, 0.105, 0.895, 0.0395272
0, 0.0544976, 0.11, 0.89, 0.0471636
0, 0.0486114, 0.11, 0.89, 0.0443448
0, 0.0457633, 0.11, 0.89, 0.0402985
0, 0.0487698, 0.11, 0.89, 0.0424918
0, 0.0469253, 0.11, 0.89, 0.0406061
0, 0.0492499, 0.11, 0.89, 0.0445407
0, 0.048262, 0.11, 0.89, 0.0450052
0, 0.0509931, 0.11, 0.89, 0.0434324
0, 0.0526195, 0.11, 0.89, 0.0457187
0, 0.0491225, 0.11, 0.89, 0.0432857
0, 0.0470418, 0.11, 0.89, 0.0417246
0, 0.0479805, 0.11, 0.89, 0.0439763
0, 0.0439008, 0.11, 0.89, 0.0408854
0, 0.0533287, 0.11, 0.89, 0.0447427
0, 0.0448851, 0.11, 0.89, 0.0414465
0, 0.0432971, 0.11, 0.89, 0.0385558
0, 0.0449444, 0.11, 0.89, 0.0395774
0, 0.047882, 0.11, 0.89, 0.0413062
0, 0.0488912, 0.11, 0.89, 0.0432893
0, 0.0439922, 0.11, 0.89, 0.0387161
0, 0.048545, 0.11, 0.89, 0.0423799
0, 0.0509243, 0.11, 0.89, 0.0437507
0, 0.0484723, 0.11, 0.89, 0.0448686
0, 0.0510569, 0.11, 0.89, 0.0445667
0, 0.0487896, 0.11, 0.89, 0.044205
0, 0.0528132, 0.115, 0.885, 0.0450659
0, 0.0534818, 0.115, 0.885, 0.0471559
0, 0.0509226, 0.115, 0.885, 0.0450117
0, 0.0513169, 0.115, 0.885, 0.0464592
0, 0.0543172, 0.115, 0.885, 0.047718
0, 0.0574557, 0.115, 0.885, 0.0498624
0, 0.0491477, 0.115, 0.885, 0.0451339
0, 0.055871, 0.115, 0.885, 0.0491574
0, 0.0569327, 0.115, 0.885, 0.0495157
0, 0.0509166, 0.115, 0.885, 0.0452789
0, 0.0477471, 0.115, 0.885, 0.0452068
0, 0.0497609, 0.115, 0.885, 0.0451846
0, 0.0465043, 0.115, 0.885, 0.0415836
0, 0.0526934, 0.115, 0.885, 0.0468433
0, 0.051181, 0.115, 0.885, 0.0460749
0, 0.0437625, 0.115, 0.885, 0.0409859
0, 0.0478944, 0.115, 0.885, 0.0420471
0, 0.0493942, 0.115, 0.885, 0.0442493
0, 0.0519171, 0.115, 0.885, 0.0455321
0, 0.0517694, 0.115, 0.885, 0.044995
0, 0.0554316, 0.115, 0.885, 0.0484872
0, 0.0509413, 0.115, 0.885, 0.046355
0, 0.0468968, 0.115, 0.885, 0.0424953
0, 0.0505763, 0.115, 0.885, 0.0466719
0, 0.0506764, 0.115, 0.885, 0.0448531
0, 0.0533641, 0.12, 0.88, 0.0481788
0, 0.0575926, 0.12, 0.88, 0.0538754
0, 0.0546883, 0.12, 0.88, 0.0470601
0, 0.0554983, 0.12, 0.88, 0.0478717
0, 0.055906, 0.12, 0.88, 0.0529689
0, 0.051487, 0.12, 0.88, 0.0459119
0, 0.0592173, 0.12, 0.88, 0.0522763
0, 0.0588289, 0.12, 0.88, 0.0520994
0, 0.0592286, 0.12, 0.88, 0.0504585
0, 0.047969, 0.12, 0.88, 0.0429199
0, 0.0594152, 0.12, 0.88, 0.0525996
0, 0.0518174, 0.12, 0.88, 0.0461384
0, 0.0591634, 0.12, 0.88, 0.0538969
0, 0.0553963, 0.12, 0.88, 0.0512806
0, 0.0561396, 0.12, 0.88, 0.0493145
0, 0.0581942, 0.12, 0.88, 0.0534113
0, 0.0561308, 0.12, 0.88, 0.049132
0, 0.0594206, 0.12, 0.88, 0.0517746
0, 0.0533663, 0.12, 0.88, 0.0480267
0, 0.0561895, 0.12, 0.88, 0.0503162
0, 0.0548365, 0.12, 0.88, 0.0489663
0, 0.0607593, 0.12, 0.88, 0.0538282
0, 0.0537312, 0.12, 0.88, 0.0480875
0, 0.0589661, 0.12, 0.88, 0.0513048
0, 0.062136, 0.12, 0.88, 0.0526579
0, 0.0631903, 0.125, 0.875, 0.053912
0, 0.063985, 0.125, 0.875, 0.0553069
0, 0.0585978, 0.125, 0.875, 0.053979
0, 0.0598702, 0.125, 0.875, 0.0553258
0, 0.0622346, 0.125, 0.875, 0.0532981
0, 0.0574243, 0.125, 0.875, 0.0528036
0, 0.0629217, 0.125, 0.875, 0.0562238
0, 0.0615795, 0.125, 0.875, 0.0545006
0, 0.0587869, 0.125, 0.875, 0.0527598
0, 0.0568411, 0.125, 0.875, 0.051379
0, 0.0613427, 0.125, 0.875, 0.0552192
0, 0.0638953, 0.125, 0.875, 0.0547899
0, 0.0627349, 0.125, 0.875, 0.0539714
0, 0.0636164, 0.125, 0.875, 0.0564561
0, 0.056675, 0.125, 0.875, 0.0516351
0, 0.0636506, 0.125, 0.875, 0.0550715
0, 0.0614485, 0.125, 0.875, 0.0561536
0, 0.0585543, 0.125, 0.875, 0.0522263
0, 0.059953, 0.125, 0.875, 0.0541614
0, 0.0658349, 0.125, 0.875, 0.0575428
0, 0.0554519, 0.125, 0.875, 0.0520218
0, 0.0576261, 0.125, 0.875, 0.0515906
0, 0.0614392, 0.125, 0.875, 0.0544118
0, 0.0537335, 0.125, 0.875, 0.0490685
0, 0.0606424, 0.125, 0.875, 0.0553276
0, 0.064157, 0.13, 0.87, 0.0582454
0, 0.0597857, 0.13, 0.87, 0.055691
0, 0.0676827, 0.13, 0.87, 0.0593577
0, 0.063734, 0.13, 0.87, 0.0579394
0, 0.0586918, 0.13, 0.87, 0.0551454
0, 0.0660081, 0.13, 0.87, 0.0583394
0, 0.0650535, 0.13, 0.87, 0.060116
0, 0.0631685, 0.13, 0.87, 0.057389
0, 0.066664, 0.13, 0.87, 0.0581918
0, 0.0594221, 0.13, 0.87, 0.0536654
0, 0.0651263, 0.13, 0.87, 0.0581284
0, 0.0665381, 0.13, 0.87, 0.0593587
0, 0.0605885, 0.13, 0.87, 0.0548121
0, 0.0606745, 0.13, 0.87, 0.0591998
0, 0.0611193, 0.13, 0.87, 0.0564439
0, 0.0649538, 0.13, 0.87, 0.0597802
0, 0.0681284, 0.13, 0.87, 0.0594616
0, 0.0610611, 0.13, 0.87, 0.0585281
0, 0.0695865, 0.13, 0.87, 0.0595543
0, 0.0590337, 0.13, 0.87, 0.0558511
0, 0.0651828, 0.13, 0.87, 0.0584248
0, 0.0665806, 0.13, 0.87, 0.0603328
0, 0.0596984, 0.13, 0.87, 0.0567526
0, 0.0710061, 0.13, 0.87, 0.0599766
0, 0.066161, 0.13, 0.87, 0.0616195
0, 0.0735691, 0.135, 0.865, 0.0666062
0, 0.0670316, 0.135, 0.865, 0.0585393
0, 0.0674635, 0.135, 0.865, 0.062173
0, 0.065854, 0.135, 0.865, 0.0603689
0, 0.0682467, 0.135, 0.865, 0.0599322
0, 0.0716564, 0.135, 0.865, 0.0662406
0, 0.0719661, 0.135, 0.865, 0.0635472
0, 0.0689808, 0.135, 0.865, 0.0602457
0, 0.0695469, 0.135, 0.865, 0.0617808
0, 0.0650309, 0.135, 0.865, 0.0581693
0, 0.0744788, 0.135, 0.865, 0.0651694
0, 0.0631558, 0.135, 0.865, 0.0571413
0, 0.0756857, 0.135, 0.865, 0.0658639
0, 0.0681103, 0.135, 0.865, 0.0613882
0, 0.0681096, 0.135, 0.865, 0.0634672
0, 0.0705433, 0.135, 0.865, 0.0644172
0, 0.071846, 0.135, 0.865, 0.0647687
0, 0.0711036, 0.135, 0.865, 0.0646156
0, 0.0673977, 0.135, 0.865, 0.0606112
0, 0.0682343, 0.135, 0.865, 0.0643988
0, 0.0762248, 0.135, 0.865, 0.0683118
0, 0.0756693, 0.135, 0.865, 0.0674024
0, 0.0669997, 0.135, 0.865, 0.0587676
0, 0.0660614, 0.135, 0.865, 0.0594829
0, 0.0676764, 0.135, 0.865, 0.0604273
0, 0.0716203, 0.14, 0.86, 0.0670966
0, 0.0720975, 0.14, 0.86, 0.0668442
0, 0.0746808, 0.14, 0.86, 0.0699222
0, 0.0778676, 0.14, 0.86, 0.0693197
0, 0.0676471, 0.14, 0.86, 0.0637459
0, 0.0737923, 0.14, 0.86, 0.0680183
0, 0.0739637, 0.14, 0.86, 0.0697438
0, 0.0689291, 0.14, 0.86, 0.0653326
0, 0.0706376, 0.14, 0.86, 0.0647773
0, 0.0764061, 0.14, 0.86, 0.0693042
0, 0.0732663, 0.14, 0.86, 0.0671364
0, 0.0709828, 0.14, 0.86, 0.0676223
0, 0.0713436, 0.14, 0.86, 0.0652545
0, 0.0720716, 0.14, 0.86, 0.0689404
0, 0.0794771, 0.14, 0.86, 0.0709563
0, 0.0730215, 0.14, 0.86, 0.0665692
0, 0.0753081, 0.14, 0.86, 0.0680071
0, 0.0709661, 0.14, 0.86, 0.0665837
0, 0.0790483, 0.14, 0.86, 0.0706682
0, 0.0785508, 0.14, 0.86, 0.0710834
0, 0.0777551, 0.14, 0.86, 0.0712884
0, 0.0751305, 0.14, 0.86, 0.0686955
0, 0.0771459, 0.14, 0.86, 0.0704766
0, 0.0771843, 0.14, 0.86, 0.0686809
0, 0.0724257, 0.14, 0.86, 0.0666779
0, 0.0769049, 0.145, 0.855, 0.0700457
0, 0.0794045, 0.145, 0.855, 0.071816
0, 0.0774678, 0.145, 0.855, 0.0746378
0, 0.0759233, 0.145, 0.855, 0.0702913
0, 0.0820828, 0.145, 0.855, 0.0736759
0, 0.0757105, 0.145, 0.855, 0.0679277
0, 0.0760624, 0.145, 0.855, 0.0703361
0, 0.0839603, 0.145, 0.855, 0.0769274
0, 0.0797831, 0.145, 0.855, 0.0726327
0, 0.0818369, 0.145, 0.855, 0.0730134
0, 0.0811813, 0.145, 0.855, 0.0756898
0, 0.082201, 0.145, 0.855, 0.075997
0, 0.0848367, 0.145, 0.855, 0.0763071
0, 0.0759608, 0.145, 0.855, 0.0694902
0, 0.0749485, 0.145, 0.855, 0.0684539
0, 0.0785503, 0.145, 0.855, 0.0713964
0, 0.0787892, 0.145, 0.855, 0.0747574
0, 0.0793816, 0.145, 0.855, 0.0711211
0, 0.0747042, 0.145, 0.855, 0.0678281
0, 0.0754744, 0.145, 0.855, 0.067903
0, 0.0799319, 0.145, 0.855, 0.0738358
0, 0.0789606, 0.145, 0.855, 0.0717292
0, 0.0786899, 0.145, 0.855, 0.0692855
0, 0.0783887, 0.145, 0.855, 0.0718762
0, 0.0787589, 0.145, 0.855, 0.0733597
0, 0.0834938, 0.15, 0.85, 0.0736526
0, 0.0799456, 0.15, 0.85, 0.0748356
0, 0.0823064, 0.15, 0.85, 0.0775207
0, 0.0868506, 0.15, 0.85, 0.0789726
0, 0.0867989, 0.15, 0.85, 0.0799221
0, 0.0835893, 0.15, 0.85, 0.0745303
0, 0.0732115, 0.15, 0.85, 0.0667155
0, 0.0789583, 0.15, 0.85, 0.0733424
0, 0.0824072, 0.15, 0.85, 0.0768183
0, 0.0802315, 0.15, 0.85, 0.0742099
0, 0.0840533, 0.15, 0.85, 0.0738883
0, 0.0839745, 0.15, 0.85, 0.0768482
0, 0.09118, 0.15, 0.85, 0.08005
0, 0.0864297, 0.15, 0.85, 0.0770145
0, 0.0876524, 0.15, 0.85, 0.079307
0, 0.0857215, 0.15, 0.85, 0.077468
0, 0.0857426, 0.15, 0.85, 0.0770233
0, 0.0831674, 0.15, 0.85, 0.0750336
0, 0.0895964, 0.15, 0.85, 0.0791934
0, 0.0856213, 0.15, 0.85, 0.0757226
0, 0.0859305, 0.15, 0.85, 0.0762289
0, 0.0873677, 0.15, 0.85, 0.0786758
0, 0.0795442, 0.15, 0.85, 0.0724114
0, 0.0846671, 0.15, 0.85, 0.0744296
0, 0.0777779, 0.15, 0.85, 0.070209
0, 0.0883515, 0.155, 0.845, 0.0815026
0, 0.0815266, 0.155, 0.845, 0.0770236
0, 0.0895993, 0.155, 0.845, 0.0831234
0, 0.089915, 0.155, 0.845, 0.0812733
0, 0.0879269, 0.155, 0.845, 0.0815122
0, 0.0880522, 0.155, 0.845, 0.0800771
0, 0.0825084, 0.155, 0.845, 0.0804014
0, 0.0869802, 0.155, 0.845, 0.083122
0, 0.0878869, 0.155, 0.845, 0.0814006
0, 0.0917275, 0.155, 0.845, 0.0809115
0, 0.0886754, 0.155, 0.845, 0.0832104
0, 0.0905617, 0.155, 0.845, 0.0833333
0, 0.091845, 0.155, 0.845, 0.083853
0, 0.0848822, 0.155, 0.845, 0.0812084
0, 0.0866602, 0.155, 0.845, 0.0786185
0, 0.0873253, 0.155, 0.845, 0.0787397
0, 0.0833956, 0.155, 0.845, 0.0796351
0, 0.0861516, 0.155, 0.845, 0.0787845
0, 0.0832896, 0.155, 0.845, 0.0772673
0, 0.0860426, 0.155, 0.845, 0.0767375
0, 0.0863416, 0.155, 0.845, 0.0767622
0, 0.0881652, 0.155, 0.845, 0.0830327
0, 0.0838898, 0.155, 0.845, 0.0782633
0, 0.0846149, 0.155, 0.845, 0.0774493
0, 0.0849792, 0.155, 0.845, 0.0813311
0, 0.0885246, 0.16, 0.84, 0.080932
0, 0.0970132, 0.16, 0.84, 0.0867873
0, 0.0938512, 0.16, 0.84, 0.0864501
0, 0.0937072, 0.16, 0.84, 0.0874042
0, 0.0919879, 0.16, 0.84, 0.0855784
0, 0.0970665, 0.16, 0.84, 0.0892531
0, 0.0941235, 0.16, 0.84, 0.0873121
0, 0.0955001, 0.16, 0.84, 0.0818131
0, 0.0971256, 0.16, 0.84, 0.0893152
0, 0.0971376, 0.16, 0.84, 0.0902544
0, 0.092543, 0.16, 0.84, 0.0845654
0, 0.0974294, 0.16, 0.84, 0.0874424
0, 0.0889883, 0.16, 0.84, 0.0839777
0, 0.0931339, 0.16, 0.84, 0.0855866
0, 0.0975411, 0.16, 0.84, 0.0857078
0, 0.093814, 0.16, 0.84, 0.0825725
0, 0.0882163, 0.16, 0.84, 0.0803283
0, 0.092031, 0.16, 0.84, 0.0841116
0, 0.0875687, 0.16, 0.84, 0.0773789
0, 0.0983246, 0.16, 0.84, 0.0871253
0, 0.0938749, 0.16, 0.84, 0.0852377
0, 0.0966155, 0.16, 0.84, 0.0913633
0, 0.0885013, 0.16, 0.84, 0.0812261
0, 0.0920214, 0.16, 0.84, 0.087312
0, 0.0943243, 0.16, 0.84, 0.0843586
0, 0.103736, 0.165, 0.835, 0.0931128
0, 0.0999703, 0.165, 0.835, 0.089454
0, 0.092876, 0.165, 0.835, 0.0867273
0, 0.0960311, 0.165, 0.835, 0.0869214
0, 0.100589, 0.165, 0.835, 0.0927015
0, 0.0995729, 0.165, 0.835, 0.0897612
0, 0.0982702, 0.165, 0.835, 0.0894104
0, 0.0930379, 0.165, 0.835, 0.0881272
0, 0.0979234, 0.165, 0.835, 0.0904316
0, 0.0935795, 0.165, 0.835, 0.0878841
0, 0.100315, 0.165, 0.835, 0.0930646
0, 0.101538, 0.165, 0.835, 0.0947072
0, 0.0934747, 0.165, 0.835, 0.0885285
0, 0.0990395, 0.165, 0.835, 0.0909713
0, 0.0980461, 0.165, 0.835, 0.0935739
0, 0.0987341, 0.165, 0.835, 0.0898011
0, 0.10161, 0.165, 0.835, 0.0932102
0, 0.101588, 0.165, 0.835, 0.0926923
0, 0.0933887, 0.165, 0.835, 0.0887777
0, 0.0995919, 0.165, 0.835, 0.0920177
0, 0.09683, 0.165, 0.835, 0.0884536
0, 0.0977892, 0.165, 0.835, 0.0876188
0, 0.0914063, 0.165, 0.835, 0.0872763
0, 0.0905707, 0.165, 0.835, 0.0889475
0, 0.0954835, 0.165, 0.835, 0.0878764
0, 0.111997, 0.17, 0.83, 0.104553
0, 0.101163, 0.17, 0.83, 0.0963319
0, 0.108997, 0.17, 0.83, 0.0997542
0, 0.10492, 0.17, 0.83, 0.0935729
0, 0.108971, 0.17, 0.83, 0.100267
0, 0.104581, 0.17, 0.83, 0.0939924
0, 0.102687, 0.17, 0.83, 0.0946961
0, 0.109599, 0.17, 0.83, 0.102743
0, 0.104368, 0.17, 0.83, 0.0963904
0, 0.0952154, 0.17, 0.83, 0.0878666
0, 0.102733, 0.17, 0.83, 0.0950112
0, 0.0982196, 0.17, 0.83, 0.0948186
0, 0.10738, 0.17, 0.83, 0.0969905
0, 0.103283, 0.17, 0.83, 0.0947729
0, 0.100302, 0.17, 0.83, 0.0966423
0, 0.095928, 0.17, 0.83, 0.0926601
0, 0.103305, 0.17, 0.83, 0.0935733
0, 0.103664, 0.17, 0.83, 0.100035
0, 0.107916, 0.17, 0.83, 0.0983289
0, 0.105583, 0.17, 0.83, 0.0959613
0, 0.0969406, 0.17, 0.83, 0.0930633
0, 0.100055, 0.17, 0.83, 0.093777
0, 0.0988607, 0.17, 0.83, 0.0935966
0, 0.0999046, 0.17, 0.83, 0.0931852
0, 0.103733, 0.17, 0.83, 0.0977885
0, 0.109579, 0.175, 0.825, 0.102035
0, 0.107512, 0.175, 0.825, 0.0982857
0, 0.11376, 0.175, 0.825, 0.100482
0, 0.116701, 0.175, 0.825, 0.108639
0, 0.111059, 0.175, 0.825, 0.100512
0, 0.109855, 0.175, 0.825, 0.0983068
0, 0.114942, 0.175, 0.825, 0.106196
0, 0.105566, 0.175, 0.825, 0.101471
0, 0.108677, 0.175, 0.825, 0.103098
0, 0.111902, 0.175, 0.825, 0.107654
0, 0.111881, 0.175, 0.825, 0.101383
0, 0.104089, 0.175, 0.825, 0.0975765
0, 0.109867, 0.175, 0.825, 0.0980652
0, 0.100854, 0.175, 0.825, 0.0916079
0, 0.111209, 0.175, 0.825, 0.103277
0, 0.1119, 0.175, 0.825, 0.104696
0, 0.114191, 0.175, 0.825, 0.102289
0, 0.11199, 0.175, 0.825, 0.103244
0, 0.113431, 0.175, 0.825, 0.106319
0, 0.10517, 0.175, 0.825, 0.101341
0, 0.111216, 0.175, 0.825, 0.104576
0, 0.100725, 0.175, 0.825, 0.0950131
0, 0.107734, 0.175, 0.825, 0.100896
0, 0.110544, 0.175, 0.825, 0.104454
0, 0.105223, 0.175, 0.825, 0.0995626
0, 0.116386, 0.18, 0.82, 0.110494
0, 0.118556, 0.18, 0.82, 0.109425
0, 0.116585, 0.18, 0.82, 0.109242
0, 0.106468, 0.18, 0.82, 0.0995132
0, 0.116336, 0.18, 0.82, 0.107547
0, 0.111054, 0.18, 0.82, 0.10704
0, 0.108663, 0.18, 0.82, 0.101822
0, 0.106882, 0.18, 0.82, 0.101615
0, 0.116561, 0.18, 0.82, 0.10508
0, 0.11019, 0.18, 0.82, 0.101868
0, 0.112814, 0.18, 0.82, 0.106838
0, 0.119822, 0.18, 0.82, 0.108623
0, 0.117637, 0.18, 0.82, 0.108379
0, 0.110904, 0.18, 0.82, 0.105691
0, 0.119794, 0.18, 0.82, 0.107513
0, 0.105958, 0.18, 0.82, 0.102239
0, 0.110623, 0.18, 0.82, 0.10172
0, 0.114426, 0.18, 0.82, 0.106378
0, 0.111233, 0.18, 0.82, 0.101403
0, 0.106151, 0.18, 0.82, 0.101157
0, 0.111237, 0.18, 0.82, 0.100757
0, 0.116794, 0.18, 0.82, 0.103966
0, 0.102606, 0.18, 0.82, 0.0971161
0, 0.117962, 0.18, 0.82, 0.109073
0, 0.101843, 0.18, 0.82, 0.0937409
0, 0.12511, 0.185, 0.815, 0.118884
0, 0.116786, 0.185, 0.815, 0.110141
0, 0.113647, 0.185, 0.815, 0.108219
0, 0.115371, 0.185, 0.815, 0.109602
0, 0.116466, 0.185, 0.815, 0.110674
0, 0.131347, 0.185, 0.815, 0.11934
0, 0.118745, 0.185, 0.815, 0.10915
0, 0.121718, 0.185, 0.815, 0.114618
0, 0.115525, 0.185, 0.815, 0.108444
0, 0.116704, 0.185, 0.815, 0.110217
0, 0.128792, 0.185, 0.815, 0.117476
0, 0.117474, 0.185, 0.815, 0.10903
0, 0.114451, 0.185, 0.815, 0.108408
0, 0.119346, 0.185, 0.815, 0.111092
0, 0.115426, 0.185, 0.815, 0.109704
0, 0.119457, 0.185, 0.815, 0.109517
0, 0.120082, 0.185, 0.815, 0.113118
0, 0.119395, 0.185, 0.815, 0.109077
0, 0.126911, 0.185, 0.815, 0.116176
0, 0.130116, 0.185, 0.815, 0.118512
0, 0.121196, 0.185, 0.815, 0.109631
0, 0.11915, 0.185, 0.815, 0.110171
0, 0.122782, 0.185, 0.815, 0.115017
0, 0.131172, 0.185, 0.815, 0.119091
0, 0.119871, 0.185, 0.815, 0.11286
0, 0.128291, 0.19, 0.81, 0.120686
0, 0.119762, 0.19, 0.81, 0.113388
0, 0.129235, 0.19, 0.81, 0.12038
0, 0.125522, 0.19, 0.81, 0.115962
0, 0.120476, 0.19, 0.81, 0.11271
0, 0.122411, 0.19, 0.81, 0.11511
0, 0.121558, 0.19, 0.81, 0.114038
0, 0.119705, 0.19, 0.81, 0.115274
0, 0.135948, 0.19, 0.81, 0.12391
0, 0.128613, 0.19, 0.81, 0.11876
0, 0.120055, 0.19, 0.81, 0.114616
0, 0.121622, 0.19, 0.81, 0.110908
0, 0.120702, 0.19, 0.81, 0.113014
0, 0.126128, 0.19, 0.81, 0.119468
0, 0.128117, 0.19, 0.81, 0.120217
0, 0.129071, 0.19, 0.81, 0.121542
0, 0.129875, 0.19, 0.81, 0.1182
0, 0.133485, 0.19, 0.81, 0.120739
0, 0.132383, 0.19, 0.81, 0.11842
0, 0.126746, 0.19, 0.81, 0.119188
0, 0.126135, 0.19, 0.81, 0.120242
0, 0.1224, 0.19, 0.81, 0.115977
0, 0.126793, 0.19, 0.81, 0.1171
0, 0.125939, 0.19, 0.81, 0.119004
0, 0.129655, 0.19, 0.81, 0.120965
0, 0.129447, 0.195, 0.805, 0.121987
0, 0.131847, 0.195, 0.805, 0.126074
0, 0.133157, 0.195, 0.805, 0.126948
0, 0.127139, 0.195, 0.805, 0.122874
0, 0.137867, 0.195, 0.805, 0.128444
0, 0.125748, 0.195, 0.805, 0.118581
0, 0.137603, 0.195, 0.805, 0.128104
0, 0.129919, 0.195, 0.805, 0.123981
0, 0.144562, 0.195, 0.805, 0.133048
0, 0.139489, 0.195, 0.805, 0.12903
0, 0.130228, 0.195, 0.805, 0.122184
0, 0.135643, 0.195, 0.805, 0.125535
0, 0.131812, 0.195, 0.805, 0.12428
0, 0.140077, 0.195, 0.805, 0.130224
0, 0.132406, 0.195, 0.805, 0.126632
0, 0.128962, 0.195, 0.805, 0.123417
0, 0.12743, 0.195, 0.805, 0.121775
0, 0.12631, 0.195, 0.805, 0.120127
0, 0.134162, 0.195, 0.805, 0.127022
0, 0.133646, 0.195, 0.805, 0.127491
0, 0.126515, 0.195, 0.805, 0.121533
0, 0.13276, 0.195, 0.805, 0.121386
0, 0.128389, 0.195, 0.805, 0.120897
0, 0.134486, 0.195, 0.805, 0.124184
0, 0.128162, 0.195, 0.805, 0.122948
0, 0.144624, 0.2, 0.8, 0.13278
0, 0.138936, 0.2, 0.8, 0.130615
0, 0.132318, 0.2, 0.8, 0.124394
0, 0.147363, 0.2, 0.8, 0.137381
0, 0.137212, 0.2, 0.8, 0.131181
0, 0.132297, 0.2, 0.8, 0.126515
0, 0.142983, 0.2, 0.8, 0.132462
0, 0.13251, 0.2, 0.8, 0.129549
0, 0.134213, 0.2, 0.8, 0.126281
0, 0.134382, 0.2, 0.8, 0.125855
0, 0.129848, 0.2, 0.8, 0.125519
0, 0.144567, 0.2, 0.8, 0.131071
0, 0.141451, 0.2, 0.8, 0.130473
0, 0.127572, 0.2, 0.8, 0.124749
0, 0.136251, 0.2, 0.8, 0.129489
0, 0.133831, 0.2, 0.8, 0.128635
0, 0.138396, 0.2, 0.8, 0.131974
0, 0.133419, 0.2, 0.8, 0.126867
0, 0.133386, 0.2, 0.8, 0.128328
0, 0.13658, 0.2, 0.8, 0.128819
0, 0.137595, 0.2, 0.8, 0.132214
0, 0.143879, 0.2, 0.8, 0.135576
0, 0.138294, 0.2, 0.8, 0.130161
0, 0.132617, 0.2, 0.8, 0.127191
0, 0.132316, 0.2, 0.8, 0.124221
0, 0.140705, 0.205, 0.795, 0.133749
0, 0.14799, 0.205, 0.795, 0.137935
0, 0.147441, 0.205, 0.795, 0.138342
0, 0.144782, 0.205, 0.795, 0.136935
0, 0.144207, 0.205, 0.795, 0.140836
0, 0.144968, 0.205, 0.795, 0.136739
0, 0.140176, 0.205, 0.795, 0.135006
0, 0.143644, 0.205, 0.795, 0.13668
0, 0.150428, 0.205, 0.795, 0.139325
0, 0.137538, 0.205, 0.795, 0.131361
0, 0.143686, 0.205, 0.795, 0.135449
0, 0.145001, 0.205, 0.795, 0.139766
0, 0.142403, 0.205, 0.795, 0.134617
0, 0.147359, 0.205, 0.795, 0.13928
0, 0.139821, 0.205, 0.795, 0.133255
0, 0.145623, 0.205, 0.795, 0.137008
0, 0.146961, 0.205, 0.795, 0.140124
0, 0.140063, 0.205, 0.795, 0.136686
0, 0.141878, 0.205, 0.795, 0.138854
0, 0.148804, 0.205, 0.795, 0.139154
0, 0.155309, 0.205, 0.795, 0.143856
0, 0.14651, 0.205, 0.795, 0.136881
0, 0.142963, 0.205, 0.795, 0.13665
0, 0.140349, 0.205, 0.795, 0.135073
0, 0.14243, 0.205, 0.795, 0.136065
0, 0.14485, 0.21, 0.79, 0.13998
0, 0.144251, 0.21, 0.79, 0.139107
0, 0.154321, 0.21, 0.79, 0.146551
0, 0.146404, 0.21, 0.79, 0.137874
0, 0.146438, 0.21, 0.79, 0.138937
0, 0.153606, 0.21, 0.79, 0.147814
0, 0.142999, 0.21, 0.79, 0.138705
0, 0.148328, 0.21, 0.79, 0.139592
0, 0.150663, 0.21, 0.79, 0.145563
0, 0.153504, 0.21, 0.79, 0.147357
0, 0.13852, 0.21, 0.79, 0.133486
0, 0.154079, 0.21, 0.79, 0.145158
0, 0.154168, 0.21, 0.79, 0.143548
0, 0.150537, 0.21, 0.79, 0.146341
0, 0.151191, 0.21, 0.79, 0.139749
0, 0.146996, 0.21, 0.79, 0.143077
0, 0.154956, 0.21, 0.79, 0.145981
0, 0.147489, 0.21, 0.79, 0.139753
0, 0.145651, 0.21, 0.79, 0.138387
0, 0.141774, 0.21, 0.79, 0.132254
0, 0.144673, 0.21, 0.79, 0.139097
0, 0.14692, 0.21, 0.79, 0.137788
0, 0.156899, 0.21, 0.79, 0.147938
0, 0.15303, 0.21, 0.79, 0.141582
0, 0.154052, 0.21, 0.79, 0.144778
0, 0.145045, 0.215, 0.785, 0.136947
0, 0.156747, 0.215, 0.785, 0.146535
0, 0.156895, 0.215, 0.785, 0.14567
0, 0.169665, 0.215, 0.785, 0.1589
0, 0.15028, 0.215, 0.785, 0.144484
0, 0.148526, 0.215, 0.785, 0.144201
0, 0.165607, 0.215, 0.785, 0.154053
0, 0.169785, 0.215, 0.785, 0.153271
0, 0.16073, 0.215, 0.785, 0.147978
0, 0.152451, 0.215, 0.785, 0.145255
0, 0.157453, 0.215, 0.785, 0.153704
0, 0.146375, 0.215, 0.785, 0.141667
0, 0.153559, 0.215, 0.785, 0.143915
0, 0.163467, 0.215, 0.785, 0.15451
0, 0.154599, 0.215, 0.785, 0.147605
0, 0.154706, 0.215, 0.785, 0.149585
0, 0.154378, 0.215, 0.785, 0.14215
0, 0.154588, 0.215, 0.785, 0.146637
0, 0.160041, 0.215, 0.785, 0.148008
0, 0.151254, 0.215, 0.785, 0.147052
0, 0.157577, 0.215, 0.785, 0.149134
0, 0.150362, 0.215, 0.785, 0.14764
0, 0.157774, 0.215, 0.785, 0.148897
0, 0.150156, 0.215, 0.785, 0.145594
0, 0.158829, 0.215, 0.785, 0.150292
0, 0.154847, 0.22, 0.78, 0.1478
0, 0.172937, 0.22, 0.78, 0.163304
0, 0.165566, 0.22, 0.78, 0.156118
0, 0.158004, 0.22, 0.78, 0.149446
0, 0.161342, 0.22, 0.78, 0.155183
0, 0.15896, 0.22, 0.78, 0.153663
0, 0.162535, 0.22, 0.78, 0.155043
0, 0.153081, 0.22, 0.78, 0.147325
0, 0.159693, 0.22, 0.78, 0.154122
0, 0.164984, 0.22, 0.78, 0.156111
0, 0.158615, 0.22, 0.78, 0.154332
0, 0.147724, 0.22, 0.78, 0.145581
0, 0.161212, 0.22, 0.78, 0.156241
0, 0.151322, 0.22, 0.78, 0.14927
0, 0.154958, 0.22, 0.78, 0.151827
0, 0.159159, 0.22, 0.78, 0.156894
0, 0.171676, 0.22, 0.78, 0.161186
0, 0.166035, 0.22, 0.78, 0.15702
0, 0.153971, 0.22, 0.78, 0.144556
0, 0.164495, 0.22, 0.78, 0.156339
0, 0.162804, 0.22, 0.78, 0.152694
0, 0.157297, 0.22, 0.78, 0.158042
0, 0.155292, 0.22, 0.78, 0.149801
0, 0.153899, 0.22, 0.78, 0.148851
0, 0.154905, 0.22, 0.78, 0.150245
0, 0.164921, 0.225, 0.775, 0.160953
0, 0.178669, 0.225, 0.775, 0.168071
0, 0.162762, 0.225, 0.775, 0.15677
0, 0.164407, 0.225, 0.775, 0.157596
0, 0.168508, 0.225, 0.775, 0.163794
0, 0.167515, 0.225, 0.775, 0.161246
0, 0.161784, 0.225, 0.775, 0.156365
0, 0.179821, 0.225, 0.775, 0.169781
0, 0.167276, 0.225, 0.775, 0.158683
0, 0.169349, 0.225, 0.775, 0.158389
0, 0.15973, 0.225, 0.775, 0.149851
0, 0.161489, 0.225, 0.775, 0.152015
0, 0.165069, 0.225, 0.775, 0.160453
0, 0.165517, 0.225, 0.775, 0.159315
0, 0.164686, 0.225, 0.775, 0.154654
0, 0.159133, 0.225, 0.775, 0.154445
0, 0.162358, 0.225, 0.775, 0.157347
0, 0.169888, 0.225, 0.775, 0.160202
0, 0.166046, 0.225, 0.775, 0.156859
0, 0.159082, 0.225, 0.775, 0.149525
0, 0.170775, 0.225, 0.775, 0.164331
0, 0.170421, 0.225, 0.775, 0.16131
0, 0.167975, 0.225, 0.775, 0.160928
0, 0.164913, 0.225, 0.775, 0.15435
0, 0.172103, 0.225, 0.775, 0.15991
0, 0.180904, 0.23, 0.77, 0.171542
0, 0.180295, 0.23, 0.77, 0.170191
0, 0.164505, 0.23, 0.77, 0.160411
0, 0.181703, 0.23, 0.77, 0.168971
0, 0.17336, 0.23, 0.77, 0.164962
0, 0.175123, 0.23, 0.77, 0.166938
0, 0.17788, 0.23, 0.77, 0.172966
0, 0.18337, 0.23, 0.77, 0.171828
0, 0.184446, 0.23, 0.77, 0.175261
0, 0.168997, 0.23, 0.77, 0.164562
0, 0.172477, 0.23, 0.77, 0.167293
0, 0.170552, 0.23, 0.77, 0.161697
0, 0.172847, 0.23, 0.77, 0.169832
0, 0.183362, 0.23, 0.77, 0.171401
0, 0.183199, 0.23, 0.77, 0.167457
0, 0.171886, 0.23, 0.77, 0.166386
0, 0.169035, 0.23, 0.77, 0.164329
0, 0.182183, 0.23, 0.77, 0.171021
0, 0.180468, 0.23, 0.77, 0.172557
0, 0.181515, 0.23, 0.77, 0.170027
0, 0.173844, 0.23, 0.77, 0.165801
0, 0.181261, 0.23, 0.77, 0.169655
0, 0.189054, 0.23, 0.77, 0.177577
0, 0.17892, 0.23, 0.77, 0.168075
0, 0.162383, 0.23, 0.77, 0.162164
0, 0.180109, 0.235, 0.765, 0.17526
0, 0.1855, 0.235, 0.765, 0.176807
0, 0.18574, 0.235, 0.765, 0.179415
0, 0.181807, 0.235, 0.765, 0.1783
0, 0.18198, 0.235, 0.765, 0.174551
0, 0.177783, 0.235, 0.765, 0.175704
0, 0.177326, 0.235, 0.765, 0.17339
0, 0.178871, 0.235, 0.765, 0.174868
0, 0.181944, 0.235, 0.765, 0.172797
0, 0.195067, 0.235, 0.765, 0.18166
0, 0.179476, 0.235, 0.765, 0.168708
0, 0.18116, 0.235, 0.765, 0.173316
0, 0.187077, 0.235, 0.765, 0.175159
0, 0.173296, 0.235, 0.765, 0.169751
0, 0.181349, 0.235, 0.765, 0.173878
0, 0.183388, 0.235, 0.765, 0.174661
0, 0.182334, 0.235, 0.765, 0.171953
0, 0.189543, 0.235, 0.765, 0.17652
0, 0.179915, 0.235, 0.765, 0.174087
0, 0.188557, 0.235, 0.765, 0.179549
0, 0.174939, 0.235, 0.765, 0.166848
0, 0.185034, 0.235, 0.765, 0.17798
0, 0.184921, 0.235, 0.765, 0.181012
0, 0.17951, 0.235, 0.765, 0.172103
0, 0.18824, 0.235, 0.765, 0.182357
0, 0.192498, 0.24, 0.76, 0.181785
0, 0.194142, 0.24, 0.76, 0.181632
0, 0.191671, 0.24, 0.76, 0.187511
0, 0.200903, 0.24, 0.76, 0.187131
0, 0.189409, 0.24, 0.76, 0.18038
0, 0.184321, 0.24, 0.76, 0.175717
0, 0.191714, 0.24, 0.76, 0.180367
0, 0.197285, 0.24, 0.76, 0.185424
0, 0.178057, 0.24, 0.76, 0.170071
0, 0.193893, 0.24, 0.76, 0.180895
0, 0.185786, 0.24, 0.76, 0.177163
0, 0.184131, 0.24, 0.76, 0.17789
0, 0.18532, 0.24, 0.76, 0.18316
0, 0.190892, 0.24, 0.76, 0.187215
0, 0.180415, 0.24, 0.76, 0.177324
0, 0.194041, 0.24, 0.76, 0.185581
0, 0.18872, 0.24, 0.76, 0.181907
0, 0.192618, 0.24, 0.76, 0.181725
0, 0.183418, 0.24, 0.76, 0.179001
0, 0.195925, 0.24, 0.76, 0.183731
0, 0.187168, 0.24, 0.76, 0.178816
0, 0.195153, 0.24, 0.76, 0.184758
0, 0.179467, 0.24, 0.76, 0.176488
0, 0.177728, 0.24, 0.76, 0.178266
0, 0.190625, 0.24, 0.76, 0.181516
0, 0.193576, 0.245, 0.755, 0.185967
0, 0.199377, 0.245, 0.755, 0.184986
0, 0.196118, 0.245, 0.755, 0.185562
0, 0.191439, 0.245, 0.755, 0.188192
0, 0.187109, 0.245, 0.755, 0.182295
0, 0.198843, 0.245, 0.755, 0.192025
0, 0.202406, 0.245, 0.755, 0.193387
0, 0.192039, 0.245, 0.755, 0.183053
0, 0.206609, 0.245, 0.755, 0.194275
0, 0.203426, 0.245, 0.755, 0.195064
0, 0.19605, 0.245, 0.755, 0.186562
0, 0.193071, 0.245, 0.755, 0.185673
0, 0.185946, 0.245, 0.755, 0.180272
0, 0.190718, 0.245, 0.755, 0.18005
0, 0.204098, 0.245, 0.755, 0.192603
0, 0.200008, 0.245, 0.755, 0.187239
0, 0.189763, 0.245, 0.755, 0.18618
0, 0.196994, 0.245, 0.755, 0.187997
0, 0.193459, 0.245, 0.755, 0.183471
0, 0.187356, 0.245, 0.755, 0.180818
0, 0.191746, 0.245, 0.755, 0.191536
0, 0.201225, 0.245, 0.755, 0.195516
0, 0.198517, 0.245, 0.755, 0.195155
0, 0.19581, 0.245, 0.755, 0.186402
0, 0.192153, 0.245, 0.755, 0.183428
0, 0.196353, 0.25, 0.75, 0.18995
0, 0.199965, 0.25, 0.75, 0.189281
0, 0.20726, 0.25, 0.75, 0.198224
0, 0.203046, 0.25, 0.75, 0.197118
0, 0.200601, 0.25, 0.75, 0.193246
0, 0.19648, 0.25, 0.75, 0.18852
0, 0.200211, 0.25, 0.75, 0.194123
0, 0.202596, 0.25, 0.75, 0.197301
0, 0.197346, 0.25, 0.75, 0.191897
0, 0.198339, 0.25, 0.75, 0.193038
0, 0.212274, 0.25, 0.75, 0.205128
0, 0.197217, 0.25, 0.75, 0.194368
0, 0.193758, 0.25, 0.75, 0.187124
0, 0.202195, 0.25, 0.75, 0.192684
0, 0.199451, 0.25, 0.75, 0.190863
0, 0.207832, 0.25, 0.75, 0.198469
0, 0.196435, 0.25, 0.75, 0.188809
0, 0.199006, 0.25, 0.75, 0.190225
0, 0.196593, 0.25, 0.75, 0.191743
0, 0.199188, 0.25, 0.75, 0.193965
0, 0.196437, 0.25, 0.75, 0.191413
0, 0.195925, 0.25, 0.75, 0.189826
0, 0.1995, 0.25, 0.75, 0.193357
0, 0.212472, 0.25, 0.75, 0.202872
0, 0.202301, 0.25, 0.75, 0.192474
0, 0.213678, 0.255, 0.745, 0.204697
0, 0.220426, 0.255, 0.745, 0.213053
0, 0.205219, 0.255, 0.745, 0.202336
0, 0.208277, 0.255, 0.745, 0.203591
0, 0.21342, 0.255, 0.745, 0.205099
0, 0.204104, 0.255, 0.745, 0.193713
0, 0.208382, 0.255, 0.745, 0.200739
0, 0.213436, 0.255, 0.745, 0.206746
0, 0.206758, 0.255, 0.745, 0.199721
0, 0.202522, 0.255, 0.745, 0.196071
0, 0.215916, 0.255, 0.745, 0.207258
0, 0.207606, 0.255, 0.745, 0.198306
0, 0.216241, 0.255, 0.745, 0.203257
0, 0.216655, 0.255, 0.745, 0.205133
0, 0.214176, 0.255, 0.745, 0.205637
0, 0.20592, 0.255, 0.745, 0.202575
0, 0.199659, 0.255, 0.745, 0.196246
0, 0.206389, 0.255, 0.745, 0.199485
0, 0.207975, 0.255, 0.745, 0.199036
0, 0.204709, 0.255, 0.745, 0.19672
0, 0.211486, 0.255, 0.745, 0.206505
0, 0.19734, 0.255, 0.745, 0.195707
0, 0.208699, 0.255, 0.745, 0.200878
0, 0.224283, 0.255, 0.745, 0.210526
0, 0.199719, 0.255, 0.745, 0.196549
0, 0.221956, 0.26, 0.74, 0.21709
0, 0.212079, 0.26, 0.74, 0.204847
0, 0.205489, 0.26, 0.74, 0.203164
0, 0.218234, 0.26, 0.74, 0.210832
0, 0.217617, 0.26, 0.74, 0.2138
0, 0.215002, 0.26, 0.74, 0.207026
0, 0.211968, 0.26, 0.74, 0.21052
0, 0.209882, 0.26, 0.74, 0.206587
0, 0.216676, 0.26, 0.74, 0.21326
0, 0.224414, 0.26, 0.74, 0.215117
0, 0.21976, 0.26, 0.74, 0.212703
0, 0.222278, 0.26, 0.74, 0.209067
0, 0.221637, 0.26, 0.74, 0.213792
0, 0.220369, 0.26, 0.74, 0.209219
0, 0.219597, 0.26, 0.74, 0.212103
0, 0.217237, 0.26, 0.74, 0.2118
0, 0.210707, 0.26, 0.74, 0.208062
0, 0.227925, 0.26, 0.74, 0.218604
0, 0.219527, 0.26, 0.74, 0.209897
0, 0.219371, 0.26, 0.74, 0.208761
0, 0.224762, 0.26, 0.74, 0.219667
0, 0.203818, 0.26, 0.74, 0.197886
0, 0.215184, 0.26, 0.74, 0.202474
0, 0.220253, 0.26, 0.74, 0.209874
0, 0.218535, 0.26, 0.74, 0.211779
0, 0.226335, 0.265, 0.735, 0.211638
0, 0.229453, 0.265, 0.735, 0.220434
0, 0.226549, 0.265, 0.735, 0.213745
0, 0.224892, 0.265, 0.735, 0.21518
0, 0.212051, 0.265, 0.735, 0.211231
0, 0.227483, 0.265, 0.735, 0.21839
0, 0.215395, 0.265, 0.735, 0.211053
0, 0.225962, 0.265, 0.735, 0.217437
0, 0.215413, 0.265, 0.735, 0.211253
0, 0.23795, 0.265, 0.735, 0.227259
0, 0.231258, 0.265, 0.735, 0.221892
0, 0.225697, 0.265, 0.735, 0.219073
0, 0.216417, 0.265, 0.735, 0.212168
0, 0.211472, 0.265, 0.735, 0.206208
0, 0.217594, 0.265, 0.735, 0.212923
0, 0.226937, 0.265, 0.735, 0.217514
0, 0.223552, 0.265, 0.735, 0.217485
0, 0.212686, 0.265, 0.735, 0.217175
0, 0.220925, 0.265, 0.735, 0.214294
0, 0.222615, 0.265, 0.735, 0.217375
0, 0.225276, 0.265, 0.735, 0.213807
0, 0.224855, 0.265, 0.735, 0.218499
0, 0.220523, 0.265, 0.735, 0.213297
0, 0.225363, 0.265, 0.735, 0.219114
0, 0.234357, 0.265, 0.735, 0.222229
0, 0.230815, 0.27, 0.73, 0.222188
0, 0.231127, 0.27, 0.73, 0.222346
0, 0.233977, 0.27, 0.73, 0.224403
0, 0.23649, 0.27, 0.73, 0.22792
0, 0.232911, 0.27, 0.73, 0.223658
0, 0.235764, 0.27, 0.73, 0.231282
0, 0.226432, 0.27, 0.73, 0.219298
0, 0.227984, 0.27, 0.73, 0.220982
0, 0.229443, 0.27, 0.73, 0.220496
0, 0.241767, 0.27, 0.73, 0.236512
0, 0.232653, 0.27, 0.73, 0.226854
0, 0.231942, 0.27, 0.73, 0.225179
0, 0.228526, 0.27, 0.73, 0.221284
0, 0.234902, 0.27, 0.73, 0.226413
0, 0.238722, 0.27, 0.73, 0.229334
0, 0.235491, 0.27, 0.73, 0.227143
0, 0.238763, 0.27, 0.73, 0.233572
0, 0.238306, 0.27, 0.73, 0.227113
0, 0.229293, 0.27, 0.73, 0.226905
0, 0.237304, 0.27, 0.73, 0.224394
0, 0.225667, 0.27, 0.73, 0.222298
0, 0.233543, 0.27, 0.73, 0.228145
0, 0.222974, 0.27, 0.73, 0.218267
0, 0.238065, 0.27, 0.73, 0.232657
0, 0.236072, 0.27, 0.73, 0.228582
0, 0.233732, 0.275, 0.725, 0.228502
0, 0.241138, 0.275, 0.725, 0.234885
0, 0.226454, 0.275, 0.725, 0.224663
0, 0.248995, 0.275, 0.725, 0.237646
0, 0.239166, 0.275, 0.725, 0.23485
0, 0.234983, 0.275, 0.725, 0.231675
0, 0.246722, 0.275, 0.725, 0.239684
0, 0.229494, 0.275, 0.725, 0.226932
0, 0.23682, 0.275, 0.725, 0.226517
0, 0.239049, 0.275, 0.725, 0.232184
0, 0.238195, 0.275, 0.725, 0.228304
0, 0.246345, 0.275, 0.725, 0.237409
0, 0.238826, 0.275, 0.725, 0.237413
0, 0.233845, 0.275, 0.725, 0.230266
0, 0.23912, 0.275, 0.725, 0.232035
0, 0.230725, 0.275, 0.725, 0.228067
0, 0.241787, 0.275, 0.725, 0.23353
0, 0.233959, 0.275, 0.725, 0.231984
0, 0.245309, 0.275, 0.725, 0.231877
0, 0.22695, 0.275, 0.725, 0.220904
0, 0.247748, 0.275, 0.725, 0.239963
0, 0.251644, 0.275, 0.725, 0.237532
0, 0.236029, 0.275, 0.725, 0.230515
0, 0.241412, 0.275, 0.725, 0.234596
0, 0.242719, 0.275, 0.725, 0.239351
0, 0.242426, 0.28, 0.72, 0.242396
0, 0.251254, 0.28, 0.72, 0.245635
0, 0.237544, 0.28, 0.72, 0.236847
0, 0.246371, 0.28, 0.72, 0.241623
0, 0.244834, 0.28, 0.72, 0.238607
0, 0.247151, 0.28, 0.72, 0.240838
0, 0.245752, 0.28, 0.72, 0.243264
0, 0.254059, 0.28, 0.72, 0.248986
0, 0.251786, 0.28, 0.72, 0.247132
0, 0.243088, 0.28, 0.72, 0.237833
0, 0.235276, 0.28, 0.72, 0.229915
0, 0.245898, 0.28, 0.72, 0.245109
0, 0.255404, 0.28, 0.72, 0.248734
0, 0.240826, 0.28, 0.72, 0.238157
0, 0.245344, 0.28, 0.72, 0.240542
0, 0.249188, 0.28, 0.72, 0.241201
0, 0.24266, 0.28, 0.72, 0.241262
0, 0.245054, 0.28, 0.72, 0.232641
0, 0.238817, 0.28, 0.72, 0.23353
0, 0.242053, 0.28, 0.72, 0.230712
0, 0.245141, 0.28, 0.72, 0.239909
0, 0.253165, 0.28, 0.72, 0.24292
0, 0.246079, 0.28, 0.72, 0.236927
0, 0.252843, 0.28, 0.72, 0.250046
0, 0.243449, 0.28, 0.72, 0.239038
0, 0.251991, 0.285, 0.715, 0.246241
0, 0.263337, 0.285, 0.715, 0.252752
0, 0.238266, 0.285, 0.715, 0.234031
0, 0.24244, 0.285, 0.715, 0.23138
0, 0.260526, 0.285, 0.715, 0.247505
0, 0.266062, 0.285, 0.715, 0.256137
0, 0.256536, 0.285, 0.715, 0.24572
0, 0.253739, 0.285, 0.715, 0.255768
0, 0.247496, 0.285, 0.715, 0.245954
0, 0.256164, 0.285, 0.715, 0.243179
0, 0.260793, 0.285, 0.715, 0.252317
0, 0.260413, 0.285, 0.715, 0.253306
0, 0.245544, 0.285, 0.715, 0.240148
0, 0.264973, 0.285, 0.715, 0.251696
0, 0.252298, 0.285, 0.715, 0.247658
0, 0.260998, 0.285, 0.715, 0.258509
0, 0.242054, 0.285, 0.715, 0.242062
0, 0.256832, 0.285, 0.715, 0.249371
0, 0.257407, 0.285, 0.715, 0.249653
0, 0.251401, 0.285, 0.715, 0.247203
0, 0.267021, 0.285, 0.715, 0.25668
0, 0.256318, 0.285, 0.715, 0.245495
0, 0.260467, 0.285, 0.715, 0.255834
0, 0.256801, 0.285, 0.715, 0.247996
0, 0.261234, 0.285, 0.715, 0.249122
0, 0.251751, 0.29, 0.71, 0.248173
0, 0.260263, 0.29, 0.71, 0.258476
0, 0.25595, 0.29, 0.71, 0.248682
0, 0.268799, 0.29, 0.71, 0.257438
0, 0.263739, 0.29, 0.71, 0.256239
0, 0.282564, 0.29, 0.71, 0.267406
0, 0.268985, 0.29, 0.71, 0.258717
0, 0.260285, 0.29, 0.71, 0.247772
0, 0.258191, 0.29, 0.71, 0.256309
0, 0.263437, 0.29, 0.71, 0.255635
0, 0.257931, 0.29, 0.71, 0.245241
0, 0.257781, 0.29, 0.71, 0.251382
0, 0.252664, 0.29, 0.71, 0.249055
0, 0.257465, 0.29, 0.71, 0.253561
0, 0.265772, 0.29, 0.71, 0.260389
0, 0.259378, 0.29, 0.71, 0.25696
0, 0.275108, 0.29, 0.71, 0.265108
0, 0.27246, 0.29, 0.71, 0.262687
0, 0.250706, 0.29, 0.71, 0.247237
0, 0.255996, 0.29, 0.71, 0.254757
0, 0.260655, 0.29, 0.71, 0.257246
0, 0.253883, 0.29, 0.71, 0.244509
0, 0.268685, 0.29, 0.71, 0.257098
0, 0.260106, 0.29, 0.71, 0.2478
0, 0.256943, 0.29, 0.71, 0.25364
0, 0.269706, 0.295, 0.705, 0.269623
0, 0.275256, 0.295, 0.705, 0.268901
0, 0.262842, 0.295, 0.705, 0.259917
0, 0.262738, 0.295, 0.705, 0.257003
0, 0.26464, 0.295, 0.705, 0.261398
0, 0.279302, 0.295, 0.705, 0.269834
0, 0.271145, 0.295, 0.705, 0.261562
0, 0.27433, 0.295, 0.705, 0.271363
0, 0.283999, 0.295, 0.705, 0.270508
0, 0.271735, 0.295, 0.705, 0.266256
0, 0.268293, 0.295, 0.705, 0.260348
0, 0.263925, 0.295, 0.705, 0.261009
0, 0.268471, 0.295, 0.705, 0.266203
0, 0.258628, 0.295, 0.705, 0.256824
0, 0.267011, 0.295, 0.705, 0.258727
0, 0.27449, 0.295, 0.705, 0.265628
0, 0.27404, 0.295, 0.705, 0.266365
0, 0.273094, 0.295, 0.705, 0.261822
0, 0.272553, 0.295, 0.705, 0.261206
0, 0.279289, 0.295, 0.705, 0.26646
0, 0.266206, 0.295, 0.705, 0.265001
0, 0.264729, 0.295, 0.705, 0.255262
0, 0.277515, 0.295, 0.705, 0.270864
0, 0.282546, 0.295, 0.705, 0.272861
0, 0.270132, 0.295, 0.705, 0.263618
0, 0.282233, 0.3, 0.7, 0.271669
0, 0.280143, 0.3, 0.7, 0.270796
0, 0.283866, 0.3, 0.7, 0.27716
0, 0.276235, 0.3, 0.7, 0.273564
0, 0.283409, 0.3, 0.7, 0.2749
0, 0.283399, 0.3, 0.7, 0.275935
0, 0.264654, 0.3, 0.7, 0.261848
0, 0.27508, 0.3, 0.7, 0.268501
0, 0.272647, 0.3, 0.7, 0.268153
0, 0.292378, 0.3, 0.7, 0.274109
0, 0.275899, 0.3, 0.7, 0.265776
0, 0.269029, 0.3, 0.7, 0.268349
0, 0.285227, 0.3, 0.7, 0.283281
0, 0.263602, 0.3, 0.7, 0.258331
0, 0.272834, 0.3, 0.7, 0.271596
0, 0.287435, 0.3, 0.7, 0.280411
0, 0.274454, 0.3, 0.7, 0.275495
0, 0.2775, 0.3, 0.7, 0.271886
0, 0.275642, 0.3, 0.7, 0.269466
0, 0.275989, 0.3, 0.7, 0.277199
0, 0.286988, 0.3, 0.7, 0.276912
0, 0.269197, 0.3, 0.7, 0.267297
0, 0.274629, 0.3, 0.7, 0.26895
0, 0.291372, 0.3, 0.7, 0.284371
0, 0.282022, 0.3, 0.7, 0.270528
0, 0.292715, 0.305, 0.695, 0.287669
0, 0.281978, 0.305, 0.695, 0.270039
0, 0.289066, 0.305, 0.695, 0.284176
0, 0.289811, 0.305, 0.695, 0.285687
0, 0.29352, 0.305, 0.695, 0.28657
0, 0.293515, 0.305, 0.695, 0.28586
0, 0.2918, 0.305, 0.695, 0.277237
0, 0.281962, 0.305, 0.695, 0.276995
0, 0.295259, 0.305, 0.695, 0.286058
0, 0.287679, 0.305, 0.695, 0.285751
0, 0.294382, 0.305, 0.695, 0.289414
0, 0.288313, 0.305, 0.695, 0.279461
0, 0.286298, 0.305, 0.695, 0.280999
0, 0.292977, 0.305, 0.695, 0.288371
0, 0.283492, 0.305, 0.695, 0.283933
0, 0.290008, 0.305, 0.695, 0.283294
0, 0.277996, 0.305, 0.695, 0.273158
0, 0.282466, 0.305, 0.695, 0.273395
0, 0.285744, 0.305, 0.695, 0.278805
0, 0.275712, 0.305, 0.695, 0.268955
0, 0.296915, 0.305, 0.695, 0.286364
0, 0.29468, 0.305, 0.695, 0.284817
0, 0.287723, 0.305, 0.695, 0.281854
0, 0.291035, 0.305, 0.695, 0.284153
0, 0.295323, 0.305, 0.695, 0.294795
0, 0.295449, 0.31, 0.69, 0.291728
0, 0.27984, 0.31, 0.69, 0.277635
0, 0.297816, 0.31, 0.69, 0.293866
0, 0.306103, 0.31, 0.69, 0.292066
0, 0.289759, 0.31, 0.69, 0.280522
0, 0.301647, 0.31, 0.69, 0.295945
0, 0.287681, 0.31, 0.69, 0.28119
0, 0.281513, 0.31, 0.69, 0.274489
0, 0.295399, 0.31, 0.69, 0.289784
0, 0.299558, 0.31, 0.69, 0.29294
0, 0.292878, 0.31, 0.69, 0.287978
0, 0.295522, 0.31, 0.69, 0.293288
0, 0.291878, 0.31, 0.69, 0.287151
0, 0.310182, 0.31, 0.69, 0.296237
0, 0.295025, 0.31, 0.69, 0.284766
0, 0.283933, 0.31, 0.69, 0.275318
0, 0.292901, 0.31, 0.69, 0.291583
0, 0.310936, 0.31, 0.69, 0.301542
0, 0.294189, 0.31, 0.69, 0.289791
0, 0.288364, 0.31, 0.69, 0.284449
0, 0.285987, 0.31, 0.69, 0.28488
0, 0.294574, 0.31, 0.69, 0.28786
0, 0.300663, 0.31, 0.69, 0.292255
0, 0.288153, 0.31, 0.69, 0.280675
0, 0.300884, 0.31, 0.69, 0.287202
0, 0.300214, 0.315, 0.685, 0.295054
0, 0.314532, 0.315, 0.685, 0.30931
0, 0.313002, 0.315, 0.685, 0.307578
0, 0.318301, 0.315, 0.685, 0.312334
0, 0.299431, 0.315, 0.685, 0.297327
0, 0.302198, 0.315, 0.685, 0.292748
0, 0.301, 0.315, 0.685, 0.291313
0, 0.30669, 0.315, 0.685, 0.300259
0, 0.316533, 0.315, 0.685, 0.309021
0, 0.303223, 0.315, 0.685, 0.30141
0, 0.315786, 0.315, 0.685, 0.307338
0, 0.304007, 0.315, 0.685, 0.299424
0, 0.307746, 0.315, 0.685, 0.296724
0, 0.308603, 0.315, 0.685, 0.302128
0, 0.294736, 0.315, 0.685, 0.289129
0, 0.301777, 0.315, 0.685, 0.300188
0, 0.298762, 0.315, 0.685, 0.292273
0, 0.309328, 0.315, 0.685, 0.294987
0, 0.297311, 0.315, 0.685, 0.287785
0, 0.325894, 0.315, 0.685, 0.3117
0, 0.301355, 0.315, 0.685, 0.292828
0, 0.308508, 0.315, 0.685, 0.304805
0, 0.305112, 0.315, 0.685, 0.293273
0, 0.306236, 0.315, 0.685, 0.29806
0, 0.318026, 0.315, 0.685, 0.305972
0, 0.301114, 0.32, 0.68, 0.300039
0, 0.317211, 0.32, 0.68, 0.316105
0, 0.321927, 0.32, 0.68, 0.311662
0, 0.3232, 0.32, 0.68, 0.310406
0, 0.300793, 0.32, 0.68, 0.29862
0, 0.323085, 0.32, 0.68, 0.313618
0, 0.308047, 0.32, 0.68, 0.304529
0, 0.319274, 0.32, 0.68, 0.312663
0, 0.314161, 0.32, 0.68, 0.306886
0, 0.303614, 0.32, 0.68, 0.295822
0, 0.309617, 0.32, 0.68, 0.306369
0, 0.314753, 0.32, 0.68, 0.310579
0, 0.323526, 0.32, 0.68, 0.310116
0, 0.313135, 0.32, 0.68, 0.304727
0, 0.309454, 0.32, 0.68, 0.304903
0, 0.30557, 0.32, 0.68, 0.303394
0, 0.318428, 0.32, 0.68, 0.311004
0, 0.300671, 0.32, 0.68, 0.298506
0, 0.321429, 0.32, 0.68, 0.30608
0, 0.319705, 0.32, 0.68, 0.30858
0, 0.331957, 0.32, 0.68, 0.315072
0, 0.306588, 0.32, 0.68, 0.301483
0, 0.318785, 0.32, 0.68, 0.311624
0, 0.32595, 0.32, 0.68, 0.31528
0, 0.308445, 0.32, 0.68, 0.304748
0, 0.329149, 0.325, 0.675, 0.321853
0, 0.318192, 0.325, 0.675, 0.315288
0, 0.33128, 0.325, 0.675, 0.3205
0, 0.334788, 0.325, 0.675, 0.318675
0, 0.329732, 0.325, 0.675, 0.322566
0, 0.330461, 0.325, 0.675, 0.323172
0, 0.323821, 0.325, 0.675, 0.32183
0, 0.330827, 0.325, 0.675, 0.323372
0, 0.331886, 0.325, 0.675, 0.322894
0, 0.320697, 0.325, 0.675, 0.316525
0, 0.311712, 0.325, 0.675, 0.304584
0, 0.317893, 0.325, 0.675, 0.310673
0, 0.324847, 0.325, 0.675, 0.318267
0, 0.316219, 0.325, 0.675, 0.306113
0, 0.340137, 0.325, 0.675, 0.331277
0, 0.319826, 0.325, 0.675, 0.318918
0, 0.309724, 0.325, 0.675, 0.307087
0, 0.32737, 0.325, 0.675, 0.319633
0, 0.327594, 0.325, 0.675, 0.319943
0, 0.327457, 0.325, 0.675, 0.318761
0, 0.327598, 0.325, 0.675, 0.312122
0, 0.327898, 0.325, 0.675, 0.322095
0, 0.318762, 0.325, 0.675, 0.313305
0, 0.305272, 0.325, 0.675, 0.297894
0, 0.32683, 0.325, 0.675, 0.322184
0, 0.328976, 0.33, 0.67, 0.319455
0, 0.325854, 0.33, 0.67, 0.322579
0, 0.340113, 0.33, 0.67, 0.330707
0, 0.332044, 0.33, 0.67, 0.324647
0, 0.325706, 0.33, 0.67, 0.318305
0, 0.332024, 0.33, 0.67, 0.322709
0, 0.348394, 0.33, 0.67, 0.338506
0, 0.338769, 0.33, 0.67, 0.32952
0, 0.335073, 0.33, 0.67, 0.331304
0, 0.324681, 0.33, 0.67, 0.320454
0, 0.333985, 0.33, 0.67, 0.323406
0, 0.34045, 0.33, 0.67, 0.339486
0, 0.338114, 0.33, 0.67, 0.333247
0, 0.331486, 0.33, 0.67, 0.325422
0, 0.337323, 0.33, 0.67, 0.330856
0, 0.342995, 0.33, 0.67, 0.333871
0, 0.339588, 0.33, 0.67, 0.331812
0, 0.33581, 0.33, 0.67, 0.325676
0, 0.321175, 0.33, 0.67, 0.316044
0, 0.343437, 0.33, 0.67, 0.338657
0, 0.330838, 0.33, 0.67, 0.325044
0, 0.335611, 0.33, 0.67, 0.327733
0, 0.322708, 0.33, 0.67, 0.322624
0, 0.329969, 0.33, 0.67, 0.325752
0, 0.34055, 0.33, 0.67, 0.334686
0, 0.351199, 0.335, 0.665, 0.343922
0, 0.354371, 0.335, 0.665, 0.342982
0, 0.329555, 0.335, 0.665, 0.322426
0, 0.345162, 0.335, 0.665, 0.336306
0, 0.348883, 0.335, 0.665, 0.342332
0, 0.350837, 0.335, 0.665, 0.343815
0, 0.347049, 0.335, 0.665, 0.336273
0, 0.347288, 0.335, 0.665, 0.340275
0, 0.332052, 0.335, 0.665, 0.327068
0, 0.332689, 0.335, 0.665, 0.322328
0, 0.341518, 0.335, 0.665, 0.332308
0, 0.337448, 0.335, 0.665, 0.334123
0, 0.337091, 0.335, 0.665, 0.337708
0, 0.330561, 0.335, 0.665, 0.329339
0, 0.345274, 0.335, 0.665, 0.339054
0, 0.353095, 0.335, 0.665, 0.345643
0, 0.340312, 0.335, 0.665, 0.33524
0, 0.348112, 0.335, 0.665, 0.341721
0, 0.348542, 0.335, 0.665, 0.338304
0, 0.350951, 0.335, 0.665, 0.342737
0, 0.347874, 0.335, 0.665, 0.345456
0, 0.337225, 0.335, 0.665, 0.327922
0, 0.348509, 0.335, 0.665, 0.341221
0, 0.344578, 0.335, 0.665, 0.338731
0, 0.349733, 0.335, 0.665, 0.337128
0, 0.352007, 0.34, 0.66, 0.349471
0, 0.343204, 0.34, 0.66, 0.337371
0, 0.346448, 0.34, 0.66, 0.337058
0, 0.348314, 0.34, 0.66, 0.342481
0, 0.341863, 0.34, 0.66, 0.343777
0, 0.355601, 0.34, 0.66, 0.350257
0, 0.351941, 0.34, 0.66, 0.344864
0, 0.358962, 0.34, 0.66, 0.352032
0, 0.331227, 0.34, 0.66, 0.33362
0, 0.350891, 0.34, 0.66, 0.345091
0, 0.364753, 0.34, 0.66, 0.354497
0, 0.360426, 0.34, 0.66, 0.347335
0, 0.359625, 0.34, 0.66, 0.353467
0, 0.340727, 0.34, 0.66, 0.338662
0, 0.349519, 0.34, 0.66, 0.345369
0, 0.34788, 0.34, 0.66, 0.341083
0, 0.355168, 0.34, 0.66, 0.345641
0, 0.368469, 0.34, 0.66, 0.354896
0, 0.353579, 0.34, 0.66, 0.34877
0, 0.353123, 0.34, 0.66, 0.34644
0, 0.354828, 0.34, 0.66, 0.348048
0, 0.364311, 0.34, 0.66, 0.353058
0, 0.35927, 0.34, 0.66, 0.357771
0, 0.353638, 0.34, 0.66, 0.351876
0, 0.356549, 0.34, 0.66, 0.350411
0, 0.365613, 0.345, 0.655, 0.361638
0, 0.357621, 0.345, 0.655, 0.355997
0, 0.364441, 0.345, 0.655, 0.355124
0, 0.355102, 0.345, 0.655, 0.351414
0, 0.357658, 0.345, 0.655, 0.35818
0, 0.361353, 0.345, 0.655, 0.35666
0, 0.362955, 0.345, 0.655, 0.36291
0, 0.368329, 0.345, 0.655, 0.363691
0, 0.360626, 0.345, 0.655, 0.357485
0, 0.361506, 0.345, 0.655, 0.353151
0, 0.352075, 0.345, 0.655, 0.343703
0, 0.378568, 0.345, 0.655, 0.365409
0, 0.358292, 0.345, 0.655, 0.353594
0, 0.37176, 0.345, 0.655, 0.361924
0, 0.361118, 0.345, 0.655, 0.356046
0, 0.356223, 0.345, 0.655, 0.35103
0, 0.362447, 0.345, 0.655, 0.354484
0, 0.366795, 0.345, 0.655, 0.360958
0, 0.357533, 0.345, 0.655, 0.355681
0, 0.365014, 0.345, 0.655, 0.364642
0, 0.356749, 0.345, 0.655, 0.356122
0, 0.359907, 0.345, 0.655, 0.352625
0, 0.364904, 0.345, 0.655, 0.355825
0, 0.363351, 0.345, 0.655, 0.353789
0, 0.357107, 0.345, 0.655, 0.358415
0, 0.350363, 0.35, 0.65, 0.348395
0, 0.376306, 0.35, 0.65, 0.370128
0, 0.36209, 0.35, 0.65, 0.352087
0, 0.381168, 0.35, 0.65, 0.368124
0, 0.381996, 0.35, 0.65, 0.373525
0, 0.379841, 0.35, 0.65, 0.372444
0, 0.36255, 0.35, 0.65, 0.367183
0, 0.378671, 0.35, 0.65, 0.369834
0, 0.378236, 0.35, 0.65, 0.369992
0, 0.374345, 0.35, 0.65, 0.369278
0, 0.373085, 0.35, 0.65, 0.364471
0, 0.372468, 0.35, 0.65, 0.359107
0, 0.382509, 0.35, 0.65, 0.377602
0, 0.371375, 0.35, 0.65, 0.369449
0, 0.380084, 0.35, 0.65, 0.369626
0, 0.36635, 0.35, 0.65, 0.368044
0, 0.374696, 0.35, 0.65, 0.36391
0, 0.381526, 0.35, 0.65, 0.369475
0, 0.371481, 0.35, 0.65, 0.362431
0, 0.379989, 0.35, 0.65, 0.37856
0, 0.385088, 0.35, 0.65, 0.37316
0, 0.365069, 0.35, 0.65, 0.362429
0, 0.400003, 0.35, 0.65, 0.382432
0, 0.368413, 0.35, 0.65, 0.360532
0, 0.3628, 0.35, 0.65, 0.350371
0, 0.371232, 0.355, 0.645, 0.366685
0, 0.376531, 0.355, 0.645, 0.374602
0, 0.388984, 0.355, 0.645, 0.3804
0, 0.375734, 0.355, 0.645, 0.367028
0, 0.379751, 0.355, 0.645, 0.371191
0, 0.382352, 0.355, 0.645, 0.373292
0, 0.378097, 0.355, 0.645, 0.376252
0, 0.384032, 0.355, 0.645, 0.377626
0, 0.386095, 0.355, 0.645, 0.379457
0, 0.380295, 0.355, 0.645, 0.378038
0, 0.374626, 0.355, 0.645, 0.373865
0, 0.393667, 0.355, 0.645, 0.385662
0, 0.392524, 0.355, 0.645, 0.386547
0, 0.384003, 0.355, 0.645, 0.377838
0, 0.370944, 0.355, 0.645, 0.368885
0, 0.383024, 0.355, 0.645, 0.371223
0, 0.387261, 0.355, 0.645, 0.383654
0, 0.378104, 0.355, 0.645, 0.370923
0, 0.374399, 0.355, 0.645, 0.36763
0, 0.380552, 0.355, 0.645, 0.378353
0, 0.378909, 0.355, 0.645, 0.367653
0, 0.375163, 0.355, 0.645, 0.370009
0, 0.371349, 0.355, 0.645, 0.367187
0, 0.376277, 0.355, 0.645, 0.377756
0, 0.374881, 0.355, 0.645, 0.364723
0, 0.418759, 0.36, 0.64, 0.403022
0, 0.397864, 0.36, 0.64, 0.385184
0, 0.380155, 0.36, 0.64, 0.37372
0, 0.383048, 0.36, 0.64, 0.377134
0, 0.399416, 0.36, 0.64, 0.390651
0, 0.39869, 0.36, 0.64, 0.387447
0, 0.392092, 0.36, 0.64, 0.381439
0, 0.397673, 0.36, 0.64, 0.395083
0, 0.388798, 0.36, 0.64, 0.375696
0, 0.40792, 0.36, 0.64, 0.399168
0, 0.389951, 0.36, 0.64, 0.389087
0, 0.405065, 0.36, 0.64, 0.389162
0, 0.39427, 0.36, 0.64, 0.384651
0, 0.398726, 0.36, 0.64, 0.38697
0, 0.381555, 0.36, 0.64, 0.373918
0, 0.402787, 0.36, 0.64, 0.393594
0, 0.370468, 0.36, 0.64, 0.366534
0, 0.392686, 0.36, 0.64, 0.384299
0, 0.385509, 0.36, 0.64, 0.374706
0, 0.404042, 0.36, 0.64, 0.396833
0, 0.389362, 0.36, 0.64, 0.380416
0, 0.401567, 0.36, 0.64, 0.395069
0, 0.407184, 0.36, 0.64, 0.396705
0, 0.406566, 0.36, 0.64, 0.389619
0, 0.387727, 0.36, 0.64, 0.379566
0, 0.401997, 0.365, 0.635, 0.394427
0, 0.418204, 0.365, 0.635, 0.404635
0, 0.38228, 0.365, 0.635, 0.381502
0, 0.407191, 0.365, 0.635, 0.396159
0, 0.390037, 0.365, 0.635, 0.38447
0, 0.417209, 0.365, 0.635, 0.40609
0, 0.419471, 0.365, 0.635, 0.404907
0, 0.392458, 0.365, 0.635, 0.392711
0, 0.419938, 0.365, 0.635, 0.41147
0, 0.419313, 0.365, 0.635, 0.408095
0, 0.409704, 0.365, 0.635, 0.397526
0, 0.397067, 0.365, 0.635, 0.392864
0, 0.396438, 0.365, 0.635, 0.386248
0, 0.396054, 0.365, 0.635, 0.38905
0, 0.404558, 0.365, 0.635, 0.396023
0, 0.402674, 0.365, 0.635, 0.39197
0, 0.400304, 0.365, 0.635, 0.393365
0, 0.422639, 0.365, 0.635, 0.412272
0, 0.415225, 0.365, 0.635, 0.404287
0, 0.39732, 0.365, 0.635, 0.390174
0, 0.399247, 0.365, 0.635, 0.394229
0, 0.405998, 0.365, 0.635, 0.396882
0, 0.393851, 0.365, 0.635, 0.387604
0, 0.404007, 0.365, 0.635, 0.393584
0, 0.403754, 0.365, 0.635, 0.390621
0, 0.417819, 0.37, 0.63, 0.41035
0, 0.407873, 0.37, 0.63, 0.400259
0, 0.433291, 0.37, 0.63, 0.419868
0, 0.414729, 0.37, 0.63, 0.410457
0, 0.427434, 0.37, 0.63, 0.423839
0, 0.409052, 0.37, 0.63, 0.403518
0, 0.420369, 0.37, 0.63, 0.415071
0, 0.428481, 0.37, 0.63, 0.409629
0, 0.418404, 0.37, 0.63, 0.410379
0, 0.427333, 0.37, 0.63, 0.415794
0, 0.41827, 0.37, 0.63, 0.407991
0, 0.409706, 0.37, 0.63, 0.399044
0, 0.398148, 0.37, 0.63, 0.395018
0, 0.410022, 0.37, 0.63, 0.408481
0, 0.40576, 0.37, 0.63, 0.393246
0, 0.437352, 0.37, 0.63, 0.422397
0, 0.417118, 0.37, 0.63, 0.406624
0, 0.402242, 0.37, 0.63, 0.394709
0, 0.423408, 0.37, 0.63, 0.413072
0, 0.418816, 0.37, 0.63, 0.406567
0, 0.411474, 0.37, 0.63, 0.411244
0, 0.397034, 0.37, 0.63, 0.395144
0, 0.409008, 0.37, 0.63, 0.401949
0, 0.422954, 0.37, 0.63, 0.410836
0, 0.403439, 0.37, 0.63, 0.397748
0, 0.425603, 0.375, 0.625, 0.425984
0, 0.425748, 0.375, 0.625, 0.416345
0, 0.442268, 0.375, 0.625, 0.429359
0, 0.422009, 0.375, 0.625, 0.417915
0, 0.434429, 0.375, 0.625, 0.421685
0, 0.430953, 0.375, 0.625, 0.420748
0, 0.424287, 0.375, 0.625, 0.414253
0, 0.419996, 0.375, 0.625, 0.410736
0, 0.439038, 0.375, 0.625, 0.422418
0, 0.414989, 0.375, 0.625, 0.407138
0, 0.425699, 0.375, 0.625, 0.419368
0, 0.431298, 0.375, 0.625, 0.427364
0, 0.438933, 0.375, 0.625, 0.424443
0, 0.425796, 0.375, 0.625, 0.415431
0, 0.437133, 0.375, 0.625, 0.428641
0, 0.440937, 0.375, 0.625, 0.430818
0, 0.433932, 0.375, 0.625, 0.427308
0, 0.409559, 0.375, 0.625, 0.406034
0, 0.433852, 0.375, 0.625, 0.424047
0, 0.437925, 0.375, 0.625, 0.422001
0, 0.438905, 0.375, 0.625, 0.428136
0, 0.433777, 0.375, 0.625, 0.420657
0, 0.451437, 0.375, 0.625, 0.434828
0, 0.43501, 0.375, 0.625, 0.426821
0, 0.437099, 0.375, 0.625, 0.429106
0, 0.427851, 0.38, 0.62, 0.420047
0, 0.449893, 0.38, 0.62, 0.435631
0, 0.442422, 0.38, 0.62, 0.430461
0, 0.435932, 0.38, 0.62, 0.424922
0, 0.437605, 0.38, 0.62, 0.429631
0, 0.429047, 0.38, 0.62, 0.42071
0, 0.441003, 0.38, 0.62, 0.43164
0, 0.435558, 0.38, 0.62, 0.427811
0, 0.43421, 0.38, 0.62, 0.422606
0, 0.453114, 0.38, 0.62, 0.446541
0, 0.459416, 0.38, 0.62, 0.441582
0, 0.440408, 0.38, 0.62, 0.428474
0, 0.443103, 0.38, 0.62, 0.425215
0, 0.426951, 0.38, 0.62, 0.416957
0, 0.449014, 0.38, 0.62, 0.440783
0, 0.445445, 0.38, 0.62, 0.434667
0, 0.438659, 0.38, 0.62, 0.430393
0, 0.428523, 0.38, 0.62, 0.420554
0, 0.436024, 0.38, 0.62, 0.429957
0, 0.432876, 0.38, 0.62, 0.430577
0, 0.431465, 0.38, 0.62, 0.428591
0, 0.43174, 0.38, 0.62, 0.430562
0, 0.448004, 0.38, 0.62, 0.439295
0, 0.447081, 0.38, 0.62, 0.436739
0, 0.451846, 0.38, 0.62, 0.439961
0, 0.440018, 0.385, 0.615, 0.434684
0, 0.453505, 0.385, 0.615, 0.449789
0, 0.460471, 0.385, 0.615, 0.451077
0, 0.448959, 0.385, 0.615, 0.445622
0, 0.444608, 0.385, 0.615, 0.443357
0, 0.446059, 0.385, 0.615, 0.434126
0, 0.454682, 0.385, 0.615, 0.439061
0, 0.449436, 0.385, 0.615, 0.433007
0, 0.473349, 0.385, 0.615, 0.457775
0, 0.445787, 0.385, 0.615, 0.439136
0, 0.453483, 0.385, 0.615, 0.446601
0, 0.439615, 0.385, 0.615, 0.434824
0, 0.470191, 0.385, 0.615, 0.459037
0, 0.457206, 0.385, 0.615, 0.443136
0, 0.450191, 0.385, 0.615, 0.443748
0, 0.458387, 0.385, 0.615, 0.450101
0, 0.451256, 0.385, 0.615, 0.447199
0, 0.471459, 0.385, 0.615, 0.454722
0, 0.441797, 0.385, 0.615, 0.433537
0, 0.441399, 0.385, 0.615, 0.436442
0, 0.45711, 0.385, 0.615, 0.443796
0, 0.453064, 0.385, 0.615, 0.450262
0, 0.466682, 0.385, 0.615, 0.451172
0, 0.466722, 0.385, 0.615, 0.458351
0, 0.436564, 0.385, 0.615, 0.430162
0, 0.467208, 0.39, 0.61, 0.449297
0, 0.483534, 0.39, 0.61, 0.465085
0, 0.466257, 0.39, 0.61, 0.448523
0, 0.455684, 0.39, 0.61, 0.450767
0, 0.464222, 0.39, 0.61, 0.449406
0, 0.465946, 0.39, 0.61, 0.453779
0, 0.490688, 0.39, 0.61, 0.475373
0, 0.474303, 0.39, 0.61, 0.471044
0, 0.453228, 0.39, 0.61, 0.444773
0, 0.462655, 0.39, 0.61, 0.454271
0, 0.466686, 0.39, 0.61, 0.459324
0, 0.442866, 0.39, 0.61, 0.437333
0, 0.465547, 0.39, 0.61, 0.452432
0, 0.438485, 0.39, 0.61, 0.432772
0, 0.472479, 0.39, 0.61, 0.462153
0, 0.461124, 0.39, 0.61, 0.446628
0, 0.460243, 0.39, 0.61, 0.442977
0, 0.465153, 0.39, 0.61, 0.448954
0, 0.472541, 0.39, 0.61, 0.469248
0, 0.48309, 0.39, 0.61, 0.473221
0, 0.448147, 0.39, 0.61, 0.442821
0, 0.456833, 0.39, 0.61, 0.44879
0, 0.467339, 0.39, 0.61, 0.458038
0, 0.45925, 0.39, 0.61, 0.454194
0, 0.461785, 0.39, 0.61, 0.458624
0, 0.482358, 0.395, 0.605, 0.469154
0, 0.469642, 0.395, 0.605, 0.462595
0, 0.477106, 0.395, 0.605, 0.465055
0, 0.495248, 0.395, 0.605, 0.477543
0, 0.456821, 0.395, 0.605, 0.449035
0, 0.476911, 0.395, 0.605, 0.464887
0, 0.486584, 0.395, 0.605, 0.479094
0, 0.48394, 0.395, 0.605, 0.476568
0, 0.477989, 0.395, 0.605, 0.469475
0, 0.464404, 0.395, 0.605, 0.460018
0, 0.500761, 0.395, 0.605, 0.484311
0, 0.488644, 0.395, 0.605, 0.472338
0, 0.498508, 0.395, 0.605, 0.480773
0, 0.479589, 0.395, 0.605, 0.471371
0, 0.466514, 0.395, 0.605, 0.459664
0, 0.497153, 0.395, 0.605, 0.481239
0, 0.483211, 0.395, 0.605, 0.473349
0, 0.471816, 0.395, 0.605, 0.459321
0, 0.484869, 0.395, 0.605, 0.478615
0, 0.475963, 0.395, 0.605, 0.47177
0, 0.473778, 0.395, 0.605, 0.463999
0, 0.48554, 0.395, 0.605, 0.477414
0, 0.483623, 0.395, 0.605, 0.47063
0, 0.484962, 0.395, 0.605, 0.470637
0, 0.479376, 0.395, 0.605, 0.472634
0, 0.501133, 0.4, 0.6, 0.485772
0, 0.492432, 0.4, 0.6, 0.480888
0, 0.509429, 0.4, 0.6, 0.499468
0, 0.490984, 0.4, 0.6, 0.483645
0, 0.481572, 0.4, 0.6, 0.468495
0, 0.508243, 0.4, 0.6, 0.489044
0, 0.482266, 0.4, 0.6, 0.472112
0, 0.510807, 0.4, 0.6, 0.493247
0, 0.487624, 0.4, 0.6, 0.480401
0, 0.497093, 0.4, 0.6, 0.487203
0, 0.479986, 0.4, 0.6, 0.468595
0, 0.490542, 0.4, 0.6, 0.481513
0, 0.497948, 0.4, 0.6, 0.482186
0, 0.509529, 0.4, 0.6, 0.493623
0, 0.495958, 0.4, 0.6, 0.474845
0, 0.493376, 0.4, 0.6, 0.486592
0, 0.46437, 0.4, 0.6, 0.450575
0, 0.503074, 0.4, 0.6, 0.496079
0, 0.468379, 0.4, 0.6, 0.466504
0, 0.484376, 0.4, 0.6, 0.478294
0, 0.479626, 0.4, 0.6, 0.472487
0, 0.503022, 0.4, 0.6, 0.495448
0, 0.493734, 0.4, 0.6, 0.482818
0, 0.504838, 0.4, 0.6, 0.49139
0, 0.500892, 0.4, 0.6, 0.484842
0, 0.510142, 0.405, 0.595, 0.490955
0, 0.501377, 0.405, 0.595, 0.487313
0, 0.503657, 0.405, 0.595, 0.495199
0, 0.501721, 0.405, 0.595, 0.490246
0, 0.501968, 0.405, 0.595, 0.486981
0, 0.499476, 0.405, 0.595, 0.485475
0, 0.503266, 0.405, 0.595, 0.493738
0, 0.505416, 0.405, 0.595, 0.485438
0, 0.501132, 0.405, 0.595, 0.491106
0, 0.536638, 0.405, 0.595, 0.52794
0, 0.503109, 0.405, 0.595, 0.488212
0, 0.501653, 0.405, 0.595, 0.488933
0, 0.521271, 0.405, 0.595, 0.50216
0, 0.512456, 0.405, 0.595, 0.501981
0, 0.510642, 0.405, 0.595, 0.49374
0, 0.522345, 0.405, 0.595, 0.509454
0, 0.521228, 0.405, 0.595, 0.507336
0, 0.507666, 0.405, 0.595, 0.505493
0, 0.512635, 0.405, 0.595, 0.497168
0, 0.50208, 0.405, 0.595, 0.503411
0, 0.517715, 0.405, 0.595, 0.501997
0, 0.521174, 0.405, 0.595, 0.507966
0, 0.511048, 0.405, 0.595, 0.495543
0, 0.506669, 0.405, 0.595, 0.498215
0, 0.521626, 0.405, 0.595, 0.506083
0, 0.556962, 0.41, 0.59, 0.534156
0, 0.518508, 0.41, 0.59, 0.508294
0, 0.519504, 0.41, 0.59, 0.503924
0, 0.50172, 0.41, 0.59, 0.490702
0, 0.556944, 0.41, 0.59, 0.535211
0, 0.513994, 0.41, 0.59, 0.502409
0, 0.511018, 0.41, 0.59, 0.502487
0, 0.509322, 0.41, 0.59, 0.502447
0, 0.550055, 0.41, 0.59, 0.534454
0, 0.525807, 0.41, 0.59, 0.520881
0, 0.518051, 0.41, 0.59, 0.502478
0, 0.514058, 0.41, 0.59, 0.496788
0, 0.514381, 0.41, 0.59, 0.506578
0, 0.534574, 0.41, 0.59, 0.517395
0, 0.535612, 0.41, 0.59, 0.524187
0, 0.500604, 0.41, 0.59, 0.491133
0, 0.539216, 0.41, 0.59, 0.526817
0, 0.516404, 0.41, 0.59, 0.500571
0, 0.532828, 0.41, 0.59, 0.516357
0, 0.515774, 0.41, 0.59, 0.50329
0, 0.498498, 0.41, 0.59, 0.494153
0, 0.524161, 0.41, 0.59, 0.507613
0, 0.532991, 0.41, 0.59, 0.520287
0, 0.533018, 0.41, 0.59, 0.517299
0, 0.530233, 0.41, 0.59, 0.522909
0, 0.546074, 0.415, 0.585, 0.52867
0, 0.555162, 0.415, 0.585, 0.534201
0, 0.557112, 0.415, 0.585, 0.530387
0, 0.551123, 0.415, 0.585, 0.528982
0, 0.555531, 0.415, 0.585, 0.537569
0, 0.528163, 0.415, 0.585, 0.518882
0, 0.538513, 0.415, 0.585, 0.521667
0, 0.530654, 0.415, 0.585, 0.516415
0, 0.531499, 0.415, 0.585, 0.521081
0, 0.542366, 0.415, 0.585, 0.527802
0, 0.532012, 0.415, 0.585, 0.519357
0, 0.534599, 0.415, 0.585, 0.523355
0, 0.553711, 0.415, 0.585, 0.538138
0, 0.527771, 0.415, 0.585, 0.517846
0, 0.543188, 0.415, 0.585, 0.533474
0, 0.529074, 0.415, 0.585, 0.511113
0, 0.561548, 0.415, 0.585, 0.545646
0, 0.524536, 0.415, 0.585, 0.517378
0, 0.520335, 0.415, 0.585, 0.507342
0, 0.550144, 0.415, 0.585, 0.534998
0, 0.553663, 0.415, 0.585, 0.531611
0, 0.518089, 0.415, 0.585, 0.504934
0, 0.538379, 0.415, 0.585, 0.523628
0, 0.560877, 0.415, 0.585, 0.544972
0, 0.523349, 0.415, 0.585, 0.513591
0, 0.538205, 0.42, 0.58, 0.520274
0, 0.548478, 0.42, 0.58, 0.53708
0, 0.569074, 0.42, 0.58, 0.553118
0, 0.539186, 0.42, 0.58, 0.524094
0, 0.577552, 0.42, 0.58, 0.56141
0, 0.560542, 0.42, 0.58, 0.542778
0, 0.543556, 0.42, 0.58, 0.53118
0, 0.560707, 0.42, 0.58, 0.537135
0, 0.546731, 0.42, 0.58, 0.529205
0, 0.542221, 0.42, 0.58, 0.525707
0, 0.553113, 0.42, 0.58, 0.546876
0, 0.570926, 0.42, 0.58, 0.555154
0, 0.5506, 0.42, 0.58, 0.532901
0, 0.566878, 0.42, 0.58, 0.545022
0, 0.561404, 0.42, 0.58, 0.543338
0, 0.59005, 0.42, 0.58, 0.565166
0, 0.577347, 0.42, 0.58, 0.555812
0, 0.558087, 0.42, 0.58, 0.542752
0, 0.563948, 0.42, 0.58, 0.543034
0, 0.553483, 0.42, 0.58, 0.536345
0, 0.524424, 0.42, 0.58, 0.51986
0, 0.56514, 0.42, 0.58, 0.555621
0, 0.558765, 0.42, 0.58, 0.545028
0, 0.573739, 0.42, 0.58, 0.557574
0, 0.585733, 0.42, 0.58, 0.565615
0, 0.561633, 0.425, 0.575, 0.549434
0, 0.57354, 0.425, 0.575, 0.559085
0, 0.605234, 0.425, 0.575, 0.585951
0, 0.58707, 0.425, 0.575, 0.570298
0, 0.590922, 0.425, 0.575, 0.568139
0, 0.549059, 0.425, 0.575, 0.540619
0, 0.579918, 0.425, 0.575, 0.565972
0, 0.571716, 0.425, 0.575, 0.554361
0, 0.603109, 0.425, 0.575, 0.577201
0, 0.593499, 0.425, 0.575, 0.572459
0, 0.574021, 0.425, 0.575, 0.555768
0, 0.572831, 0.425, 0.575, 0.559884
0, 0.60765, 0.425, 0.575, 0.593543
0, 0.562909, 0.425, 0.575, 0.551701
0, 0.572786, 0.425, 0.575, 0.554478
0, 0.573216, 0.425, 0.575, 0.560485
0, 0.559334, 0.425, 0.575, 0.550253
0, 0.57256, 0.425, 0.575, 0.555265
0, 0.57931, 0.425, 0.575, 0.568506
0, 0.545841, 0.425, 0.575, 0.536443
0, 0.578895, 0.425, 0.575, 0.555697
0, 0.543178, 0.425, 0.575, 0.53461
0, 0.555037, 0.425, 0.575, 0.536742
0, 0.553955, 0.425, 0.575, 0.542465
0, 0.593179, 0.425, 0.575, 0.57627
0, 0.586128, 0.43, 0.57, 0.567988
0, 0.595738, 0.43, 0.57, 0.572206
0, 0.590183, 0.43, 0.57, 0.575019
0, 0.566411, 0.43, 0.57, 0.551773
0, 0.601735, 0.43, 0.57, 0.581406
0, 0.616559, 0.43, 0.57, 0.591992
0, 0.58455, 0.43, 0.57, 0.576766
0, 0.595625, 0.43, 0.57, 0.582111
0, 0.59648, 0.43, 0.57, 0.580761
0, 0.590383, 0.43, 0.57, 0.574126
0, 0.593498, 0.43, 0.57, 0.57073
0, 0.594075, 0.43, 0.57, 0.576243
0, 0.586812, 0.43, 0.57, 0.570972
0, 0.603885, 0.43, 0.57, 0.581152
0, 0.590043, 0.43, 0.57, 0.564823
0, 0.54649, 0.43, 0.57, 0.534648
0, 0.58903, 0.43, 0.57, 0.572252
0, 0.615411, 0.43, 0.57, 0.592539
0, 0.579149, 0.43, 0.57, 0.561384
0, 0.57921, 0.43, 0.57, 0.564781
0, 0.563737, 0.43, 0.57, 0.546174
0, 0.582283, 0.43, 0.57, 0.566545
0, 0.591241, 0.43, 0.57, 0.580573
0, 0.574734, 0.43, 0.57, 0.566379
0, 0.591197, 0.43, 0.57, 0.57752
0, 0.587929, 0.435, 0.565, 0.567607
0, 0.607384, 0.435, 0.565, 0.584276
0, 0.624567, 0.435, 0.565, 0.605967
0, 0.618661, 0.435, 0.565, 0.595639
0, 0.609723, 0.435, 0.565, 0.591377
0, 0.593566, 0.435, 0.565, 0.571114
0, 0.590375, 0.435, 0.565, 0.575588
0, 0.606433, 0.435, 0.565, 0.584937
0, 0.60902, 0.435, 0.565, 0.590068
0, 0.612176, 0.435, 0.565, 0.598644
0, 0.613189, 0.435, 0.565, 0.597203
0, 0.592764, 0.435, 0.565, 0.57524
0, 0.621423, 0.435, 0.565, 0.596041
0, 0.572989, 0.435, 0.565, 0.562749
0, 0.593599, 0.435, 0.565, 0.572602
0, 0.635456, 0.435, 0.565, 0.614879
0, 0.632793, 0.435, 0.565, 0.606862
0, 0.603491, 0.435, 0.565, 0.591108
0, 0.584272, 0.435, 0.565, 0.569048
0, 0.626604, 0.435, 0.565, 0.604626
0, 0.624704, 0.435, 0.565, 0.595054
0, 0.60294, 0.435, 0.565, 0.577453
0, 0.614284, 0.435, 0.565, 0.597773
0, 0.628941, 0.435, 0.565, 0.606992
0, 0.629733, 0.435, 0.565, 0.609297
0, 0.616609, 0.44, 0.56, 0.597852
0, 0.625276, 0.44, 0.56, 0.606912
0, 0.612359, 0.44, 0.56, 0.589072
0, 0.609939, 0.44, 0.56, 0.593139
0, 0.647598, 0.44, 0.56, 0.621177
0, 0.622304, 0.44, 0.56, 0.600062
0, 0.634836, 0.44, 0.56, 0.618913
0, 0.644825, 0.44, 0.56, 0.623735
0, 0.624727, 0.44, 0.56, 0.603953
0, 0.634888, 0.44, 0.56, 0.606222
0, 0.616455, 0.44, 0.56, 0.602083
0, 0.613921, 0.44, 0.56, 0.60454
0, 0.607914, 0.44, 0.56, 0.60052
0, 0.606031, 0.44, 0.56, 0.591888
0, 0.614821, 0.44, 0.56, 0.595636
0, 0.645578, 0.44, 0.56, 0.622785
0, 0.62923, 0.44, 0.56, 0.606695
0, 0.654244, 0.44, 0.56, 0.635345
0, 0.600761, 0.44, 0.56, 0.582166
0, 0.66212, 0.44, 0.56, 0.633461
0, 0.615884, 0.44, 0.56, 0.588684
0, 0.645686, 0.44, 0.56, 0.619549
0, 0.636693, 0.44, 0.56, 0.608121
0, 0.639081, 0.44, 0.56, 0.615591
0, 0.641563, 0.44, 0.56, 0.62219
0, 0.675094, 0.445, 0.555, 0.645399
0, 0.639444, 0.445, 0.555, 0.617313
0, 0.651505, 0.445, 0.555, 0.633555
0, 0.638418, 0.445, 0.555, 0.612312
0, 0.612348, 0.445, 0.555, 0.604653
0, 0.699359, 0.445, 0.555, 0.668498
0, 0.658849, 0.445, 0.555, 0.63539
0, 0.646045, 0.445, 0.555, 0.618803
0, 0.625704, 0.445, 0.555, 0.608535
0, 0.648079, 0.445, 0.555, 0.626596
0, 0.653213, 0.445, 0.555, 0.631423
0, 0.659948, 0.445, 0.555, 0.636557
0, 0.646017, 0.445, 0.555, 0.627488
0, 0.669752, 0.445, 0.555, 0.644879
0, 0.660103, 0.445, 0.555, 0.637927
0, 0.65137, 0.445, 0.555, 0.630053
0, 0.667662, 0.445, 0.555, 0.643199
0, 0.638067, 0.445, 0.555, 0.616889
0, 0.674883, 0.445, 0.555, 0.645855
0, 0.64643, 0.445, 0.555, 0.627544
0, 0.643549, 0.445, 0.555, 0.61722
0, 0.648045, 0.445, 0.555, 0.628315
0, 0.677095, 0.445, 0.555, 0.651406
0, 0.624044, 0.445, 0.555, 0.608616
0, 0.692165, 0.445, 0.555, 0.666139
0, 0.66702, 0.45, 0.55, 0.648164
0, 0.667163, 0.45, 0.55, 0.647377
0, 0.646351, 0.45, 0.55, 0.625463
0, 0.687173, 0.45, 0.55, 0.660794
0, 0.674589, 0.45, 0.55, 0.648837
0, 0.680216, 0.45, 0.55, 0.6511
0, 0.638445, 0.45, 0.55, 0.62123
0, 0.639846, 0.45, 0.55, 0.625311
0, 0.675666, 0.45, 0.55, 0.655539
0, 0.668196, 0.45, 0.55, 0.651266
0, 0.661284, 0.45, 0.55, 0.643222
0, 0.693154, 0.45, 0.55, 0.66292
0, 0.645597, 0.45, 0.55, 0.632218
0, 0.675369, 0.45, 0.55, 0.654086
0, 0.675399, 0.45, 0.55, 0.649924
0, 0.671671, 0.45, 0.55, 0.649458
0, 0.662507, 0.45, 0.55, 0.638385
0, 0.68229, 0.45, 0.55, 0.658661
0, 0.666197, 0.45, 0.55, 0.646228
0, 0.707581, 0.45, 0.55, 0.673197
0, 0.728866, 0.45, 0.55, 0.700367
0, 0.700215, 0.45, 0.55, 0.675451
0, 0.69932, 0.45, 0.55, 0.669021
0, 0.729569, 0.45, 0.55, 0.697135
0, 0.661875, 0.45, 0.55, 0.636449
0, 0.682208, 0.455, 0.545, 0.663687
0, 0.677062, 0.455, 0.545, 0.651059
0, 0.687837, 0.455, 0.545, 0.662899
0, 0.685104, 0.455, 0.545, 0.666906
0, 0.706049, 0.455, 0.545, 0.675537
0, 0.686012, 0.455, 0.545, 0.655371
0, 0.712651, 0.455, 0.545, 0.685272
0, 0.683656, 0.455, 0.545, 0.660251
0, 0.689189, 0.455, 0.545, 0.666614
0, 0.708109, 0.455, 0.545, 0.681201
0, 0.710455, 0.455, 0.545, 0.687717
0, 0.71482, 0.455, 0.545, 0.685821
0, 0.698106, 0.455, 0.545, 0.672068
0, 0.690081, 0.455, 0.545, 0.668388
0, 0.731676, 0.455, 0.545, 0.704432
0, 0.699629, 0.455, 0.545, 0.671005
0, 0.664401, 0.455, 0.545, 0.642195
0, 0.73656, 0.455, 0.545, 0.700949
0, 0.663164, 0.455, 0.545, 0.645068
0, 0.733397, 0.455, 0.545, 0.704042
0, 0.691537, 0.455, 0.545, 0.668086
0, 0.735986, 0.455, 0.545, 0.705452
0, 0.698754, 0.455, 0.545, 0.671882
0, 0.722381, 0.455, 0.545, 0.690948
0, 0.683772, 0.455, 0.545, 0.674299
0, 0.722248, 0.46, 0.54, 0.692843
0, 0.756735, 0.46, 0.54, 0.729203
0, 0.694088, 0.46, 0.54, 0.671937
0, 0.722626, 0.46, 0.54, 0.698048
0, 0.702461, 0.46, 0.54, 0.669594
0, 0.749622, 0.46, 0.54, 0.725548
0, 0.714062, 0.46, 0.54, 0.693173
0, 0.709257, 0.46, 0.54, 0.688977
0, 0.739833, 0.46, 0.54, 0.714868
0, 0.725793, 0.46, 0.54, 0.701739
0, 0.724341, 0.46, 0.54, 0.697044
0, 0.745232, 0.46, 0.54, 0.71586
0, 0.716557, 0.46, 0.54, 0.696043
0, 0.727226, 0.46, 0.54, 0.698961
0, 0.74444, 0.46, 0.54, 0.716178
0, 0.729628, 0.46, 0.54, 0.705043
0, 0.738672, 0.46, 0.54, 0.716264
0, 0.712257, 0.46, 0.54, 0.686278
0, 0.735839, 0.46, 0.54, 0.711187
0, 0.724637, 0.46, 0.54, 0.702332
0, 0.705259, 0.46, 0.54, 0.684072
0, 0.692054, 0.46, 0.54, 0.662714
0, 0.749986, 0.46, 0.54, 0.722291
0, 0.721342, 0.46, 0.54, 0.692637
0, 0.746539, 0.46, 0.54, 0.71573
0, 0.713743, 0.465, 0.535, 0.692216
0, 0.749255, 0.465, 0.535, 0.721739
0, 0.770802, 0.465, 0.535, 0.739018
0, 0.747391, 0.465, 0.535, 0.721178
0, 0.738667, 0.465, 0.535, 0.710166
0, 0.764772, 0.465, 0.535, 0.732627
0, 0.749717, 0.465, 0.535, 0.729439
0, 0.760058, 0.465, 0.535, 0.730381
0, 0.740158, 0.465, 0.535, 0.719461
0, 0.726188, 0.465, 0.535, 0.705488
0, 0.767011, 0.465, 0.535, 0.739718
0, 0.75119, 0.465, 0.535, 0.730394
0, 0.781315, 0.465, 0.535, 0.741127
0, 0.770795, 0.465, 0.535, 0.735617
0, 0.746264, 0.465, 0.535, 0.71902
0, 0.738334, 0.465, 0.535, 0.710567
0, 0.774944, 0.465, 0.535, 0.745083
0, 0.712858, 0.465, 0.535, 0.689924
0, 0.769864, 0.465, 0.535, 0.735785
0, 0.733521, 0.465, 0.535, 0.712216
0, 0.690046, 0.465, 0.535, 0.669615
0, 0.711485, 0.465, 0.535, 0.687334
0, 0.79194, 0.465, 0.535, 0.766762
0, 0.766846, 0.465, 0.535, 0.744372
0, 0.745036, 0.465, 0.535, 0.723366
0, 0.782376, 0.47, 0.53, 0.756992
0, 0.745225, 0.47, 0.53, 0.724095
0, 0.786765, 0.47, 0.53, 0.755643
0, 0.782185, 0.47, 0.53, 0.757466
0, 0.757475, 0.47, 0.53, 0.727122
0, 0.840835, 0.47, 0.53, 0.813071
0, 0.773062, 0.47, 0.53, 0.746152
0, 0.783729, 0.47, 0.53, 0.756053
0, 0.756126, 0.47, 0.53, 0.736613
0, 0.783784, 0.47, 0.53, 0.759498
0, 0.79963, 0.47, 0.53, 0.768286
0, 0.741872, 0.47, 0.53, 0.721822
0, 0.784807, 0.47, 0.53, 0.756768
0, 0.772937, 0.47, 0.53, 0.749594
0, 0.799747, 0.47, 0.53, 0.777082
0, 0.712247, 0.47, 0.53, 0.697126
0, 0.801981, 0.47, 0.53, 0.775538
0, 0.769179, 0.47, 0.53, 0.746239
0, 0.777507, 0.47, 0.53, 0.755218
0, 0.764541, 0.47, 0.53, 0.74354
0, 0.766338, 0.47, 0.53, 0.736248
0, 0.77123, 0.47, 0.53, 0.748864
0, 0.796206, 0.47, 0.53, 0.771996
0, 0.756499, 0.47, 0.53, 0.727555
0, 0.797495, 0.47, 0.53, 0.768367
0, 0.842317, 0.475, 0.525, 0.817223
0, 0.8294, 0.475, 0.525, 0.806628
0, 0.83329, 0.475, 0.525, 0.80526
0, 0.796481, 0.475, 0.525, 0.76974
0, 0.784047, 0.475, 0.525, 0.761336
0, 0.813314, 0.475, 0.525, 0.788996
0, 0.792528, 0.475, 0.525, 0.763256
0, 0.837254, 0.475, 0.525, 0.818086
0, 0.834126, 0.475, 0.525, 0.80602
0, 0.784093, 0.475, 0.525, 0.763245
0, 0.777104, 0.475, 0.525, 0.741368
0, 0.807906, 0.475, 0.525, 0.782031
0, 0.806027, 0.475, 0.525, 0.777548
0, 0.828643, 0.475, 0.525, 0.800653
0, 0.812468, 0.475, 0.525, 0.789465
0, 0.776234, 0.475, 0.525, 0.751246
0, 0.800127, 0.475, 0.525, 0.770557
0, 0.802858, 0.475, 0.525, 0.783296
0, 0.757701, 0.475, 0.525, 0.735311
0, 0.858456, 0.475, 0.525, 0.832961
0, 0.817576, 0.475, 0.525, 0.791932
0, 0.82086, 0.475, 0.525, 0.798342
0, 0.833452, 0.475, 0.525, 0.806561
0, 0.795228, 0.475, 0.525, 0.77289
0, 0.80044, 0.475, 0.525, 0.777549
0, 0.838142, 0.48, 0.52, 0.816213
0, 0.821713, 0.48, 0.52, 0.803855
0, 0.804307, 0.48, 0.52, 0.774572
0, 0.832555, 0.48, 0.52, 0.804971
0, 0.812645, 0.48, 0.52, 0.794365
0, 0.824113, 0.48, 0.52, 0.803542
0, 0.807577, 0.48, 0.52, 0.784075
0, 0.821322, 0.48, 0.52, 0.799322
0, 0.836432, 0.48, 0.52, 0.81665
0, 0.814881, 0.48, 0.52, 0.790197
0, 0.821392, 0.48, 0.52, 0.795963
0, 0.834753, 0.48, 0.52, 0.815796
0, 0.786045, 0.48, 0.52, 0.763742
0, 0.890632, 0.48, 0.52, 0.873832
0, 0.837473, 0.48, 0.52, 0.815843
0, 0.837993, 0.48, 0.52, 0.81329
0, 0.832114, 0.48, 0.52, 0.807422
0, 0.841579, 0.48, 0.52, 0.827222
0, 0.86542, 0.48, 0.52, 0.845644
0, 0.803744, 0.48, 0.52, 0.777223
0, 0.852181, 0.48, 0.52, 0.821717
0, 0.836423, 0.48, 0.52, 0.812065
0, 0.836862, 0.48, 0.52, 0.815961
0, 0.802878, 0.48, 0.52, 0.78172
0, 0.837783, 0.48, 0.52, 0.816848
0, 0.867307, 0.485, 0.515, 0.849692
0, 0.874621, 0.485, 0.515, 0.852869
0, 0.884508, 0.485, 0.515, 0.868508
0, 0.888296, 0.485, 0.515, 0.865682
0, 0.862517, 0.485, 0.515, 0.844317
0, 0.851059, 0.485, 0.515, 0.82108
0, 0.850076, 0.485, 0.515, 0.826156
0, 0.873132, 0.485, 0.515, 0.848323
0, 0.852324, 0.485, 0.515, 0.829428
0, 0.906404, 0.485, 0.515, 0.88218
0, 0.856585, 0.485, 0.515, 0.832451
0, 0.911057, 0.485, 0.515, 0.892338
0, 0.890098, 0.485, 0.515, 0.870849
0, 0.846519, 0.485, 0.515, 0.821049
0, 0.898212, 0.485, 0.515, 0.88199
0, 0.863174, 0.485, 0.515, 0.841267
0, 0.902343, 0.485, 0.515, 0.885226
0, 0.841299, 0.485, 0.515, 0.813819
0, 0.872414, 0.485, 0.515, 0.855712
0, 0.900406, 0.485, 0.515, 0.879855
0, 0.864838, 0.485, 0.515, 0.840838
0, 0.866844, 0.485, 0.515, 0.842162
0, 0.901066, 0.485, 0.515, 0.881741
0, 0.857616, 0.485, 0.515, 0.841274
0, 0.817422, 0.485, 0.515, 0.788133
0, 0.902647, 0.49, 0.51, 0.888582
0, 0.925325, 0.49, 0.51, 0.908603
0, 0.935949, 0.49, 0.51, 0.923479
0, 0.934564, 0.49, 0.51, 0.918499
0, 0.902977, 0.49, 0.51, 0.877094
0, 0.9005, 0.49, 0.51, 0.882305
0, 0.885581, 0.49, 0.51, 0.862887
0, 0.884409, 0.49, 0.51, 0.863212
0, 0.885172, 0.49, 0.51, 0.86583
0, 0.89027, 0.49, 0.51, 0.868992
0, 0.907647, 0.49, 0.51, 0.888148
0, 0.916334, 0.49, 0.51, 0.900667
0, 0.91218, 0.49, 0.51, 0.889415
0, 0.923534, 0.49, 0.51, 0.911897
0, 0.933238, 0.49, 0.51, 0.920744
0, 0.881167, 0.49, 0.51, 0.856833
0, 0.882352, 0.49, 0.51, 0.86137
0, 0.912945, 0.49, 0.51, 0.8951
0, 0.912782, 0.49, 0.51, 0.893607
0, 0.890183, 0.49, 0.51, 0.870871
0, 0.895934, 0.49, 0.51, 0.883036
0, 0.915119, 0.49, 0.51, 0.8973
0, 0.928784, 0.49, 0.51, 0.916856
0, 0.903817, 0.49, 0.51, 0.887266
0, 0.889771, 0.49, 0.51, 0.86994
0, 0.913877, 0.495, 0.505, 0.896498
0, 0.966746, 0.495, 0.505, 0.959707
0, 0.972249, 0.495, 0.505, 0.966732
0, 0.945165, 0.495, 0.505, 0.933281
0, 0.955921, 0.495, 0.505, 0.949106
0, 0.943739, 0.495, 0.505, 0.930549
0, 0.932374, 0.495, 0.505, 0.914629
0, 0.976829, 0.495, 0.505, 0.973684
0, 0.976334, 0.495, 0.505, 0.970625
0, 0.961057, 0.495, 0.505, 0.953417
0, 0.967621, 0.495, 0.505, 0.957922
0, 0.984702, 0.495, 0.505, 0.98195
0, 0.916152, 0.495, 0.505, 0.898576
0, 0.960874, 0.495, 0.505, 0.956585
0, 0.942205, 0.495, 0.505, 0.929219
0, 0.946363, 0.495, 0.505, 0.937346
0, 0.962801, 0.495, 0.505, 0.951144
0, 0.918639, 0.495, 0.505, 0.90546
0, 0.953732, 0.495, 0.505, 0.947182
0, 0.920484, 0.495, 0.505, 0.904528
0, 0.936622, 0.495, 0.505, 0.921881
0, 0.937676, 0.495, 0.505, 0.926155
0, 0.951338, 0.495, 0.505, 0.943416
0, 0.988476, 0.495, 0.505, 0.9844
0, 0.974751, 0.495, 0.505, 0.964897
0, 0.988368, 0.5, 0.5, 0.98633
0, 0.985021, 0.5, 0.5, 0.982844
0, 0.995621, 0.5, 0.5, 0.994744
0, 0.99209, 0.5, 0.5, 0.992088
0, 0.952699, 0.5, 0.5, 0.943038
0, 0.999543, 0.5, 0.5, 0.999207
0, 0.941499, 0.5, 0.5, 0.929808
0, 0.993035, 0.5, 0.5, 0.990441
0, 0.99235, 0.5, 0.5, 0.990392
0, 0.950174, 0.5, 0.5, 0.942313
0, 0.961602, 0.5, 0.5, 0.952783
0, 0.988861, 0.5, 0.5, 0.985796
0, 0.969272, 0.5, 0.5, 0.963601
0, 0.961873, 0.5, 0.5, 0.95264
0, 0.992031, 0.5, 0.5, 0.99136
0, 0.982229, 0.5, 0.5, 0.978935
0, 0.973084, 0.5, 0.5, 0.963511
0, 0.948461, 0.5, 0.5, 0.93787
0, 0.972899, 0.5, 0.5, 0.969155
0, 0.954829, 0.5, 0.5, 0.947712
0, 0.999911, 0.5, 0.5, 0.999604
0, 0.982782, 0.5, 0.5, 0.976503
0, 0.982693, 0.5, 0.5, 0.978367
0, 0.997865, 0.5, 0.5, 0.995914
0, 0.971565, 0.5, 0.5, 0.96274
0, 0.983599, 0.505, 0.495, 0.979075
0, 0.978863, 0.505, 0.495, 0.975226
0, 0.987133, 0.505, 0.495, 0.983178
0, 0.994494, 0.505, 0.495, 0.992825
0, 0.973443, 0.505, 0.495, 0.968206
0, 0.978277, 0.505, 0.495, 0.972936
0, 0.985697, 0.505, 0.495, 0.984141
0, 0.998295, 0.505, 0.495, 0.997868
0, 0.991596, 0.505, 0.495, 0.988712
0, 0.992432, 0.505, 0.495, 0.989613
0, 0.972298, 0.505, 0.495, 0.965123
0, 0.992915, 0.505, 0.495, 0.991761
0, 0.998363, 0.505, 0.495, 0.99792
0, 0.993158, 0.505, 0.495, 0.991692
0, 0.98799, 0.505, 0.495, 0.981924
0, 0.990886, 0.505, 0.495, 0.988916
0, 0.99736, 0.505, 0.495, 0.996166
0, 0.976639, 0.505, 0.495, 0.967795
0, 0.979717, 0.505, 0.495, 0.974804
0, 0.979893, 0.505, 0.495, 0.974638
0, 0.994821, 0.505, 0.495, 0.993341
0, 0.992242, 0.505, 0.495, 0.990757
0, 0.995302, 0.505, 0.495, 0.993988
0, 0.994007, 0.505, 0.495, 0.992924
0, 0.998041, 0.505, 0.495, 0.997535
0.25, 0.000688915, 0.005, 0.995, 0.000703306
0.25, 0.00113795, 0.005, 0.995, 0.00131002
0.25, 0.000908279, 0.005, 0.995, 0.00111545
0.25, 0.000750155, 0.005, 0.995, 0.000860237
0.25, 0.000933999, 0.005, 0.995, 0.00099955
0.25, 0.00122848, 0.005, 0.995, 0.00135959
0.25, 0.00124815, 0.005, 0.995, 0.00136054
0.25, 0.00144974, 0.005, 0.995, 0.00115723
0.25, 0.0010786, 0.005, 0.995, 0.00129994
0.25, 0.00111825, 0.005, 0.995, 0.00122718
0.25, 0.00200408, 0.005, 0.995, 0.00179802
0.25, 0.00118568, 0.005, 0.995, 0.00120036
0.25, 0.00123532, 0.005, 0.995, 0.001416
0.25, 0.00162165, 0.005, 0.995, 0.0015003
0.25, 0.00221825, 0.005, 0.995, 0.0018669
0.25, 0.00144795, 0.005, 0.995, 0.00134697
0.25, 0.000850885, 0.005, 0.995, 0.00120943
0.25, 0.000840612, 0.005, 0.995, 0.000892503
0.25, 0.00193318, 0.005, 0.995, 0.00182537
0.25, 0.00173817, 0.005, 0.995, 0.00151914
0.25, 0.00118901, 0.005, 0.995, 0.00129476
0.25, 0.00160904, 0.005, 0.995, 0.00159697
0.25, 0.00220592, 0.005, 0.995, 0.00150534
0.25, 0.00195476, 0.005, 0.995, 0.00185501
0.25, 0.00153554, 0.005, 0.995, 0.00114587
0.25, 0.00283614, 0.01, 0.99, 0.00312642
0.25, 0.00197935, 0.01, 0.99, 0.00243779
0.25, 0.00285176, 0.01, 0.99, 0.00299462
0.25, 0.00245852, 0.01, 0.99, 0.00271849
0.25, 0.00293856, 0.01, 0.99, 0.00287922
0.25, 0.00256352, 0.01, 0.99, 0.00233562
0.25, 0.00277666, 0.01, 0.99, 0.00258462
0.25, 0.00360773, 0.01, 0.99, 0.00305657
0.25, 0.00236166, 0.01, 0.99, 0.00256888
0.25, 0.00391912, 0.01, 0.99, 0.00367222
0.25, 0.00265769, 0.01, 0.99, 0.00248126
0.25, 0.00331731, 0.01, 0.99, 0.00273723
0.25, 0.00227707, 0.01, 0.99, 0.00223407
0.25, 0.00227918, 0.01, 0.99, 0.00221875
0.25, 0.00243454, 0.01, 0.99, 0.00224387
0.25, 0.00342328, 0.01, 0.99, 0.00307801
0.25, 0.00294715, 0.01, 0.99, 0.00270105
0.25, 0.00253866, 0.01, 0.99, 0.00267582
0.25, 0.00286592, 0.01, 0.99, 0.00308517
0.25, 0.00293258, 0.01, 0.99, 0.00282244
0.25, 0.00353943, 0.01, 0.99, 0.0028213
0.25, 0.00367978, 0.01, 0.99, 0.00307398
0.25, 0.00369657, 0.01, 0.99, 0.00263185
0.25, 0.00287352, 0.01, 0.99, 0.00282871
0.25, 0.00314687, 0.01, 0.99, 0.00250601
0.25, 0.00494508, 0.015, 0.985, 0.0046922
0.25, 0.00650581, 0.015, 0.985, 0.0055226
0.25, 0.00498942, 0.015, 0.985, 0.00465745
0.25, 0.00436613, 0.015, 0.985, 0.00439572
0.25, 0.00571767, 0.015, 0.985, 0.00448292
0.25, 0.0045035, 0.015, 0.985, 0.00393681
0.25, 0.00335612, 0.015, 0.985, 0.003623
0.25, 0.00510102, 0.015, 0.985, 0.00499949
0.25, 0.00567492, 0.015, 0.985, 0.0047756
0.25, 0.00592395, 0.015, 0.985, 0.00548372
0.25, 0.00478086, 0.015, 0.985, 0.00459137
0.25, 0.00464665, 0.015, 0.985, 0.00465563
0.25, 0.00321456, 0.015, 0.985, 0.0038236
0.25, 0.00554799, 0.015, 0.985, 0.00457457
0.25, 0.0039982, 0.015, 0.985, 0.00378692
0.25, 0.00385404, 0.015, 0.985, 0.0046665
0.25, 0.00552035, 0.015, 0.985, 0.0045411
0.25, 0.00516742, 0.015, 0.985, 0.00523824
0.25, 0.00527762, 0.015, 0.985, 0.00476069
0.25, 0.00408014, 0.015, 0.985, 0.00441961
0.25, 0.00416174, 0.015, 0.985, 0.00417834
0.25, 0.00433306, 0.015, 0.985, 0.00493529
0.25, 0.00420648, 0.015, 0.985, 0.004781
0.25, 0.00625257, 0.015, 0.985, 0.00504922
0.25, 0.00489491, 0.015, 0.985, 0.0041335
0.25, 0.00675185, 0.02, 0.98, 0.00588056
0.25, 0.00627928, 0.02, 0.98, 0.00634003
0.25, 0.00488853, 0.02, 0.98, 0.00554799
0.25, 0.00560591, 0.02, 0.98, 0.00555839
0.25, 0.00727544, 0.02, 0.98, 0.00699944
0.25, 0.00865818, 0.02, 0.98, 0.00796935
0.25, 0.00645338, 0.02, 0.98, 0.00589688
0.25, 0.00774015, 0.02, 0.98, 0.00670488
0.25, 0.0075755, 0.02, 0.98, 0.00691863
0.25, 0.00821466, 0.02, 0.98, 0.0073157
0.25, 0.00695344, 0.02, 0.98, 0.0065668
0.25, 0.00515012, 0.02, 0.98, 0.0050997
0.25, 0.00654743, 0.02, 0.98, 0.00619101
0.25, 0.00639864, 0.02, 0.98, 0.00681726
0.25, 0.00609113, 0.02, 0.98, 0.00561075
0.25, 0.00635818, 0.02, 0.98, 0.00551619
0.25, 0.00679118, 0.02, 0.98, 0.00620676
0.25, 0.00646843, 0.02, 0.98, 0.00608132
0.25, 0.00591091, 0.02, 0.98, 0.00603969
0.25, 0.00621862, 0.02, 0.98, 0.0058926
0.25, 0.00703589, 0.02, 0.98, 0.00636618
0.25, 0.00594907, 0.02, 0.98, 0.00602102
0.25, 0.00662668, 0.02, 0.98, 0.00672808
0.25, 0.00654348, 0.02, 0.98, 0.00655402
0.25, 0.00570591, 0.02, 0.98, 0.00587844
0.25, 0.0104904, 0.025, 0.975, 0.00859894
0.25, 0.00847627, 0.025, 0.975, 0.00751841
0.25, 0.00802329, 0.025, 0.975, 0.00816557
0.25, 0.00821458, 0.025, 0.975, 0.00857378
0.25, 0.00882866, 0.025, 0.975, 0.00800326
0.25, 0.0069903, 0.025, 0.975, 0.00716772
0.25, 0.00890618, 0.025, 0.975, 0.00875296
0.25, 0.00739805, 0.025, 0.975, 0.00666162
0.25, 0.00866703, 0.025, 0.975, 0.00850848
0.25, 0.00951053, 0.025, 0.975, 0.00903552
0.25, 0.00702802, 0.025, 0.975, 0.00807987
0.25, 0.00772198, 0.025, 0.975, 0.00711282
0.25, 0.00931633, 0.025, 0.975, 0.00873901
0.25, 0.00774773, 0.025, 0.975, 0.00770225
0.25, 0.00878054, 0.025, 0.975, 0.00963391
0.25, 0.00947531, 0.025, 0.975, 0.00883048
0.25, 0.00764812, 0.025, 0.975, 0.00808379
0.25, 0.00873605, 0.025, 0.975, 0.0087236
0.25, 0.00719091, 0.025, 0.975, 0.00763165
0.25, 0.00813732, 0.025, 0.975, 0.0075188
0.25, 0.00793417, 0.025, 0.975, 0.00772559
0.25, 0.00787362, 0.025, 0.975, 0.0084341
0.25, 0.00940623, 0.025, 0.975, 0.00888404
0.25, 0.00857473, 0.025, 0.975, 0.00841751
0.25, 0.00750785, 0.025, 0.975, 0.00719794
0.25, 0.0124458, 0.03, 0.97, 0.0111266
0.25, 0.0114677, 0.03, 0.97, 0.0112488
0.25, 0.0102256, 0.03, 0.97, 0.0100792
0.25, 0.0105185, 0.03, 0.97, 0.00962974
0.25, 0.0111475, 0.03, 0.97, 0.00958206
0.25, 0.0140727, 0.03, 0.97, 0.0120723
0.25, 0.0105909, 0.03, 0.97, 0.0102041
0.25, 0.00956444, 0.03, 0.97, 0.00906313
0.25, 0.0118572, 0.03, 0.97, 0.010287
0.25, 0.0114505, 0.03, 0.97, 0.0104344
0.25, 0.0113588, 0.03, 0.97, 0.0103985
0.25, 0.0113504, 0.03, 0.97, 0.0106246
0.25, 0.0100707, 0.03, 0.97, 0.0104995
0.25, 0.01317, 0.03, 0.97, 0.0120045
0.25, 0.0125309, 0.03, 0.97, 0.011386
0.25, 0.00996058, 0.03, 0.97, 0.0114033
0.25, 0.0104448, 0.03, 0.97, 0.00963619
0.25, 0.0119712, 0.03, 0.97, 0.0104053
0.25, 0.00902014, 0.03, 0.97, 0.00986909
0.25, 0.0110065, 0.03, 0.97, 0.0108044
0.25, 0.00999758, 0.03, 0.97, 0.0105742
0.25, 0.0110137, 0.03, 0.97, 0.0100083
0.25, 0.0120232, 0.03, 0.97, 0.0099912
0.25, 0.0115215, 0.03, 0.97, 0.0103061
0.25, 0.0127315, 0.03, 0.97, 0.010406
0.25, 0.0122396, 0.035, 0.965, 0.0127479
0.25, 0.0149666, 0.035, 0.965, 0.013873
0.25, 0.0138831, 0.035, 0.965, 0.0126576
0.25, 0.0142906, 0.035, 0.965, 0.01371
0.25, 0.0112507, 0.035, 0.965, 0.0119715
0.25, 0.0146243, 0.035, 0.965, 0.0138795
0.25, 0.0145169, 0.035, 0.965, 0.0139382
0.25, 0.0150253, 0.035, 0.965, 0.0135294
0.25, 0.0135861, 0.035, 0.965, 0.0130374
0.25, 0.0142836, 0.035, 0.965, 0.0140592
0.25, 0.0133002, 0.035, 0.965, 0.0125231
0.25, 0.01184, 0.035, 0.965, 0.0124294
0.25, 0.0146535, 0.035, 0.965, 0.0135372
0.25, 0.0136345, 0.035, 0.965, 0.0126707
0.25, 0.0131696, 0.035, 0.965, 0.01212
0.25, 0.0144085, 0.035, 0.965, 0.0125672
0.25, 0.0140845, 0.035, 0.965, 0.0121663
0.25, 0.0149492, 0.035, 0.965, 0.0142426
0.25, 0.013227, 0.035, 0.965, 0.0131043
0.25, 0.0124998, 0.035, 0.965, 0.0123173
0.25, 0.0154232, 0.035, 0.965, 0.0142842
0.25, 0.0130766, 0.035, 0.965, 0.012233
0.25, 0.0114214, 0.035, 0.965, 0.0109301
0.25, 0.0141679, 0.035, 0.965, 0.0134068
0.25, 0.0137839, 0.035, 0.965, 0.0132395
0.25, 0.0170404, 0.04, 0.96, 0.0151492
0.25, 0.0156559, 0.04, 0.96, 0.0152561
0.25, 0.0174754, 0.04, 0.96, 0.0158524
0.25, 0.015685, 0.04, 0.96, 0.014823
0.25, 0.0171538, 0.04, 0.96, 0.0162075
0.25, 0.0149948, 0.04, 0.96, 0.0150527
0.25, 0.0147718, 0.04, 0.96, 0.0150124
0.25, 0.0127893, 0.04, 0.96, 0.0124243
0.25, 0.0194322, 0.04, 0.96, 0.0167551
0.25, 0.0157534, 0.04, 0.96, 0.0145394
0.25, 0.0161448, 0.04, 0.96, 0.0149136
0.25, 0.0155668, 0.04, 0.96, 0.0148006
0.25, 0.0157687, 0.04, 0.96, 0.0141381
0.25, 0.0153898, 0.04, 0.96, 0.0141977
0.25, 0.0190216, 0.04, 0.96, 0.0166882
0.25, 0.0174303, 0.04, 0.96, 0.0153091
0.25, 0.0153173, 0.04, 0.96, 0.0146951
0.25, 0.016001, 0.04, 0.96, 0.0155943
0.25, 0.0186404, 0.04, 0.96, 0.01671
0.25, 0.0151179, 0.04, 0.96, 0.0143349
0.25, 0.0161904, 0.04, 0.96, 0.0155658
0.25, 0.0154189, 0.04, 0.96, 0.0137584
0.25, 0.0152973, 0.04, 0.96, 0.0140216
0.25, 0.0153185, 0.04, 0.96, 0.0149347
0.25, 0.0153786, 0.04, 0.96, 0.0152801
0.25, 0.0166641, 0.045, 0.955, 0.0164918
0.25, 0.0204357, 0.045, 0.955, 0.0186505
0.25, 0.0186351, 0.045, 0.955, 0.0176315
0.25, 0.0176992, 0.045, 0.955, 0.017846
0.25, 0.0189505, 0.045, 0.955, 0.0183757
0.25, 0.0190382, 0.045, 0.955, 0.0169228
0.25, 0.0182932, 0.045, 0.955, 0.0166466
0.25, 0.016907, 0.045, 0.955, 0.0165242
0.25, 0.019667, 0.045, 0.955, 0.0192318
0.25, 0.0173487, 0.045, 0.955, 0.0164457
0.25, 0.0175414, 0.045, 0.955, 0.0170415
0.25, 0.0195507, 0.045, 0.955, 0.0181127
0.25, 0.0186976, 0.045, 0.955, 0.018865
0.25, 0.0202595, 0.045, 0.955, 0.0175892
0.25, 0.0175333, 0.045, 0.955, 0.0165728
0.25, 0.0169266, 0.045, 0.955, 0.0177033
0.25, 0.0191454, 0.045, 0.955, 0.0177725
0.25, 0.0200999, 0.045, 0.955, 0.0173964
0.25, 0.018278, 0.045, 0.955, 0.0177633
0.25, 0.019872, 0.045, 0.955, 0.0170936
0.25, 0.0203832, 0.045, 0.955, 0.0180373
0.25, 0.016316, 0.045, 0.955, 0.0154628
0.25, 0.0166662, 0.045, 0.955, 0.0166475
0.25, 0.0192148, 0.045, 0.955, 0.0184271
0.25, 0.0187814, 0.045, 0.955, 0.018386
0.25, 0.0184061, 0.05, 0.95, 0.0181742
0.25, 0.0244381, 0.05, 0.95, 0.0223744
0.25, 0.0200326, 0.05, 0.95, 0.0197159
0.25, 0.0221149, 0.05, 0.95, 0.0199501
0.25, 0.0239353, 0.05, 0.95, 0.0216143
0.25, 0.0216108, 0.05, 0.95, 0.0201768
0.25, 0.0240116, 0.05, 0.95, 0.0226595
0.25, 0.0207106, 0.05, 0.95, 0.0189571
0.25, 0.0232822, 0.05, 0.95, 0.021902
0.25, 0.0205802, 0.05, 0.95, 0.020524
0.25, 0.0197939, 0.05, 0.95, 0.0209154
0.25, 0.0232079, 0.05, 0.95, 0.0213221
0.25, 0.0203369, 0.05, 0.95, 0.020193
0.25, 0.0206761, 0.05, 0.95, 0.0201888
0.25, 0.0218542, 0.05, 0.95, 0.0199382
0.25, 0.0219424, 0.05, 0.95, 0.0196587
0.25, 0.0233678, 0.05, 0.95, 0.0223046
0.25, 0.021374, 0.05, 0.95, 0.0207639
0.25, 0.0226569, 0.05, 0.95, 0.019504
0.25, 0.0196391, 0.05, 0.95, 0.019036
0.25, 0.0208211, 0.05, 0.95, 0.0203276
0.25, 0.0221633, 0.05, 0.95, 0.0203771
0.25, 0.0203112, 0.05, 0.95, 0.0192449
0.25, 0.0205716, 0.05, 0.95, 0.019895
0.25, 0.02404, 0.05, 0.95, 0.0209074
0.25, 0.0244312, 0.055, 0.945, 0.02426
0.25, 0.024625, 0.055, 0.945, 0.0235114
0.25, 0.0248895, 0.055, 0.945, 0.0232347
0.25, 0.0246696, 0.055, 0.945, 0.0219809
0.25, 0.024028, 0.055, 0.945, 0.024884
0.25, 0.0244293, 0.055, 0.945, 0.0232108
0.25, 0.0256311, 0.055, 0.945, 0.0232656
0.25, 0.0283824, 0.055, 0.945, 0.0251154
0.25, 0.0222631, 0.055, 0.945, 0.0217483
0.25, 0.0256787, 0.055, 0.945, 0.0236316
0.25, 0.0262515, 0.055, 0.945, 0.0238706
0.25, 0.0237874, 0.055, 0.945, 0.0216633
0.25, 0.0252899, 0.055, 0.945, 0.0242133
0.25, 0.0241137, 0.055, 0.945, 0.0230982
0.25, 0.0252356, 0.055, 0.945, 0.0234744
0.25, 0.0261039, 0.055, 0.945, 0.0249153
0.25, 0.0267072, 0.055, 0.945, 0.0236066
0.25, 0.0258698, 0.055, 0.945, 0.0230066
0.25, 0.0259633, 0.055, 0.945, 0.0239683
0.25, 0.0242447, 0.055, 0.945, 0.0220607
0.25, 0.0230154, 0.055, 0.945, 0.0205606
0.25, 0.0247957, 0.055, 0.945, 0.0227081
0.25, 0.0240267, 0.055, 0.945, 0.0222152
0.25, 0.0248597, 0.055, 0.945, 0.024224
0.25, 0.0226081, 0.055, 0.945, 0.021847
0.25, 0.0267781, 0.06, 0.94, 0.0260031
0.25, 0.0298496, 0.06, 0.94, 0.0273761
0.25, 0.0289726, 0.06, 0.94, 0.0263724
0.25, 0.0294442, 0.06, 0.94, 0.0254228
0.25, 0.024996, 0.06, 0.94, 0.0250211
0.25, 0.029882, 0.06, 0.94, 0.0277042
0.25, 0.0288319, 0.06, 0.94, 0.0274095
0.25, 0.0294993, 0.06, 0.94, 0.026973
0.25, 0.025668, 0.06, 0.94, 0.0222175
0.25, 0.0274531, 0.06, 0.94, 0.0243773
0.25, 0.0278511, 0.06, 0.94, 0.0259269
0.25, 0.0284427, 0.06, 0.94, 0.0257669
0.25, 0.0276742, 0.06, 0.94, 0.0270427
0.25, 0.0249827, 0.06, 0.94, 0.0230456
0.25, 0.0269447, 0.06, 0.94, 0.0258685
0.25, 0.0293555, 0.06, 0.94, 0.0265317
0.25, 0.0295543, 0.06, 0.94, 0.0280869
0.25, 0.0296786, 0.06, 0.94, 0.0292309
0.25, 0.0258463, 0.06, 0.94, 0.0243633
0.25, 0.029943, 0.06, 0.94, 0.0269542
0.25, 0.0271218, 0.06, 0.94, 0.0253552
0.25, 0.0251606, 0.06, 0.94, 0.023163
0.25, 0.0304948, 0.06, 0.94, 0.0287562
0.25, 0.0283828, 0.06, 0.94, 0.0279205
0.25, 0.026591, 0.06, 0.94, 0.0252359
0.25, 0.0287791, 0.065, 0.935, 0.0282122
0.25, 0.0312885, 0.065, 0.935, 0.0299414
0.25, 0.03086, 0.065, 0.935, 0.0269499
0.25, 0.0290017, 0.065, 0.935, 0.0272345
0.25, 0.0309235, 0.065, 0.935, 0.0281653
0.25, 0.0293271, 0.065, 0.935, 0.0279338
0.25, 0.03198, 0.065, 0.935, 0.0290836
0.25, 0.0348525, 0.065, 0.935, 0.0306258
0.25, 0.029897, 0.065, 0.935, 0.0290277
0.25, 0.0301939, 0.065, 0.935, 0.029812
0.25, 0.033109, 0.065, 0.935, 0.0289687
0.25, 0.0326083, 0.065, 0.935, 0.029978
0.25, 0.0345375, 0.065, 0.935, 0.0312835
0.25, 0.0282896, 0.065, 0.935, 0.0259421
0.25, 0.0317637, 0.065, 0.935, 0.0292539
0.25, 0.0298223, 0.065, 0.935, 0.0291051
0.25, 0.0317867, 0.065, 0.935, 0.0304061
0.25, 0.0335659, 0.065, 0.935, 0.0303551
0.25, 0.0343312, 0.065, 0.935, 0.0301821
0.25, 0.0322427, 0.065, 0.935, 0.0284698
0.25, 0.0290257, 0.065, 0.935, 0.0287994
0.25, 0.032893, 0.065, 0.935, 0.0295498
0.25, 0.0290446, 0.065, 0.935, 0.0282175
0.25, 0.0334451, 0.065, 0.935, 0.0325948
0.25, 0.0310823, 0.065, 0.935, 0.0280837
0.25, 0.0363547, 0.07, 0.93, 0.0323856
0.25, 0.0327756, 0.07, 0.93, 0.0311015
0.25, 0.0364499, 0.07, 0.93, 0.0311946
0.25, 0.0312708, 0.07, 0.93, 0.0305656
0.25, 0.0346521, 0.07, 0.93, 0.0339091
0.25, 0.0325701, 0.07, 0.93, 0.0302083
0.25, 0.0306491, 0.07, 0.93, 0.0294525
0.25, 0.0349559, 0.07, 0.93, 0.0317503
0.25, 0.037898, 0.07, 0.93, 0.0364398
0.25, 0.0334985, 0.07, 0.93, 0.0312885
0.25, 0.0327869, 0.07, 0.93, 0.0324513
0.25, 0.0338516, 0.07, 0.93, 0.0313166
0.25, 0.0291759, 0.07, 0.93, 0.0282331
0.25, 0.0341536, 0.07, 0.93, 0.0325339
0.25, 0.031867, 0.07, 0.93, 0.0317175
0.25, 0.0342802, 0.07, 0.93, 0.0313892
0.25, 0.0354041, 0.07, 0.93, 0.0352161
0.25, 0.0347467, 0.07, 0.93, 0.0336139
0.25, 0.0367341, 0.07, 0.93, 0.0345385
0.25, 0.0344241, 0.07, 0.93, 0.0336869
0.25, 0.0286347, 0.07, 0.93, 0.0288828
0.25, 0.0323071, 0.07, 0.93, 0.0316421
0.25, 0.0349421, 0.07, 0.93, 0.0320167
0.25, 0.0354772, 0.07, 0.93, 0.032686
0.25, 0.0330877, 0.07, 0.93, 0.0334363
0.25, 0.0373933, 0.075, 0.925, 0.0359585
0.25, 0.0406008, 0.075, 0.925, 0.0362866
0.25, 0.034341, 0.075, 0.925, 0.0340549
0.25, 0.0388562, 0.075, 0.925, 0.0365684
0.25, 0.036454, 0.075, 0.925, 0.0340307
0.25, 0.0395894, 0.075, 0.925, 0.0356719
0.25, 0.03728, 0.075, 0.925, 0.0351619
0.25, 0.0349513, 0.075, 0.925, 0.0337175
0.25, 0.03731, 0.075, 0.925, 0.0357389
0.25, 0.0394605, 0.075, 0.925, 0.036314
0.25, 0.0403994, 0.075, 0.925, 0.0376463
0.25, 0.0392265, 0.075, 0.925, 0.0363899
0.25, 0.0378487, 0.075, 0.925, 0.0348362
0.25, 0.0383887, 0.075, 0.925, 0.0363675
0.25, 0.0330723, 0.075, 0.925, 0.0323322
0.25, 0.0378036, 0.075, 0.925, 0.0341753
0.25, 0.036264, 0.075, 0.925, 0.0348426
0.25, 0.0389553, 0.075, 0.925, 0.0359346
0.25, 0.0437066, 0.075, 0.925, 0.04191
0.25, 0.038334, 0.075, 0.925, 0.0376953
0.25, 0.0364298, 0.075, 0.925, 0.034636
0.25, 0.0335814, 0.075, 0.925, 0.0334489
0.25, 0.0363069, 0.075, 0.925, 0.0343849
0.25, 0.035117, 0.075, 0.925, 0.0334027
0.25, 0.037776, 0.075, 0.925, 0.0329865
0.25, 0.0423475, 0.08, 0.92, 0.0385876
0.25, 0.042112, 0.08, 0.92, 0.0402005
0.25, 0.0399448, 0.08, 0.92, 0.0379877
0.25, 0.0395595, 0.08, 0.92, 0.0372671
0.25, 0.0368621, 0.08, 0.92, 0.0363607
0.25, 0.040652, 0.08, 0.92, 0.0397776
0.25, 0.0377587, 0.08, 0.92, 0.0358127
0.25, 0.0416236, 0.08, 0.92, 0.0376578
0.25, 0.0434869, 0.08, 0.92, 0.0405874
0.25, 0.041117, 0.08, 0.92, 0.0379889
0.25, 0.0426895, 0.08, 0.92, 0.0407755
0.25, 0.039146, 0.08, 0.92, 0.0357697
0.25, 0.0378799, 0.08, 0.92, 0.0354821
0.25, 0.0464044, 0.08, 0.92, 0.0413268
0.25, 0.041838, 0.08, 0.92, 0.0383793
0.25, 0.0431205, 0.08, 0.92, 0.041921
0.25, 0.0481072, 0.08, 0.92, 0.0433645
0.25, 0.0410086, 0.08, 0.92, 0.0392767
0.25, 0.0398626, 0.08, 0.92, 0.0367715
0.25, 0.0426008, 0.08, 0.92, 0.0386264
0.25, 0.0386349, 0.08, 0.92, 0.0373896
0.25, 0.0461456, 0.08, 0.92, 0.0432284
0.25, 0.043131, 0.08, 0.92, 0.0384739
0.25, 0.0432823, 0.08, 0.92, 0.0406031
0.25, 0.0402227, 0.08, 0.92, 0.0391871
0.25, 0.0435485, 0.085, 0.915, 0.0417499
0.25, 0.044284, 0.085, 0.915, 0.0409392
0.25, 0.0499472, 0.085, 0.915, 0.0448276
0.25, 0.0419179, 0.085, 0.915, 0.0402932
0.25, 0.0419407, 0.085, 0.915, 0.0405194
0.25, 0.0442735, 0.085, 0.915, 0.040373
0.25, 0.045233, 0.085, 0.915, 0.0420042
0.25, 0.0464118, 0.085, 0.915, 0.0423729
0.25, 0.0438159, 0.085, 0.915, 0.0430319
0.25, 0.0418566, 0.085, 0.915, 0.039373
0.25, 0.0444327, 0.085, 0.915, 0.0437439
0.25, 0.0463762, 0.085, 0.915, 0.043117
0.25, 0.0430746, 0.085, 0.915, 0.0416442
0.25, 0.0453024, 0.085, 0.915, 0.041053
0.25, 0.04493, 0.085, 0.915, 0.0424213
0.25, 0.0481437, 0.085, 0.915, 0.0479957
0.25, 0.0463077, 0.085, 0.915, 0.0431354
0.25, 0.0490573, 0.085, 0.915, 0.0467346
0.25, 0.0494352, 0.085, 0.915, 0.0451454
0.25, 0.0476727, 0.085, 0.915, 0.0458061
0.25, 0.0430041, 0.085, 0.915, 0.041081
0.25, 0.0444173, 0.085, 0.915, 0.0419023
0.25, 0.0474002, 0.085, 0.915, 0.0453725
0.25, 0.0443229, 0.085, 0.915, 0.0419923
0.25, 0.04482, 0.085, 0.915, 0.0452308
0.25, 0.0475171, 0.09, 0.91, 0.044448
0.25, 0.048589, 0.09, 0.91, 0.0458385
0.25, 0.0491718, 0.09, 0.91, 0.0489004
0.25, 0.0477784, 0.09, 0.91, 0.0457667
0.25, 0.0446745, 0.09, 0.91, 0.0432465
0.25, 0.045686, 0.09, 0.91, 0.0433248
0.25, 0.0526448, 0.09, 0.91, 0.049382
0.25, 0.0510445, 0.09, 0.91, 0.0463873
0.25, 0.051693, 0.09, 0.91, 0.0460795
0.25, 0.0528144, 0.09, 0.91, 0.0475829
0.25, 0.0518026, 0.09, 0.91, 0.0472394
0.25, 0.0478726, 0.09, 0.91, 0.045704
0.25, 0.0465611, 0.09, 0.91, 0.0458473
0.25, 0.0487194, 0.09, 0.91, 0.045047
0.25, 0.052125, 0.09, 0.91, 0.048244
0.25, 0.048798, 0.09, 0.91, 0.044323
0.25, 0.0518693, 0.09, 0.91, 0.0454009
0.25, 0.0475965, 0.09, 0.91, 0.046006
0.25, 0.0466782, 0.09, 0.91, 0.0452269
0.25, 0.0515498, 0.09, 0.91, 0.0468276
0.25, 0.0485152, 0.09, 0.91, 0.0435138
0.25, 0.0461328, 0.09, 0.91, 0.0436662
0.25, 0.0503187, 0.09, 0.91, 0.046667
0.25, 0.0532733, 0.09, 0.91, 0.0479448
0.25, 0.0505577, 0.09, 0.91, 0.0466037
0.25, 0.0510119, 0.095, 0.905, 0.0494667
0.25, 0.0526991, 0.095, 0.905, 0.0504422
0.25, 0.0476214, 0.095, 0.905, 0.0461968
0.25, 0.0586698, 0.095, 0.905, 0.0548904
0.25, 0.053682, 0.095, 0.905, 0.0496982
0.25, 0.0534226, 0.095, 0.905, 0.0522134
0.25, 0.0541293, 0.095, 0.905, 0.0512848
0.25, 0.0529978, 0.095, 0.905, 0.0500218
0.25, 0.0518403, 0.095, 0.905, 0.0515243
0.25, 0.0514265, 0.095, 0.905, 0.051807
0.25, 0.0464857, 0.095, 0.905, 0.0446355
0.25, 0.053281, 0.095, 0.905, 0.049361
0.25, 0.0455984, 0.095, 0.905, 0.046417
0.25, 0.056891, 0.095, 0.905, 0.0523972
0.25, 0.0507193, 0.095, 0.905, 0.0497628
0.25, 0.0546352, 0.095, 0.905, 0.0505727
0.25, 0.0510986, 0.095, 0.905, 0.0503031
0.25, 0.0553825, 0.095, 0.905, 0.0528992
0.25, 0.0494131, 0.095, 0.905, 0.0466007
0.25, 0.0563331, 0.095, 0.905, 0.0522093
0.25, 0.0568613, 0.095, 0.905, 0.0541954
0.25, 0.0511195, 0.095, 0.905, 0.0485077
0.25, 0.0553149, 0.095, 0.905, 0.0514927
0.25, 0.0555005, 0.095, 0.905, 0.0507297
0.25, 0.0551174, 0.095, 0.905, 0.0530978
0.25, 0.0594424, 0.1, 0.9, 0.0558061
0.25, 0.0550349, 0.1, 0.9, 0.0517878
0.25, 0.0543486, 0.1, 0.9, 0.04931
0.25, 0.0523794, 0.1, 0.9, 0.0499587
0.25, 0.0586399, 0.1, 0.9, 0.0555129
0.25, 0.061536, 0.1, 0.9, 0.0577007
0.25, 0.0557133, 0.1, 0.9, 0.0505399
0.25, 0.0567841, 0.1, 0.9, 0.0540511
0.25, 0.0562528, 0.1, 0.9, 0.054761
0.25, 0.0570344, 0.1, 0.9, 0.0552687
0.25, 0.0594853, 0.1, 0.9, 0.0560763
0.25, 0.0581138, 0.1, 0.9, 0.0561233
0.25, 0.0602121, 0.1, 0.9, 0.0576145
0.25, 0.0559801, 0.1, 0.9, 0.0527529
0.25, 0.0587374, 0.1, 0.9, 0.0543335
0.25, 0.056489, 0.1, 0.9, 0.053924
0.25, 0.0558943, 0.1, 0.9, 0.0519915
0.25, 0.059867, 0.1, 0.9, 0.0556223
0.25, 0.0539569, 0.1, 0.9, 0.0512375
0.25, 0.0588969, 0.1, 0.9, 0.0547938
0.25, 0.0529076, 0.1, 0.9, 0.0514373
0.25, 0.0542351, 0.1, 0.9, 0.0555375
0.25, 0.058194, 0.1, 0.9, 0.0545916
0.25, 0.0564564, 0.1, 0.9, 0.0523859
0.25, 0.0558855, 0.1, 0.9, 0.0521021
0.25, 0.0636705, 0.105, 0.895, 0.0576292
0.25, 0.0635716, 0.105, 0.895, 0.0586665
0.25, 0.0621031, 0.105, 0.895, 0.0571287
0.25, 0.0619571, 0.105, 0.895, 0.0593119
0.25, 0.0585769, 0.105, 0.895, 0.0569397
0.25, 0.062064, 0.105, 0.895, 0.0585566
0.25, 0.0641139, 0.105, 0.895, 0.0595558
0.25, 0.0627617, 0.105, 0.895, 0.0586694
0.25, 0.0610264, 0.105, 0.895, 0.0576318
0.25, 0.064203, 0.105, 0.895, 0.0593407
0.25, 0.0587661, 0.105, 0.895, 0.0531459
0.25, 0.0677408, 0.105, 0.895, 0.062927
0.25, 0.0611363, 0.105, 0.895, 0.0578476
0.25, 0.061352, 0.105, 0.895, 0.0581274
0.25, 0.0599675, 0.105, 0.895, 0.0566288
0.25, 0.0684647, 0.105, 0.895, 0.0635306
0.25, 0.0585237, 0.105, 0.895, 0.056202
0.25, 0.0609894, 0.105, 0.895, 0.0557233
0.25, 0.0646273, 0.105, 0.895, 0.0615477
0.25, 0.0559332, 0.105, 0.895, 0.0537188
0.25, 0.0645831, 0.105, 0.895, 0.0599038
0.25, 0.0627127, 0.105, 0.895, 0.0617795
0.25, 0.0589179, 0.105, 0.895, 0.054728
0.25, 0.058757, 0.105, 0.895, 0.0585068
0.25, 0.0595937, 0.105, 0.895, 0.0548109
0.25, 0.0602028, 0.11, 0.89, 0.058427
0.25, 0.0658546, 0.11, 0.89, 0.0623245
0.25, 0.0641412, 0.11, 0.89, 0.0626583
0.25, 0.0675444, 0.11, 0.89, 0.0639628
0.25, 0.0658245, 0.11, 0.89, 0.0611461
0.25, 0.0663716, 0.11, 0.89, 0.061479
0.25, 0.060475, 0.11, 0.89, 0.0596757
0.25, 0.0629961, 0.11, 0.89, 0.060237
0.25, 0.0712868, 0.11, 0.89, 0.0631141
0.25, 0.068443, 0.11, 0.89, 0.0630957
0.25, 0.0648543, 0.11, 0.89, 0.0606879
0.25, 0.0625732, 0.11, 0.89, 0.0590456
0.25, 0.0664943, 0.11, 0.89, 0.0616908
0.25, 0.0674919, 0.11, 0.89, 0.0628119
0.25, 0.0630867, 0.11, 0.89, 0.0605175
0.25, 0.064125, 0.11, 0.89, 0.058925
0.25, 0.0688912, 0.11, 0.89, 0.0661971
0.25, 0.0637194, 0.11, 0.89, 0.0604155
0.25, 0.0684274, 0.11, 0.89, 0.0634521
0.25, 0.0640154, 0.11, 0.89, 0.0608705
0.25, 0.0657471, 0.11, 0.89, 0.064204
0.25, 0.0597437, 0.11, 0.89, 0.0608932
0.25, 0.0693338, 0.11, 0.89, 0.066975
0.25, 0.0691787, 0.11, 0.89, 0.0645338
0.25, 0.062454, 0.11, 0.89, 0.0584455
0.25, 0.0705861, 0.115, 0.885, 0.0628616
0.25, 0.0719224, 0.115, 0.885, 0.0682387
0.25, 0.0687585, 0.115, 0.885, 0.063891
0.25, 0.0730228, 0.115, 0.885, 0.068913
0.25, 0.0698757, 0.115, 0.885, 0.0664678
0.25, 0.0669245, 0.115, 0.885, 0.0617442
0.25, 0.068722, 0.115, 0.885, 0.0651415
0.25, 0.0725573, 0.115, 0.885, 0.0682268
0.25, 0.0746117, 0.115, 0.885, 0.0677844
0.25, 0.0745682, 0.115, 0.885, 0.0693469
0.25, 0.0634039, 0.115, 0.885, 0.0622249
0.25, 0.0713374, 0.115, 0.885, 0.0667812
0.25, 0.0759918, 0.115, 0.885, 0.0678706
0.25, 0.0667152, 0.115, 0.885, 0.065203
0.25, 0.0747901, 0.115, 0.885, 0.0710389
0.25, 0.0711422, 0.115, 0.885, 0.0684711
0.25, 0.0695221, 0.115, 0.885, 0.0647773
0.25, 0.0717779, 0.115, 0.885, 0.0667619
0.25, 0.0694295, 0.115, 0.885, 0.0642322
0.25, 0.0652561, 0.115, 0.885, 0.0641547
0.25, 0.0687998, 0.115, 0.885, 0.0653291
0.25, 0.073438, 0.115, 0.885, 0.0707911
0.25, 0.071887, 0.115, 0.885, 0.0659829
0.25, 0.0730999, 0.115, 0.885, 0.0686431
0.25, 0.077297, 0.115, 0.885, 0.070334
0.25, 0.0758129, 0.12, 0.88, 0.0728035
0.25, 0.0716565, 0.12, 0.88, 0.0712283
0.25, 0.071083, 0.12, 0.88, 0.06928
0.25, 0.0763028, 0.12, 0.88, 0.0732316
0.25, 0.0753071, 0.12, 0.88, 0.0702507
0.25, 0.0836146, 0.12, 0.88, 0.0771545
0.25, 0.0746009, 0.12, 0.88, 0.069985
0.25, 0.0767628, 0.12, 0.88, 0.0714724
0.25, 0.06821, 0.12, 0.88, 0.0664718
0.25, 0.0669146, 0.12, 0.88, 0.0667476
0.25, 0.0786913, 0.12, 0.88, 0.0729155
0.25, 0.0756987, 0.12, 0.88, 0.069829
0.25, 0.0765553, 0.12, 0.88, 0.074307
0.25, 0.0738141, 0.12, 0.88, 0.0729167
0.25, 0.0769791, 0.12, 0.88, 0.0715225
0.25, 0.0814755, 0.12, 0.88, 0.0732949
0.25, 0.0737666, 0.12, 0.88, 0.0688624
0.25, 0.0736963, 0.12, 0.88, 0.0722663
0.25, 0.0758448, 0.12, 0.88, 0.0715768
0.25, 0.0744193, 0.12, 0.88, 0.0704515
0.25, 0.0716669, 0.12, 0.88, 0.0699163
0.25, 0.0730933, 0.12, 0.88, 0.0701639
0.25, 0.0714079, 0.12, 0.88, 0.0676208
0.25, 0.0788326, 0.12, 0.88, 0.0742516
0.25, 0.0757787, 0.12, 0.88, 0.0705657
0.25, 0.0744117, 0.125, 0.875, 0.0729772
0.25, 0.075101, 0.125, 0.875, 0.0731748
0.25, 0.0739678, 0.125, 0.875, 0.0723519
0.25, 0.0791341, 0.125, 0.875, 0.0762721
0.25, 0.081628, 0.125, 0.875, 0.076621
0.25, 0.0775657, 0.125, 0.875, 0.0749916
0.25, 0.0797044, 0.125, 0.875, 0.0773777
0.25, 0.078066, 0.125, 0.875, 0.0766888
0.25, 0.0763435, 0.125, 0.875, 0.0750125
0.25, 0.0857625, 0.125, 0.875, 0.0810094
0.25, 0.0782759, 0.125, 0.875, 0.0740186
0.25, 0.0824173, 0.125, 0.875, 0.0786201
0.25, 0.0792953, 0.125, 0.875, 0.0749903
0.25, 0.0821135, 0.125, 0.875, 0.0762793
0.25, 0.0796726, 0.125, 0.875, 0.075241
0.25, 0.087343, 0.125, 0.875, 0.0779322
0.25, 0.0756343, 0.125, 0.875, 0.0719292
0.25, 0.0806845, 0.125, 0.875, 0.0767595
0.25, 0.0806324, 0.125, 0.875, 0.0755912
0.25, 0.0787637, 0.125, 0.875, 0.0748174
0.25, 0.0812057, 0.125, 0.875, 0.0759186
0.25, 0.0833999, 0.125, 0.875, 0.0781276
0.25, 0.0837754, 0.125, 0.875, 0.078993
0.25, 0.0805081, 0.125, 0.875, 0.0780556
0.25, 0.0835007, 0.125, 0.875, 0.0800312
0.25, 0.0847541, 0.13, 0.87, 0.0779206
0.25, 0.085439, 0.13, 0.87, 0.0807506
0.25, 0.0784018, 0.13, 0.87, 0.0728359
0.25, 0.0888756, 0.13, 0.87, 0.0800354
0.25, 0.0794844, 0.13, 0.87, 0.0766437
0.25, 0.0839588, 0.13, 0.87, 0.0798038
0.25, 0.0850157, 0.13, 0.87, 0.0786216
0.25, 0.0866617, 0.13, 0.87, 0.0788098
0.25, 0.0870196, 0.13, 0.87, 0.0838778
0.25, 0.0864466, 0.13, 0.87, 0.082739
0.25, 0.0858614, 0.13, 0.87, 0.0805529
0.25, 0.0866588, 0.13, 0.87, 0.0807408
0.25, 0.0827331, 0.13, 0.87, 0.0789194
0.25, 0.0837276, 0.13, 0.87, 0.081724
0.25, 0.0896935, 0.13, 0.87, 0.0839967
0.25, 0.0833799, 0.13, 0.87, 0.0767996
0.25, 0.085328, 0.13, 0.87, 0.0797621
0.25, 0.0854244, 0.13, 0.87, 0.0812507
0.25, 0.0840655, 0.13, 0.87, 0.0794511
0.25, 0.0840548, 0.13, 0.87, 0.0783163
0.25, 0.087734, 0.13, 0.87, 0.083268
0.25, 0.0821839, 0.13, 0.87, 0.0822603
0.25, 0.0827033, 0.13, 0.87, 0.0772233
0.25, 0.0800363, 0.13, 0.87, 0.078612
0.25, 0.0889611, 0.13, 0.87, 0.0822472
0.25, 0.0904331, 0.135, 0.865, 0.0884548
0.25, 0.090987, 0.135, 0.865, 0.0853487
0.25, 0.0915974, 0.135, 0.865, 0.0854416
0.25, 0.0897673, 0.135, 0.865, 0.0841478
0.25, 0.0887778, 0.135, 0.865, 0.0840698
0.25, 0.0845441, 0.135, 0.865, 0.0795341
0.25, 0.0928891, 0.135, 0.865, 0.0895829
0.25, 0.0920942, 0.135, 0.865, 0.0871901
0.25, 0.0891446, 0.135, 0.865, 0.0863725
0.25, 0.0894535, 0.135, 0.865, 0.0852787
0.25, 0.094263, 0.135, 0.865, 0.0878835
0.25, 0.0898744, 0.135, 0.865, 0.0847496
0.25, 0.0878219, 0.135, 0.865, 0.0834036
0.25, 0.0866948, 0.135, 0.865, 0.0850134
0.25, 0.0878868, 0.135, 0.865, 0.0838888
0.25, 0.0921419, 0.135, 0.865, 0.0881157
0.25, 0.0850526, 0.135, 0.865, 0.0838333
0.25, 0.0889562, 0.135, 0.865, 0.0830097
0.25, 0.0920959, 0.135, 0.865, 0.0851136
0.25, 0.0876834, 0.135, 0.865, 0.0831432
0.25, 0.0897987, 0.135, 0.865, 0.0823569
0.25, 0.091072, 0.135, 0.865, 0.0832594
0.25, 0.0797975, 0.135, 0.865, 0.0789226
0.25, 0.0905082, 0.135, 0.865, 0.0841408
0.25, 0.0830455, 0.135, 0.865, 0.0811869
0.25, 0.0935979, 0.14, 0.86, 0.0884797
0.25, 0.093109, 0.14, 0.86, 0.0901053
0.25, 0.0896498, 0.14, 0.86, 0.0894894
0.25, 0.0925166, 0.14, 0.86, 0.0897465
0.25, 0.10113, 0.14, 0.86, 0.0935566
0.25, 0.0972046, 0.14, 0.86, 0.0879269
0.25, 0.0991263, 0.14, 0.86, 0.0916573
0.25, 0.0901443, 0.14, 0.86, 0.0868908
0.25, 0.0979831, 0.14, 0.86, 0.0942184
0.25, 0.0914462, 0.14, 0.86, 0.0899465
0.25, 0.0887448, 0.14, 0.86, 0.0851354
0.25, 0.0998212, 0.14, 0.86, 0.0943693
0.25, 0.0941795, 0.14, 0.86, 0.0886599
0.25, 0.0975944, 0.14, 0.86, 0.0905479
0.25, 0.0898418, 0.14, 0.86, 0.0851408
0.25, 0.0901822, 0.14, 0.86, 0.0859825
0.25, 0.0911344, 0.14, 0.86, 0.0893309
0.25, 0.087497, 0.14, 0.86, 0.0873989
0.25, 0.0928008, 0.14, 0.86, 0.0898462
0.25, 0.0946356, 0.14, 0.86, 0.0894935
0.25, 0.0921441, 0.14, 0.86, 0.0881315
0.25, 0.0924541, 0.14, 0.86, 0.0877972
0.25, 0.0928455, 0.14, 0.86, 0.0877676
0.25, 0.0930008, 0.14, 0.86, 0.0895004
0.25, 0.0969654, 0.14, 0.86, 0.0934038
0.25, 0.102878, 0.145, 0.855, 0.0966387
0.25, 0.0983335, 0.145, 0.855, 0.0924636
0.25, 0.0944349, 0.145, 0.855, 0.0915262
0.25, 0.100262, 0.145, 0.855, 0.0961462
0.25, 0.0958756, 0.145, 0.855, 0.0938301
0.25, 0.0981734, 0.145, 0.855, 0.0946199
0.25, 0.100389, 0.145, 0.855, 0.0951737
0.25, 0.0995259, 0.145, 0.855, 0.0966192
0.25, 0.0954487, 0.145, 0.855, 0.0915832
0.25, 0.0988376, 0.145, 0.855, 0.0934119
0.25, 0.0942899, 0.145, 0.855, 0.0911811
0.25, 0.10229, 0.145, 0.855, 0.0962392
0.25, 0.0996976, 0.145, 0.855, 0.0916662
0.25, 0.100628, 0.145, 0.855, 0.0956774
0.25, 0.0965845, 0.145, 0.855, 0.0910598
0.25, 0.0935807, 0.145, 0.855, 0.0885896
0.25, 0.0980313, 0.145, 0.855, 0.0915571
0.25, 0.109958, 0.145, 0.855, 0.101709
0.25, 0.104306, 0.145, 0.855, 0.0966625
0.25, 0.099757, 0.145, 0.855, 0.0960681
0.25, 0.095394, 0.145, 0.855, 0.0900107
0.25, 0.102004, 0.145, 0.855, 0.0948319
0.25, 0.101502, 0.145, 0.855, 0.0920381
0.25, 0.0868379, 0.145, 0.855, 0.0870959
0.25, 0.09752, 0.145, 0.855, 0.0935785
0.25, 0.106947, 0.15, 0.85, 0.10077
0.25, 0.101592, 0.15, 0.85, 0.0944975
0.25, 0.100756, 0.15, 0.85, 0.0963347
0.25, 0.0982811, 0.15, 0.85, 0.0963504
0.25, 0.106009, 0.15, 0.85, 0.101668
0.25, 0.104953, 0.15, 0.85, 0.0949768
0.25, 0.10126, 0.15, 0.85, 0.0974605
0.25, 0.104799, 0.15, 0.85, 0.101231
0.25, 0.102886, 0.15, 0.85, 0.0983663
0.25, 0.105854, 0.15, 0.85, 0.099863
0.25, 0.107369, 0.15, 0.85, 0.103479
0.25, 0.107284, 0.15, 0.85, 0.103478
0.25, 0.099117, 0.15, 0.85, 0.0925664
0.25, 0.111051, 0.15, 0.85, 0.103766
0.25, 0.101135, 0.15, 0.85, 0.0976784
0.25, 0.102862, 0.15, 0.85, 0.0987124
0.25, 0.103362, 0.15, 0.85, 0.0970385
0.25, 0.106482, 0.15, 0.85, 0.0997844
0.25, 0.103978, 0.15, 0.85, 0.101857
0.25, 0.107916, 0.15, 0.85, 0.102166
0.25, 0.101274, 0.15, 0.85, 0.0978887
0.25, 0.101602, 0.15, 0.85, 0.0986036
0.25, 0.109299, 0.15, 0.85, 0.103802
0.25, 0.103768, 0.15, 0.85, 0.102554
0.25, 0.109479, 0.15, 0.85, 0.100272
0.25, 0.112714, 0.155, 0.845, 0.106788
0.25, 0.112628, 0.155, 0.845, 0.103747
0.25, 0.112278, 0.155, 0.845, 0.10514
0.25, 0.115319, 0.155, 0.845, 0.107173
0.25, 0.108322, 0.155, 0.845, 0.102255
0.25, 0.108528, 0.155, 0.845, 0.103092
0.25, 0.115463, 0.155, 0.845, 0.106901
0.25, 0.10703, 0.155, 0.845, 0.104619
0.25, 0.101379, 0.155, 0.845, 0.0987039
0.25, 0.110751, 0.155, 0.845, 0.106011
0.25, 0.111875, 0.155, 0.845, 0.104662
0.25, 0.118848, 0.155, 0.845, 0.112051
0.25, 0.108063, 0.155, 0.845, 0.102765
0.25, 0.104119, 0.155, 0.845, 0.102914
0.25, 0.114934, 0.155, 0.845, 0.108977
0.25, 0.108809, 0.155, 0.845, 0.104645
0.25, 0.107719, 0.155, 0.845, 0.104942
0.25, 0.105247, 0.155, 0.845, 0.101884
0.25, 0.114669, 0.155, 0.845, 0.109584
0.25, 0.107287, 0.155, 0.845, 0.105332
0.25, 0.107685, 0.155, 0.845, 0.104912
0.25, 0.106566, 0.155, 0.845, 0.103062
0.25, 0.111285, 0.155, 0.845, 0.10717
0.25, 0.103652, 0.155, 0.845, 0.102027
0.25, 0.111115, 0.155, 0.845, 0.104712
0.25, 0.117981, 0.16, 0.84, 0.115658
0.25, 0.114293, 0.16, 0.84, 0.110444
0.25, 0.11635, 0.16, 0.84, 0.112207
0.25, 0.118213, 0.16, 0.84, 0.110273
0.25, 0.120222, 0.16, 0.84, 0.115509
0.25, 0.119221, 0.16, 0.84, 0.111827
0.25, 0.123244, 0.16, 0.84, 0.114598
0.25, 0.117813, 0.16, 0.84, 0.113749
0.25, 0.11983, 0.16, 0.84, 0.112551
0.25, 0.123854, 0.16, 0.84, 0.114214
0.25, 0.116566, 0.16, 0.84, 0.111933
0.25, 0.116911, 0.16, 0.84, 0.114916
0.25, 0.117803, 0.16, 0.84, 0.110695
0.25, 0.120198, 0.16, 0.84, 0.109538
0.25, 0.108105, 0.16, 0.84, 0.104004
0.25, 0.115398, 0.16, 0.84, 0.107434
0.25, 0.118976, 0.16, 0.84, 0.112866
0.25, 0.117458, 0.16, 0.84, 0.114682
0.25, 0.118308, 0.16, 0.84, 0.114495
0.25, 0.117076, 0.16, 0.84, 0.108039
0.25, 0.123374, 0.16, 0.84, 0.115519
0.25, 0.118702, 0.16, 0.84, 0.113217
0.25, 0.114451, 0.16, 0.84, 0.113142
0.25, 0.115252, 0.16, 0.84, 0.110302
0.25, 0.114827, 0.16, 0.84, 0.109847
0.25, 0.117256, 0.165, 0.835, 0.117671
0.25, 0.120393, 0.165, 0.835, 0.112973
0.25, 0.11867, 0.165, 0.835, 0.115331
0.25, 0.127317, 0.165, 0.835, 0.118748
0.25, 0.117693, 0.165, 0.835, 0.112755
0.25, 0.124554, 0.165, 0.835, 0.12038
0.25, 0.118938, 0.165, 0.835, 0.112817
0.25, 0.118989, 0.165, 0.835, 0.11217
0.25, 0.119186, 0.165, 0.835, 0.116852
0.25, 0.118622, 0.165, 0.835, 0.114956
0.25, 0.121058, 0.165, 0.835, 0.117499
0.25, 0.118963, 0.165, 0.835, 0.113388
0.25, 0.126896, 0.165, 0.835, 0.121267
0.25, 0.117866, 0.165, 0.835, 0.111302
0.25, 0.124292, 0.165, 0.835, 0.115637
0.25, 0.119269, 0.165, 0.835, 0.115269
0.25, 0.125234, 0.165, 0.835, 0.118172
0.25, 0.128811, 0.165, 0.835, 0.119993
0.25, 0.126297, 0.165, 0.835, 0.116681
0.25, 0.123, 0.165, 0.835, 0.114157
0.25, 0.11591, 0.165, 0.835, 0.1116
0.25, 0.120252, 0.165, 0.835, 0.114442
0.25, 0.111244, 0.165, 0.835, 0.10594
0.25, 0.126039, 0.165, 0.835, 0.119794
0.25, 0.118619, 0.165, 0.835, 0.113026
0.25, 0.129136, 0.17, 0.83, 0.122158
0.25, 0.126426, 0.17, 0.83, 0.119979
0.25, 0.120077, 0.17, 0.83, 0.115305
0.25, 0.12904, 0.17, 0.83, 0.124141
0.25, 0.12247, 0.17, 0.83, 0.117474
0.25, 0.131812, 0.17, 0.83, 0.125267
0.25, 0.126919, 0.17, 0.83, 0.121653
0.25, 0.128982, 0.17, 0.83, 0.123132
0.25, 0.125177, 0.17, 0.83, 0.119695
0.25, 0.118785, 0.17, 0.83, 0.117041
0.25, 0.122763, 0.17, 0.83, 0.115969
0.25, 0.130181, 0.17, 0.83, 0.124548
0.25, 0.125314, 0.17, 0.83, 0.118163
0.25, 0.119962, 0.17, 0.83, 0.116728
0.25, 0.12706, 0.17, 0.83, 0.120102
0.25, 0.121636, 0.17, 0.83, 0.114687
0.25, 0.122853, 0.17, 0.83, 0.118127
0.25, 0.119967, 0.17, 0.83, 0.118601
0.25, 0.123094, 0.17, 0.83, 0.116361
0.25, 0.122461, 0.17, 0.83, 0.115183
0.25, 0.120906, 0.17, 0.83, 0.116749
0.25, 0.127926, 0.17, 0.83, 0.124049
0.25, 0.124088, 0.17, 0.83, 0.120363
0.25, 0.125395, 0.17, 0.83, 0.121954
0.25, 0.125945, 0.17, 0.83, 0.119787
0.25, 0.13074, 0.175, 0.825, 0.124935
0.25, 0.130701, 0.175, 0.825, 0.126979
0.25, 0.126791, 0.175, 0.825, 0.122897
0.25, 0.134137, 0.175, 0.825, 0.127405
0.25, 0.134757, 0.175, 0.825, 0.127637
0.25, 0.126968, 0.175, 0.825, 0.120652
0.25, 0.131249, 0.175, 0.825, 0.126937
0.25, 0.130608, 0.175, 0.825, 0.125058
0.25, 0.1298, 0.175, 0.825, 0.125349
0.25, 0.135503, 0.175, 0.825, 0.126155
0.25, 0.128327, 0.175, 0.825, 0.123421
0.25, 0.126554, 0.175, 0.825, 0.12262
0.25, 0.133711, 0.175, 0.825, 0.124563
0.25, 0.133682, 0.175, 0.825, 0.127278
0.25, 0.131377, 0.175, 0.825, 0.125129
0.25, 0.134727, 0.175, 0.825, 0.127984
0.25, 0.132255, 0.175, 0.825, 0.121751
0.25, 0.134174, 0.175, 0.825, 0.126866
0.25, 0.136118, 0.175, 0.825, 0.133091
0.25, 0.136656, 0.175, 0.825, 0.129019
0.25, 0.130886, 0.175, 0.825, 0.128262
0.25, 0.138161, 0.175, 0.825, 0.132245
0.25, 0.130427, 0.175, 0.825, 0.128059
0.25, 0.137154, 0.175, 0.825, 0.128909
0.25, 0.126716, 0.175, 0.825, 0.125642
0.25, 0.139095, 0.18, 0.82, 0.13343
0.25, 0.145796, 0.18, 0.82, 0.135523
0.25, 0.134719, 0.18, 0.82, 0.128732
0.25, 0.141225, 0.18, 0.82, 0.132275
0.25, 0.137272, 0.18, 0.82, 0.134551
0.25, 0.12784, 0.18, 0.82, 0.124252
0.25, 0.139754, 0.18, 0.82, 0.134766
0.25, 0.133603, 0.18, 0.82, 0.132158
0.25, 0.140941, 0.18, 0.82, 0.135682
0.25, 0.136897, 0.18, 0.82, 0.132442
0.25, 0.138103, 0.18, 0.82, 0.132934
0.25, 0.134962, 0.18, 0.82, 0.135292
0.25, 0.134793, 0.18, 0.82, 0.130175
0.25, 0.133571, 0.18, 0.82, 0.129414
0.25, 0.140966, 0.18, 0.82, 0.137436
0.25, 0.138184, 0.18, 0.82, 0.136467
0.25, 0.138998, 0.18, 0.82, 0.132156
0.25, 0.132195, 0.18, 0.82, 0.125704
0.25, 0.135472, 0.18, 0.82, 0.131748
0.25, 0.137961, 0.18, 0.82, 0.132547
0.25, 0.140345, 0.18, 0.82, 0.134732
0.25, 0.132783, 0.18, 0.82, 0.127279
0.25, 0.142739, 0.18, 0.82, 0.134583
0.25, 0.138718, 0.18, 0.82, 0.130231
0.25, 0.140998, 0.18, 0.82, 0.134077
0.25, 0.14628, 0.185, 0.815, 0.138364
0.25, 0.137988, 0.185, 0.815, 0.136935
0.25, 0.149229, 0.185, 0.815, 0.140446
0.25, 0.147818, 0.185, 0.815, 0.143997
0.25, 0.146416, 0.185, 0.815, 0.138601
0.25, 0.143603, 0.185, 0.815, 0.137094
0.25, 0.14411, 0.185, 0.815, 0.139944
0.25, 0.144149, 0.185, 0.815, 0.138884
0.25, 0.150479, 0.185, 0.815, 0.145313
0.25, 0.142783, 0.185, 0.815, 0.138113
0.25, 0.15028, 0.185, 0.815, 0.145877
0.25, 0.140153, 0.185, 0.815, 0.139133
0.25, 0.152082, 0.185, 0.815, 0.142766
0.25, 0.14159, 0.185, 0.815, 0.136672
0.25, 0.137744, 0.185, 0.815, 0.134539
0.25, 0.141864, 0.185, 0.815, 0.141765
0.25, 0.146285, 0.185, 0.815, 0.141379
0.25, 0.147877, 0.185, 0.815, 0.141205
0.25, 0.137373, 0.185, 0.815, 0.132132
0.25, 0.148254, 0.185, 0.815, 0.139893
0.25, 0.138048, 0.185, 0.815, 0.134418
0.25, 0.149587, 0.185, 0.815, 0.145688
0.25, 0.140571, 0.185, 0.815, 0.135277
0.25, 0.143703, 0.185, 0.815, 0.137829
0.25, 0.143294, 0.185, 0.815, 0.139272
0.25, 0.144635, 0.19, 0.81, 0.141632
0.25, 0.145685, 0.19, 0.81, 0.144459
0.25, 0.14628, 0.19, 0.81, 0.138002
0.25, 0.141193, 0.19, 0.81, 0.13744
0.25, 0.149705, 0.19, 0.81, 0.141697
0.25, 0.151437, 0.19, 0.81, 0.148709
0.25, 0.14224, 0.19, 0.81, 0.138291
0.25, 0.150592, 0.19, 0.81, 0.15129
0.25, 0.149651, 0.19, 0.81, 0.141998
0.25, 0.15253, 0.19, 0.81, 0.147429
0.25, 0.145444, 0.19, 0.81, 0.139115
0.25, 0.152343, 0.19, 0.81, 0.147837
0.25, 0.138168, 0.19, 0.81, 0.137407
0.25, 0.149449, 0.19, 0.81, 0.144786
0.25, 0.145351, 0.19, 0.81, 0.140849
0.25, 0.149577, 0.19, 0.81, 0.1449
0.25, 0.14928, 0.19, 0.81, 0.145075
0.25, 0.15285, 0.19, 0.81, 0.148076
0.25, 0.146152, 0.19, 0.81, 0.140587
0.25, 0.151403, 0.19, 0.81, 0.144758
0.25, 0.151263, 0.19, 0.81, 0.146399
0.25, 0.154462, 0.19, 0.81, 0.144518
0.25, 0.145609, 0.19, 0.81, 0.139417
0.25, 0.150572, 0.19, 0.81, 0.142707
0.25, 0.147931, 0.19, 0.81, 0.138931
0.25, 0.154692, 0.195, 0.805, 0.150085
0.25, 0.16273, 0.195, 0.805, 0.151977
0.25, 0.159441, 0.195, 0.805, 0.151657
0.25, 0.153942, 0.195, 0.805, 0.148633
0.25, 0.152121, 0.195, 0.805, 0.145018
0.25, 0.154086, 0.195, 0.805, 0.150215
0.25, 0.147055, 0.195, 0.805, 0.143919
0.25, 0.152449, 0.195, 0.805, 0.154611
0.25, 0.153008, 0.195, 0.805, 0.150449
0.25, 0.163121, 0.195, 0.805, 0.156233
0.25, 0.152385, 0.195, 0.805, 0.149076
0.25, 0.154533, 0.195, 0.805, 0.149895
0.25, 0.156049, 0.195, 0.805, 0.148377
0.25, 0.156152, 0.195, 0.805, 0.152542
0.25, 0.158605, 0.195, 0.805, 0.154491
0.25, 0.150079, 0.195, 0.805, 0.146906
0.25, 0.159546, 0.195, 0.805, 0.155015
0.25, 0.157572, 0.195, 0.805, 0.147355
0.25, 0.146503, 0.195, 0.805, 0.142632
0.25, 0.158629, 0.195, 0.805, 0.153376
0.25, 0.160322, 0.195, 0.805, 0.155796
0.25, 0.163006, 0.195, 0.805, 0.153788
0.25, 0.16288, 0.195, 0.805, 0.15155
0.25, 0.149045, 0.195, 0.805, 0.148118
0.25, 0.149946, 0.195, 0.805, 0.147928
0.25, 0.160117, 0.2, 0.8, 0.155596
0.25, 0.167408, 0.2, 0.8, 0.156886
0.25, 0.168596, 0.2, 0.8, 0.162714
0.25, 0.157302, 0.2, 0.8, 0.149433
0.25, 0.160807, 0.2, 0.8, 0.157621
0.25, 0.157334, 0.2, 0.8, 0.152379
0.25, 0.158766, 0.2, 0.8, 0.151324
0.25, 0.159838, 0.2, 0.8, 0.153896
0.25, 0.164497, 0.2, 0.8, 0.156342
0.25, 0.166957, 0.2, 0.8, 0.155801
0.25, 0.161109, 0.2, 0.8, 0.156102
0.25, 0.153586, 0.2, 0.8, 0.150469
0.25, 0.159596, 0.2, 0.8, 0.155884
0.25, 0.167633, 0.2, 0.8, 0.15609
0.25, 0.164163, 0.2, 0.8, 0.158913
0.25, 0.162994, 0.2, 0.8, 0.159829
0.25, 0.1686, 0.2, 0.8, 0.165952
0.25, 0.154109, 0.2, 0.8, 0.153828
0.25, 0.157984, 0.2, 0.8, 0.154765
0.25, 0.159402, 0.2, 0.8, 0.15372
0.25, 0.172854, 0.2, 0.8, 0.162064
0.25, 0.159785, 0.2, 0.8, 0.157617
0.25, 0.169973, 0.2, 0.8, 0.164531
0.25, 0.156756, 0.2, 0.8, 0.156266
0.25, 0.161972, 0.2, 0.8, 0.158024
0.25, 0.158194, 0.205, 0.795, 0.15659
0.25, 0.173024, 0.205, 0.795, 0.166391
0.25, 0.17635, 0.205, 0.795, 0.168417
0.25, 0.158884, 0.205, 0.795, 0.157174
0.25, 0.163214, 0.205, 0.795, 0.159141
0.25, 0.1629, 0.205, 0.795, 0.156261
0.25, 0.161145, 0.205, 0.795, 0.158046
0.25, 0.168137, 0.205, 0.795, 0.158639
0.25, 0.154983, 0.205, 0.795, 0.158184
0.25, 0.170984, 0.205, 0.795, 0.164488
0.25, 0.164132, 0.205, 0.795, 0.164761
0.25, 0.169345, 0.205, 0.795, 0.165325
0.25, 0.159118, 0.205, 0.795, 0.151915
0.25, 0.173741, 0.205, 0.795, 0.168289
0.25, 0.174114, 0.205, 0.795, 0.162272
0.25, 0.157667, 0.205, 0.795, 0.154838
0.25, 0.157247, 0.205, 0.795, 0.157529
0.25, 0.166684, 0.205, 0.795, 0.162445
0.25, 0.177223, 0.205, 0.795, 0.171623
0.25, 0.161641, 0.205, 0.795, 0.159094
0.25, 0.161226, 0.205, 0.795, 0.159896
0.25, 0.176442, 0.205, 0.795, 0.170446
0.25, 0.16966, 0.205, 0.795, 0.162663
0.25, 0.155098, 0.205, 0.795, 0.154096
0.25, 0.163237, 0.205, 0.795, 0.1604
0.25, 0.163244, 0.21, 0.79, 0.161753
0.25, 0.176163, 0.21, 0.79, 0.169852
0.25, 0.167532, 0.21, 0.79, 0.166539
0.25, 0.170412, 0.21, 0.79, 0.169608
0.25, 0.168332, 0.21, 0.79, 0.166788
0.25, 0.176927, 0.21, 0.79, 0.173782
0.25, 0.17196, 0.21, 0.79, 0.164852
0.25, 0.165731, 0.21, 0.79, 0.158732
0.25, 0.171073, 0.21, 0.79, 0.166294
0.25, 0.175179, 0.21, 0.79, 0.170908
0.25, 0.172627, 0.21, 0.79, 0.169336
0.25, 0.174859, 0.21, 0.79, 0.169578
0.25, 0.173016, 0.21, 0.79, 0.172481
0.25, 0.175954, 0.21, 0.79, 0.170005
0.25, 0.179455, 0.21, 0.79, 0.171973
0.25, 0.176325, 0.21, 0.79, 0.16961
0.25, 0.171747, 0.21, 0.79, 0.163793
0.25, 0.17457, 0.21, 0.79, 0.170701
0.25, 0.171088, 0.21, 0.79, 0.166901
0.25, 0.168582, 0.21, 0.79, 0.164857
0.25, 0.177481, 0.21, 0.79, 0.171689
0.25, 0.172411, 0.21, 0.79, 0.163629
0.25, 0.18528, 0.21, 0.79, 0.175978
0.25, 0.170389, 0.21, 0.79, 0.170417
0.25, 0.180106, 0.21, 0.79, 0.173218
0.25, 0.184258, 0.215, 0.785, 0.17534
0.25, 0.176246, 0.215, 0.785, 0.170008
0.25, 0.168511, 0.215, 0.785, 0.164558
0.25, 0.1762, 0.215, 0.785, 0.176135
0.25, 0.169786, 0.215, 0.785, 0.165176
0.25, 0.180985, 0.215, 0.785, 0.175399
0.25, 0.177573, 0.215, 0.785, 0.17234
0.25, 0.179278, 0.215, 0.785, 0.175271
0.25, 0.18618, 0.215, 0.785, 0.179532
0.25, 0.17729, 0.215, 0.785, 0.172438
0.25, 0.175003, 0.215, 0.785, 0.168806
0.25, 0.193609, 0.215, 0.785, 0.186602
0.25, 0.181855, 0.215, 0.785, 0.175496
0.25, 0.183127, 0.215, 0.785, 0.177438
0.25, 0.183439, 0.215, 0.785, 0.178236
0.25, 0.177927, 0.215, 0.785, 0.174342
0.25, 0.175847, 0.215, 0.785, 0.170116
0.25, 0.178805, 0.215, 0.785, 0.174593
0.25, 0.175481, 0.215, 0.785, 0.172221
0.25, 0.189027, 0.215, 0.785, 0.18125
0.25, 0.175444, 0.215, 0.785, 0.170308
0.25, 0.175991, 0.215, 0.785, 0.175701
0.25, 0.18053, 0.215, 0.785, 0.176425
0.25, 0.182373, 0.215, 0.785, 0.17367
0.25, 0.178624, 0.215, 0.785, 0.1718
0.25, 0.177556, 0.22, 0.78, 0.176481
0.25, 0.188946, 0.22, 0.78, 0.181938
0.25, 0.180498, 0.22, 0.78, 0.17526
0.25, 0.18981, 0.22, 0.78, 0.184367
0.25, 0.191632, 0.22, 0.78, 0.188487
0.25, 0.179868, 0.22, 0.78, 0.174045
0.25, 0.171979, 0.22, 0.78, 0.170943
0.25, 0.18717, 0.22, 0.78, 0.183683
0.25, 0.178316, 0.22, 0.78, 0.175858
0.25, 0.186663, 0.22, 0.78, 0.180608
0.25, 0.189236, 0.22, 0.78, 0.181505
0.25, 0.184574, 0.22, 0.78, 0.185196
0.25, 0.191948, 0.22, 0.78, 0.187154
0.25, 0.192686, 0.22, 0.78, 0.188445
0.25, 0.188365, 0.22, 0.78, 0.179986
0.25, 0.185213, 0.22, 0.78, 0.185533
0.25, 0.188374, 0.22, 0.78, 0.184989
0.25, 0.185441, 0.22, 0.78, 0.17867
0.25, 0.18853, 0.22, 0.78, 0.18574
0.25, 0.189345, 0.22, 0.78, 0.181715
0.25, 0.183338, 0.22, 0.78, 0.179319
0.25, 0.194073, 0.22, 0.78, 0.184633
0.25, 0.185539, 0.22, 0.78, 0.17775
0.25, 0.184365, 0.22, 0.78, 0.178548
0.25, 0.184613, 0.22, 0.78, 0.184141
0.25, 0.192202, 0.225, 0.775, 0.184522
0.25, 0.195962, 0.225, 0.775, 0.191972
0.25, 0.198577, 0.225, 0.775, 0.193174
0.25, 0.192566, 0.225, 0.775, 0.187077
0.25, 0.189904, 0.225, 0.775, 0.183029
0.25, 0.203292, 0.225, 0.775, 0.195464
0.25, 0.186321, 0.225, 0.775, 0.183046
0.25, 0.193544, 0.225, 0.775, 0.186972
0.25, 0.197273, 0.225, 0.775, 0.19288
0.25, 0.199873, 0.225, 0.775, 0.187307
0.25, 0.194847, 0.225, 0.775, 0.188649
0.25, 0.185751, 0.225, 0.775, 0.181043
0.25, 0.177823, 0.225, 0.775, 0.175037
0.25, 0.191363, 0.225, 0.775, 0.189334
0.25, 0.190037, 0.225, 0.775, 0.188745
0.25, 0.195815, 0.225, 0.775, 0.188791
0.25, 0.19301, 0.225, 0.775, 0.185317
0.25, 0.193758, 0.225, 0.775, 0.190288
0.25, 0.19951, 0.225, 0.775, 0.192515
0.25, 0.194101, 0.225, 0.775, 0.191425
0.25, 0.190556, 0.225, 0.775, 0.188831
0.25, 0.197866, 0.225, 0.775, 0.193409
0.25, 0.183011, 0.225, 0.775, 0.181125
0.25, 0.200419, 0.225, 0.775, 0.192045
0.25, 0.193671, 0.225, 0.775, 0.189313
0.25, 0.190602, 0.23, 0.77, 0.184313
0.25, 0.203915, 0.23, 0.77, 0.197379
0.25, 0.209713, 0.23, 0.77, 0.201291
0.25, 0.188988, 0.23, 0.77, 0.188726
0.25, 0.198082, 0.23, 0.77, 0.19051
0.25, 0.197029, 0.23, 0.77, 0.195062
0.25, 0.200981, 0.23, 0.77, 0.19913
0.25, 0.189603, 0.23, 0.77, 0.186803
0.25, 0.197536, 0.23, 0.77, 0.190695
0.25, 0.208258, 0.23, 0.77, 0.19833
0.25, 0.190709, 0.23, 0.77, 0.188941
0.25, 0.200667, 0.23, 0.77, 0.195945
0.25, 0.195434, 0.23, 0.77, 0.192153
0.25, 0.194753, 0.23, 0.77, 0.190307
0.25, 0.191258, 0.23, 0.77, 0.18816
0.25, 0.199236, 0.23, 0.77, 0.189752
0.25, 0.208215, 0.23, 0.77, 0.205223
0.25, 0.199264, 0.23, 0.77, 0.193813
0.25, 0.200757, 0.23, 0.77, 0.19515
0.25, 0.195734, 0.23, 0.77, 0.195767
0.25, 0.200046, 0.23, 0.77, 0.192915
0.25, 0.201269, 0.23, 0.77, 0.194852
0.25, 0.19215, 0.23, 0.77, 0.190533
0.25, 0.19773, 0.23, 0.77, 0.192969
0.25, 0.201486, 0.23, 0.77, 0.193326
0.25, 0.214202, 0.235, 0.765, 0.210698
0.25, 0.193986, 0.235, 0.765, 0.187224
0.25, 0.20378, 0.235, 0.765, 0.202775
0.25, 0.210887, 0.235, 0.765, 0.209486
0.25, 0.201229, 0.235, 0.765, 0.198994
0.25, 0.20429, 0.235, 0.765, 0.205327
0.25, 0.205433, 0.235, 0.765, 0.20319
0.25, 0.212002, 0.235, 0.765, 0.20023
0.25, 0.209394, 0.235, 0.765, 0.201367
0.25, 0.207001, 0.235, 0.765, 0.199722
0.25, 0.201433, 0.235, 0.765, 0.199413
0.25, 0.205228, 0.235, 0.765, 0.198136
0.25, 0.201107, 0.235, 0.765, 0.199134
0.25, 0.203144, 0.235, 0.765, 0.195567
0.25, 0.199521, 0.235, 0.765, 0.200873
0.25, 0.195557, 0.235, 0.765, 0.191831
0.25, 0.199442, 0.235, 0.765, 0.193881
0.25, 0.205552, 0.235, 0.765, 0.199736
0.25, 0.207201, 0.235, 0.765, 0.201526
0.25, 0.20031, 0.235, 0.765, 0.200158
0.25, 0.206391, 0.235, 0.765, 0.203396
0.25, 0.210561, 0.235, 0.765, 0.202665
0.25, 0.207848, 0.235, 0.765, 0.203415
0.25, 0.2054, 0.235, 0.765, 0.201899
0.25, 0.208009, 0.235, 0.765, 0.198706
0.25, 0.207271, 0.24, 0.76, 0.205697
0.25, 0.214198, 0.24, 0.76, 0.209138
0.25, 0.207417, 0.24, 0.76, 0.203826
0.25, 0.212775, 0.24, 0.76, 0.206676
0.25, 0.215139, 0.24, 0.76, 0.206137
0.25, 0.216444, 0.24, 0.76, 0.213238
0.25, 0.209639, 0.24, 0.76, 0.206799
0.25, 0.22314, 0.24, 0.76, 0.210564
0.25, 0.209117, 0.24, 0.76, 0.203724
0.25, 0.213, 0.24, 0.76, 0.208105
0.25, 0.209885, 0.24, 0.76, 0.206633
0.25, 0.206911, 0.24, 0.76, 0.205148
0.25, 0.227472, 0.24, 0.76, 0.214935
0.25, 0.215777, 0.24, 0.76, 0.211491
0.25, 0.22148, 0.24, 0.76, 0.214621
0.25, 0.214933, 0.24, 0.76, 0.202793
0.25, 0.214751, 0.24, 0.76, 0.204787
0.25, 0.21289, 0.24, 0.76, 0.213216
0.25, 0.205265, 0.24, 0.76, 0.198244
0.25, 0.214722, 0.24, 0.76, 0.205619
0.25, 0.206516, 0.24, 0.76, 0.204786
0.25, 0.21595, 0.24, 0.76, 0.210849
0.25, 0.225031, 0.24, 0.76, 0.213569
0.25, 0.221558, 0.24, 0.76, 0.212399
0.25, 0.232448, 0.24, 0.76, 0.222337
0.25, 0.220254, 0.245, 0.755, 0.214637
0.25, 0.215524, 0.245, 0.755, 0.214435
0.25, 0.213061, 0.245, 0.755, 0.207548
0.25, 0.216122, 0.245, 0.755, 0.210805
0.25, 0.220244, 0.245, 0.755, 0.218562
0.25, 0.215001, 0.245, 0.755, 0.2124
0.25, 0.222545, 0.245, 0.755, 0.220294
0.25, 0.213951, 0.245, 0.755, 0.208131
0.25, 0.220627, 0.245, 0.755, 0.215773
0.25, 0.216878, 0.245, 0.755, 0.218031
0.25, 0.217773, 0.245, 0.755, 0.211165
0.25, 0.215361, 0.245, 0.755, 0.210453
0.25, 0.225183, 0.245, 0.755, 0.219542
0.25, 0.224516, 0.245, 0.755, 0.213729
0.25, 0.221262, 0.245, 0.755, 0.219436
0.25, 0.209243, 0.245, 0.755, 0.211722
0.25, 0.217014, 0.245, 0.755, 0.213906
0.25, 0.214181, 0.245, 0.755, 0.211208
0.25, 0.218384, 0.245, 0.755, 0.21498
0.25, 0.220828, 0.245, 0.755, 0.216414
0.25, 0.217166, 0.245, 0.755, 0.217137
0.25, 0.221327, 0.245, 0.755, 0.210909
0.25, 0.223225, 0.245, 0.755, 0.221296
0.25, 0.224208, 0.245, 0.755, 0.22339
0.25, 0.21358, 0.245, 0.755, 0.207487
0.25, 0.235064, 0.25, 0.75, 0.225045
0.25, 0.221825, 0.25, 0.75, 0.216429
0.25, 0.221797, 0.25, 0.75, 0.216945
0.25, 0.227526, 0.25, 0.75, 0.225846
0.25, 0.222548, 0.25, 0.75, 0.219996
0.25, 0.217613, 0.25, 0.75, 0.211396
0.25, 0.224632, 0.25, 0.75, 0.22482
0.25, 0.2222, 0.25, 0.75, 0.219245
0.25, 0.234853, 0.25, 0.75, 0.227111
0.25, 0.23161, 0.25, 0.75, 0.226054
0.25, 0.219442, 0.25, 0.75, 0.215628
0.25, 0.229477, 0.25, 0.75, 0.225599
0.25, 0.232794, 0.25, 0.75, 0.226256
0.25, 0.229871, 0.25, 0.75, 0.223453
0.25, 0.233076, 0.25, 0.75, 0.230351
0.25, 0.219703, 0.25, 0.75, 0.217568
0.25, 0.236739, 0.25, 0.75, 0.228846
0.25, 0.230264, 0.25, 0.75, 0.226557
0.25, 0.22923, 0.25, 0.75, 0.223926
0.25, 0.220081, 0.25, 0.75, 0.22143
0.25, 0.225629, 0.25, 0.75, 0.219627
0.25, 0.221541, 0.25, 0.75, 0.219082
0.25, 0.236408, 0.25, 0.75, 0.228972
0.25, 0.221712, 0.25, 0.75, 0.2207
0.25, 0.22984, 0.25, 0.75, 0.228759
0.25, 0.23748, 0.255, 0.745, 0.23268
0.25, 0.2375, 0.255, 0.745, 0.232828
0.25, 0.229949, 0.255, 0.745, 0.231945
0.25, 0.229112, 0.255, 0.745, 0.229088
0.25, 0.229284, 0.255, 0.745, 0.224726
0.25, 0.228374, 0.255, 0.745, 0.224584
0.25, 0.2298, 0.255, 0.745, 0.226513
0.25, 0.230308, 0.255, 0.745, 0.226306
0.25, 0.234648, 0.255, 0.745, 0.231314
0.25, 0.237796, 0.255, 0.745, 0.233972
0.25, 0.231963, 0.255, 0.745, 0.227003
0.25, 0.237975, 0.255, 0.745, 0.232569
0.25, 0.228545, 0.255, 0.745, 0.22677
0.25, 0.230914, 0.255, 0.745, 0.230741
0.25, 0.240647, 0.255, 0.745, 0.232018
0.25, 0.239332, 0.255, 0.745, 0.235373
0.25, 0.226155, 0.255, 0.745, 0.224111
0.25, 0.238929, 0.255, 0.745, 0.234462
0.25, 0.239481, 0.255, 0.745, 0.23225
0.25, 0.240514, 0.255, 0.745, 0.235374
0.25, 0.234097, 0.255, 0.745, 0.2321
0.25, 0.231737, 0.255, 0.745, 0.225229
0.25, 0.228301, 0.255, 0.745, 0.224242
0.25, 0.221773, 0.255, 0.745, 0.224149
0.25, 0.230464, 0.255, 0.745, 0.229898
0.25, 0.247423, 0.26, 0.74, 0.233343
0.25, 0.243576, 0.26, 0.74, 0.237137
0.25, 0.24219, 0.26, 0.74, 0.235697
0.25, 0.253934, 0.26, 0.74, 0.24603
0.25, 0.234241, 0.26, 0.74, 0.233251
0.25, 0.241701, 0.26, 0.74, 0.236086
0.25, 0.236249, 0.26, 0.74, 0.235398
0.25, 0.246254, 0.26, 0.74, 0.23976
0.25, 0.237821, 0.26, 0.74, 0.232994
0.25, 0.244129, 0.26, 0.74, 0.243243
0.25, 0.2482, 0.26, 0.74, 0.242457
0.25, 0.232434, 0.26, 0.74, 0.236704
0.25, 0.245475, 0.26, 0.74, 0.242262
0.25, 0.241199, 0.26, 0.74, 0.233356
0.25, 0.239335, 0.26, 0.74, 0.235287
0.25, 0.238492, 0.26, 0.74, 0.234921
0.25, 0.240795, 0.26, 0.74, 0.23715
0.25, 0.234097, 0.26, 0.74, 0.228811
0.25, 0.252079, 0.26, 0.74, 0.248023
0.25, 0.239495, 0.26, 0.74, 0.232662
0.25, 0.239893, 0.26, 0.74, 0.234777
0.25, 0.239126, 0.26, 0.74, 0.237767
0.25, 0.242818, 0.26, 0.74, 0.236802
0.25, 0.245068, 0.26, 0.74, 0.241578
0.25, 0.23432, 0.26, 0.74, 0.227298
0.25, 0.25892, 0.265, 0.735, 0.250107
0.25, 0.243886, 0.265, 0.735, 0.23862
0.25, 0.241647, 0.265, 0.735, 0.239638
0.25, 0.24043, 0.265, 0.735, 0.235571
0.25, 0.251183, 0.265, 0.735, 0.242409
0.25, 0.256736, 0.265, 0.735, 0.253412
0.25, 0.251189, 0.265, 0.735, 0.245964
0.25, 0.255219, 0.265, 0.735, 0.25014
0.25, 0.254895, 0.265, 0.735, 0.24842
0.25, 0.261244, 0.265, 0.735, 0.257561
0.25, 0.248467, 0.265, 0.735, 0.241156
0.25, 0.258534, 0.265, 0.735, 0.246418
0.25, 0.245441, 0.265, 0.735, 0.245758
0.25, 0.250822, 0.265, 0.735, 0.248983
0.25, 0.246427, 0.265, 0.735, 0.240751
0.25, 0.252278, 0.265, 0.735, 0.248315
0.25, 0.25882, 0.265, 0.735, 0.254279
0.25, 0.249543, 0.265, 0.735, 0.244629
0.25, 0.236177, 0.265, 0.735, 0.233043
0.25, 0.251612, 0.265, 0.735, 0.247603
0.25, 0.255491, 0.265, 0.735, 0.251412
0.25, 0.251721, 0.265, 0.735, 0.246707
0.25, 0.247476, 0.265, 0.735, 0.246112
0.25, 0.255911, 0.265, 0.735, 0.250247
0.25, 0.248757, 0.265, 0.735, 0.24366
0.25, 0.252059, 0.27, 0.73, 0.249589
0.25, 0.267538, 0.27, 0.73, 0.259368
0.25, 0.263297, 0.27, 0.73, 0.258856
0.25, 0.252721, 0.27, 0.73, 0.248362
0.25, 0.25927, 0.27, 0.73, 0.250721
0.25, 0.269121, 0.27, 0.73, 0.260685
0.25, 0.253811, 0.27, 0.73, 0.252998
0.25, 0.251184, 0.27, 0.73, 0.250767
0.25, 0.261937, 0.27, 0.73, 0.249722
0.25, 0.25763, 0.27, 0.73, 0.247869
0.25, 0.261429, 0.27, 0.73, 0.258253
0.25, 0.255174, 0.27, 0.73, 0.249537
0.25, 0.260569, 0.27, 0.73, 0.252412
0.25, 0.26967, 0.27, 0.73, 0.259082
0.25, 0.264122, 0.27, 0.73, 0.257932
0.25, 0.249009, 0.27, 0.73, 0.246639
0.25, 0.260923, 0.27, 0.73, 0.255949
0.25, 0.254574, 0.27, 0.73, 0.251941
0.25, 0.266963, 0.27, 0.73, 0.261576
0.25, 0.252815, 0.27, 0.73, 0.248594
0.25, 0.256114, 0.27, 0.73, 0.252808
0.25, 0.251721, 0.27, 0.73, 0.247975
0.25, 0.247662, 0.27, 0.73, 0.243519
0.25, 0.257244, 0.27, 0.73, 0.256865
0.25, 0.256365, 0.27, 0.73, 0.257007
0.25, 0.258946, 0.275, 0.725, 0.253751
0.25, 0.276845, 0.275, 0.725, 0.265697
0.25, 0.261408, 0.275, 0.725, 0.258935
0.25, 0.254567, 0.275, 0.725, 0.252719
0.25, 0.269273, 0.275, 0.725, 0.264078
0.25, 0.267774, 0.275, 0.725, 0.265142
0.25, 0.26379, 0.275, 0.725, 0.257409
0.25, 0.26954, 0.275, 0.725, 0.266592
0.25, 0.270968, 0.275, 0.725, 0.259452
0.25, 0.272485, 0.275, 0.725, 0.268145
0.25, 0.264558, 0.275, 0.725, 0.258957
0.25, 0.268825, 0.275, 0.725, 0.257996
0.25, 0.263202, 0.275, 0.725, 0.258516
0.25, 0.265773, 0.275, 0.725, 0.263956
0.25, 0.270277, 0.275, 0.725, 0.262438
0.25, 0.273649, 0.275, 0.725, 0.270773
0.25, 0.252771, 0.275, 0.725, 0.252496
0.25, 0.270869, 0.275, 0.725, 0.264516
0.25, 0.259373, 0.275, 0.725, 0.259492
0.25, 0.261665, 0.275, 0.725, 0.257958
0.25, 0.263902, 0.275, 0.725, 0.259843
0.25, 0.260646, 0.275, 0.725, 0.258133
0.25, 0.268094, 0.275, 0.725, 0.266504
0.25, 0.271941, 0.275, 0.725, 0.259211
0.25, 0.263409, 0.275, 0.725, 0.260528
0.25, 0.273254, 0.28, 0.72, 0.268173
0.25, 0.27522, 0.28, 0.72, 0.266418
0.25, 0.280443, 0.28, 0.72, 0.273411
0.25, 0.272357, 0.28, 0.72, 0.268179
0.25, 0.263438, 0.28, 0.72, 0.260639
0.25, 0.270309, 0.28, 0.72, 0.260864
0.25, 0.265758, 0.28, 0.72, 0.258944
0.25, 0.268451, 0.28, 0.72, 0.26433
0.25, 0.27896, 0.28, 0.72, 0.272578
0.25, 0.281538, 0.28, 0.72, 0.279035
0.25, 0.271497, 0.28, 0.72, 0.266379
0.25, 0.273279, 0.28, 0.72, 0.265324
0.25, 0.279436, 0.28, 0.72, 0.271044
0.25, 0.273914, 0.28, 0.72, 0.271106
0.25, 0.268601, 0.28, 0.72, 0.265429
0.25, 0.264528, 0.28, 0.72, 0.271039
0.25, 0.267647, 0.28, 0.72, 0.262275
0.25, 0.263784, 0.28, 0.72, 0.262247
0.25, 0.262575, 0.28, 0.72, 0.258403
0.25, 0.275603, 0.28, 0.72, 0.269204
0.25, 0.270664, 0.28, 0.72, 0.265753
0.25, 0.269386, 0.28, 0.72, 0.267365
0.25, 0.268693, 0.28, 0.72, 0.26344
0.25, 0.27369, 0.28, 0.72, 0.27144
0.25, 0.274923, 0.28, 0.72, 0.271049
0.25, 0.278133, 0.285, 0.715, 0.272892
0.25, 0.27496, 0.285, 0.715, 0.271508
0.25, 0.27381, 0.285, 0.715, 0.272117
0.25, 0.273289, 0.285, 0.715, 0.27021
0.25, 0.276335, 0.285, 0.715, 0.273755
0.25, 0.279415, 0.285, 0.715, 0.27925
0.25, 0.276294, 0.285, 0.715, 0.276354
0.25, 0.280034, 0.285, 0.715, 0.276381
0.25, 0.282313, 0.285, 0.715, 0.280197
0.25, 0.276394, 0.285, 0.715, 0.273273
0.25, 0.28519, 0.285, 0.715, 0.280646
0.25, 0.285758, 0.285, 0.715, 0.277231
0.25, 0.28558, 0.285, 0.715, 0.283174
0.25, 0.284377, 0.285, 0.715, 0.278634
0.25, 0.266264, 0.285, 0.715, 0.265014
0.25, 0.282618, 0.285, 0.715, 0.276128
0.25, 0.274627, 0.285, 0.715, 0.272506
0.25, 0.288238, 0.285, 0.715, 0.285118
0.25, 0.280061, 0.285, 0.715, 0.274512
0.25, 0.285644, 0.285, 0.715, 0.281605
0.25, 0.271207, 0.285, 0.715, 0.268236
0.25, 0.283841, 0.285, 0.715, 0.276928
0.25, 0.270111, 0.285, 0.715, 0.264512
0.25, 0.274479, 0.285, 0.715, 0.269414
0.25, 0.28234, 0.285, 0.715, 0.27802
0.25, 0.287835, 0.29, 0.71, 0.285563
0.25, 0.283783, 0.29, 0.71, 0.284829
0.25, 0.283385, 0.29, 0.71, 0.28032
0.25, 0.296566, 0.29, 0.71, 0.296501
0.25, 0.287005, 0.29, 0.71, 0.281735
0.25, 0.28532, 0.29, 0.71, 0.286864
0.25, 0.29684, 0.29, 0.71, 0.297421
0.25, 0.294337, 0.29, 0.71, 0.285885
0.25, 0.288177, 0.29, 0.71, 0.280179
0.25, 0.294289, 0.29, 0.71, 0.29142
0.25, 0.285781, 0.29, 0.71, 0.279453
0.25, 0.279138, 0.29, 0.71, 0.280495
0.25, 0.29096, 0.29, 0.71, 0.289311
0.25, 0.294681, 0.29, 0.71, 0.285778
0.25, 0.285504, 0.29, 0.71, 0.280602
0.25, 0.302795, 0.29, 0.71, 0.293715
0.25, 0.284996, 0.29, 0.71, 0.283934
0.25, 0.289792, 0.29, 0.71, 0.286687
0.25, 0.289337, 0.29, 0.71, 0.283919
0.25, 0.274034, 0.29, 0.71, 0.274341
0.25, 0.284596, 0.29, 0.71, 0.281007
0.25, 0.300749, 0.29, 0.71, 0.28848
0.25, 0.304996, 0.29, 0.71, 0.291444
0.25, 0.285515, 0.29, 0.71, 0.280719
0.25, 0.288885, 0.29, 0.71, 0.282986
0.25, 0.294109, 0.295, 0.705, 0.290656
0.25, 0.2962, 0.295, 0.705, 0.292276
0.25, 0.293994, 0.295, 0.705, 0.293561
0.25, 0.297003, 0.295, 0.705, 0.293415
0.25, 0.295678, 0.295, 0.705, 0.290945
0.25, 0.300269, 0.295, 0.705, 0.289317
0.25, 0.283121, 0.295, 0.705, 0.280518
0.25, 0.282597, 0.295, 0.705, 0.278018
0.25, 0.29713, 0.295, 0.705, 0.29618
0.25, 0.284398, 0.295, 0.705, 0.281363
0.25, 0.302209, 0.295, 0.705, 0.305111
0.25, 0.307924, 0.295, 0.705, 0.298539
0.25, 0.286257, 0.295, 0.705, 0.279901
0.25, 0.301283, 0.295, 0.705, 0.294391
0.25, 0.288936, 0.295, 0.705, 0.284596
0.25, 0.298251, 0.295, 0.705, 0.300851
0.25, 0.294412, 0.295, 0.705, 0.292049
0.25, 0.286133, 0.295, 0.705, 0.287011
0.25, 0.289893, 0.295, 0.705, 0.294192
0.25, 0.306089, 0.295, 0.705, 0.299593
0.25, 0.292804, 0.295, 0.705, 0.285076
0.25, 0.296413, 0.295, 0.705, 0.294073
0.25, 0.297692, 0.295, 0.705, 0.288338
0.25, 0.302457, 0.295, 0.705, 0.299091
0.25, 0.291815, 0.295, 0.705, 0.294571
0.25, 0.311927, 0.3, 0.7, 0.311122
0.25, 0.319809, 0.3, 0.7, 0.312413
0.25, 0.305939, 0.3, 0.7, 0.3041
0.25, 0.306909, 0.3, 0.7, 0.305916
0.25, 0.316028, 0.3, 0.7, 0.305549
0.25, 0.308453, 0.3, 0.7, 0.308675
0.25, 0.310533, 0.3, 0.7, 0.304398
0.25, 0.307689, 0.3, 0.7, 0.302807
0.25, 0.310319, 0.3, 0.7, 0.306235
0.25, 0.299713, 0.3, 0.7, 0.29718
0.25, 0.304884, 0.3, 0.7, 0.30637
0.25, 0.305133, 0.3, 0.7, 0.300343
0.25, 0.308016, 0.3, 0.7, 0.302838
0.25, 0.310542, 0.3, 0.7, 0.302986
0.25, 0.308442, 0.3, 0.7, 0.304131
0.25, 0.306668, 0.3, 0.7, 0.304948
0.25, 0.298689, 0.3, 0.7, 0.292257
0.25, 0.309112, 0.3, 0.7, 0.296166
0.25, 0.299581, 0.3, 0.7, 0.292489
0.25, 0.301746, 0.3, 0.7, 0.300127
0.25, 0.304486, 0.3, 0.7, 0.303289
0.25, 0.287546, 0.3, 0.7, 0.293163
0.25, 0.311762, 0.3, 0.7, 0.305282
0.25, 0.296973, 0.3, 0.7, 0.299005
0.25, 0.299859, 0.3, 0.7, 0.296986
0.25, 0.319667, 0.305, 0.695, 0.315351
0.25, 0.307899, 0.305, 0.695, 0.30649
0.25, 0.308389, 0.305, 0.695, 0.309789
0.25, 0.316532, 0.305, 0.695, 0.314125
0.25, 0.31981, 0.305, 0.695, 0.317843
0.25, 0.3042, 0.305, 0.695, 0.300816
0.25, 0.305784, 0.305, 0.695, 0.301235
0.25, 0.30656, 0.305, 0.695, 0.303065
0.25, 0.309813, 0.305, 0.695, 0.312211
0.25, 0.31611, 0.305, 0.695, 0.313007
0.25, 0.311433, 0.305, 0.695, 0.308064
0.25, 0.311419, 0.305, 0.695, 0.306221
0.25, 0.306814, 0.305, 0.695, 0.307199
0.25, 0.315019, 0.305, 0.695, 0.30701
0.25, 0.309964, 0.305, 0.695, 0.304811
0.25, 0.315921, 0.305, 0.695, 0.309368
0.25, 0.315941, 0.305, 0.695, 0.311443
0.25, 0.306905, 0.305, 0.695, 0.302244
0.25, 0.308368, 0.305, 0.695, 0.30803
0.25, 0.310597, 0.305, 0.695, 0.304144
0.25, 0.319228, 0.305, 0.695, 0.314789
0.25, 0.309543, 0.305, 0.695, 0.306083
0.25, 0.317001, 0.305, 0.695, 0.311091
0.25, 0.301463, 0.305, 0.695, 0.303583
0.25, 0.307667, 0.305, 0.695, 0.303095
0.25, 0.324659, 0.31, 0.69, 0.322869
0.25, 0.317925, 0.31, 0.69, 0.315626
0.25, 0.317983, 0.31, 0.69, 0.319137
0.25, 0.324909, 0.31, 0.69, 0.316684
0.25, 0.322333, 0.31, 0.69, 0.318317
0.25, 0.320328, 0.31, 0.69, 0.316869
0.25, 0.320277, 0.31, 0.69, 0.315005
0.25, 0.31121, 0.31, 0.69, 0.307584
0.25, 0.321264, 0.31, 0.69, 0.319862
0.25, 0.323866, 0.31, 0.69, 0.321794
0.25, 0.326591, 0.31, 0.69, 0.320756
0.25, 0.326988, 0.31, 0.69, 0.326225
0.25, 0.312945, 0.31, 0.69, 0.310559
0.25, 0.332286, 0.31, 0.69, 0.325211
0.25, 0.324649, 0.31, 0.69, 0.317299
0.25, 0.313534, 0.31, 0.69, 0.311873
0.25, 0.321217, 0.31, 0.69, 0.320833
0.25, 0.322162, 0.31, 0.69, 0.318424
0.25, 0.306786, 0.31, 0.69, 0.312297
0.25, 0.318449, 0.31, 0.69, 0.319582
0.25, 0.318987, 0.31, 0.69, 0.314364
0.25, 0.332529, 0.31, 0.69, 0.328666
0.25, 0.314477, 0.31, 0.69, 0.316602
0.25, 0.323827, 0.31, 0.69, 0.316306
0.25, 0.310938, 0.31, 0.69, 0.313194
0.25, 0.329332, 0.315, 0.685, 0.322256
0.25, 0.318577, 0.315, 0.685, 0.31584
0.25, 0.330322, 0.315, 0.685, 0.329722
0.25, 0.330281, 0.315, 0.685, 0.32952
0.25, 0.327357, 0.315, 0.685, 0.319184
0.25, 0.337914, 0.315, 0.685, 0.325157
0.25, 0.336733, 0.315, 0.685, 0.329675
0.25, 0.321281, 0.315, 0.685, 0.315364
0.25, 0.333684, 0.315, 0.685, 0.329648
0.25, 0.329019, 0.315, 0.685, 0.32181
0.25, 0.323504, 0.315, 0.685, 0.324861
0.25, 0.33411, 0.315, 0.685, 0.324189
0.25, 0.327608, 0.315, 0.685, 0.324735
0.25, 0.325547, 0.315, 0.685, 0.326273
0.25, 0.322142, 0.315, 0.685, 0.319321
0.25, 0.322381, 0.315, 0.685, 0.315608
0.25, 0.340933, 0.315, 0.685, 0.333463
0.25, 0.33334, 0.315, 0.685, 0.333768
0.25, 0.336308, 0.315, 0.685, 0.334753
0.25, 0.331759, 0.315, 0.685, 0.330649
0.25, 0.342262, 0.315, 0.685, 0.333656
0.25, 0.327813, 0.315, 0.685, 0.323144
0.25, 0.330343, 0.315, 0.685, 0.3254
0.25, 0.328637, 0.315, 0.685, 0.319289
0.25, 0.342284, 0.315, 0.685, 0.330054
0.25, 0.341857, 0.32, 0.68, 0.33127
0.25, 0.332655, 0.32, 0.68, 0.32883
0.25, 0.346872, 0.32, 0.68, 0.340892
0.25, 0.327915, 0.32, 0.68, 0.328405
0.25, 0.335929, 0.32, 0.68, 0.331817
0.25, 0.346883, 0.32, 0.68, 0.340234
0.25, 0.338003, 0.32, 0.68, 0.333204
0.25, 0.34616, 0.32, 0.68, 0.338675
0.25, 0.362081, 0.32, 0.68, 0.34768
0.25, 0.351304, 0.32, 0.68, 0.345284
0.25, 0.330105, 0.32, 0.68, 0.330306
0.25, 0.338544, 0.32, 0.68, 0.337093
0.25, 0.350862, 0.32, 0.68, 0.33983
0.25, 0.332017, 0.32, 0.68, 0.334768
0.25, 0.338511, 0.32, 0.68, 0.336615
0.25, 0.339192, 0.32, 0.68, 0.335872
0.25, 0.348164, 0.32, 0.68, 0.337538
0.25, 0.334377, 0.32, 0.68, 0.329706
0.25, 0.348378, 0.32, 0.68, 0.340777
0.25, 0.326036, 0.32, 0.68, 0.330753
0.25, 0.34287, 0.32, 0.68, 0.330288
0.25, 0.333766, 0.32, 0.68, 0.334678
0.25, 0.31908, 0.32, 0.68, 0.322121
0.25, 0.321406, 0.32, 0.68, 0.323842
0.25, 0.343736, 0.32, 0.68, 0.337651
0.25, 0.343181, 0.325, 0.675, 0.338842
0.25, 0.346775, 0.325, 0.675, 0.338119
0.25, 0.362797, 0.325, 0.675, 0.355175
0.25, 0.341688, 0.325, 0.675, 0.339801
0.25, 0.338662, 0.325, 0.675, 0.340616
0.25, 0.332022, 0.325, 0.675, 0.338055
0.25, 0.343307, 0.325, 0.675, 0.341543
0.25, 0.333932, 0.325, 0.675, 0.33203
0.25, 0.352279, 0.325, 0.675, 0.350164
0.25, 0.348604, 0.325, 0.675, 0.341162
0.25, 0.344327, 0.325, 0.675, 0.337509
0.25, 0.354766, 0.325, 0.675, 0.348821
0.25, 0.335823, 0.325, 0.675, 0.337439
0.25, 0.332614, 0.325, 0.675, 0.338606
0.25, 0.339868, 0.325, 0.675, 0.339858
0.25, 0.3457, 0.325, 0.675, 0.343424
0.25, 0.347035, 0.325, 0.675, 0.345366
0.25, 0.339135, 0.325, 0.675, 0.333291
0.25, 0.338721, 0.325, 0.675, 0.334609
0.25, 0.339122, 0.325, 0.675, 0.336662
0.25, 0.352262, 0.325, 0.675, 0.348704
0.25, 0.345702, 0.325, 0.675, 0.344803
0.25, 0.339232, 0.325, 0.675, 0.336843
0.25, 0.333316, 0.325, 0.675, 0.331221
0.25, 0.352614, 0.325, 0.675, 0.341766
0.25, 0.351207, 0.33, 0.67, 0.346392
0.25, 0.354734, 0.33, 0.67, 0.351394
0.25, 0.364665, 0.33, 0.67, 0.357236
0.25, 0.354204, 0.33, 0.67, 0.341365
0.25, 0.365178, 0.33, 0.67, 0.359243
0.25, 0.351554, 0.33, 0.67, 0.35194
0.25, 0.35999, 0.33, 0.67, 0.353362
0.25, 0.359825, 0.33, 0.67, 0.356089
0.25, 0.358942, 0.33, 0.67, 0.354895
0.25, 0.363572, 0.33, 0.67, 0.349812
0.25, 0.361068, 0.33, 0.67, 0.356116
0.25, 0.352174, 0.33, 0.67, 0.346521
0.25, 0.353471, 0.33, 0.67, 0.350367
0.25, 0.351777, 0.33, 0.67, 0.350403
0.25, 0.345927, 0.33, 0.67, 0.347118
0.25, 0.362752, 0.33, 0.67, 0.357979
0.25, 0.349463, 0.33, 0.67, 0.34834
0.25, 0.354566, 0.33, 0.67, 0.347594
0.25, 0.352033, 0.33, 0.67, 0.346979
0.25, 0.357043, 0.33, 0.67, 0.351388
0.25, 0.360571, 0.33, 0.67, 0.359416
0.25, 0.355121, 0.33, 0.67, 0.351457
0.25, 0.356278, 0.33, 0.67, 0.355007
0.25, 0.364057, 0.33, 0.67, 0.35746
0.25, 0.352067, 0.33, 0.67, 0.349018
0.25, 0.358502, 0.335, 0.665, 0.353846
0.25, 0.36463, 0.335, 0.665, 0.358287
0.25, 0.359857, 0.335, 0.665, 0.354824
0.25, 0.370938, 0.335, 0.665, 0.366744
0.25, 0.373825, 0.335, 0.665, 0.36992
0.25, 0.361263, 0.335, 0.665, 0.365372
0.25, 0.367943, 0.335, 0.665, 0.369873
0.25, 0.360776, 0.335, 0.665, 0.357077
0.25, 0.372459, 0.335, 0.665, 0.36225
0.25, 0.368072, 0.335, 0.665, 0.363024
0.25, 0.370082, 0.335, 0.665, 0.36585
0.25, 0.376008, 0.335, 0.665, 0.369791
0.25, 0.370461, 0.335, 0.665, 0.367929
0.25, 0.373773, 0.335, 0.665, 0.366777
0.25, 0.354972, 0.335, 0.665, 0.355877
0.25, 0.385226, 0.335, 0.665, 0.373464
0.25, 0.380563, 0.335, 0.665, 0.371583
0.25, 0.354429, 0.335, 0.665, 0.354455
0.25, 0.370817, 0.335, 0.665, 0.363975
0.25, 0.361879, 0.335, 0.665, 0.356689
0.25, 0.364676, 0.335, 0.665, 0.360553
0.25, 0.363305, 0.335, 0.665, 0.361002
0.25, 0.360325, 0.335, 0.665, 0.356701
0.25, 0.355863, 0.335, 0.665, 0.358183
0.25, 0.390824, 0.335, 0.665, 0.375555
0.25, 0.370427, 0.34, 0.66, 0.364836
0.25, 0.39235, 0.34, 0.66, 0.388535
0.25, 0.393599, 0.34, 0.66, 0.379887
0.25, 0.380092, 0.34, 0.66, 0.368025
0.25, 0.383105, 0.34, 0.66, 0.379718
0.25, 0.3746, 0.34, 0.66, 0.370894
0.25, 0.369964, 0.34, 0.66, 0.37347
0.25, 0.361064, 0.34, 0.66, 0.361235
0.25, 0.367212, 0.34, 0.66, 0.35902
0.25, 0.371327, 0.34, 0.66, 0.367083
0.25, 0.37311, 0.34, 0.66, 0.369813
0.25, 0.366079, 0.34, 0.66, 0.359025
0.25, 0.363178, 0.34, 0.66, 0.362598
0.25, 0.359851, 0.34, 0.66, 0.362653
0.25, 0.390199, 0.34, 0.66, 0.382125
0.25, 0.389594, 0.34, 0.66, 0.389032
0.25, 0.368662, 0.34, 0.66, 0.362356
0.25, 0.378021, 0.34, 0.66, 0.371033
0.25, 0.376884, 0.34, 0.66, 0.377033
0.25, 0.370532, 0.34, 0.66, 0.366311
0.25, 0.379469, 0.34, 0.66, 0.377446
0.25, 0.369653, 0.34, 0.66, 0.363494
0.25, 0.355522, 0.34, 0.66, 0.357941
0.25, 0.380626, 0.34, 0.66, 0.377202
0.25, 0.379151, 0.34, 0.66, 0.377044
0.25, 0.381809, 0.345, 0.655, 0.379053
0.25, 0.384996, 0.345, 0.655, 0.386081
0.25, 0.389064, 0.345, 0.655, 0.381122
0.25, 0.393059, 0.345, 0.655, 0.387245
0.25, 0.395818, 0.345, 0.655, 0.388005
0.25, 0.381441, 0.345, 0.655, 0.37931
0.25, 0.389378, 0.345, 0.655, 0.388412
0.25, 0.390858, 0.345, 0.655, 0.386314
0.25, 0.370251, 0.345, 0.655, 0.369165
0.25, 0.383844, 0.345, 0.655, 0.382587
0.25, 0.400443, 0.345, 0.655, 0.39483
0.25, 0.368186, 0.345, 0.655, 0.367001
0.25, 0.379948, 0.345, 0.655, 0.377509
0.25, 0.375053, 0.345, 0.655, 0.375604
0.25, 0.409225, 0.345, 0.655, 0.397635
0.25, 0.371616, 0.345, 0.655, 0.373491
0.25, 0.378556, 0.345, 0.655, 0.375505
0.25, 0.377351, 0.345, 0.655, 0.375682
0.25, 0.390023, 0.345, 0.655, 0.382221
0.25, 0.380772, 0.345, 0.655, 0.376302
0.25, 0.370374, 0.345, 0.655, 0.370248
0.25, 0.378269, 0.345, 0.655, 0.379385
0.25, 0.384856, 0.345, 0.655, 0.376997
0.25, 0.392905, 0.345, 0.655, 0.383798
0.25, 0.387421, 0.345, 0.655, 0.382937
0.25, 0.391987, 0.35, 0.65, 0.390009
0.25, 0.391675, 0.35, 0.65, 0.388653
0.25, 0.403427, 0.35, 0.65, 0.396559
0.25, 0.408093, 0.35, 0.65, 0.402937
0.25, 0.398667, 0.35, 0.65, 0.388559
0.25, 0.390119, 0.35, 0.65, 0.385154
0.25, 0.39702, 0.35, 0.65, 0.390569
0.25, 0.39861, 0.35, 0.65, 0.390692
0.25, 0.393433, 0.35, 0.65, 0.386952
0.25, 0.391473, 0.35, 0.65, 0.385785
0.25, 0.395932, 0.35, 0.65, 0.394263
0.25, 0.406016, 0.35, 0.65, 0.398351
0.25, 0.394643, 0.35, 0.65, 0.386046
0.25, 0.393531, 0.35, 0.65, 0.384024
0.25, 0.393139, 0.35, 0.65, 0.390945
0.25, 0.400979, 0.35, 0.65, 0.391336
0.25, 0.403921, 0.35, 0.65, 0.399621
0.25, 0.389676, 0.35, 0.65, 0.386928
0.25, 0.383614, 0.35, 0.65, 0.384564
0.25, 0.403439, 0.35, 0.65, 0.399346
0.25, 0.393135, 0.35, 0.65, 0.398879
0.25, 0.401226, 0.35, 0.65, 0.391778
0.25, 0.407601, 0.35, 0.65, 0.402947
0.25, 0.405957, 0.35, 0.65, 0.401198
0.25, 0.404575, 0.35, 0.65, 0.398836
0.25, 0.4126, 0.355, 0.645, 0.402144
0.25, 0.399061, 0.355, 0.645, 0.399934
0.25, 0.415952, 0.355, 0.645, 0.406519
0.25, 0.413319, 0.355, 0.645, 0.409864
0.25, 0.407213, 0.355, 0.645, 0.399018
0.25, 0.402793, 0.355, 0.645, 0.392039
0.25, 0.417555, 0.355, 0.645, 0.411553
0.25, 0.401095, 0.355, 0.645, 0.400584
0.25, 0.39771, 0.355, 0.645, 0.394078
0.25, 0.407419, 0.355, 0.645, 0.405013
0.25, 0.400186, 0.355, 0.645, 0.397087
0.25, 0.403555, 0.355, 0.645, 0.405303
0.25, 0.40446, 0.355, 0.645, 0.399893
0.25, 0.411393, 0.355, 0.645, 0.407437
0.25, 0.399212, 0.355, 0.645, 0.396957
0.25, 0.391529, 0.355, 0.645, 0.389409
0.25, 0.399077, 0.355, 0.645, 0.396072
0.25, 0.413553, 0.355, 0.645, 0.40903
0.25, 0.414894, 0.355, 0.645, 0.409945
0.25, 0.406342, 0.355, 0.645, 0.397443
0.25, 0.401363, 0.355, 0.645, 0.397079
0.25, 0.420757, 0.355, 0.645, 0.405781
0.25, 0.41617, 0.355, 0.645, 0.410873
0.25, 0.422405, 0.355, 0.645, 0.411453
0.25, 0.418772, 0.355, 0.645, 0.412309
0.25, 0.42012, 0.36, 0.64, 0.412813
0.25, 0.413823, 0.36, 0.64, 0.411172
0.25, 0.41242, 0.36, 0.64, 0.411956
0.25, 0.430048, 0.36, 0.64, 0.422083
0.25, 0.414748, 0.36, 0.64, 0.410913
0.25, 0.407278, 0.36, 0.64, 0.400386
0.25, 0.397624, 0.36, 0.64, 0.396305
0.25, 0.41231, 0.36, 0.64, 0.417455
0.25, 0.416998, 0.36, 0.64, 0.416271
0.25, 0.420992, 0.36, 0.64, 0.414403
0.25, 0.408339, 0.36, 0.64, 0.406702
0.25, 0.398043, 0.36, 0.64, 0.397772
0.25, 0.41582, 0.36, 0.64, 0.410615
0.25, 0.41746, 0.36, 0.64, 0.410742
0.25, 0.417577, 0.36, 0.64, 0.41308
0.25, 0.426468, 0.36, 0.64, 0.421038
0.25, 0.436167, 0.36, 0.64, 0.428202
0.25, 0.405996, 0.36, 0.64, 0.40145
0.25, 0.433126, 0.36, 0.64, 0.423072
0.25, 0.420755, 0.36, 0.64, 0.419401
0.25, 0.440013, 0.36, 0.64, 0.42395
0.25, 0.427466, 0.36, 0.64, 0.418257
0.25, 0.410173, 0.36, 0.64, 0.411016
0.25, 0.404758, 0.36, 0.64, 0.396904
0.25, 0.427364, 0.36, 0.64, 0.421991
0.25, 0.420823, 0.365, 0.635, 0.425054
0.25, 0.420324, 0.365, 0.635, 0.417767
0.25, 0.426095, 0.365, 0.635, 0.42367
0.25, 0.42012, 0.365, 0.635, 0.412403
0.25, 0.434358, 0.365, 0.635, 0.429114
0.25, 0.422811, 0.365, 0.635, 0.421475
0.25, 0.427194, 0.365, 0.635, 0.422999
0.25, 0.437992, 0.365, 0.635, 0.433491
0.25, 0.419857, 0.365, 0.635, 0.419426
0.25, 0.421611, 0.365, 0.635, 0.420843
0.25, 0.43395, 0.365, 0.635, 0.427144
0.25, 0.429702, 0.365, 0.635, 0.418492
0.25, 0.433314, 0.365, 0.635, 0.431039
0.25, 0.42133, 0.365, 0.635, 0.422243
0.25, 0.419401, 0.365, 0.635, 0.420858
0.25, 0.439019, 0.365, 0.635, 0.431938
0.25, 0.441031, 0.365, 0.635, 0.433001
0.25, 0.415317, 0.365, 0.635, 0.413304
0.25, 0.424134, 0.365, 0.635, 0.420706
0.25, 0.415268, 0.365, 0.635, 0.405624
0.25, 0.411069, 0.365, 0.635, 0.413688
0.25, 0.437199, 0.365, 0.635, 0.429151
0.25, 0.424214, 0.365, 0.635, 0.419648
0.25, 0.421755, 0.365, 0.635, 0.421932
0.25, 0.43298, 0.365, 0.635, 0.426828
0.25, 0.431653, 0.37, 0.63, 0.427076
0.25, 0.441395, 0.37, 0.63, 0.43551
0.25, 0.449712, 0.37, 0.63, 0.442225
0.25, 0.435804, 0.37, 0.63, 0.427552
0.25, 0.443237, 0.37, 0.63, 0.437975
0.25, 0.452417, 0.37, 0.63, 0.444871
0.25, 0.444974, 0.37, 0.63, 0.436233
0.25, 0.439547, 0.37, 0.63, 0.432205
0.25, 0.454339, 0.37, 0.63, 0.445478
0.25, 0.432523, 0.37, 0.63, 0.434027
0.25, 0.442494, 0.37, 0.63, 0.434223
0.25, 0.442589, 0.37, 0.63, 0.433628
0.25, 0.41921, 0.37, 0.63, 0.41547
0.25, 0.422453, 0.37, 0.63, 0.426433
0.25, 0.447338, 0.37, 0.63, 0.440274
0.25, 0.442621, 0.37, 0.63, 0.428911
0.25, 0.437708, 0.37, 0.63, 0.434332
0.25, 0.440377, 0.37, 0.63, 0.435142
0.25, 0.448021, 0.37, 0.63, 0.445682
0.25, 0.459275, 0.37, 0.63, 0.450055
0.25, 0.458541, 0.37, 0.63, 0.451786
0.25, 0.437149, 0.37, 0.63, 0.432208
0.25, 0.429598, 0.37, 0.63, 0.422843
0.25, 0.431963, 0.37, 0.63, 0.426588
0.25, 0.439716, 0.37, 0.63, 0.429671
0.25, 0.46215, 0.375, 0.625, 0.456751
0.25, 0.449525, 0.375, 0.625, 0.450742
0.25, 0.436172, 0.375, 0.625, 0.432912
0.25, 0.443426, 0.375, 0.625, 0.434514
0.25, 0.454568, 0.375, 0.625, 0.444361
0.25, 0.452497, 0.375, 0.625, 0.451816
0.25, 0.464686, 0.375, 0.625, 0.450639
0.25, 0.462231, 0.375, 0.625, 0.456008
0.25, 0.463581, 0.375, 0.625, 0.454333
0.25, 0.440852, 0.375, 0.625, 0.436134
0.25, 0.458549, 0.375, 0.625, 0.450201
0.25, 0.448203, 0.375, 0.625, 0.441427
0.25, 0.452125, 0.375, 0.625, 0.447433
0.25, 0.451449, 0.375, 0.625, 0.439276
0.25, 0.455343, 0.375, 0.625, 0.446047
0.25, 0.452974, 0.375, 0.625, 0.442206
0.25, 0.456615, 0.375, 0.625, 0.445434
0.25, 0.455523, 0.375, 0.625, 0.443394
0.25, 0.459108, 0.375, 0.625, 0.453114
0.25, 0.443877, 0.375, 0.625, 0.438858
0.25, 0.444348, 0.375, 0.625, 0.443277
0.25, 0.443716, 0.375, 0.625, 0.442318
0.25, 0.448078, 0.375, 0.625, 0.442868
0.25, 0.454694, 0.375, 0.625, 0.440306
0.25, 0.438689, 0.375, 0.625, 0.437232
0.25, 0.454381, 0.38, 0.62, 0.445702
0.25, 0.452346, 0.38, 0.62, 0.450237
0.25, 0.454767, 0.38, 0.62, 0.449117
0.25, 0.469886, 0.38, 0.62, 0.458757
0.25, 0.453994, 0.38, 0.62, 0.447613
0.25, 0.471181, 0.38, 0.62, 0.454131
0.25, 0.455417, 0.38, 0.62, 0.448534
0.25, 0.469956, 0.38, 0.62, 0.460224
0.25, 0.466696, 0.38, 0.62, 0.460669
0.25, 0.467738, 0.38, 0.62, 0.460615
0.25, 0.455159, 0.38, 0.62, 0.450828
0.25, 0.483805, 0.38, 0.62, 0.463849
0.25, 0.459008, 0.38, 0.62, 0.446615
0.25, 0.459803, 0.38, 0.62, 0.448228
0.25, 0.466294, 0.38, 0.62, 0.455326
0.25, 0.451957, 0.38, 0.62, 0.451772
0.25, 0.460605, 0.38, 0.62, 0.45637
0.25, 0.470459, 0.38, 0.62, 0.467556
0.25, 0.47747, 0.38, 0.62, 0.471874
0.25, 0.471183, 0.38, 0.62, 0.46796
0.25, 0.476051, 0.38, 0.62, 0.47388
0.25, 0.453818, 0.38, 0.62, 0.448682
0.25, 0.490157, 0.38, 0.62, 0.476863
0.25, 0.466283, 0.38, 0.62, 0.456761
0.25, 0.484616, 0.38, 0.62, 0.47145
0.25, 0.478762, 0.385, 0.615, 0.476708
0.25, 0.48625, 0.385, 0.615, 0.476864
0.25, 0.475034, 0.385, 0.615, 0.466026
0.25, 0.466171, 0.385, 0.615, 0.456619
0.25, 0.466402, 0.385, 0.615, 0.462705
0.25, 0.46637, 0.385, 0.615, 0.456818
0.25, 0.484499, 0.385, 0.615, 0.481346
0.25, 0.467453, 0.385, 0.615, 0.461549
0.25, 0.456861, 0.385, 0.615, 0.454137
0.25, 0.458246, 0.385, 0.615, 0.447918
0.25, 0.464248, 0.385, 0.615, 0.450583
0.25, 0.484603, 0.385, 0.615, 0.476315
0.25, 0.476543, 0.385, 0.615, 0.471665
0.25, 0.470647, 0.385, 0.615, 0.466225
0.25, 0.467532, 0.385, 0.615, 0.462117
0.25, 0.488078, 0.385, 0.615, 0.481874
0.25, 0.469865, 0.385, 0.615, 0.464751
0.25, 0.475041, 0.385, 0.615, 0.466437
0.25, 0.471307, 0.385, 0.615, 0.462149
0.25, 0.47713, 0.385, 0.615, 0.478053
0.25, 0.499706, 0.385, 0.615, 0.488262
0.25, 0.461589, 0.385, 0.615, 0.456573
0.25, 0.474868, 0.385, 0.615, 0.469091
0.25, 0.458135, 0.385, 0.615, 0.451316
0.25, 0.492799, 0.385, 0.615, 0.480746
0.25, 0.484153, 0.39, 0.61, 0.483401
0.25, 0.476606, 0.39, 0.61, 0.476342
0.25, 0.468882, 0.39, 0.61, 0.467143
0.25, 0.502232, 0.39, 0.61, 0.495256
0.25, 0.4774, 0.39, 0.61, 0.472388
0.25, 0.472429, 0.39, 0.61, 0.46067
0.25, 0.467884, 0.39, 0.61, 0.466057
0.25, 0.469726, 0.39, 0.61, 0.462864
0.25, 0.488026, 0.39, 0.61, 0.478408
0.25, 0.487593, 0.39, 0.61, 0.476636
0.25, 0.484487, 0.39, 0.61, 0.479992
0.25, 0.491694, 0.39, 0.61, 0.483469
0.25, 0.479927, 0.39, 0.61, 0.472428
0.25, 0.493605, 0.39, 0.61, 0.482873
0.25, 0.486858, 0.39, 0.61, 0.472637
0.25, 0.476565, 0.39, 0.61, 0.472349
0.25, 0.470556, 0.39, 0.61, 0.465134
0.25, 0.487072, 0.39, 0.61, 0.481489
0.25, 0.485117, 0.39, 0.61, 0.474371
0.25, 0.481757, 0.39, 0.61, 0.476566
0.25, 0.472426, 0.39, 0.61, 0.468572
0.25, 0.519611, 0.39, 0.61, 0.503566
0.25, 0.470213, 0.39, 0.61, 0.470175
0.25, 0.477879, 0.39, 0.61, 0.474473
0.25, 0.487431, 0.39, 0.61, 0.476027
0.25, 0.488254, 0.395, 0.605, 0.476791
0.25, 0.500125, 0.395, 0.605, 0.489555
0.25, 0.49336, 0.395, 0.605, 0.487529
0.25, 0.525408, 0.395, 0.605, 0.510339
0.25, 0.513096, 0.395, 0.605, 0.494888
0.25, 0.505959, 0.395, 0.605, 0.497235
0.25, 0.4972, 0.395, 0.605, 0.486395
0.25, 0.496488, 0.395, 0.605, 0.491365
0.25, 0.507763, 0.395, 0.605, 0.500285
0.25, 0.508467, 0.395, 0.605, 0.495322
0.25, 0.511169, 0.395, 0.605, 0.497056
0.25, 0.500362, 0.395, 0.605, 0.494358
0.25, 0.516275, 0.395, 0.605, 0.500353
0.25, 0.515706, 0.395, 0.605, 0.498453
0.25, 0.482365, 0.395, 0.605, 0.485925
0.25, 0.505487, 0.395, 0.605, 0.497652
0.25, 0.509663, 0.395, 0.605, 0.49922
0.25, 0.49933, 0.395, 0.605, 0.490158
0.25, 0.495943, 0.395, 0.605, 0.489205
0.25, 0.526251, 0.395, 0.605, 0.506688
0.25, 0.49042, 0.395, 0.605, 0.486676
0.25, 0.495816, 0.395, 0.605, 0.488424
0.25, 0.490402, 0.395, 0.605, 0.487983
0.25, 0.514364, 0.395, 0.605, 0.505328
0.25, 0.482749, 0.395, 0.605, 0.479967
0.25, 0.507437, 0.4, 0.6, 0.505808
0.25, 0.49935, 0.4, 0.6, 0.487492
0.25, 0.523557, 0.4, 0.6, 0.506566
0.25, 0.538755, 0.4, 0.6, 0.528474
0.25, 0.505406, 0.4, 0.6, 0.496172
0.25, 0.501927, 0.4, 0.6, 0.49737
0.25, 0.524239, 0.4, 0.6, 0.514666
0.25, 0.510758, 0.4, 0.6, 0.501537
0.25, 0.508492, 0.4, 0.6, 0.495006
0.25, 0.506278, 0.4, 0.6, 0.509561
0.25, 0.501051, 0.4, 0.6, 0.500631
0.25, 0.524216, 0.4, 0.6, 0.515039
0.25, 0.521226, 0.4, 0.6, 0.512174
0.25, 0.50013, 0.4, 0.6, 0.492717
0.25, 0.503672, 0.4, 0.6, 0.495148
0.25, 0.516046, 0.4, 0.6, 0.496332
0.25, 0.512493, 0.4, 0.6, 0.498804
0.25, 0.505651, 0.4, 0.6, 0.494329
0.25, 0.493431, 0.4, 0.6, 0.490826
0.25, 0.511782, 0.4, 0.6, 0.504678
0.25, 0.528653, 0.4, 0.6, 0.512658
0.25, 0.513357, 0.4, 0.6, 0.505042
0.25, 0.514402, 0.4, 0.6, 0.502132
0.25, 0.521566, 0.4, 0.6, 0.507735
0.25, 0.541397, 0.4, 0.6, 0.52441
0.25, 0.516541, 0.405, 0.595, 0.512819
0.25, 0.552159, 0.405, 0.595, 0.538987
0.25, 0.528728, 0.405, 0.595, 0.525388
0.25, 0.520759, 0.405, 0.595, 0.507503
0.25, 0.5287, 0.405, 0.595, 0.522292
0.25, 0.516492, 0.405, 0.595, 0.513548
0.25, 0.538498, 0.405, 0.595, 0.525515
0.25, 0.535518, 0.405, 0.595, 0.525548
0.25, 0.502544, 0.405, 0.595, 0.496587
0.25, 0.507498, 0.405, 0.595, 0.498758
0.25, 0.525645, 0.405, 0.595, 0.520225
0.25, 0.528932, 0.405, 0.595, 0.519412
0.25, 0.523908, 0.405, 0.595, 0.511695
0.25, 0.532604, 0.405, 0.595, 0.514354
0.25, 0.546589, 0.405, 0.595, 0.530452
0.25, 0.516107, 0.405, 0.595, 0.515763
0.25, 0.526642, 0.405, 0.595, 0.514362
0.25, 0.541593, 0.405, 0.595, 0.527249
0.25, 0.521895, 0.405, 0.595, 0.51539
0.25, 0.515593, 0.405, 0.595, 0.506526
0.25, 0.539182, 0.405, 0.595, 0.523823
0.25, 0.532375, 0.405, 0.595, 0.520919
0.25, 0.525133, 0.405, 0.595, 0.516646
0.25, 0.518861, 0.405, 0.595, 0.50504
0.25, 0.52845, 0.405, 0.595, 0.521545
0.25, 0.538843, 0.41, 0.59, 0.530941
0.25, 0.533061, 0.41, 0.59, 0.522546
0.25, 0.524001, 0.41, 0.59, 0.51558
0.25, 0.550283, 0.41, 0.59, 0.535745
0.25, 0.540615, 0.41, 0.59, 0.527738
0.25, 0.546623, 0.41, 0.59, 0.538941
0.25, 0.551028, 0.41, 0.59, 0.537522
0.25, 0.543269, 0.41, 0.59, 0.524796
0.25, 0.546393, 0.41, 0.59, 0.538156
0.25, 0.540546, 0.41, 0.59, 0.524075
0.25, 0.542405, 0.41, 0.59, 0.527337
0.25, 0.530256, 0.41, 0.59, 0.518545
0.25, 0.546235, 0.41, 0.59, 0.526554
0.25, 0.547823, 0.41, 0.59, 0.53768
0.25, 0.555251, 0.41, 0.59, 0.528936
0.25, 0.538305, 0.41, 0.59, 0.526724
0.25, 0.556134, 0.41, 0.59, 0.544175
0.25, 0.531986, 0.41, 0.59, 0.520694
0.25, 0.542649, 0.41, 0.59, 0.530637
0.25, 0.53781, 0.41, 0.59, 0.522887
0.25, 0.532417, 0.41, 0.59, 0.523063
0.25, 0.536607, 0.41, 0.59, 0.527031
0.25, 0.534403, 0.41, 0.59, 0.522549
0.25, 0.52575, 0.41, 0.59, 0.524823
0.25, 0.552203, 0.41, 0.59, 0.541912
0.25, 0.555699, 0.415, 0.585, 0.534943
0.25, 0.558247, 0.415, 0.585, 0.548931
0.25, 0.545125, 0.415, 0.585, 0.534175
0.25, 0.543283, 0.415, 0.585, 0.532328
0.25, 0.574331, 0.415, 0.585, 0.56016
0.25, 0.58378, 0.415, 0.585, 0.565777
0.25, 0.567567, 0.415, 0.585, 0.552389
0.25, 0.566329, 0.415, 0.585, 0.550114
0.25, 0.550203, 0.415, 0.585, 0.53636
0.25, 0.546782, 0.415, 0.585, 0.544636
0.25, 0.558667, 0.415, 0.585, 0.54379
0.25, 0.57428, 0.415, 0.585, 0.561656
0.25, 0.572919, 0.415, 0.585, 0.560713
0.25, 0.538946, 0.415, 0.585, 0.529282
0.25, 0.550148, 0.415, 0.585, 0.532163
0.25, 0.551793, 0.415, 0.585, 0.539964
0.25, 0.550858, 0.415, 0.585, 0.539147
0.25, 0.565774, 0.415, 0.585, 0.549783
0.25, 0.541416, 0.415, 0.585, 0.526289
0.25, 0.551189, 0.415, 0.585, 0.542027
0.25, 0.548589, 0.415, 0.585, 0.53712
0.25, 0.543383, 0.415, 0.585, 0.53134
0.25, 0.575263, 0.415, 0.585, 0.556374
0.25, 0.566121, 0.415, 0.585, 0.549536
0.25, 0.544197, 0.415, 0.585, 0.537333
0.25, 0.576294, 0.42, 0.58, 0.568571
0.25, 0.553416, 0.42, 0.58, 0.54605
0.25, 0.582695, 0.42, 0.58, 0.567312
0.25, 0.58783, 0.42, 0.58, 0.574066
0.25, 0.612492, 0.42, 0.58, 0.591653
0.25, 0.592409, 0.42, 0.58, 0.573975
0.25, 0.56824, 0.42, 0.58, 0.551779
0.25, 0.562406, 0.42, 0.58, 0.547518
0.25, 0.574566, 0.42, 0.58, 0.561273
0.25, 0.579647, 0.42, 0.58, 0.558347
0.25, 0.551847, 0.42, 0.58, 0.540246
0.25, 0.56599, 0.42, 0.58, 0.554658
0.25, 0.558952, 0.42, 0.58, 0.550945
0.25, 0.566515, 0.42, 0.58, 0.557942
0.25, 0.576414, 0.42, 0.58, 0.565448
0.25, 0.57347, 0.42, 0.58, 0.559221
0.25, 0.586511, 0.42, 0.58, 0.567488
0.25, 0.561384, 0.42, 0.58, 0.553907
0.25, 0.57833, 0.42, 0.58, 0.562592
0.25, 0.5732, 0.42, 0.58, 0.557408
0.25, 0.559096, 0.42, 0.58, 0.549853
0.25, 0.584783, 0.42, 0.58, 0.57126
0.25, 0.593713, 0.42, 0.58, 0.577494
0.25, 0.569206, 0.42, 0.58, 0.557862
0.25, 0.589897, 0.42, 0.58, 0.577791
0.25, 0.596132, 0.425, 0.575, 0.582652
0.25, 0.592566, 0.425, 0.575, 0.581022
0.25, 0.5829, 0.425, 0.575, 0.56776
0.25, 0.578893, 0.425, 0.575, 0.572823
0.25, 0.566701, 0.425, 0.575, 0.56226
0.25, 0.589871, 0.425, 0.575, 0.577929
0.25, 0.581928, 0.425, 0.575, 0.562817
0.25, 0.563514, 0.425, 0.575, 0.554728
0.25, 0.58572, 0.425, 0.575, 0.572301
0.25, 0.621481, 0.425, 0.575, 0.598623
0.25, 0.604205, 0.425, 0.575, 0.58654
0.25, 0.581217, 0.425, 0.575, 0.568945
0.25, 0.587295, 0.425, 0.575, 0.573561
0.25, 0.573446, 0.425, 0.575, 0.558285
0.25, 0.574476, 0.425, 0.575, 0.559479
0.25, 0.585812, 0.425, 0.575, 0.562289
0.25, 0.594761, 0.425, 0.575, 0.57211
0.25, 0.582959, 0.425, 0.575, 0.565576
0.25, 0.581013, 0.425, 0.575, 0.575429
0.25, 0.571852, 0.425, 0.575, 0.567304
0.25, 0.588174, 0.425, 0.575, 0.575559
0.25, 0.584723, 0.425, 0.575, 0.569427
0.25, 0.59293, 0.425, 0.575, 0.583717
0.25, 0.579333, 0.425, 0.575, 0.566251
0.25, 0.586484, 0.425, 0.575, 0.569743
0.25, 0.599407, 0.43, 0.57, 0.583289
0.25, 0.619968, 0.43, 0.57, 0.60247
0.25, 0.612553, 0.43, 0.57, 0.597632
0.25, 0.627528, 0.43, 0.57, 0.609898
0.25, 0.605587, 0.43, 0.57, 0.594685
0.25, 0.61939, 0.43, 0.57, 0.605051
0.25, 0.633129, 0.43, 0.57, 0.611922
0.25, 0.588091, 0.43, 0.57, 0.575941
0.25, 0.59504, 0.43, 0.57, 0.575849
0.25, 0.581401, 0.43, 0.57, 0.563196
0.25, 0.589653, 0.43, 0.57, 0.569353
0.25, 0.611672, 0.43, 0.57, 0.594538
0.25, 0.579598, 0.43, 0.57, 0.570583
0.25, 0.622063, 0.43, 0.57, 0.601443
0.25, 0.587653, 0.43, 0.57, 0.576861
0.25, 0.578118, 0.43, 0.57, 0.566419
0.25, 0.626749, 0.43, 0.57, 0.603972
0.25, 0.617272, 0.43, 0.57, 0.602134
0.25, 0.615587, 0.43, 0.57, 0.59967
0.25, 0.61201, 0.43, 0.57, 0.589714
0.25, 0.608753, 0.43, 0.57, 0.595463
0.25, 0.605842, 0.43, 0.57, 0.591388
0.25, 0.611496, 0.43, 0.57, 0.598799
0.25, 0.605451, 0.43, 0.57, 0.587923
0.25, 0.6121, 0.43, 0.57, 0.597475
0.25, 0.615047, 0.435, 0.565, 0.600091
0.25, 0.62524, 0.435, 0.565, 0.616057
0.25, 0.615504, 0.435, 0.565, 0.601828
0.25, 0.610955, 0.435, 0.565, 0.594364
0.25, 0.631093, 0.435, 0.565, 0.614871
0.25, 0.630305, 0.435, 0.565, 0.610783
0.25, 0.630156, 0.435, 0.565, 0.606573
0.25, 0.641979, 0.435, 0.565, 0.622413
0.25, 0.636619, 0.435, 0.565, 0.620357
0.25, 0.650712, 0.435, 0.565, 0.631936
0.25, 0.608452, 0.435, 0.565, 0.596924
0.25, 0.623693, 0.435, 0.565, 0.605297
0.25, 0.651748, 0.435, 0.565, 0.624054
0.25, 0.640277, 0.435, 0.565, 0.62122
0.25, 0.627397, 0.435, 0.565, 0.606663
0.25, 0.638367, 0.435, 0.565, 0.624288
0.25, 0.624818, 0.435, 0.565, 0.603683
0.25, 0.635217, 0.435, 0.565, 0.613016
0.25, 0.625451, 0.435, 0.565, 0.613535
0.25, 0.654429, 0.435, 0.565, 0.635687
0.25, 0.615658, 0.435, 0.565, 0.59991
0.25, 0.617785, 0.435, 0.565, 0.601098
0.25, 0.634671, 0.435, 0.565, 0.615529
0.25, 0.645775, 0.435, 0.565, 0.62993
0.25, 0.61737, 0.435, 0.565, 0.605065
0.25, 0.669055, 0.44, 0.56, 0.647944
0.25, 0.65053, 0.44, 0.56, 0.631266
0.25, 0.634799, 0.44, 0.56, 0.618062
0.25, 0.621909, 0.44, 0.56, 0.595445
0.25, 0.642423, 0.44, 0.56, 0.626151
0.25, 0.662599, 0.44, 0.56, 0.640374
0.25, 0.652765, 0.44, 0.56, 0.635807
0.25, 0.637709, 0.44, 0.56, 0.617493
0.25, 0.641783, 0.44, 0.56, 0.624019
0.25, 0.621761, 0.44, 0.56, 0.61061
0.25, 0.652484, 0.44, 0.56, 0.648049
0.25, 0.639809, 0.44, 0.56, 0.623438
0.25, 0.640309, 0.44, 0.56, 0.623091
0.25, 0.640703, 0.44, 0.56, 0.626462
0.25, 0.633215, 0.44, 0.56, 0.614466
0.25, 0.664689, 0.44, 0.56, 0.647891
0.25, 0.626707, 0.44, 0.56, 0.612345
0.25, 0.646873, 0.44, 0.56, 0.628607
0.25, 0.682259, 0.44, 0.56, 0.656694
0.25, 0.626722, 0.44, 0.56, 0.610663
0.25, 0.667138, 0.44, 0.56, 0.64546
0.25, 0.639808, 0.44, 0.56, 0.617373
0.25, 0.653824, 0.44, 0.56, 0.633511
0.25, 0.647577, 0.44, 0.56, 0.625
0.25, 0.610068, 0.44, 0.56, 0.598258
0.25, 0.681907, 0.445, 0.555, 0.660246
0.25, 0.658116, 0.445, 0.555, 0.638948
0.25, 0.649108, 0.445, 0.555, 0.628722
0.25, 0.697209, 0.445, 0.555, 0.67073
0.25, 0.640571, 0.445, 0.555, 0.630966
0.25, 0.669171, 0.445, 0.555, 0.654143
0.25, 0.68802, 0.445, 0.555, 0.673487
0.25, 0.682779, 0.445, 0.555, 0.658615
0.25, 0.660811, 0.445, 0.555, 0.642763
0.25, 0.656987, 0.445, 0.555, 0.637807
0.25, 0.66467, 0.445, 0.555, 0.638974
0.25, 0.667359, 0.445, 0.555, 0.64389
0.25, 0.665828, 0.445, 0.555, 0.645104
0.25, 0.667058, 0.445, 0.555, 0.649234
0.25, 0.693704, 0.445, 0.555, 0.671115
0.25, 0.666422, 0.445, 0.555, 0.650747
0.25, 0.717857, 0.445, 0.555, 0.69579
0.25, 0.680559, 0.445, 0.555, 0.659948
0.25, 0.658536, 0.445, 0.555, 0.638633
0.25, 0.679562, 0.445, 0.555, 0.660736
0.25, 0.632565, 0.445, 0.555, 0.620885
0.25, 0.665916, 0.445, 0.555, 0.647868
0.25, 0.699983, 0.445, 0.555, 0.668788
0.25, 0.648554, 0.445, 0.555, 0.628534
0.25, 0.640936, 0.445, 0.555, 0.629638
0.25, 0.662742, 0.45, 0.55, 0.641792
0.25, 0.715404, 0.45, 0.55, 0.696249
0.25, 0.696592, 0.45, 0.55, 0.672595
0.25, 0.679376, 0.45, 0.55, 0.662851
0.25, 0.694763, 0.45, 0.55, 0.672136
0.25, 0.703596, 0.45, 0.55, 0.680449
0.25, 0.661854, 0.45, 0.55, 0.655422
0.25, 0.674588, 0.45, 0.55, 0.658706
0.25, 0.69456, 0.45, 0.55, 0.668923
0.25, 0.671417, 0.45, 0.55, 0.652683
0.25, 0.666728, 0.45, 0.55, 0.652242
0.25, 0.678629, 0.45, 0.55, 0.655712
0.25, 0.674241, 0.45, 0.55, 0.656107
0.25, 0.730995, 0.45, 0.55, 0.703176
0.25, 0.701839, 0.45, 0.55, 0.677736
0.25, 0.685384, 0.45, 0.55, 0.665549
0.25, 0.707781, 0.45, 0.55, 0.684295
0.25, 0.67501, 0.45, 0.55, 0.656914
0.25, 0.711384, 0.45, 0.55, 0.685691
0.25, 0.712005, 0.45, 0.55, 0.683448
0.25, 0.68007, 0.45, 0.55, 0.657495
0.25, 0.684402, 0.45, 0.55, 0.665683
0.25, 0.680623, 0.45, 0.55, 0.663271
0.25, 0.674291, 0.45, 0.55, 0.659114
0.25, 0.697249, 0.45, 0.55, 0.674054
0.25, 0.678411, 0.455, 0.545, 0.661042
0.25, 0.718601, 0.455, 0.545, 0.694745
0.25, 0.690113, 0.455, 0.545, 0.664953
0.25, 0.73095, 0.455, 0.545, 0.707212
0.25, 0.676634, 0.455, 0.545, 0.666562
0.25, 0.703472, 0.455, 0.545, 0.685354
0.25, 0.709114, 0.455, 0.545, 0.683186
0.25, 0.719817, 0.455, 0.545, 0.698132
0.25, 0.698312, 0.455, 0.545, 0.682281
0.25, 0.726436, 0.455, 0.545, 0.70119
0.25, 0.699877, 0.455, 0.545, 0.675146
0.25, 0.6848, 0.455, 0.545, 0.670253
0.25, 0.703147, 0.455, 0.545, 0.677015
0.25, 0.697316, 0.455, 0.545, 0.670839
0.25, 0.696746, 0.455, 0.545, 0.678843
0.25, 0.722283, 0.455, 0.545, 0.694101
0.25, 0.741916, 0.455, 0.545, 0.716164
0.25, 0.69386, 0.455, 0.545, 0.671147
0.25, 0.730044, 0.455, 0.545, 0.711693
0.25, 0.688473, 0.455, 0.545, 0.667373
0.25, 0.67752, 0.455, 0.545, 0.659292
0.25, 0.679645, 0.455, 0.545, 0.663992
0.25, 0.744669, 0.455, 0.545, 0.715213
0.25, 0.707653, 0.455, 0.545, 0.68133
0.25, 0.695659, 0.455, 0.545, 0.684803
0.25, 0.755199, 0.46, 0.54, 0.731174
0.25, 0.729059, 0.46, 0.54, 0.699273
0.25, 0.740937, 0.46, 0.54, 0.715028
0.25, 0.729395, 0.46, 0.54, 0.707325
0.25, 0.746175, 0.46, 0.54, 0.720147
0.25, 0.717134, 0.46, 0.54, 0.699299
0.25, 0.724271, 0.46, 0.54, 0.702696
0.25, 0.702877, 0.46, 0.54, 0.679968
0.25, 0.717999, 0.46, 0.54, 0.688294
0.25, 0.742817, 0.46, 0.54, 0.724764
0.25, 0.714939, 0.46, 0.54, 0.693271
0.25, 0.752653, 0.46, 0.54, 0.727288
0.25, 0.750985, 0.46, 0.54, 0.723562
0.25, 0.745796, 0.46, 0.54, 0.715327
0.25, 0.719724, 0.46, 0.54, 0.701513
0.25, 0.722599, 0.46, 0.54, 0.703014
0.25, 0.710765, 0.46, 0.54, 0.684185
0.25, 0.709335, 0.46, 0.54, 0.685518
0.25, 0.738988, 0.46, 0.54, 0.713784
0.25, 0.734474, 0.46, 0.54, 0.709299
0.25, 0.706417, 0.46, 0.54, 0.692424
0.25, 0.701484, 0.46, 0.54, 0.68435
0.25, 0.711931, 0.46, 0.54, 0.691472
0.25, 0.73931, 0.46, 0.54, 0.712888
0.25, 0.731703, 0.46, 0.54, 0.708027
0.25, 0.760357, 0.465, 0.535, 0.738746
0.25, 0.754824, 0.465, 0.535, 0.732763
0.25, 0.755966, 0.465, 0.535, 0.727672
0.25, 0.711799, 0.465, 0.535, 0.693737
0.25, 0.810453, 0.465, 0.535, 0.78392
0.25, 0.781198, 0.465, 0.535, 0.753804
0.25, 0.75425, 0.465, 0.535, 0.736199
0.25, 0.752772, 0.465, 0.535, 0.728079
0.25, 0.790623, 0.465, 0.535, 0.765097
0.25, 0.762156, 0.465, 0.535, 0.743828
0.25, 0.747349, 0.465, 0.535, 0.727042
0.25, 0.746891, 0.465, 0.535, 0.728088
0.25, 0.748467, 0.465, 0.535, 0.724346
0.25, 0.763407, 0.465, 0.535, 0.73235
0.25, 0.743496, 0.465, 0.535, 0.717349
0.25, 0.759868, 0.465, 0.535, 0.731993
0.25, 0.735453, 0.465, 0.535, 0.718755
0.25, 0.768945, 0.465, 0.535, 0.745254
0.25, 0.762227, 0.465, 0.535, 0.742055
0.25, 0.788046, 0.465, 0.535, 0.761761
0.25, 0.759609, 0.465, 0.535, 0.734037
0.25, 0.721303, 0.465, 0.535, 0.704193
0.25, 0.762486, 0.465, 0.535, 0.730338
0.25, 0.774075, 0.465, 0.535, 0.74485
0.25, 0.737626, 0.465, 0.535, 0.713109
0.25, 0.787247, 0.47, 0.53, 0.763887
0.25, 0.789067, 0.47, 0.53, 0.756367
0.25, 0.800756, 0.47, 0.53, 0.779195
0.25, 0.82267, 0.47, 0.53, 0.79457
0.25, 0.769548, 0.47, 0.53, 0.745651
0.25, 0.787509, 0.47, 0.53, 0.763266
0.25, 0.780626, 0.47, 0.53, 0.752464
0.25, 0.803421, 0.47, 0.53, 0.780351
0.25, 0.752937, 0.47, 0.53, 0.731092
0.25, 0.7726, 0.47, 0.53, 0.750189
0.25, 0.789742, 0.47, 0.53, 0.763435
0.25, 0.752744, 0.47, 0.53, 0.735016
0.25, 0.730925, 0.47, 0.53, 0.713006
0.25, 0.782411, 0.47, 0.53, 0.754347
0.25, 0.787756, 0.47, 0.53, 0.76564
0.25, 0.78115, 0.47, 0.53, 0.76059
0.25, 0.801194, 0.47, 0.53, 0.780212
0.25, 0.807607, 0.47, 0.53, 0.784302
0.25, 0.793209, 0.47, 0.53, 0.766836
0.25, 0.768285, 0.47, 0.53, 0.738768
0.25, 0.79629, 0.47, 0.53, 0.765217
0.25, 0.821227, 0.47, 0.53, 0.789438
0.25, 0.78346, 0.47, 0.53, 0.762692
0.25, 0.759904, 0.47, 0.53, 0.734239
0.25, 0.798702, 0.47, 0.53, 0.772912
0.25, 0.812829, 0.475, 0.525, 0.787338
0.25, 0.790719, 0.475, 0.525, 0.767875
0.25, 0.836113, 0.475, 0.525, 0.809983
0.25, 0.815178, 0.475, 0.525, 0.786063
0.25, 0.77382, 0.475, 0.525, 0.752415
0.25, 0.808469, 0.475, 0.525, 0.782791
0.25, 0.794894, 0.475, 0.525, 0.768136
0.25, 0.791809, 0.475, 0.525, 0.764861
0.25, 0.786574, 0.475, 0.525, 0.761243
0.25, 0.827102, 0.475, 0.525, 0.808378
0.25, 0.81522, 0.475, 0.525, 0.794745
0.25, 0.790847, 0.475, 0.525, 0.760818
0.25, 0.816089, 0.475, 0.525, 0.791419
0.25, 0.813402, 0.475, 0.525, 0.793387
0.25, 0.781319, 0.475, 0.525, 0.760245
0.25, 0.801041, 0.475, 0.525, 0.774435
0.25, 0.805293, 0.475, 0.525, 0.784773
0.25, 0.795075, 0.475, 0.525, 0.774752
0.25, 0.849907, 0.475, 0.525, 0.825737
0.25, 0.819432, 0.475, 0.525, 0.796973
0.25, 0.77481, 0.475, 0.525, 0.751065
0.25, 0.801681, 0.475, 0.525, 0.779197
0.25, 0.809987, 0.475, 0.525, 0.787682
0.25, 0.813956, 0.475, 0.525, 0.790543
0.25, 0.838501, 0.475, 0.525, 0.811683
0.25, 0.823394, 0.48, 0.52, 0.801268
0.25, 0.821266, 0.48, 0.52, 0.800276
0.25, 0.858967, 0.48, 0.52, 0.830485
0.25, 0.838484, 0.48, 0.52, 0.808499
0.25, 0.857447, 0.48, 0.52, 0.835717
0.25, 0.857158, 0.48, 0.52, 0.835601
0.25, 0.86519, 0.48, 0.52, 0.840353
0.25, 0.854161, 0.48, 0.52, 0.831586
0.25, 0.846921, 0.48, 0.52, 0.831573
0.25, 0.848943, 0.48, 0.52, 0.829586
0.25, 0.870556, 0.48, 0.52, 0.847597
0.25, 0.833571, 0.48, 0.52, 0.816498
0.25, 0.85043, 0.48, 0.52, 0.833243
0.25, 0.82648, 0.48, 0.52, 0.803893
0.25, 0.810286, 0.48, 0.52, 0.791111
0.25, 0.853254, 0.48, 0.52, 0.833941
0.25, 0.82189, 0.48, 0.52, 0.801762
0.25, 0.844214, 0.48, 0.52, 0.823456
0.25, 0.850339, 0.48, 0.52, 0.828823
0.25, 0.849572, 0.48, 0.52, 0.823028
0.25, 0.843103, 0.48, 0.52, 0.823493
0.25, 0.860997, 0.48, 0.52, 0.834562
0.25, 0.807895, 0.48, 0.52, 0.782883
0.25, 0.866411, 0.48, 0.52, 0.846043
0.25, 0.841883, 0.48, 0.52, 0.819704
0.25, 0.902464, 0.485, 0.515, 0.888353
0.25, 0.86024, 0.485, 0.515, 0.831726
0.25, 0.861882, 0.485, 0.515, 0.835077
0.25, 0.917879, 0.485, 0.515, 0.901577
0.25, 0.8762, 0.485, 0.515, 0.855996
0.25, 0.874115, 0.485, 0.515, 0.851937
0.25, 0.859965, 0.485, 0.515, 0.839006
0.25, 0.900913, 0.485, 0.515, 0.885706
0.25, 0.871495, 0.485, 0.515, 0.854127
0.25, 0.836197, 0.485, 0.515, 0.81388
0.25, 0.924543, 0.485, 0.515, 0.912828
0.25, 0.854284, 0.485, 0.515, 0.835267
0.25, 0.902792, 0.485, 0.515, 0.884403
0.25, 0.904043, 0.485, 0.515, 0.891629
0.25, 0.878615, 0.485, 0.515, 0.858851
0.25, 0.852249, 0.485, 0.515, 0.828182
0.25, 0.885313, 0.485, 0.515, 0.868798
0.25, 0.88115, 0.485, 0.515, 0.85879
0.25, 0.855597, 0.485, 0.515, 0.837589
0.25, 0.859328, 0.485, 0.515, 0.841984
0.25, 0.939967, 0.485, 0.515, 0.927389
0.25, 0.866691, 0.485, 0.515, 0.843372
0.25, 0.888841, 0.485, 0.515, 0.867504
0.25, 0.857494, 0.485, 0.515, 0.838698
0.25, 0.870567, 0.485, 0.515, 0.850014
0.25, 0.931355, 0.49, 0.51, 0.922164
0.25, 0.90932, 0.49, 0.51, 0.894712
0.25, 0.891984, 0.49, 0.51, 0.869986
0.25, 0.916938, 0.49, 0.51, 0.900884
0.25, 0.860736, 0.49, 0.51, 0.84632
0.25, 0.89776, 0.49, 0.51, 0.874675
0.25, 0.881469, 0.49, 0.51, 0.868243
0.25, 0.869631, 0.49, 0.51, 0.849031
0.25, 0.928079, 0.49, 0.51, 0.914075
0.25, 0.916234, 0.49, 0.51, 0.899303
0.25, 0.913357, 0.49, 0.51, 0.898679
0.25, 0.884837, 0.49, 0.51, 0.86591
0.25, 0.920707, 0.49, 0.51, 0.907804
0.25, 0.866803, 0.49, 0.51, 0.846877
0.25, 0.952766, 0.49, 0.51, 0.940649
0.25, 0.936759, 0.49, 0.51, 0.923201
0.25, 0.919921, 0.49, 0.51, 0.905309
0.25, 0.918742, 0.49, 0.51, 0.906962
0.25, 0.911053, 0.49, 0.51, 0.894659
0.25, 0.878092, 0.49, 0.51, 0.859381
0.25, 0.950978, 0.49, 0.51, 0.937062
0.25, 0.899121, 0.49, 0.51, 0.875882
0.25, 0.924523, 0.49, 0.51, 0.90677
0.25, 0.921995, 0.49, 0.51, 0.906353
0.25, 0.951974, 0.49, 0.51, 0.94004
0.25, 0.910921, 0.495, 0.505, 0.893212
0.25, 0.909782, 0.495, 0.505, 0.890577
0.25, 0.969722, 0.495, 0.505, 0.961307
0.25, 0.928041, 0.495, 0.505, 0.91742
0.25, 0.941796, 0.495, 0.505, 0.928361
0.25, 0.985626, 0.495, 0.505, 0.982227
0.25, 0.939857, 0.495, 0.505, 0.923675
0.25, 0.946393, 0.495, 0.505, 0.932867
0.25, 0.983861, 0.495, 0.505, 0.98195
0.25, 0.923665, 0.495, 0.505, 0.906078
0.25, 0.890972, 0.495, 0.505, 0.871689
0.25, 0.967012, 0.495, 0.505, 0.955701
0.25, 0.949897, 0.495, 0.505, 0.941567
0.25, 0.953894, 0.495, 0.505, 0.943091
0.25, 0.9669, 0.495, 0.505, 0.959375
0.25, 0.978337, 0.495, 0.505, 0.97316
0.25, 0.975895, 0.495, 0.505, 0.970414
0.25, 0.924482, 0.495, 0.505, 0.911903
0.25, 0.949443, 0.495, 0.505, 0.93399
0.25, 0.951265, 0.495, 0.505, 0.936036
0.25, 0.914053, 0.495, 0.505, 0.898086
0.25, 0.953601, 0.495, 0.505, 0.939454
0.25, 0.94374, 0.495, 0.505, 0.93176
0.25, 0.94079, 0.495, 0.505, 0.929308
0.25, 0.946624, 0.495, 0.505, 0.935204
0.25, 0.998, 0.5, 0.5, 0.997934
0.25, 0.975488, 0.5, 0.5, 0.971607
0.25, 0.983811, 0.5, 0.5, 0.98047
0.25, 0.990035, 0.5, 0.5, 0.987769
0.25, 0.981092, 0.5, 0.5, 0.976034
0.25, 0.976922, 0.5, 0.5, 0.970094
0.25, 0.976643, 0.5, 0.5, 0.971412
0.25, 0.987039, 0.5, 0.5, 0.981563
0.25, 0.984505, 0.5, 0.5, 0.983121
0.25, 0.988693, 0.5, 0.5, 0.986412
0.25, 0.986376, 0.5, 0.5, 0.980675
0.25, 0.945852, 0.5, 0.5, 0.93344
0.25, 0.986182, 0.5, 0.5, 0.981162
0.25, 0.983024, 0.5, 0.5, 0.978197
0.25, 0.979585, 0.5, 0.5, 0.975017
0.25, 0.982601, 0.5, 0.5, 0.977463
0.25, 0.969032, 0.5, 0.5, 0.961716
0.25, 0.99857, 0.5, 0.5, 0.998622
0.25, 0.998778, 0.5, 0.5, 0.998537
0.25, 0.979609, 0.5, 0.5, 0.973412
0.25, 0.987169, 0.5, 0.5, 0.987158
0.25, 0.988836, 0.5, 0.5, 0.986184
0.25, 0.98792, 0.5, 0.5, 0.9859
0.25, 0.971428, 0.5, 0.5, 0.964864
0.25, 0.956517, 0.5, 0.5, 0.943383
0.25, 0.977995, 0.505, 0.495, 0.975414
0.25, 0.993759, 0.505, 0.495, 0.991445
0.25, 0.993841, 0.505, 0.495, 0.991927
0.25, 0.981191, 0.505, 0.495, 0.974779
0.25, 0.991084, 0.505, 0.495, 0.988969
0.25, 0.991718, 0.505, 0.495, 0.988636
0.25, 0.992255, 0.505, 0.495, 0.990423
0.25, 0.990394, 0.505, 0.495, 0.987454
0.25, 0.986364, 0.505, 0.495, 0.983708
0.25, 0.979554, 0.505, 0.495, 0.972554
0.25, 0.994135, 0.505, 0.495, 0.992468
0.25, 0.978057, 0.505, 0.495, 0.971324
0.25, 0.989321, 0.505, 0.495, 0.987125
0.25, 0.979096, 0.505, 0.495, 0.976473
0.25, 0.998415, 0.505, 0.495, 0.997446
0.25, 0.998965, 0.505, 0.495, 0.998594
0.25, 0.994297, 0.505, 0.495, 0.991602
0.25, 0.970707, 0.505, 0.495, 0.965912
0.25, 0.983158, 0.505, 0.495, 0.97968
0.25, 0.977932, 0.505, 0.495, 0.970955
0.25, 0.996245, 0.505, 0.495, 0.995834
0.25, 0.984337, 0.505, 0.495, 0.97853
0.25, 0.989639, 0.505, 0.495, 0.98579
0.25, 0.995046, 0.505, 0.495, 0.995039
0.25, 0.987164, 0.505, 0.495, 0.983992
0.5, 0.00243592, 0.005, 0.995, 0.00254936
0.5, 0.00310272, 0.005, 0.995, 0.00255729
0.5, 0.002839, 0.005, 0.995, 0.00266935
0.5, 0.00287009, 0.005, 0.995, 0.00277162
0.5, 0.00252076, 0.005, 0.995, 0.00235991
0.5, 0.00192814, 0.005, 0.995, 0.00228776
0.5, 0.00259358, 0.005, 0.995, 0.00222571
0.5, 0.0024643, 0.005, 0.995, 0.00215766
0.5, 0.00195822, 0.005, 0.995, 0.00223691
0.5, 0.00231423, 0.005, 0.995, 0.00245074
0.5, 0.00397968, 0.005, 0.995, 0.00418157
0.5, 0.00288088, 0.005, 0.995, 0.00311871
0.5, 0.00299867, 0.005, 0.995, 0.00286519
0.5, 0.00168733, 0.005, 0.995, 0.00218296
0.5, 0.00208765, 0.005, 0.995, 0.00240976
0.5, 0.00311708, 0.005, 0.995, 0.00282671
0.5, 0.00284724, 0.005, 0.995, 0.00260547
0.5, 0.0022813, 0.005, 0.995, 0.00258686
0.5, 0.00233737, 0.005, 0.995, 0.00241631
0.5, 0.0028113, 0.005, 0.995, 0.00261123
0.5, 0.00175032, 0.005, 0.995, 0.00216799
0.5, 0.00231416, 0.005, 0.995, 0.00265013
0.5, 0.0023851, 0.005, 0.995, 0.00189602
0.5, 0.00200055, 0.005, 0.995, 0.00177873
0.5, 0.00240185, 0.005, 0.995, 0.00269131
0.5, 0.00450027, 0.01, 0.99, 0.00544327
0.5, 0.00531516, 0.01, 0.99, 0.00619919
0.5, 0.00510373, 0.01, 0.99, 0.00590253
0.5, 0.00675283, 0.01, 0.99, 0.0062093
0.5, 0.00357262, 0.01, 0.99, 0.00400365
0.5, 0.0051161, 0.01, 0.99, 0.00508586
0.5, 0.00494979, 0.01, 0.99, 0.00522445
0.5, 0.00562614, 0.01, 0.99, 0.00561712
0.5, 0.00567468, 0.01, 0.99, 0.00547216
0.5, 0.00593802, 0.01, 0.99, 0.00542856
0.5, 0.00504419, 0.01, 0.99, 0.00491277
0.5, 0.00548343, 0.01, 0.99, 0.0052146
0.5, 0.00629799, 0.01, 0.99, 0.00539478
0.5, 0.00620038, 0.01, 0.99, 0.00614672
0.5, 0.00603875, 0.01, 0.99, 0.00577478
0.5, 0.005663, 0.01, 0.99, 0.00551201
0.5, 0.00484545, 0.01, 0.99, 0.00534113
0.5, 0.00444402, 0.01, 0.99, 0.00508621
0.5, 0.00546005, 0.01, 0.99, 0.00606306
0.5, 0.00654994, 0.01, 0.99, 0.00634711
0.5, 0.00468571, 0.01, 0.99, 0.0047348
0.5, 0.005335, 0.01, 0.99, 0.00447776
0.5, 0.00522107, 0.01, 0.99, 0.00505382
0.5, 0.00456069, 0.01, 0.99, 0.00456274
0.5, 0.00567391, 0.01, 0.99, 0.00592816
0.5, 0.00908641, 0.015, 0.985, 0.0093633
0.5, 0.00743437, 0.015, 0.985, 0.00728551
0.5, 0.00927554, 0.015, 0.985, 0.00866154
0.5, 0.00791767, 0.015, 0.985, 0.00857114
0.5, 0.0070906, 0.015, 0.985, 0.00802823
0.5, 0.0104902, 0.015, 0.985, 0.00916777
0.5, 0.00725473, 0.015, 0.985, 0.00766049
0.5, 0.00590344, 0.015, 0.985, 0.00691092
0.5, 0.00756602, 0.015, 0.985, 0.00872583
0.5, 0.00798724, 0.015, 0.985, 0.00855653
0.5, 0.00861765, 0.015, 0.985, 0.00821904
0.5, 0.00924258, 0.015, 0.985, 0.00830046
0.5, 0.00691371, 0.015, 0.985, 0.00702588
0.5, 0.00921742, 0.015, 0.985, 0.00866039
0.5, 0.00693427, 0.015, 0.985, 0.00643335
0.5, 0.0082733, 0.015, 0.985, 0.00778682
0.5, 0.00771925, 0.015, 0.985, 0.00769034
0.5, 0.00660508, 0.015, 0.985, 0.00670351
0.5, 0.00836996, 0.015, 0.985, 0.00831633
0.5, 0.00670468, 0.015, 0.985, 0.00733972
0.5, 0.00806508, 0.015, 0.985, 0.00815897
0.5, 0.00832996, 0.015, 0.985, 0.00845836
0.5, 0.00666508, 0.015, 0.985, 0.00694764
0.5, 0.0088246, 0.015, 0.985, 0.00783959
0.5, 0.00895711, 0.015, 0.985, 0.00812393
0.5, 0.0128828, 0.02, 0.98, 0.012257
0.5, 0.00965761, 0.02, 0.98, 0.00992908
0.5, 0.0105805, 0.02, 0.98, 0.0104699
0.5, 0.0121315, 0.02, 0.98, 0.0114672
0.5, 0.00898969, 0.02, 0.98, 0.00976462
0.5, 0.0102137, 0.02, 0.98, 0.0103921
0.5, 0.0114971, 0.02, 0.98, 0.0107749
0.5, 0.0122114, 0.02, 0.98, 0.01103
0.5, 0.012224, 0.02, 0.98, 0.0120556
0.5, 0.0107736, 0.02, 0.98, 0.00981873
0.5, 0.00926823, 0.02, 0.98, 0.0104948
0.5, 0.00909777, 0.02, 0.98, 0.00945663
0.5, 0.0110415, 0.02, 0.98, 0.00994901
0.5, 0.0116317, 0.02, 0.98, 0.0111231
0.5, 0.0102985, 0.02, 0.98, 0.010378
0.5, 0.00900365, 0.02, 0.98, 0.00994923
0.5, 0.0111327, 0.02, 0.98, 0.0106747
0.5, 0.0114696, 0.02, 0.98, 0.0109907
0.5, 0.0102829, 0.02, 0.98, 0.00976155
0.5, 0.0100044, 0.02, 0.98, 0.0108346
0.5, 0.0117217, 0.02, 0.98, 0.0107862
0.5, 0.0106562, 0.02, 0.98, 0.0100793
0.5, 0.0119736, 0.02, 0.98, 0.0116433
0.5, 0.00910094, 0.02, 0.98, 0.00979942
0.5, 0.0128236, 0.02, 0.98, 0.0117102
0.5, 0.014619, 0.025, 0.975, 0.0135805
0.5, 0.0141207, 0.025, 0.975, 0.0145188
0.5, 0.0134466, 0.025, 0.975, 0.0131828
0.5, 0.0147881, 0.025, 0.975, 0.0143619
0.5, 0.0153545, 0.025, 0.975, 0.0141276
0.5, 0.0136448, 0.025, 0.975, 0.0149635
0.5, 0.0126928, 0.025, 0.975, 0.0128629
0.5, 0.0163915, 0.025, 0.975, 0.0159492
0.5, 0.0122584, 0.025, 0.975, 0.0133129
0.5, 0.0155544, 0.025, 0.975, 0.0156001
0.5, 0.0129183, 0.025, 0.975, 0.0133821
0.5, 0.0125543, 0.025, 0.975, 0.013886
0.5, 0.0144995, 0.025, 0.975, 0.014724
0.5, 0.0140526, 0.025, 0.975, 0.014204
0.5, 0.0143344, 0.025, 0.975, 0.0145076
0.5, 0.0148145, 0.025, 0.975, 0.0145054
0.5, 0.0144176, 0.025, 0.975, 0.0138261
0.5, 0.015658, 0.025, 0.975, 0.0139254
0.5, 0.0120221, 0.025, 0.975, 0.0134301
0.5, 0.0145557, 0.025, 0.975, 0.0137389
0.5, 0.013365, 0.025, 0.975, 0.0146923
0.5, 0.0142146, 0.025, 0.975, 0.0146576
0.5, 0.0129942, 0.025, 0.975, 0.0129286
0.5, 0.0132286, 0.025, 0.975, 0.0142409
0.5, 0.01403, 0.025, 0.975, 0.0131963
0.5, 0.0171924, 0.03, 0.97, 0.0171259
0.5, 0.0175473, 0.03, 0.97, 0.0165502
0.5, 0.0151635, 0.03, 0.97, 0.017013
0.5, 0.0175671, 0.03, 0.97, 0.0165786
0.5, 0.0158099, 0.03, 0.97, 0.0160883
0.5, 0.0173333, 0.03, 0.97, 0.0172495
0.5, 0.0190278, 0.03, 0.97, 0.0189692
0.5, 0.0171299, 0.03, 0.97, 0.0167088
0.5, 0.0169964, 0.03, 0.97, 0.0164976
0.5, 0.0171541, 0.03, 0.97, 0.0168641
0.5, 0.0184676, 0.03, 0.97, 0.0179943
0.5, 0.0163802, 0.03, 0.97, 0.0167209
0.5, 0.0164496, 0.03, 0.97, 0.0163588
0.5, 0.0211471, 0.03, 0.97, 0.0199616
0.5, 0.0175706, 0.03, 0.97, 0.0170411
0.5, 0.018307, 0.03, 0.97, 0.0183913
0.5, 0.0171607, 0.03, 0.97, 0.0166927
0.5, 0.0166337, 0.03, 0.97, 0.0160203
0.5, 0.0172511, 0.03, 0.97, 0.016826
0.5, 0.0182753, 0.03, 0.97, 0.0164719
0.5, 0.0183617, 0.03, 0.97, 0.0192288
0.5, 0.0175189, 0.03, 0.97, 0.0170536
0.5, 0.0170155, 0.03, 0.97, 0.0163883
0.5, 0.0173457, 0.03, 0.97, 0.0170096
0.5, 0.0163274, 0.03, 0.97, 0.0161373
0.5, 0.0218462, 0.035, 0.965, 0.0212193
0.5, 0.0214043, 0.035, 0.965, 0.0221329
0.5, 0.0214887, 0.035, 0.965, 0.020299
0.5, 0.0223336, 0.035, 0.965, 0.0224402
0.5, 0.0225822, 0.035, 0.965, 0.021788
0.5, 0.021122, 0.035, 0.965, 0.0201661
0.5, 0.0204372, 0.035, 0.965, 0.0195946
0.5, 0.0207073, 0.035, 0.965, 0.0195648
0.5, 0.0196499, 0.035, 0.965, 0.0207853
0.5, 0.0214349, 0.035, 0.965, 0.0212656
0.5, 0.0187712, 0.035, 0.965, 0.0203838
0.5, 0.0194156, 0.035, 0.965, 0.0189117
0.5, 0.0224443, 0.035, 0.965, 0.0221102
0.5, 0.0192194, 0.035, 0.965, 0.0189191
0.5, 0.0202341, 0.035, 0.965, 0.0202356
0.5, 0.0219207, 0.035, 0.965, 0.0227517
0.5, 0.0203392, 0.035, 0.965, 0.0205359
0.5, 0.0215542, 0.035, 0.965, 0.0213945
0.5, 0.0241131, 0.035, 0.965, 0.0224725
0.5, 0.0213567, 0.035, 0.965, 0.0211668
0.5, 0.0239463, 0.035, 0.965, 0.0222887
0.5, 0.0207661, 0.035, 0.965, 0.0198208
0.5, 0.0223239, 0.035, 0.965, 0.0206686
0.5, 0.0206522, 0.035, 0.965, 0.0215222
0.5, 0.0213788, 0.035, 0.965, 0.0210637
0.5, 0.0248052, 0.04, 0.96, 0.0237823
0.5, 0.025045, 0.04, 0.96, 0.0240206
0.5, 0.0239439, 0.04, 0.96, 0.0230412
0.5, 0.0267808, 0.04, 0.96, 0.0259133
0.5, 0.0252494, 0.04, 0.96, 0.0261298
0.5, 0.023658, 0.04, 0.96, 0.0231181
0.5, 0.0271529, 0.04, 0.96, 0.0244458
0.5, 0.0264101, 0.04, 0.96, 0.0241607
0.5, 0.023524, 0.04, 0.96, 0.0233496
0.5, 0.0239935, 0.04, 0.96, 0.0251262
0.5, 0.024416, 0.04, 0.96, 0.0232702
0.5, 0.0256479, 0.04, 0.96, 0.0229969
0.5, 0.0235466, 0.04, 0.96, 0.0231079
0.5, 0.0230529, 0.04, 0.96, 0.0240749
0.5, 0.0244077, 0.04, 0.96, 0.0235825
0.5, 0.0268539, 0.04, 0.96, 0.0255599
0.5, 0.0269252, 0.04, 0.96, 0.0253007
0.5, 0.0258357, 0.04, 0.96, 0.0244786
0.5, 0.0254448, 0.04, 0.96, 0.0226993
0.5, 0.0254612, 0.04, 0.96, 0.0252096
0.5, 0.0209734, 0.04, 0.96, 0.0218448
0.5, 0.0257289, 0.04, 0.96, 0.023976
0.5, 0.0238374, 0.04, 0.96, 0.0238318
0.5, 0.0260669, 0.04, 0.96, 0.0249504
0.5, 0.0242647, 0.04, 0.96, 0.0244435
0.5, 0.0277878, 0.045, 0.955, 0.0266902
0.5, 0.0287851, 0.045, 0.955, 0.0273831
0.5, 0.0272911, 0.045, 0.955, 0.0278541
0.5, 0.0263944, 0.045, 0.955, 0.0254853
0.5, 0.0249296, 0.045, 0.955, 0.0247891
0.5, 0.0301757, 0.045, 0.955, 0.0285271
0.5, 0.0262648, 0.045, 0.955, 0.0269409
0.5, 0.0288176, 0.045, 0.955, 0.0281433
0.5, 0.0277647, 0.045, 0.955, 0.0263213
0.5, 0.0307867, 0.045, 0.955, 0.0274094
0.5, 0.028086, 0.045, 0.955, 0.0274158
0.5, 0.0265388, 0.045, 0.955, 0.0268502
0.5, 0.0293944, 0.045, 0.955, 0.0296273
0.5, 0.0278973, 0.045, 0.955, 0.0271124
0.5, 0.0309973, 0.045, 0.955, 0.0286753
0.5, 0.0254143, 0.045, 0.955, 0.0254668
0.5, 0.0264064, 0.045, 0.955, 0.0268907
0.5, 0.0271152, 0.045, 0.955, 0.0268261
0.5, 0.0282937, 0.045, 0.955, 0.0272472
0.5, 0.027505, 0.045, 0.955, 0.0262438
0.5, 0.0260809, 0.045, 0.955, 0.0250481
0.5, 0.0249869, 0.045, 0.955, 0.02647
0.5, 0.0261247, 0.045, 0.955, 0.0272983
0.5, 0.0280347, 0.045, 0.955, 0.0281964
0.5, 0.0295687, 0.045, 0.955, 0.0273618
0.5, 0.0323024, 0.05, 0.95, 0.0315582
0.5, 0.0327332, 0.05, 0.95, 0.0312873
0.5, 0.0305022, 0.05, 0.95, 0.029936
0.5, 0.0327892, 0.05, 0.95, 0.0314097
0.5, 0.0339562, 0.05, 0.95, 0.032451
0.5, 0.0327124, 0.05, 0.95, 0.031669
0.5, 0.0341368, 0.05, 0.95, 0.0322342
0.5, 0.0324513, 0.05, 0.95, 0.0320953
0.5, 0.0316362, 0.05, 0.95, 0.0309907
0.5, 0.0302374, 0.05, 0.95, 0.0289544
0.5, 0.0305425, 0.05, 0.95, 0.0309104
0.5, 0.0322019, 0.05, 0.95, 0.0299879
0.5, 0.0283381, 0.05, 0.95, 0.0277309
0.5, 0.0329122, 0.05, 0.95, 0.0314172
0.5, 0.0321559, 0.05, 0.95, 0.0313695
0.5, 0.0318736, 0.05, 0.95, 0.032094
0.5, 0.031261, 0.05, 0.95, 0.0301088
0.5, 0.0334426, 0.05, 0.95, 0.0322732
0.5, 0.0304673, 0.05, 0.95, 0.0293088
0.5, 0.028178, 0.05, 0.95, 0.0290692
0.5, 0.0340625, 0.05, 0.95, 0.0321545
0.5, 0.0307783, 0.05, 0.95, 0.029493
0.5, 0.0322444, 0.05, 0.95, 0.0301455
0.5, 0.0342651, 0.05, 0.95, 0.0302759
0.5, 0.0320242, 0.05, 0.95, 0.0308933
0.5, 0.0357982, 0.055, 0.945, 0.0345615
0.5, 0.0343136, 0.055, 0.945, 0.0358028
0.5, 0.0350036, 0.055, 0.945, 0.0351241
0.5, 0.0400278, 0.055, 0.945, 0.0366187
0.5, 0.032735, 0.055, 0.945, 0.03339
0.5, 0.035001, 0.055, 0.945, 0.0338252
0.5, 0.0369062, 0.055, 0.945, 0.0351569
0.5, 0.0357553, 0.055, 0.945, 0.0356173
0.5, 0.0373286, 0.055, 0.945, 0.0372416
0.5, 0.0341801, 0.055, 0.945, 0.0328461
0.5, 0.0344055, 0.055, 0.945, 0.0325028
0.5, 0.0350836, 0.055, 0.945, 0.0326241
0.5, 0.0342908, 0.055, 0.945, 0.0323473
0.5, 0.0348444, 0.055, 0.945, 0.0339948
0.5, 0.038977, 0.055, 0.945, 0.0347083
0.5, 0.0351233, 0.055, 0.945, 0.034942
0.5, 0.0330859, 0.055, 0.945, 0.0333507
0.5, 0.0350601, 0.055, 0.945, 0.0342674
0.5, 0.0358751, 0.055, 0.945, 0.0360446
0.5, 0.0357084, 0.055, 0.945, 0.0342948
0.5, 0.035653, 0.055, 0.945, 0.034499
0.5, 0.0352733, 0.055, 0.945, 0.0349489
0.5, 0.0350853, 0.055, 0.945, 0.0358587
0.5, 0.0377234, 0.055, 0.945, 0.0362821
0.5, 0.0362881, 0.055, 0.945, 0.0366597
0.5, 0.043119, 0.06, 0.94, 0.0398854
0.5, 0.037977, 0.06, 0.94, 0.03696
0.5, 0.0406786, 0.06, 0.94, 0.0374253
0.5, 0.0355385, 0.06, 0.94, 0.0352414
0.5, 0.042266, 0.06, 0.94, 0.0417045
0.5, 0.03708, 0.06, 0.94, 0.0373475
0.5, 0.0402316, 0.06, 0.94, 0.0385719
0.5, 0.0396045, 0.06, 0.94, 0.0396771
0.5, 0.0394481, 0.06, 0.94, 0.0383349
0.5, 0.0390816, 0.06, 0.94, 0.037399
0.5, 0.0447032, 0.06, 0.94, 0.0408659
0.5, 0.0395025, 0.06, 0.94, 0.0381538
0.5, 0.0415723, 0.06, 0.94, 0.0396359
0.5, 0.0394373, 0.06, 0.94, 0.0382125
0.5, 0.0429232, 0.06, 0.94, 0.0406918
0.5, 0.0378896, 0.06, 0.94, 0.0377803
0.5, 0.0419734, 0.06, 0.94, 0.0393889
0.5, 0.040457, 0.06, 0.94, 0.0387917
0.5, 0.042989, 0.06, 0.94, 0.0418178
0.5, 0.0390081, 0.06, 0.94, 0.0377803
0.5, 0.0364329, 0.06, 0.94, 0.0378136
0.5, 0.0432136, 0.06, 0.94, 0.0393759
0.5, 0.0439409, 0.06, 0.94, 0.0417849
0.5, 0.036966, 0.06, 0.94, 0.0359294
0.5, 0.041159, 0.06, 0.94, 0.0390633
0.5, 0.043251, 0.065, 0.935, 0.0443765
0.5, 0.0449013, 0.065, 0.935, 0.0435289
0.5, 0.0459376, 0.065, 0.935, 0.0401433
0.5, 0.0463626, 0.065, 0.935, 0.0438722
0.5, 0.0460209, 0.065, 0.935, 0.0423481
0.5, 0.0440548, 0.065, 0.935, 0.0445143
0.5, 0.0461403, 0.065, 0.935, 0.0439467
0.5, 0.0445764, 0.065, 0.935, 0.0433251
0.5, 0.0417822, 0.065, 0.935, 0.0388113
0.5, 0.0456209, 0.065, 0.935, 0.0422225
0.5, 0.0394441, 0.065, 0.935, 0.0397861
0.5, 0.0431412, 0.065, 0.935, 0.0425147
0.5, 0.0436242, 0.065, 0.935, 0.0411276
0.5, 0.0444274, 0.065, 0.935, 0.0436115
0.5, 0.0425979, 0.065, 0.935, 0.0408662
0.5, 0.0423482, 0.065, 0.935, 0.0426079
0.5, 0.0407977, 0.065, 0.935, 0.039255
0.5, 0.0449105, 0.065, 0.935, 0.0445581
0.5, 0.0418814, 0.065, 0.935, 0.0418481
0.5, 0.0436056, 0.065, 0.935, 0.0408497
0.5, 0.0415939, 0.065, 0.935, 0.0396978
0.5, 0.0436023, 0.065, 0.935, 0.041263
0.5, 0.0446997, 0.065, 0.935, 0.0418709
0.5, 0.0419546, 0.065, 0.935, 0.0416711
0.5, 0.0402161, 0.065, 0.935, 0.0421174
0.5, 0.0471214, 0.07, 0.93, 0.0458052
0.5, 0.0492298, 0.07, 0.93, 0.0491655
0.5, 0.0493421, 0.07, 0.93, 0.0481182
0.5, 0.0464263, 0.07, 0.93, 0.0441585
0.5, 0.0457364, 0.07, 0.93, 0.0446894
0.5, 0.0443238, 0.07, 0.93, 0.042675
0.5, 0.0518429, 0.07, 0.93, 0.0497346
0.5, 0.0464068, 0.07, 0.93, 0.0477356
0.5, 0.0464692, 0.07, 0.93, 0.0459288
0.5, 0.051106, 0.07, 0.93, 0.0485328
0.5, 0.0454801, 0.07, 0.93, 0.0453697
0.5, 0.0474808, 0.07, 0.93, 0.0467534
0.5, 0.0492004, 0.07, 0.93, 0.0465479
0.5, 0.0426397, 0.07, 0.93, 0.0415579
0.5, 0.0495854, 0.07, 0.93, 0.0489622
0.5, 0.0452738, 0.07, 0.93, 0.0446865
0.5, 0.0469092, 0.07, 0.93, 0.0476775
0.5, 0.0507918, 0.07, 0.93, 0.0478499
0.5, 0.0495038, 0.07, 0.93, 0.0480852
0.5, 0.0443334, 0.07, 0.93, 0.045055
0.5, 0.0473288, 0.07, 0.93, 0.0455761
0.5, 0.0482013, 0.07, 0.93, 0.0467123
0.5, 0.0467548, 0.07, 0.93, 0.0453198
0.5, 0.0477157, 0.07, 0.93, 0.0479148
0.5, 0.0491912, 0.07, 0.93, 0.0473506
0.5, 0.0471837, 0.075, 0.925, 0.0463885
0.5, 0.0589349, 0.075, 0.925, 0.0522725
0.5, 0.0473929, 0.075, 0.925, 0.0483638
0.5, 0.0521572, 0.075, 0.925, 0.0498949
0.5, 0.0513437, 0.075, 0.925, 0.0510744
0.5, 0.0571943, 0.075, 0.925, 0.0547362
0.5, 0.0516924, 0.075, 0.925, 0.0504211
0.5, 0.0523885, 0.075, 0.925, 0.0505594
0.5, 0.0516902, 0.075, 0.925, 0.0495272
0.5, 0.0533574, 0.075, 0.925, 0.0510871
0.5, 0.0492103, 0.075, 0.925, 0.0488317
0.5, 0.0507892, 0.075, 0.925, 0.0518057
0.5, 0.0525788, 0.075, 0.925, 0.0498712
0.5, 0.0485803, 0.075, 0.925, 0.0498672
0.5, 0.0493284, 0.075, 0.925, 0.0497646
0.5, 0.0543061, 0.075, 0.925, 0.0511281
0.5, 0.0524291, 0.075, 0.925, 0.0494651
0.5, 0.0460788, 0.075, 0.925, 0.0454209
0.5, 0.0486841, 0.075, 0.925, 0.0495733
0.5, 0.0501673, 0.075, 0.925, 0.0498746
0.5, 0.0526002, 0.075, 0.925, 0.0493748
0.5, 0.0546493, 0.075, 0.925, 0.0521508
0.5, 0.0489709, 0.075, 0.925, 0.0483267
0.5, 0.0524304, 0.075, 0.925, 0.0499735
0.5, 0.0472106, 0.075, 0.925, 0.0490517
0.5, 0.0535868, 0.08, 0.92, 0.0533729
0.5, 0.0553126, 0.08, 0.92, 0.0554697
0.5, 0.0615372, 0.08, 0.92, 0.0560176
0.5, 0.0550487, 0.08, 0.92, 0.0552341
0.5, 0.0584891, 0.08, 0.92, 0.0556876
0.5, 0.0536828, 0.08, 0.92, 0.052498
0.5, 0.0556931, 0.08, 0.92, 0.0537479
0.5, 0.0578985, 0.08, 0.92, 0.0560818
0.5, 0.0570462, 0.08, 0.92, 0.0556714
0.5, 0.0563601, 0.08, 0.92, 0.056756
0.5, 0.059221, 0.08, 0.92, 0.0566369
0.5, 0.0538876, 0.08, 0.92, 0.053833
0.5, 0.0541547, 0.08, 0.92, 0.055304
0.5, 0.0551892, 0.08, 0.92, 0.0545132
0.5, 0.0614226, 0.08, 0.92, 0.0556992
0.5, 0.0536314, 0.08, 0.92, 0.0506027
0.5, 0.0605321, 0.08, 0.92, 0.0569335
0.5, 0.0560969, 0.08, 0.92, 0.054618
0.5, 0.0589347, 0.08, 0.92, 0.0558464
0.5, 0.0547582, 0.08, 0.92, 0.0513723
0.5, 0.0551992, 0.08, 0.92, 0.0549178
0.5, 0.0588774, 0.08, 0.92, 0.0552435
0.5, 0.0584609, 0.08, 0.92, 0.0578283
0.5, 0.0529621, 0.08, 0.92, 0.0537582
0.5, 0.0572414, 0.08, 0.92, 0.0548837
0.5, 0.0577332, 0.085, 0.915, 0.056259
0.5, 0.0597058, 0.085, 0.915, 0.0582142
0.5, 0.056483, 0.085, 0.915, 0.0566422
0.5, 0.06264, 0.085, 0.915, 0.0602325
0.5, 0.0592273, 0.085, 0.915, 0.0594362
0.5, 0.057705, 0.085, 0.915, 0.0557786
0.5, 0.0631523, 0.085, 0.915, 0.0593747
0.5, 0.0590885, 0.085, 0.915, 0.0591693
0.5, 0.061778, 0.085, 0.915, 0.059788
0.5, 0.0620067, 0.085, 0.915, 0.0601504
0.5, 0.0624021, 0.085, 0.915, 0.0594495
0.5, 0.0677881, 0.085, 0.915, 0.0648253
0.5, 0.0621055, 0.085, 0.915, 0.0576759
0.5, 0.0616608, 0.085, 0.915, 0.059636
0.5, 0.0587424, 0.085, 0.915, 0.056229
0.5, 0.0594443, 0.085, 0.915, 0.057552
0.5, 0.0589709, 0.085, 0.915, 0.0583507
0.5, 0.0588645, 0.085, 0.915, 0.0563968
0.5, 0.0638158, 0.085, 0.915, 0.0622201
0.5, 0.0614661, 0.085, 0.915, 0.0601877
0.5, 0.0588951, 0.085, 0.915, 0.0576184
0.5, 0.060983, 0.085, 0.915, 0.0588774
0.5, 0.0626686, 0.085, 0.915, 0.0592155
0.5, 0.0598108, 0.085, 0.915, 0.0593106
0.5, 0.0561357, 0.085, 0.915, 0.0560945
0.5, 0.0623562, 0.09, 0.91, 0.0633933
0.5, 0.0674437, 0.09, 0.91, 0.0653242
0.5, 0.0688748, 0.09, 0.91, 0.0667418
0.5, 0.0665899, 0.09, 0.91, 0.0664439
0.5, 0.0636953, 0.09, 0.91, 0.0621552
0.5, 0.0615305, 0.09, 0.91, 0.0612234
0.5, 0.0628531, 0.09, 0.91, 0.0627318
0.5, 0.0670752, 0.09, 0.91, 0.0659788
0.5, 0.0666284, 0.09, 0.91, 0.0639525
0.5, 0.0629133, 0.09, 0.91, 0.0603772
0.5, 0.0608898, 0.09, 0.91, 0.0626562
0.5, 0.0635546, 0.09, 0.91, 0.0625615
0.5, 0.0660134, 0.09, 0.91, 0.0639462
0.5, 0.0657467, 0.09, 0.91, 0.0620248
0.5, 0.0656606, 0.09, 0.91, 0.0639795
0.5, 0.0640797, 0.09, 0.91, 0.061621
0.5, 0.0663917, 0.09, 0.91, 0.062605
0.5, 0.0644635, 0.09, 0.91, 0.0653552
0.5, 0.0662913, 0.09, 0.91, 0.064733
0.5, 0.0598066, 0.09, 0.91, 0.0610765
0.5, 0.0654273, 0.09, 0.91, 0.0639844
0.5, 0.067141, 0.09, 0.91, 0.0635721
0.5, 0.0625802, 0.09, 0.91, 0.0609925
0.5, 0.0691673, 0.09, 0.91, 0.0663117
0.5, 0.0654696, 0.09, 0.91, 0.0648296
0.5, 0.0691107, 0.095, 0.905, 0.0679659
0.5, 0.073251, 0.095, 0.905, 0.0718046
0.5, 0.0767226, 0.095, 0.905, 0.0721408
0.5, 0.0742985, 0.095, 0.905, 0.0712071
0.5, 0.067875, 0.095, 0.905, 0.0675005
0.5, 0.0715421, 0.095, 0.905, 0.0693193
0.5, 0.0692368, 0.095, 0.905, 0.0672939
0.5, 0.0714271, 0.095, 0.905, 0.0683455
0.5, 0.0683839, 0.095, 0.905, 0.0662032
0.5, 0.0675182, 0.095, 0.905, 0.0656161
0.5, 0.0694445, 0.095, 0.905, 0.0685543
0.5, 0.0700217, 0.095, 0.905, 0.0673919
0.5, 0.0671054, 0.095, 0.905, 0.068508
0.5, 0.0695838, 0.095, 0.905, 0.0693629
0.5, 0.070594, 0.095, 0.905, 0.0658617
0.5, 0.0716653, 0.095, 0.905, 0.0667885
0.5, 0.0733807, 0.095, 0.905, 0.0703951
0.5, 0.0694471, 0.095, 0.905, 0.0689953
0.5, 0.0707831, 0.095, 0.905, 0.0706525
0.5, 0.0666468, 0.095, 0.905, 0.0668277
0.5, 0.0712564, 0.095, 0.905, 0.0679219
0.5, 0.0695519, 0.095, 0.905, 0.067502
0.5, 0.0743985, 0.095, 0.905, 0.0691888
0.5, 0.0710075, 0.095, 0.905, 0.0660465
0.5, 0.070515, 0.095, 0.905, 0.0671203
0.5, 0.0789335, 0.1, 0.9, 0.0749246
0.5, 0.0722978, 0.1, 0.9, 0.0693541
0.5, 0.073786, 0.1, 0.9, 0.0730524
0.5, 0.0743555, 0.1, 0.9, 0.0710037
0.5, 0.0768059, 0.1, 0.9, 0.0746035
0.5, 0.0743707, 0.1, 0.9, 0.0711765
0.5, 0.069365, 0.1, 0.9, 0.068786
0.5, 0.0753615, 0.1, 0.9, 0.0718741
0.5, 0.077319, 0.1, 0.9, 0.0745569
0.5, 0.0727801, 0.1, 0.9, 0.0739201
0.5, 0.0762166, 0.1, 0.9, 0.0724741
0.5, 0.0710196, 0.1, 0.9, 0.071677
0.5, 0.0762776, 0.1, 0.9, 0.0742213
0.5, 0.0711879, 0.1, 0.9, 0.0701099
0.5, 0.0762735, 0.1, 0.9, 0.0761771
0.5, 0.0704419, 0.1, 0.9, 0.0678975
0.5, 0.0774245, 0.1, 0.9, 0.0748135
0.5, 0.0722834, 0.1, 0.9, 0.072848
0.5, 0.0762187, 0.1, 0.9, 0.0744245
0.5, 0.0767766, 0.1, 0.9, 0.0742814
0.5, 0.0718876, 0.1, 0.9, 0.0696874
0.5, 0.0732301, 0.1, 0.9, 0.0702567
0.5, 0.0712187, 0.1, 0.9, 0.0686969
0.5, 0.0734175, 0.1, 0.9, 0.0696906
0.5, 0.069676, 0.1, 0.9, 0.0685925
0.5, 0.0807092, 0.105, 0.895, 0.0795933
0.5, 0.0790276, 0.105, 0.895, 0.0741338
0.5, 0.0808383, 0.105, 0.895, 0.0765771
0.5, 0.0774534, 0.105, 0.895, 0.0763182
0.5, 0.0825116, 0.105, 0.895, 0.0807766
0.5, 0.0744001, 0.105, 0.895, 0.0737616
0.5, 0.0796232, 0.105, 0.895, 0.0762283
0.5, 0.0732216, 0.105, 0.895, 0.0731694
0.5, 0.0823363, 0.105, 0.895, 0.0787258
0.5, 0.0832852, 0.105, 0.895, 0.0784586
0.5, 0.0773017, 0.105, 0.895, 0.0770695
0.5, 0.080837, 0.105, 0.895, 0.0780858
0.5, 0.0816354, 0.105, 0.895, 0.0790146
0.5, 0.0823252, 0.105, 0.895, 0.0779106
0.5, 0.0774312, 0.105, 0.895, 0.0748153
0.5, 0.0775186, 0.105, 0.895, 0.0763782
0.5, 0.0817099, 0.105, 0.895, 0.0785015
0.5, 0.0812383, 0.105, 0.895, 0.0768552
0.5, 0.0768917, 0.105, 0.895, 0.0746023
0.5, 0.078332, 0.105, 0.895, 0.0767498
0.5, 0.0844958, 0.105, 0.895, 0.0808956
0.5, 0.0798127, 0.105, 0.895, 0.0780426
0.5, 0.0761523, 0.105, 0.895, 0.0729115
0.5, 0.0760043, 0.105, 0.895, 0.0770271
0.5, 0.0806116, 0.105, 0.895, 0.0770452
0.5, 0.0801777, 0.11, 0.89, 0.0803987
0.5, 0.0916464, 0.11, 0.89, 0.087756
0.5, 0.0827796, 0.11, 0.89, 0.0790939
0.5, 0.081636, 0.11, 0.89, 0.0823892
0.5, 0.0859487, 0.11, 0.89, 0.0813178
0.5, 0.0819806, 0.11, 0.89, 0.0802324
0.5, 0.0886099, 0.11, 0.89, 0.0846379
0.5, 0.084544, 0.11, 0.89, 0.0833288
0.5, 0.0810855, 0.11, 0.89, 0.0805666
0.5, 0.0837883, 0.11, 0.89, 0.0813998
0.5, 0.0771921, 0.11, 0.89, 0.0789735
0.5, 0.0852021, 0.11, 0.89, 0.0820312
0.5, 0.0876965, 0.11, 0.89, 0.0835396
0.5, 0.084128, 0.11, 0.89, 0.0821712
0.5, 0.0828184, 0.11, 0.89, 0.0822357
0.5, 0.0784331, 0.11, 0.89, 0.0777148
0.5, 0.0823627, 0.11, 0.89, 0.0804165
0.5, 0.0812618, 0.11, 0.89, 0.0792944
0.5, 0.0857461, 0.11, 0.89, 0.0846268
0.5, 0.0819083, 0.11, 0.89, 0.0812843
0.5, 0.0860804, 0.11, 0.89, 0.0835905
0.5, 0.0880544, 0.11, 0.89, 0.0816192
0.5, 0.0845203, 0.11, 0.89, 0.0842402
0.5, 0.081905, 0.11, 0.89, 0.080793
0.5, 0.0839304, 0.11, 0.89, 0.0813331
0.5, 0.0879189, 0.115, 0.885, 0.0820383
0.5, 0.0928907, 0.115, 0.885, 0.0881322
0.5, 0.0914084, 0.115, 0.885, 0.0876562
0.5, 0.0907767, 0.115, 0.885, 0.0909941
0.5, 0.0862928, 0.115, 0.885, 0.0852223
0.5, 0.0860282, 0.115, 0.885, 0.08316
0.5, 0.0855457, 0.115, 0.885, 0.0841252
0.5, 0.0919948, 0.115, 0.885, 0.0893544
0.5, 0.0942955, 0.115, 0.885, 0.0888029
0.5, 0.0913224, 0.115, 0.885, 0.0876306
0.5, 0.0958967, 0.115, 0.885, 0.0904334
0.5, 0.0880974, 0.115, 0.885, 0.086947
0.5, 0.08948, 0.115, 0.885, 0.0873169
0.5, 0.0858399, 0.115, 0.885, 0.0866177
0.5, 0.0855742, 0.115, 0.885, 0.0856091
0.5, 0.0956348, 0.115, 0.885, 0.0906086
0.5, 0.0849006, 0.115, 0.885, 0.0842918
0.5, 0.0906042, 0.115, 0.885, 0.0882089
0.5, 0.095846, 0.115, 0.885, 0.0882774
0.5, 0.0889024, 0.115, 0.885, 0.0883459
0.5, 0.087017, 0.115, 0.885, 0.0838611
0.5, 0.0939405, 0.115, 0.885, 0.0890876
0.5, 0.0893535, 0.115, 0.885, 0.0858333
0.5, 0.0852687, 0.115, 0.885, 0.0862136
0.5, 0.0817648, 0.115, 0.885, 0.0843533
0.5, 0.0938302, 0.12, 0.88, 0.0907345
0.5, 0.0960628, 0.12, 0.88, 0.0940857
0.5, 0.0946285, 0.12, 0.88, 0.0876371
0.5, 0.0926947, 0.12, 0.88, 0.0887928
0.5, 0.0987291, 0.12, 0.88, 0.0922634
0.5, 0.0890916, 0.12, 0.88, 0.0877035
0.5, 0.0973157, 0.12, 0.88, 0.0976247
0.5, 0.0924774, 0.12, 0.88, 0.0916494
0.5, 0.0939833, 0.12, 0.88, 0.0924045
0.5, 0.0990937, 0.12, 0.88, 0.0946643
0.5, 0.0889748, 0.12, 0.88, 0.0873034
0.5, 0.0963902, 0.12, 0.88, 0.0919776
0.5, 0.0894398, 0.12, 0.88, 0.0886244
0.5, 0.101613, 0.12, 0.88, 0.0980795
0.5, 0.0959231, 0.12, 0.88, 0.094231
0.5, 0.0949468, 0.12, 0.88, 0.0931556
0.5, 0.097163, 0.12, 0.88, 0.0908121
0.5, 0.0977621, 0.12, 0.88, 0.0955353
0.5, 0.0952491, 0.12, 0.88, 0.0930207
0.5, 0.0938402, 0.12, 0.88, 0.0920344
0.5, 0.0924704, 0.12, 0.88, 0.0916469
0.5, 0.0922962, 0.12, 0.88, 0.0919649
0.5, 0.0997617, 0.12, 0.88, 0.0960834
0.5, 0.0948734, 0.12, 0.88, 0.0926845
0.5, 0.087773, 0.12, 0.88, 0.0878322
0.5, 0.101797, 0.125, 0.875, 0.0975527
0.5, 0.097187, 0.125, 0.875, 0.0978526
0.5, 0.0951685, 0.125, 0.875, 0.0952804
0.5, 0.1007, 0.125, 0.875, 0.101135
0.5, 0.0997693, 0.125, 0.875, 0.0987022
0.5, 0.094641, 0.125, 0.875, 0.0932032
0.5, 0.0986494, 0.125, 0.875, 0.0951254
0.5, 0.097733, 0.125, 0.875, 0.0944785
0.5, 0.0995039, 0.125, 0.875, 0.0997959
0.5, 0.0972667, 0.125, 0.875, 0.0949664
0.5, 0.0995196, 0.125, 0.875, 0.0977871
0.5, 0.0954257, 0.125, 0.875, 0.0925741
0.5, 0.095261, 0.125, 0.875, 0.0978297
0.5, 0.0980277, 0.125, 0.875, 0.0963902
0.5, 0.0992472, 0.125, 0.875, 0.0961966
0.5, 0.0995502, 0.125, 0.875, 0.0972377
0.5, 0.101276, 0.125, 0.875, 0.098506
0.5, 0.105089, 0.125, 0.875, 0.100492
0.5, 0.0967677, 0.125, 0.875, 0.0950663
0.5, 0.0990123, 0.125, 0.875, 0.0967472
0.5, 0.10202, 0.125, 0.875, 0.0973173
0.5, 0.103531, 0.125, 0.875, 0.0975049
0.5, 0.104326, 0.125, 0.875, 0.100106
0.5, 0.0977668, 0.125, 0.875, 0.0914144
0.5, 0.0981372, 0.125, 0.875, 0.0980631
0.5, 0.104583, 0.13, 0.87, 0.0997873
0.5, 0.106613, 0.13, 0.87, 0.100223
0.5, 0.107982, 0.13, 0.87, 0.105375
0.5, 0.100997, 0.13, 0.87, 0.0981516
0.5, 0.107711, 0.13, 0.87, 0.10055
0.5, 0.104148, 0.13, 0.87, 0.103596
0.5, 0.103152, 0.13, 0.87, 0.0999944
0.5, 0.10512, 0.13, 0.87, 0.10254
0.5, 0.103087, 0.13, 0.87, 0.104171
0.5, 0.103657, 0.13, 0.87, 0.101844
0.5, 0.106458, 0.13, 0.87, 0.101696
0.5, 0.106863, 0.13, 0.87, 0.103126
0.5, 0.0990767, 0.13, 0.87, 0.0974944
0.5, 0.107715, 0.13, 0.87, 0.102483
0.5, 0.105487, 0.13, 0.87, 0.0986402
0.5, 0.10893, 0.13, 0.87, 0.105706
0.5, 0.104174, 0.13, 0.87, 0.102784
0.5, 0.104687, 0.13, 0.87, 0.101477
0.5, 0.111816, 0.13, 0.87, 0.107487
0.5, 0.106517, 0.13, 0.87, 0.107057
0.5, 0.102384, 0.13, 0.87, 0.103578
0.5, 0.102977, 0.13, 0.87, 0.102935
0.5, 0.0967957, 0.13, 0.87, 0.096534
0.5, 0.101605, 0.13, 0.87, 0.099492
0.5, 0.108011, 0.13, 0.87, 0.104337
0.5, 0.104609, 0.135, 0.865, 0.102863
0.5, 0.11172, 0.135, 0.865, 0.10888
0.5, 0.112879, 0.135, 0.865, 0.107417
0.5, 0.112292, 0.135, 0.865, 0.10816
0.5, 0.105005, 0.135, 0.865, 0.102696
0.5, 0.104274, 0.135, 0.865, 0.1051
0.5, 0.111491, 0.135, 0.865, 0.108088
0.5, 0.109165, 0.135, 0.865, 0.108166
0.5, 0.108711, 0.135, 0.865, 0.107387
0.5, 0.112713, 0.135, 0.865, 0.105941
0.5, 0.110554, 0.135, 0.865, 0.104239
0.5, 0.110658, 0.135, 0.865, 0.11118
0.5, 0.115365, 0.135, 0.865, 0.111373
0.5, 0.104651, 0.135, 0.865, 0.104292
0.5, 0.103981, 0.135, 0.865, 0.104026
0.5, 0.108102, 0.135, 0.865, 0.108971
0.5, 0.113597, 0.135, 0.865, 0.109146
0.5, 0.109456, 0.135, 0.865, 0.108741
0.5, 0.108046, 0.135, 0.865, 0.101515
0.5, 0.110331, 0.135, 0.865, 0.108595
0.5, 0.112455, 0.135, 0.865, 0.107901
0.5, 0.106931, 0.135, 0.865, 0.10473
0.5, 0.103285, 0.135, 0.865, 0.106095
0.5, 0.107384, 0.135, 0.865, 0.110382
0.5, 0.102203, 0.135, 0.865, 0.103636
0.5, 0.114582, 0.14, 0.86, 0.111455
0.5, 0.11623, 0.14, 0.86, 0.114316
0.5, 0.124286, 0.14, 0.86, 0.119723
0.5, 0.112353, 0.14, 0.86, 0.111619
0.5, 0.114038, 0.14, 0.86, 0.110542
0.5, 0.114805, 0.14, 0.86, 0.114692
0.5, 0.117983, 0.14, 0.86, 0.112976
0.5, 0.116384, 0.14, 0.86, 0.112053
0.5, 0.119384, 0.14, 0.86, 0.113024
0.5, 0.113832, 0.14, 0.86, 0.10918
0.5, 0.107972, 0.14, 0.86, 0.108796
0.5, 0.119406, 0.14, 0.86, 0.112449
0.5, 0.116168, 0.14, 0.86, 0.114877
0.5, 0.112151, 0.14, 0.86, 0.109947
0.5, 0.118855, 0.14, 0.86, 0.112958
0.5, 0.110082, 0.14, 0.86, 0.109487
0.5, 0.117084, 0.14, 0.86, 0.113217
0.5, 0.118374, 0.14, 0.86, 0.117428
0.5, 0.114613, 0.14, 0.86, 0.113023
0.5, 0.114611, 0.14, 0.86, 0.112122
0.5, 0.109172, 0.14, 0.86, 0.109506
0.5, 0.11458, 0.14, 0.86, 0.112486
0.5, 0.112088, 0.14, 0.86, 0.10904
0.5, 0.116979, 0.14, 0.86, 0.11342
0.5, 0.113512, 0.14, 0.86, 0.11308
0.5, 0.125143, 0.145, 0.855, 0.118715
0.5, 0.126182, 0.145, 0.855, 0.119203
0.5, 0.120044, 0.145, 0.855, 0.117871
0.5, 0.125368, 0.145, 0.855, 0.117841
0.5, 0.118631, 0.145, 0.855, 0.117684
0.5, 0.114849, 0.145, 0.855, 0.115767
0.5, 0.124318, 0.145, 0.855, 0.118276
0.5, 0.12578, 0.145, 0.855, 0.119727
0.5, 0.119598, 0.145, 0.855, 0.117166
0.5, 0.123987, 0.145, 0.855, 0.116655
0.5, 0.12092, 0.145, 0.855, 0.122218
0.5, 0.126944, 0.145, 0.855, 0.126169
0.5, 0.118169, 0.145, 0.855, 0.11641
0.5, 0.114937, 0.145, 0.855, 0.11581
0.5, 0.12055, 0.145, 0.855, 0.118838
0.5, 0.123084, 0.145, 0.855, 0.119427
0.5, 0.122299, 0.145, 0.855, 0.118568
0.5, 0.124469, 0.145, 0.855, 0.12256
0.5, 0.118564, 0.145, 0.855, 0.115813
0.5, 0.119172, 0.145, 0.855, 0.118855
0.5, 0.116986, 0.145, 0.855, 0.114292
0.5, 0.121867, 0.145, 0.855, 0.122447
0.5, 0.117337, 0.145, 0.855, 0.120018
0.5, 0.122512, 0.145, 0.855, 0.120424
0.5, 0.122608, 0.145, 0.855, 0.122335
0.5, 0.125529, 0.15, 0.85, 0.126172
0.5, 0.130867, 0.15, 0.85, 0.123648
0.5, 0.123706, 0.15, 0.85, 0.123362
0.5, 0.122138, 0.15, 0.85, 0.119586
0.5, 0.123645, 0.15, 0.85, 0.119216
0.5, 0.127717, 0.15, 0.85, 0.123904
0.5, 0.125828, 0.15, 0.85, 0.12282
0.5, 0.126538, 0.15, 0.85, 0.123523
0.5, 0.119216, 0.15, 0.85, 0.120261
0.5, 0.125349, 0.15, 0.85, 0.119874
0.5, 0.1346, 0.15, 0.85, 0.127836
0.5, 0.123002, 0.15, 0.85, 0.121793
0.5, 0.127888, 0.15, 0.85, 0.124436
0.5, 0.121387, 0.15, 0.85, 0.117657
0.5, 0.121864, 0.15, 0.85, 0.12151
0.5, 0.124664, 0.15, 0.85, 0.124751
0.5, 0.123496, 0.15, 0.85, 0.122329
0.5, 0.121695, 0.15, 0.85, 0.120389
0.5, 0.122054, 0.15, 0.85, 0.122674
0.5, 0.126213, 0.15, 0.85, 0.121955
0.5, 0.126419, 0.15, 0.85, 0.123962
0.5, 0.128071, 0.15, 0.85, 0.123615
0.5, 0.13057, 0.15, 0.85, 0.130017
0.5, 0.123146, 0.15, 0.85, 0.125576
0.5, 0.123567, 0.15, 0.85, 0.122858
0.5, 0.133913, 0.155, 0.845, 0.128575
0.5, 0.130892, 0.155, 0.845, 0.127941
0.5, 0.122434, 0.155, 0.845, 0.123174
0.5, 0.136153, 0.155, 0.845, 0.130678
0.5, 0.125094, 0.155, 0.845, 0.124552
0.5, 0.139751, 0.155, 0.845, 0.131822
0.5, 0.131217, 0.155, 0.845, 0.129968
0.5, 0.131173, 0.155, 0.845, 0.128657
0.5, 0.132715, 0.155, 0.845, 0.127495
0.5, 0.132967, 0.155, 0.845, 0.127523
0.5, 0.132054, 0.155, 0.845, 0.127143
0.5, 0.130804, 0.155, 0.845, 0.131327
0.5, 0.133578, 0.155, 0.845, 0.128296
0.5, 0.133645, 0.155, 0.845, 0.13043
0.5, 0.12466, 0.155, 0.845, 0.124929
0.5, 0.13096, 0.155, 0.845, 0.128986
0.5, 0.131614, 0.155, 0.845, 0.129395
0.5, 0.131168, 0.155, 0.845, 0.131482
0.5, 0.131221, 0.155, 0.845, 0.131287
0.5, 0.132633, 0.155, 0.845, 0.128655
0.5, 0.133948, 0.155, 0.845, 0.131165
0.5, 0.130893, 0.155, 0.845, 0.127758
0.5, 0.133371, 0.155, 0.845, 0.128869
0.5, 0.138758, 0.155, 0.845, 0.132164
0.5, 0.129763, 0.155, 0.845, 0.127882
0.5, 0.132534, 0.16, 0.84, 0.132566
0.5, 0.135003, 0.16, 0.84, 0.136062
0.5, 0.139232, 0.16, 0.84, 0.134335
0.5, 0.138331, 0.16, 0.84, 0.135787
0.5, 0.131764, 0.16, 0.84, 0.129963
0.5, 0.135044, 0.16, 0.84, 0.131627
0.5, 0.133958, 0.16, 0.84, 0.130682
0.5, 0.143683, 0.16, 0.84, 0.13954
0.5, 0.125811, 0.16, 0.84, 0.126482
0.5, 0.136908, 0.16, 0.84, 0.135928
0.5, 0.13849, 0.16, 0.84, 0.133661
0.5, 0.140848, 0.16, 0.84, 0.137221
0.5, 0.138773, 0.16, 0.84, 0.136356
0.5, 0.133792, 0.16, 0.84, 0.132112
0.5, 0.140398, 0.16, 0.84, 0.135726
0.5, 0.131448, 0.16, 0.84, 0.12962
0.5, 0.140403, 0.16, 0.84, 0.137504
0.5, 0.14076, 0.16, 0.84, 0.137123
0.5, 0.140418, 0.16, 0.84, 0.134212
0.5, 0.146432, 0.16, 0.84, 0.136204
0.5, 0.135961, 0.16, 0.84, 0.131549
0.5, 0.135494, 0.16, 0.84, 0.133513
0.5, 0.132571, 0.16, 0.84, 0.13182
0.5, 0.135994, 0.16, 0.84, 0.138667
0.5, 0.13653, 0.16, 0.84, 0.136796
0.5, 0.136444, 0.165, 0.835, 0.134408
0.5, 0.14618, 0.165, 0.835, 0.140834
0.5, 0.133007, 0.165, 0.835, 0.136585
0.5, 0.137846, 0.165, 0.835, 0.133117
0.5, 0.138779, 0.165, 0.835, 0.138157
0.5, 0.142339, 0.165, 0.835, 0.142107
0.5, 0.149376, 0.165, 0.835, 0.145552
0.5, 0.143528, 0.165, 0.835, 0.139976
0.5, 0.147075, 0.165, 0.835, 0.141991
0.5, 0.143646, 0.165, 0.835, 0.143972
0.5, 0.144434, 0.165, 0.835, 0.143825
0.5, 0.148521, 0.165, 0.835, 0.144793
0.5, 0.137649, 0.165, 0.835, 0.134041
0.5, 0.143422, 0.165, 0.835, 0.13434
0.5, 0.142032, 0.165, 0.835, 0.141867
0.5, 0.131954, 0.165, 0.835, 0.133687
0.5, 0.137903, 0.165, 0.835, 0.136225
0.5, 0.135493, 0.165, 0.835, 0.13262
0.5, 0.148512, 0.165, 0.835, 0.143737
0.5, 0.14395, 0.165, 0.835, 0.137109
0.5, 0.141969, 0.165, 0.835, 0.138673
0.5, 0.146374, 0.165, 0.835, 0.14276
0.5, 0.136866, 0.165, 0.835, 0.13855
0.5, 0.142821, 0.165, 0.835, 0.139835
0.5, 0.144216, 0.165, 0.835, 0.14328
0.5, 0.148131, 0.17, 0.83, 0.145441
0.5, 0.15195, 0.17, 0.83, 0.148005
0.5, 0.148231, 0.17, 0.83, 0.146669
0.5, 0.143741, 0.17, 0.83, 0.141267
0.5, 0.152457, 0.17, 0.83, 0.149782
0.5, 0.149757, 0.17, 0.83, 0.144822
0.5, 0.141213, 0.17, 0.83, 0.142236
0.5, 0.14669, 0.17, 0.83, 0.14542
0.5, 0.140329, 0.17, 0.83, 0.140686
0.5, 0.143282, 0.17, 0.83, 0.14485
0.5, 0.158488, 0.17, 0.83, 0.15074
0.5, 0.145187, 0.17, 0.83, 0.146681
0.5, 0.153023, 0.17, 0.83, 0.151388
0.5, 0.14248, 0.17, 0.83, 0.14074
0.5, 0.143136, 0.17, 0.83, 0.139372
0.5, 0.139601, 0.17, 0.83, 0.14192
0.5, 0.149097, 0.17, 0.83, 0.147514
0.5, 0.153323, 0.17, 0.83, 0.149561
0.5, 0.149176, 0.17, 0.83, 0.147861
0.5, 0.155548, 0.17, 0.83, 0.153335
0.5, 0.15204, 0.17, 0.83, 0.145045
0.5, 0.146891, 0.17, 0.83, 0.146008
0.5, 0.15139, 0.17, 0.83, 0.150638
0.5, 0.155188, 0.17, 0.83, 0.151836
0.5, 0.146574, 0.17, 0.83, 0.138356
0.5, 0.150416, 0.175, 0.825, 0.147388
0.5, 0.152101, 0.175, 0.825, 0.149514
0.5, 0.152653, 0.175, 0.825, 0.146696
0.5, 0.151106, 0.175, 0.825, 0.150529
0.5, 0.156336, 0.175, 0.825, 0.155155
0.5, 0.155807, 0.175, 0.825, 0.151808
0.5, 0.161134, 0.175, 0.825, 0.157359
0.5, 0.154281, 0.175, 0.825, 0.151408
0.5, 0.163274, 0.175, 0.825, 0.154633
0.5, 0.156535, 0.175, 0.825, 0.152465
0.5, 0.161493, 0.175, 0.825, 0.156052
0.5, 0.15606, 0.175, 0.825, 0.151543
0.5, 0.162805, 0.175, 0.825, 0.16092
0.5, 0.155348, 0.175, 0.825, 0.152887
0.5, 0.152851, 0.175, 0.825, 0.155635
0.5, 0.155846, 0.175, 0.825, 0.153059
0.5, 0.149537, 0.175, 0.825, 0.149056
0.5, 0.155274, 0.175, 0.825, 0.154024
0.5, 0.150176, 0.175, 0.825, 0.147283
0.5, 0.148234, 0.175, 0.825, 0.14704
0.5, 0.153874, 0.175, 0.825, 0.145897
0.5, 0.152572, 0.175, 0.825, 0.150441
0.5, 0.159463, 0.175, 0.825, 0.154292
0.5, 0.15255, 0.175, 0.825, 0.1494
0.5, 0.156112, 0.175, 0.825, 0.154214
0.5, 0.163255, 0.18, 0.82, 0.15582
0.5, 0.161611, 0.18, 0.82, 0.155217
0.5, 0.168623, 0.18, 0.82, 0.16072
0.5, 0.159025, 0.18, 0.82, 0.156004
0.5, 0.157533, 0.18, 0.82, 0.153468
0.5, 0.155401, 0.18, 0.82, 0.155714
0.5, 0.164325, 0.18, 0.82, 0.160264
0.5, 0.160197, 0.18, 0.82, 0.153761
0.5, 0.163538, 0.18, 0.82, 0.15758
0.5, 0.158013, 0.18, 0.82, 0.160914
0.5, 0.156887, 0.18, 0.82, 0.156663
0.5, 0.159343, 0.18, 0.82, 0.157255
0.5, 0.157669, 0.18, 0.82, 0.157974
0.5, 0.162593, 0.18, 0.82, 0.158346
0.5, 0.165532, 0.18, 0.82, 0.159813
0.5, 0.163848, 0.18, 0.82, 0.159216
0.5, 0.157136, 0.18, 0.82, 0.155601
0.5, 0.157308, 0.18, 0.82, 0.159129
0.5, 0.157554, 0.18, 0.82, 0.154622
0.5, 0.157457, 0.18, 0.82, 0.15509
0.5, 0.158752, 0.18, 0.82, 0.158205
0.5, 0.157998, 0.18, 0.82, 0.153688
0.5, 0.164874, 0.18, 0.82, 0.161347
0.5, 0.163703, 0.18, 0.82, 0.1617
0.5, 0.157334, 0.18, 0.82, 0.152447
0.5, 0.16779, 0.185, 0.815, 0.162589
0.5, 0.162495, 0.185, 0.815, 0.15987
0.5, 0.166449, 0.185, 0.815, 0.160526
0.5, 0.161178, 0.185, 0.815, 0.155147
0.5, 0.168813, 0.185, 0.815, 0.164581
0.5, 0.171533, 0.185, 0.815, 0.170591
0.5, 0.177419, 0.185, 0.815, 0.170816
0.5, 0.172911, 0.185, 0.815, 0.167309
0.5, 0.168941, 0.185, 0.815, 0.165422
0.5, 0.160744, 0.185, 0.815, 0.166232
0.5, 0.159592, 0.185, 0.815, 0.157799
0.5, 0.162421, 0.185, 0.815, 0.161819
0.5, 0.161509, 0.185, 0.815, 0.16548
0.5, 0.165874, 0.185, 0.815, 0.163737
0.5, 0.171804, 0.185, 0.815, 0.170556
0.5, 0.164781, 0.185, 0.815, 0.160937
0.5, 0.161177, 0.185, 0.815, 0.160687
0.5, 0.174239, 0.185, 0.815, 0.170315
0.5, 0.167684, 0.185, 0.815, 0.169317
0.5, 0.164677, 0.185, 0.815, 0.162929
0.5, 0.163919, 0.185, 0.815, 0.160939
0.5, 0.164754, 0.185, 0.815, 0.161589
0.5, 0.163293, 0.185, 0.815, 0.15975
0.5, 0.164894, 0.185, 0.815, 0.16184
0.5, 0.162481, 0.185, 0.815, 0.160449
0.5, 0.169674, 0.19, 0.81, 0.166484
0.5, 0.17733, 0.19, 0.81, 0.169157
0.5, 0.165966, 0.19, 0.81, 0.167499
0.5, 0.17674, 0.19, 0.81, 0.174735
0.5, 0.173428, 0.19, 0.81, 0.167119
0.5, 0.171262, 0.19, 0.81, 0.171264
0.5, 0.169481, 0.19, 0.81, 0.170804
0.5, 0.17955, 0.19, 0.81, 0.176695
0.5, 0.165888, 0.19, 0.81, 0.165968
0.5, 0.17309, 0.19, 0.81, 0.172824
0.5, 0.164614, 0.19, 0.81, 0.167755
0.5, 0.168333, 0.19, 0.81, 0.166882
0.5, 0.173997, 0.19, 0.81, 0.173453
0.5, 0.17493, 0.19, 0.81, 0.170267
0.5, 0.171392, 0.19, 0.81, 0.16532
0.5, 0.168397, 0.19, 0.81, 0.169916
0.5, 0.167441, 0.19, 0.81, 0.165973
0.5, 0.162297, 0.19, 0.81, 0.164324
0.5, 0.177067, 0.19, 0.81, 0.167092
0.5, 0.169555, 0.19, 0.81, 0.166229
0.5, 0.171584, 0.19, 0.81, 0.171027
0.5, 0.177122, 0.19, 0.81, 0.17635
0.5, 0.172132, 0.19, 0.81, 0.169178
0.5, 0.174209, 0.19, 0.81, 0.170505
0.5, 0.170384, 0.19, 0.81, 0.168813
0.5, 0.183099, 0.195, 0.805, 0.181732
0.5, 0.183492, 0.195, 0.805, 0.177543
0.5, 0.178, 0.195, 0.805, 0.179695
0.5, 0.18562, 0.195, 0.805, 0.174319
0.5, 0.179341, 0.195, 0.805, 0.176103
0.5, 0.172025, 0.195, 0.805, 0.172532
0.5, 0.177777, 0.195, 0.805, 0.179354
0.5, 0.186628, 0.195, 0.805, 0.188117
0.5, 0.183756, 0.195, 0.805, 0.180583
0.5, 0.166259, 0.195, 0.805, 0.169714
0.5, 0.183252, 0.195, 0.805, 0.177934
0.5, 0.176599, 0.195, 0.805, 0.179135
0.5, 0.178811, 0.195, 0.805, 0.175876
0.5, 0.18393, 0.195, 0.805, 0.178739
0.5, 0.181159, 0.195, 0.805, 0.180482
0.5, 0.191123, 0.195, 0.805, 0.182109
0.5, 0.182212, 0.195, 0.805, 0.17743
0.5, 0.1814, 0.195, 0.805, 0.176677
0.5, 0.175763, 0.195, 0.805, 0.176284
0.5, 0.17498, 0.195, 0.805, 0.175668
0.5, 0.177452, 0.195, 0.805, 0.177581
0.5, 0.17874, 0.195, 0.805, 0.174994
0.5, 0.170827, 0.195, 0.805, 0.169745
0.5, 0.183193, 0.195, 0.805, 0.181291
0.5, 0.175149, 0.195, 0.805, 0.173586
0.5, 0.18054, 0.2, 0.8, 0.18021
0.5, 0.188846, 0.2, 0.8, 0.186277
0.5, 0.185289, 0.2, 0.8, 0.180354
0.5, 0.185225, 0.2, 0.8, 0.184392
0.5, 0.188557, 0.2, 0.8, 0.187083
0.5, 0.185134, 0.2, 0.8, 0.181535
0.5, 0.180744, 0.2, 0.8, 0.180857
0.5, 0.183298, 0.2, 0.8, 0.17963
0.5, 0.188456, 0.2, 0.8, 0.180273
0.5, 0.18226, 0.2, 0.8, 0.184104
0.5, 0.179761, 0.2, 0.8, 0.179653
0.5, 0.18542, 0.2, 0.8, 0.183097
0.5, 0.178112, 0.2, 0.8, 0.178798
0.5, 0.181061, 0.2, 0.8, 0.177804
0.5, 0.184355, 0.2, 0.8, 0.180352
0.5, 0.184758, 0.2, 0.8, 0.182522
0.5, 0.183453, 0.2, 0.8, 0.180167
0.5, 0.182648, 0.2, 0.8, 0.184891
0.5, 0.180127, 0.2, 0.8, 0.179792
0.5, 0.187571, 0.2, 0.8, 0.183052
0.5, 0.184825, 0.2, 0.8, 0.183209
0.5, 0.191533, 0.2, 0.8, 0.188407
0.5, 0.191122, 0.2, 0.8, 0.188323
0.5, 0.167249, 0.2, 0.8, 0.172679
0.5, 0.18802, 0.2, 0.8, 0.186791
0.5, 0.191912, 0.205, 0.795, 0.193569
0.5, 0.183759, 0.205, 0.795, 0.185146
0.5, 0.193768, 0.205, 0.795, 0.187824
0.5, 0.197962, 0.205, 0.795, 0.198928
0.5, 0.191533, 0.205, 0.795, 0.186937
0.5, 0.184184, 0.205, 0.795, 0.186382
0.5, 0.195535, 0.205, 0.795, 0.19329
0.5, 0.200388, 0.205, 0.795, 0.189695
0.5, 0.187832, 0.205, 0.795, 0.185941
0.5, 0.192355, 0.205, 0.795, 0.191944
0.5, 0.18849, 0.205, 0.795, 0.187353
0.5, 0.188446, 0.205, 0.795, 0.189036
0.5, 0.188424, 0.205, 0.795, 0.183874
0.5, 0.186004, 0.205, 0.795, 0.186005
0.5, 0.188176, 0.205, 0.795, 0.185056
0.5, 0.188803, 0.205, 0.795, 0.187077
0.5, 0.196252, 0.205, 0.795, 0.190146
0.5, 0.187216, 0.205, 0.795, 0.187482
0.5, 0.186652, 0.205, 0.795, 0.190689
0.5, 0.192181, 0.205, 0.795, 0.194114
0.5, 0.192276, 0.205, 0.795, 0.191238
0.5, 0.18905, 0.205, 0.795, 0.187589
0.5, 0.185179, 0.205, 0.795, 0.183308
0.5, 0.184472, 0.205, 0.795, 0.186152
0.5, 0.190669, 0.205, 0.795, 0.192723
0.5, 0.204027, 0.21, 0.79, 0.197143
0.5, 0.193633, 0.21, 0.79, 0.192629
0.5, 0.195155, 0.21, 0.79, 0.191774
0.5, 0.191286, 0.21, 0.79, 0.190064
0.5, 0.190576, 0.21, 0.79, 0.193217
0.5, 0.198005, 0.21, 0.79, 0.193204
0.5, 0.197939, 0.21, 0.79, 0.195539
0.5, 0.195893, 0.21, 0.79, 0.196131
0.5, 0.192705, 0.21, 0.79, 0.196351
0.5, 0.198472, 0.21, 0.79, 0.192543
0.5, 0.186719, 0.21, 0.79, 0.190342
0.5, 0.201683, 0.21, 0.79, 0.199835
0.5, 0.191422, 0.21, 0.79, 0.188505
0.5, 0.195802, 0.21, 0.79, 0.19798
0.5, 0.192763, 0.21, 0.79, 0.19131
0.5, 0.199553, 0.21, 0.79, 0.196425
0.5, 0.210818, 0.21, 0.79, 0.204765
0.5, 0.19956, 0.21, 0.79, 0.19346
0.5, 0.199077, 0.21, 0.79, 0.194475
0.5, 0.19536, 0.21, 0.79, 0.192007
0.5, 0.195084, 0.21, 0.79, 0.192639
0.5, 0.192787, 0.21, 0.79, 0.191852
0.5, 0.199607, 0.21, 0.79, 0.193946
0.5, 0.202239, 0.21, 0.79, 0.198373
0.5, 0.197425, 0.21, 0.79, 0.193871
0.5, 0.200378, 0.215, 0.785, 0.201295
0.5, 0.208314, 0.215, 0.785, 0.202143
0.5, 0.204978, 0.215, 0.785, 0.197704
0.5, 0.203335, 0.215, 0.785, 0.199362
0.5, 0.202758, 0.215, 0.785, 0.202221
0.5, 0.209671, 0.215, 0.785, 0.201994
0.5, 0.20945, 0.215, 0.785, 0.206437
0.5, 0.204964, 0.215, 0.785, 0.200132
0.5, 0.196078, 0.215, 0.785, 0.197807
0.5, 0.202518, 0.215, 0.785, 0.198185
0.5, 0.197273, 0.215, 0.785, 0.198563
0.5, 0.205115, 0.215, 0.785, 0.200709
0.5, 0.211596, 0.215, 0.785, 0.204643
0.5, 0.199372, 0.215, 0.785, 0.202944
0.5, 0.20245, 0.215, 0.785, 0.197946
0.5, 0.200222, 0.215, 0.785, 0.201761
0.5, 0.196347, 0.215, 0.785, 0.197217
0.5, 0.207945, 0.215, 0.785, 0.203119
0.5, 0.21161, 0.215, 0.785, 0.20604
0.5, 0.20122, 0.215, 0.785, 0.199701
0.5, 0.213756, 0.215, 0.785, 0.209283
0.5, 0.206608, 0.215, 0.785, 0.205072
0.5, 0.210906, 0.215, 0.785, 0.20547
0.5, 0.204328, 0.215, 0.785, 0.2
0.5, 0.199498, 0.215, 0.785, 0.199428
0.5, 0.211789, 0.22, 0.78, 0.213282
0.5, 0.211168, 0.22, 0.78, 0.20848
0.5, 0.203702, 0.22, 0.78, 0.206919
0.5, 0.211119, 0.22, 0.78, 0.211096
0.5, 0.218275, 0.22, 0.78, 0.213336
0.5, 0.200085, 0.22, 0.78, 0.20038
0.5, 0.208638, 0.22, 0.78, 0.207663
0.5, 0.208979, 0.22, 0.78, 0.204758
0.5, 0.206155, 0.22, 0.78, 0.205162
0.5, 0.203075, 0.22, 0.78, 0.203539
0.5, 0.204136, 0.22, 0.78, 0.20814
0.5, 0.210817, 0.22, 0.78, 0.209756
0.5, 0.208432, 0.22, 0.78, 0.207787
0.5, 0.200827, 0.22, 0.78, 0.204309
0.5, 0.212157, 0.22, 0.78, 0.205392
0.5, 0.21039, 0.22, 0.78, 0.208474
0.5, 0.205007, 0.22, 0.78, 0.205088
0.5, 0.21359, 0.22, 0.78, 0.207094
0.5, 0.21183, 0.22, 0.78, 0.213311
0.5, 0.201845, 0.22, 0.78, 0.204819
0.5, 0.215452, 0.22, 0.78, 0.211706
0.5, 0.209508, 0.22, 0.78, 0.208533
0.5, 0.212202, 0.22, 0.78, 0.21347
0.5, 0.211818, 0.22, 0.78, 0.208311
0.5, 0.212471, 0.22, 0.78, 0.208021
0.5, 0.209632, 0.225, 0.775, 0.207187
0.5, 0.214682, 0.225, 0.775, 0.215265
0.5, 0.205941, 0.225, 0.775, 0.207195
0.5, 0.222725, 0.225, 0.775, 0.2179
0.5, 0.215861, 0.225, 0.775, 0.213699
0.5, 0.222588, 0.225, 0.775, 0.21632
0.5, 0.219774, 0.225, 0.775, 0.214826
0.5, 0.210342, 0.225, 0.775, 0.210783
0.5, 0.216668, 0.225, 0.775, 0.216291
0.5, 0.218052, 0.225, 0.775, 0.220328
0.5, 0.219961, 0.225, 0.775, 0.213167
0.5, 0.220893, 0.225, 0.775, 0.215389
0.5, 0.225763, 0.225, 0.775, 0.22362
0.5, 0.221766, 0.225, 0.775, 0.219312
0.5, 0.220917, 0.225, 0.775, 0.215935
0.5, 0.216464, 0.225, 0.775, 0.218094
0.5, 0.219579, 0.225, 0.775, 0.219175
0.5, 0.21945, 0.225, 0.775, 0.215198
0.5, 0.215508, 0.225, 0.775, 0.212027
0.5, 0.217721, 0.225, 0.775, 0.216479
0.5, 0.228374, 0.225, 0.775, 0.219843
0.5, 0.21134, 0.225, 0.775, 0.211417
0.5, 0.209619, 0.225, 0.775, 0.210088
0.5, 0.2195, 0.225, 0.775, 0.217745
0.5, 0.222417, 0.225, 0.775, 0.21657
0.5, 0.223545, 0.23, 0.77, 0.219049
0.5, 0.22781, 0.23, 0.77, 0.22879
0.5, 0.227718, 0.23, 0.77, 0.218472
0.5, 0.227669, 0.23, 0.77, 0.223294
0.5, 0.213769, 0.23, 0.77, 0.213971
0.5, 0.223017, 0.23, 0.77, 0.223102
0.5, 0.224167, 0.23, 0.77, 0.223145
0.5, 0.221487, 0.23, 0.77, 0.223672
0.5, 0.224088, 0.23, 0.77, 0.222008
0.5, 0.216603, 0.23, 0.77, 0.219377
0.5, 0.227532, 0.23, 0.77, 0.228033
0.5, 0.226886, 0.23, 0.77, 0.228053
0.5, 0.225387, 0.23, 0.77, 0.224601
0.5, 0.224372, 0.23, 0.77, 0.223657
0.5, 0.231176, 0.23, 0.77, 0.231553
0.5, 0.231489, 0.23, 0.77, 0.225812
0.5, 0.226297, 0.23, 0.77, 0.221493
0.5, 0.221659, 0.23, 0.77, 0.221989
0.5, 0.217737, 0.23, 0.77, 0.21767
0.5, 0.21136, 0.23, 0.77, 0.215656
0.5, 0.21892, 0.23, 0.77, 0.217503
0.5, 0.225706, 0.23, 0.77, 0.218955
0.5, 0.226279, 0.23, 0.77, 0.223851
0.5, 0.233769, 0.23, 0.77, 0.226901
0.5, 0.213398, 0.23, 0.77, 0.216417
0.5, 0.226891, 0.235, 0.765, 0.223188
0.5, 0.223126, 0.235, 0.765, 0.226302
0.5, 0.229642, 0.235, 0.765, 0.229399
0.5, 0.224305, 0.235, 0.765, 0.220257
0.5, 0.234479, 0.235, 0.765, 0.236703
0.5, 0.228412, 0.235, 0.765, 0.228354
0.5, 0.230621, 0.235, 0.765, 0.224703
0.5, 0.23035, 0.235, 0.765, 0.228061
0.5, 0.22565, 0.235, 0.765, 0.225614
0.5, 0.233189, 0.235, 0.765, 0.227882
0.5, 0.228632, 0.235, 0.765, 0.227518
0.5, 0.238171, 0.235, 0.765, 0.232281
0.5, 0.223806, 0.235, 0.765, 0.224346
0.5, 0.229704, 0.235, 0.765, 0.230414
0.5, 0.224401, 0.235, 0.765, 0.225928
0.5, 0.228377, 0.235, 0.765, 0.223216
0.5, 0.230946, 0.235, 0.765, 0.230168
0.5, 0.232366, 0.235, 0.765, 0.235084
0.5, 0.228967, 0.235, 0.765, 0.226975
0.5, 0.216184, 0.235, 0.765, 0.217577
0.5, 0.224489, 0.235, 0.765, 0.224171
0.5, 0.232142, 0.235, 0.765, 0.234325
0.5, 0.229415, 0.235, 0.765, 0.229263
0.5, 0.237424, 0.235, 0.765, 0.224169
0.5, 0.23264, 0.235, 0.765, 0.231841
0.5, 0.245747, 0.24, 0.76, 0.24032
0.5, 0.240355, 0.24, 0.76, 0.240051
0.5, 0.234276, 0.24, 0.76, 0.233545
0.5, 0.233227, 0.24, 0.76, 0.231256
0.5, 0.233529, 0.24, 0.76, 0.235522
0.5, 0.234914, 0.24, 0.76, 0.230341
0.5, 0.23651, 0.24, 0.76, 0.234863
0.5, 0.2342, 0.24, 0.76, 0.230936
0.5, 0.243723, 0.24, 0.76, 0.242428
0.5, 0.230558, 0.24, 0.76, 0.227779
0.5, 0.230099, 0.24, 0.76, 0.230578
0.5, 0.235025, 0.24, 0.76, 0.236498
0.5, 0.233354, 0.24, 0.76, 0.232257
0.5, 0.240808, 0.24, 0.76, 0.239236
0.5, 0.231824, 0.24, 0.76, 0.232239
0.5, 0.23435, 0.24, 0.76, 0.238674
0.5, 0.237762, 0.24, 0.76, 0.235584
0.5, 0.235711, 0.24, 0.76, 0.231206
0.5, 0.237603, 0.24, 0.76, 0.235301
0.5, 0.236009, 0.24, 0.76, 0.230487
0.5, 0.239274, 0.24, 0.76, 0.237242
0.5, 0.239516, 0.24, 0.76, 0.235172
0.5, 0.235109, 0.24, 0.76, 0.233509
0.5, 0.236925, 0.24, 0.76, 0.234191
0.5, 0.232458, 0.24, 0.76, 0.22844
0.5, 0.248838, 0.245, 0.755, 0.242446
0.5, 0.244931, 0.245, 0.755, 0.243072
0.5, 0.239685, 0.245, 0.755, 0.244149
0.5, 0.242331, 0.245, 0.755, 0.240207
0.5, 0.253123, 0.245, 0.755, 0.247996
0.5, 0.242391, 0.245, 0.755, 0.238118
0.5, 0.239561, 0.245, 0.755, 0.242192
0.5, 0.240563, 0.245, 0.755, 0.235021
0.5, 0.241474, 0.245, 0.755, 0.240719
0.5, 0.238389, 0.245, 0.755, 0.240377
0.5, 0.239906, 0.245, 0.755, 0.23433
0.5, 0.244667, 0.245, 0.755, 0.240039
0.5, 0.252559, 0.245, 0.755, 0.247155
0.5, 0.241301, 0.245, 0.755, 0.240014
0.5, 0.255561, 0.245, 0.755, 0.253937
0.5, 0.247693, 0.245, 0.755, 0.243111
0.5, 0.244103, 0.245, 0.755, 0.240896
0.5, 0.237537, 0.245, 0.755, 0.232058
0.5, 0.251804, 0.245, 0.755, 0.248129
0.5, 0.253223, 0.245, 0.755, 0.248058
0.5, 0.245329, 0.245, 0.755, 0.242237
0.5, 0.251851, 0.245, 0.755, 0.251147
0.5, 0.244948, 0.245, 0.755, 0.243933
0.5, 0.242515, 0.245, 0.755, 0.245369
0.5, 0.235621, 0.245, 0.755, 0.236059
0.5, 0.254248, 0.25, 0.75, 0.252748
0.5, 0.251635, 0.25, 0.75, 0.248422
0.5, 0.253055, 0.25, 0.75, 0.247739
0.5, 0.253171, 0.25, 0.75, 0.242421
0.5, 0.249925, 0.25, 0.75, 0.251192
0.5, 0.250219, 0.25, 0.75, 0.249167
0.5, 0.250381, 0.25, 0.75, 0.24863
0.5, 0.254041, 0.25, 0.75, 0.253844
0.5, 0.253201, 0.25, 0.75, 0.245138
0.5, 0.250371, 0.25, 0.75, 0.247311
0.5, 0.248576, 0.25, 0.75, 0.250229
0.5, 0.247171, 0.25, 0.75, 0.248579
0.5, 0.235635, 0.25, 0.75, 0.244838
0.5, 0.262934, 0.25, 0.75, 0.256268
0.5, 0.250648, 0.25, 0.75, 0.248259
0.5, 0.250325, 0.25, 0.75, 0.245009
0.5, 0.263512, 0.25, 0.75, 0.255137
0.5, 0.256641, 0.25, 0.75, 0.24923
0.5, 0.250333, 0.25, 0.75, 0.247869
0.5, 0.255686, 0.25, 0.75, 0.251449
0.5, 0.242551, 0.25, 0.75, 0.244633
0.5, 0.248393, 0.25, 0.75, 0.249832
0.5, 0.258394, 0.25, 0.75, 0.256336
0.5, 0.252588, 0.25, 0.75, 0.252829
0.5, 0.254634, 0.25, 0.75, 0.249071
0.5, 0.262621, 0.255, 0.745, 0.260298
0.5, 0.267556, 0.255, 0.745, 0.261869
0.5, 0.263357, 0.255, 0.745, 0.261255
0.5, 0.262973, 0.255, 0.745, 0.259102
0.5, 0.265929, 0.255, 0.745, 0.26448
0.5, 0.259527, 0.255, 0.745, 0.261679
0.5, 0.258513, 0.255, 0.745, 0.257315
0.5, 0.257019, 0.255, 0.745, 0.255261
0.5, 0.254324, 0.255, 0.745, 0.254429
0.5, 0.263136, 0.255, 0.745, 0.258065
0.5, 0.259237, 0.255, 0.745, 0.255068
0.5, 0.271378, 0.255, 0.745, 0.260989
0.5, 0.256466, 0.255, 0.745, 0.256677
0.5, 0.25843, 0.255, 0.745, 0.252448
0.5, 0.253595, 0.255, 0.745, 0.250306
0.5, 0.266021, 0.255, 0.745, 0.259714
0.5, 0.249321, 0.255, 0.745, 0.252044
0.5, 0.26019, 0.255, 0.745, 0.260002
0.5, 0.259896, 0.255, 0.745, 0.261999
0.5, 0.260315, 0.255, 0.745, 0.257078
0.5, 0.26738, 0.255, 0.745, 0.264467
0.5, 0.258493, 0.255, 0.745, 0.257481
0.5, 0.25864, 0.255, 0.745, 0.258401
0.5, 0.255369, 0.255, 0.745, 0.259807
0.5, 0.256963, 0.255, 0.745, 0.259365
0.5, 0.262533, 0.26, 0.74, 0.257019
0.5, 0.262549, 0.26, 0.74, 0.259161
0.5, 0.260703, 0.26, 0.74, 0.259632
0.5, 0.26602, 0.26, 0.74, 0.264499
0.5, 0.27719, 0.26, 0.74, 0.273627
0.5, 0.258745, 0.26, 0.74, 0.256084
0.5, 0.258443, 0.26, 0.74, 0.260978
0.5, 0.267989, 0.26, 0.74, 0.269303
0.5, 0.261186, 0.26, 0.74, 0.260082
0.5, 0.264756, 0.26, 0.74, 0.263584
0.5, 0.270762, 0.26, 0.74, 0.265712
0.5, 0.260353, 0.26, 0.74, 0.257666
0.5, 0.264346, 0.26, 0.74, 0.262882
0.5, 0.267847, 0.26, 0.74, 0.269942
0.5, 0.266772, 0.26, 0.74, 0.263248
0.5, 0.263484, 0.26, 0.74, 0.265236
0.5, 0.260804, 0.26, 0.74, 0.262984
0.5, 0.267734, 0.26, 0.74, 0.265165
0.5, 0.251619, 0.26, 0.74, 0.259854
0.5, 0.270819, 0.26, 0.74, 0.268803
0.5, 0.269186, 0.26, 0.74, 0.265724
0.5, 0.265832, 0.26, 0.74, 0.266918
0.5, 0.266092, 0.26, 0.74, 0.269971
0.5, 0.266317, 0.26, 0.74, 0.26604
0.5, 0.272878, 0.26, 0.74, 0.27162
0.5, 0.271639, 0.265, 0.735, 0.268077
0.5, 0.271674, 0.265, 0.735, 0.270227
0.5, 0.281418, 0.265, 0.735, 0.274367
0.5, 0.278202, 0.265, 0.735, 0.275781
0.5, 0.270665, 0.265, 0.735, 0.270744
0.5, 0.272389, 0.265, 0.735, 0.275411
0.5, 0.280794, 0.265, 0.735, 0.275404
0.5, 0.275773, 0.265, 0.735, 0.273296
0.5, 0.27154, 0.265, 0.735, 0.27559
0.5, 0.270105, 0.265, 0.735, 0.268953
0.5, 0.270649, 0.265, 0.735, 0.27153
0.5, 0.274001, 0.265, 0.735, 0.272392
0.5, 0.282661, 0.265, 0.735, 0.277093
0.5, 0.27129, 0.265, 0.735, 0.270862
0.5, 0.274559, 0.265, 0.735, 0.272086
0.5, 0.273624, 0.265, 0.735, 0.274924
0.5, 0.274766, 0.265, 0.735, 0.275409
0.5, 0.267464, 0.265, 0.735, 0.268789
0.5, 0.277969, 0.265, 0.735, 0.274638
0.5, 0.273942, 0.265, 0.735, 0.273685
0.5, 0.276297, 0.265, 0.735, 0.27803
0.5, 0.278218, 0.265, 0.735, 0.278254
0.5, 0.274168, 0.265, 0.735, 0.273753
0.5, 0.273652, 0.265, 0.735, 0.2721
0.5, 0.27298, 0.265, 0.735, 0.270685
0.5, 0.273597, 0.27, 0.73, 0.27618
0.5, 0.270723, 0.27, 0.73, 0.270373
0.5, 0.266467, 0.27, 0.73, 0.271979
0.5, 0.277175, 0.27, 0.73, 0.278777
0.5, 0.274096, 0.27, 0.73, 0.278956
0.5, 0.282453, 0.27, 0.73, 0.283283
0.5, 0.277807, 0.27, 0.73, 0.282826
0.5, 0.289143, 0.27, 0.73, 0.279315
0.5, 0.26912, 0.27, 0.73, 0.27197
0.5, 0.286934, 0.27, 0.73, 0.284835
0.5, 0.29081, 0.27, 0.73, 0.288582
0.5, 0.285782, 0.27, 0.73, 0.281004
0.5, 0.272485, 0.27, 0.73, 0.27353
0.5, 0.28214, 0.27, 0.73, 0.277914
0.5, 0.265963, 0.27, 0.73, 0.268203
0.5, 0.280208, 0.27, 0.73, 0.279383
0.5, 0.279022, 0.27, 0.73, 0.274125
0.5, 0.279588, 0.27, 0.73, 0.277961
0.5, 0.274961, 0.27, 0.73, 0.275731
0.5, 0.280856, 0.27, 0.73, 0.279307
0.5, 0.282727, 0.27, 0.73, 0.286709
0.5, 0.275294, 0.27, 0.73, 0.274213
0.5, 0.28308, 0.27, 0.73, 0.286627
0.5, 0.27666, 0.27, 0.73, 0.280619
0.5, 0.285378, 0.27, 0.73, 0.285026
0.5, 0.284921, 0.275, 0.725, 0.281782
0.5, 0.276247, 0.275, 0.725, 0.276309
0.5, 0.293609, 0.275, 0.725, 0.286137
0.5, 0.288883, 0.275, 0.725, 0.28567
0.5, 0.286301, 0.275, 0.725, 0.280293
0.5, 0.28527, 0.275, 0.725, 0.287761
0.5, 0.292252, 0.275, 0.725, 0.292133
0.5, 0.284279, 0.275, 0.725, 0.278968
0.5, 0.28622, 0.275, 0.725, 0.286572
0.5, 0.283998, 0.275, 0.725, 0.28201
0.5, 0.286161, 0.275, 0.725, 0.285124
0.5, 0.283819, 0.275, 0.725, 0.288692
0.5, 0.280808, 0.275, 0.725, 0.285147
0.5, 0.291201, 0.275, 0.725, 0.285165
0.5, 0.284969, 0.275, 0.725, 0.288648
0.5, 0.289162, 0.275, 0.725, 0.290323
0.5, 0.288676, 0.275, 0.725, 0.291067
0.5, 0.288722, 0.275, 0.725, 0.286153
0.5, 0.293334, 0.275, 0.725, 0.288064
0.5, 0.280231, 0.275, 0.725, 0.282662
0.5, 0.278867, 0.275, 0.725, 0.282125
0.5, 0.288382, 0.275, 0.725, 0.291895
0.5, 0.283829, 0.275, 0.725, 0.281104
0.5, 0.289884, 0.275, 0.725, 0.292006
0.5, 0.292015, 0.275, 0.725, 0.292268
0.5, 0.286109, 0.28, 0.72, 0.29095
0.5, 0.284718, 0.28, 0.72, 0.289504
0.5, 0.293711, 0.28, 0.72, 0.289312
0.5, 0.293059, 0.28, 0.72, 0.292592
0.5, 0.29094, 0.28, 0.72, 0.294345
0.5, 0.300072, 0.28, 0.72, 0.302368
0.5, 0.299329, 0.28, 0.72, 0.300639
0.5, 0.293612, 0.28, 0.72, 0.295872
0.5, 0.289362, 0.28, 0.72, 0.295082
0.5, 0.28811, 0.28, 0.72, 0.288362
0.5, 0.292475, 0.28, 0.72, 0.289909
0.5, 0.289803, 0.28, 0.72, 0.289305
0.5, 0.302282, 0.28, 0.72, 0.295247
0.5, 0.285694, 0.28, 0.72, 0.292303
0.5, 0.296842, 0.28, 0.72, 0.295396
0.5, 0.295434, 0.28, 0.72, 0.292846
0.5, 0.291768, 0.28, 0.72, 0.292998
0.5, 0.293912, 0.28, 0.72, 0.295436
0.5, 0.299901, 0.28, 0.72, 0.293598
0.5, 0.298439, 0.28, 0.72, 0.295419
0.5, 0.292266, 0.28, 0.72, 0.29112
0.5, 0.297539, 0.28, 0.72, 0.295361
0.5, 0.283956, 0.28, 0.72, 0.285741
0.5, 0.298337, 0.28, 0.72, 0.299229
0.5, 0.292368, 0.28, 0.72, 0.293459
0.5, 0.302914, 0.285, 0.715, 0.302444
0.5, 0.311161, 0.285, 0.715, 0.306112
0.5, 0.303708, 0.285, 0.715, 0.308096
0.5, 0.303634, 0.285, 0.715, 0.301606
0.5, 0.300808, 0.285, 0.715, 0.298303
0.5, 0.321163, 0.285, 0.715, 0.316396
0.5, 0.306961, 0.285, 0.715, 0.305789
0.5, 0.300729, 0.285, 0.715, 0.302191
0.5, 0.295413, 0.285, 0.715, 0.296181
0.5, 0.316644, 0.285, 0.715, 0.302828
0.5, 0.303719, 0.285, 0.715, 0.300706
0.5, 0.316153, 0.285, 0.715, 0.310791
0.5, 0.309434, 0.285, 0.715, 0.305467
0.5, 0.308545, 0.285, 0.715, 0.309094
0.5, 0.300937, 0.285, 0.715, 0.297181
0.5, 0.316167, 0.285, 0.715, 0.315598
0.5, 0.293331, 0.285, 0.715, 0.295929
0.5, 0.29314, 0.285, 0.715, 0.290594
0.5, 0.30164, 0.285, 0.715, 0.302981
0.5, 0.314783, 0.285, 0.715, 0.317433
0.5, 0.296871, 0.285, 0.715, 0.299037
0.5, 0.305161, 0.285, 0.715, 0.301143
0.5, 0.303712, 0.285, 0.715, 0.301483
0.5, 0.30689, 0.285, 0.715, 0.307222
0.5, 0.310548, 0.285, 0.715, 0.307105
0.5, 0.321428, 0.29, 0.71, 0.317651
0.5, 0.312751, 0.29, 0.71, 0.312453
0.5, 0.32124, 0.29, 0.71, 0.323606
0.5, 0.320421, 0.29, 0.71, 0.321824
0.5, 0.294594, 0.29, 0.71, 0.297732
0.5, 0.311885, 0.29, 0.71, 0.312414
0.5, 0.323092, 0.29, 0.71, 0.318488
0.5, 0.306708, 0.29, 0.71, 0.309215
0.5, 0.314619, 0.29, 0.71, 0.314688
0.5, 0.313, 0.29, 0.71, 0.317821
0.5, 0.307697, 0.29, 0.71, 0.30801
0.5, 0.312191, 0.29, 0.71, 0.313041
0.5, 0.317097, 0.29, 0.71, 0.316397
0.5, 0.305954, 0.29, 0.71, 0.307879
0.5, 0.301908, 0.29, 0.71, 0.306088
0.5, 0.314142, 0.29, 0.71, 0.312607
0.5, 0.323037, 0.29, 0.71, 0.319778
0.5, 0.308975, 0.29, 0.71, 0.314286
0.5, 0.306703, 0.29, 0.71, 0.307014
0.5, 0.308824, 0.29, 0.71, 0.308554
0.5, 0.308932, 0.29, 0.71, 0.31562
0.5, 0.311949, 0.29, 0.71, 0.307232
0.5, 0.307657, 0.29, 0.71, 0.306616
0.5, 0.299123, 0.29, 0.71, 0.302752
0.5, 0.312029, 0.29, 0.71, 0.312658
0.5, 0.311862, 0.295, 0.705, 0.319214
0.5, 0.32097, 0.295, 0.705, 0.322655
0.5, 0.327513, 0.295, 0.705, 0.327301
0.5, 0.319327, 0.295, 0.705, 0.315969
0.5, 0.310255, 0.295, 0.705, 0.310128
0.5, 0.325332, 0.295, 0.705, 0.322382
0.5, 0.30781, 0.295, 0.705, 0.314343
0.5, 0.327028, 0.295, 0.705, 0.322316
0.5, 0.31157, 0.295, 0.705, 0.308118
0.5, 0.314743, 0.295, 0.705, 0.322519
0.5, 0.318857, 0.295, 0.705, 0.314349
0.5, 0.308113, 0.295, 0.705, 0.312711
0.5, 0.311457, 0.295, 0.705, 0.307446
0.5, 0.314785, 0.295, 0.705, 0.316316
0.5, 0.319915, 0.295, 0.705, 0.317512
0.5, 0.319154, 0.295, 0.705, 0.31967
0.5, 0.328964, 0.295, 0.705, 0.319187
0.5, 0.306336, 0.295, 0.705, 0.308517
0.5, 0.328711, 0.295, 0.705, 0.320644
0.5, 0.322512, 0.295, 0.705, 0.324614
0.5, 0.323441, 0.295, 0.705, 0.325398
0.5, 0.326032, 0.295, 0.705, 0.320718
0.5, 0.323533, 0.295, 0.705, 0.317865
0.5, 0.312299, 0.295, 0.705, 0.317297
0.5, 0.316579, 0.295, 0.705, 0.320361
0.5, 0.32385, 0.3, 0.7, 0.326937
0.5, 0.319376, 0.3, 0.7, 0.319072
0.5, 0.326381, 0.3, 0.7, 0.325412
0.5, 0.328249, 0.3, 0.7, 0.321679
0.5, 0.324195, 0.3, 0.7, 0.328746
0.5, 0.331438, 0.3, 0.7, 0.331437
0.5, 0.331929, 0.3, 0.7, 0.334579
0.5, 0.331661, 0.3, 0.7, 0.328956
0.5, 0.328013, 0.3, 0.7, 0.332849
0.5, 0.332757, 0.3, 0.7, 0.335733
0.5, 0.332477, 0.3, 0.7, 0.330083
0.5, 0.324258, 0.3, 0.7, 0.324477
0.5, 0.328218, 0.3, 0.7, 0.325793
0.5, 0.325795, 0.3, 0.7, 0.3267
0.5, 0.326419, 0.3, 0.7, 0.325256
0.5, 0.335085, 0.3, 0.7, 0.330391
0.5, 0.328376, 0.3, 0.7, 0.325106
0.5, 0.34107, 0.3, 0.7, 0.341977
0.5, 0.322562, 0.3, 0.7, 0.324009
0.5, 0.317991, 0.3, 0.7, 0.317837
0.5, 0.325793, 0.3, 0.7, 0.323479
0.5, 0.331909, 0.3, 0.7, 0.32728
0.5, 0.325217, 0.3, 0.7, 0.324333
0.5, 0.326771, 0.3, 0.7, 0.323738
0.5, 0.322354, 0.3, 0.7, 0.320913
0.5, 0.334365, 0.305, 0.695, 0.329714
0.5, 0.35024, 0.305, 0.695, 0.348057
0.5, 0.32626, 0.305, 0.695, 0.330654
0.5, 0.326657, 0.305, 0.695, 0.333459
0.5, 0.333764, 0.305, 0.695, 0.332268
0.5, 0.337635, 0.305, 0.695, 0.33806
0.5, 0.329359, 0.305, 0.695, 0.331668
0.5, 0.330752, 0.305, 0.695, 0.33291
0.5, 0.335763, 0.305, 0.695, 0.332457
0.5, 0.335915, 0.305, 0.695, 0.331282
0.5, 0.329169, 0.305, 0.695, 0.32902
0.5, 0.334453, 0.305, 0.695, 0.330635
0.5, 0.342464, 0.305, 0.695, 0.334815
0.5, 0.332349, 0.305, 0.695, 0.335147
0.5, 0.337868, 0.305, 0.695, 0.338912
0.5, 0.334448, 0.305, 0.695, 0.332183
0.5, 0.334116, 0.305, 0.695, 0.338792
0.5, 0.343022, 0.305, 0.695, 0.338772
0.5, 0.337633, 0.305, 0.695, 0.335571
0.5, 0.335369, 0.305, 0.695, 0.335589
0.5, 0.346224, 0.305, 0.695, 0.346579
0.5, 0.334683, 0.305, 0.695, 0.331445
0.5, 0.334271, 0.305, 0.695, 0.339716
0.5, 0.331189, 0.305, 0.695, 0.328638
0.5, 0.338692, 0.305, 0.695, 0.33491
0.5, 0.340718, 0.31, 0.69, 0.34065
0.5, 0.346632, 0.31, 0.69, 0.346791
0.5, 0.350105, 0.31, 0.69, 0.351149
0.5, 0.349541, 0.31, 0.69, 0.346636
0.5, 0.34568, 0.31, 0.69, 0.342053
0.5, 0.360687, 0.31, 0.69, 0.349653
0.5, 0.330864, 0.31, 0.69, 0.331795
0.5, 0.339797, 0.31, 0.69, 0.343544
0.5, 0.35171, 0.31, 0.69, 0.35152
0.5, 0.349004, 0.31, 0.69, 0.351829
0.5, 0.333115, 0.31, 0.69, 0.339221
0.5, 0.344554, 0.31, 0.69, 0.344391
0.5, 0.353269, 0.31, 0.69, 0.348482
0.5, 0.335663, 0.31, 0.69, 0.336314
0.5, 0.333758, 0.31, 0.69, 0.328954
0.5, 0.349264, 0.31, 0.69, 0.346048
0.5, 0.360929, 0.31, 0.69, 0.355323
0.5, 0.348506, 0.31, 0.69, 0.347871
0.5, 0.342934, 0.31, 0.69, 0.338807
0.5, 0.342023, 0.31, 0.69, 0.340662
0.5, 0.326818, 0.31, 0.69, 0.334177
0.5, 0.334369, 0.31, 0.69, 0.332341
0.5, 0.352232, 0.31, 0.69, 0.346699
0.5, 0.352766, 0.31, 0.69, 0.34654
0.5, 0.33861, 0.31, 0.69, 0.338092
0.5, 0.358862, 0.315, 0.685, 0.352342
0.5, 0.363107, 0.315, 0.685, 0.361974
0.5, 0.34915, 0.315, 0.685, 0.35352
0.5, 0.346256, 0.315, 0.685, 0.349036
0.5, 0.344426, 0.315, 0.685, 0.341611
0.5, 0.350611, 0.315, 0.685, 0.351051
0.5, 0.352354, 0.315, 0.685, 0.351493
0.5, 0.357759, 0.315, 0.685, 0.352633
0.5, 0.342822, 0.315, 0.685, 0.345367
0.5, 0.346678, 0.315, 0.685, 0.347609
0.5, 0.351579, 0.315, 0.685, 0.344582
0.5, 0.356678, 0.315, 0.685, 0.357359
0.5, 0.345583, 0.315, 0.685, 0.347062
0.5, 0.350934, 0.315, 0.685, 0.355264
0.5, 0.359782, 0.315, 0.685, 0.354843
0.5, 0.367125, 0.315, 0.685, 0.366258
0.5, 0.36049, 0.315, 0.685, 0.358176
0.5, 0.361978, 0.315, 0.685, 0.360044
0.5, 0.333218, 0.315, 0.685, 0.339981
0.5, 0.350376, 0.315, 0.685, 0.351308
0.5, 0.354996, 0.315, 0.685, 0.350371
0.5, 0.352827, 0.315, 0.685, 0.349379
0.5, 0.35965, 0.315, 0.685, 0.353382
0.5, 0.344532, 0.315, 0.685, 0.344356
0.5, 0.350572, 0.315, 0.685, 0.346519
0.5, 0.364712, 0.32, 0.68, 0.362174
0.5, 0.369034, 0.32, 0.68, 0.36749
0.5, 0.35249, 0.32, 0.68, 0.355066
0.5, 0.365555, 0.32, 0.68, 0.362222
0.5, 0.364636, 0.32, 0.68, 0.368357
0.5, 0.37114, 0.32, 0.68, 0.368047
0.5, 0.363445, 0.32, 0.68, 0.36569
0.5, 0.362466, 0.32, 0.68, 0.357908
0.5, 0.364115, 0.32, 0.68, 0.365282
0.5, 0.353949, 0.32, 0.68, 0.359398
0.5, 0.354553, 0.32, 0.68, 0.352021
0.5, 0.34739, 0.32, 0.68, 0.353207
0.5, 0.366977, 0.32, 0.68, 0.36396
0.5, 0.356479, 0.32, 0.68, 0.356229
0.5, 0.352948, 0.32, 0.68, 0.348205
0.5, 0.353233, 0.32, 0.68, 0.353926
0.5, 0.368368, 0.32, 0.68, 0.367431
0.5, 0.366642, 0.32, 0.68, 0.365983
0.5, 0.360827, 0.32, 0.68, 0.361261
0.5, 0.367184, 0.32, 0.68, 0.366827
0.5, 0.353849, 0.32, 0.68, 0.358621
0.5, 0.354635, 0.32, 0.68, 0.35532
0.5, 0.353252, 0.32, 0.68, 0.359893
0.5, 0.360805, 0.32, 0.68, 0.361955
0.5, 0.364079, 0.32, 0.68, 0.357519
0.5, 0.374934, 0.325, 0.675, 0.372389
0.5, 0.357272, 0.325, 0.675, 0.361321
0.5, 0.390128, 0.325, 0.675, 0.383185
0.5, 0.374433, 0.325, 0.675, 0.368727
0.5, 0.376619, 0.325, 0.675, 0.376636
0.5, 0.363766, 0.325, 0.675, 0.359122
0.5, 0.382988, 0.325, 0.675, 0.372331
0.5, 0.365707, 0.325, 0.675, 0.360051
0.5, 0.361245, 0.325, 0.675, 0.361987
0.5, 0.375324, 0.325, 0.675, 0.368473
0.5, 0.382835, 0.325, 0.675, 0.372317
0.5, 0.365044, 0.325, 0.675, 0.367409
0.5, 0.372362, 0.325, 0.675, 0.375665
0.5, 0.365823, 0.325, 0.675, 0.367457
0.5, 0.370541, 0.325, 0.675, 0.369478
0.5, 0.36159, 0.325, 0.675, 0.366244
0.5, 0.357168, 0.325, 0.675, 0.362421
0.5, 0.374132, 0.325, 0.675, 0.374611
0.5, 0.374635, 0.325, 0.675, 0.373229
0.5, 0.361498, 0.325, 0.675, 0.362564
0.5, 0.369712, 0.325, 0.675, 0.369099
0.5, 0.367714, 0.325, 0.675, 0.366278
0.5, 0.363285, 0.325, 0.675, 0.363848
0.5, 0.384616, 0.325, 0.675, 0.371793
0.5, 0.35974, 0.325, 0.675, 0.361987
0.5, 0.371183, 0.33, 0.67, 0.373062
0.5, 0.396793, 0.33, 0.67, 0.392349
0.5, 0.378057, 0.33, 0.67, 0.380803
0.5, 0.378939, 0.33, 0.67, 0.374147
0.5, 0.386093, 0.33, 0.67, 0.381798
0.5, 0.37354, 0.33, 0.67, 0.382747
0.5, 0.389814, 0.33, 0.67, 0.385311
0.5, 0.373192, 0.33, 0.67, 0.37979
0.5, 0.375225, 0.33, 0.67, 0.37231
0.5, 0.38295, 0.33, 0.67, 0.380759
0.5, 0.379045, 0.33, 0.67, 0.377329
0.5, 0.39877, 0.33, 0.67, 0.392225
0.5, 0.365546, 0.33, 0.67, 0.368945
0.5, 0.383678, 0.33, 0.67, 0.380429
0.5, 0.367393, 0.33, 0.67, 0.36499
0.5, 0.386879, 0.33, 0.67, 0.391641
0.5, 0.382855, 0.33, 0.67, 0.377862
0.5, 0.383107, 0.33, 0.67, 0.38143
0.5, 0.377437, 0.33, 0.67, 0.375536
0.5, 0.381111, 0.33, 0.67, 0.377451
0.5, 0.366857, 0.33, 0.67, 0.36761
0.5, 0.371612, 0.33, 0.67, 0.375743
0.5, 0.378771, 0.33, 0.67, 0.380175
0.5, 0.391307, 0.33, 0.67, 0.384862
0.5, 0.380405, 0.33, 0.67, 0.378368
0.5, 0.393118, 0.335, 0.665, 0.389478
0.5, 0.393549, 0.335, 0.665, 0.39051
0.5, 0.391387, 0.335, 0.665, 0.386472
0.5, 0.383734, 0.335, 0.665, 0.383055
0.5, 0.398113, 0.335, 0.665, 0.3937
0.5, 0.392971, 0.335, 0.665, 0.398457
0.5, 0.383119, 0.335, 0.665, 0.386097
0.5, 0.397322, 0.335, 0.665, 0.394654
0.5, 0.391255, 0.335, 0.665, 0.387669
0.5, 0.368354, 0.335, 0.665, 0.378059
0.5, 0.381977, 0.335, 0.665, 0.382361
0.5, 0.400495, 0.335, 0.665, 0.392508
0.5, 0.381007, 0.335, 0.665, 0.386783
0.5, 0.393659, 0.335, 0.665, 0.393337
0.5, 0.386185, 0.335, 0.665, 0.383659
0.5, 0.39069, 0.335, 0.665, 0.384106
0.5, 0.377917, 0.335, 0.665, 0.379897
0.5, 0.382453, 0.335, 0.665, 0.381664
0.5, 0.399509, 0.335, 0.665, 0.40096
0.5, 0.398083, 0.335, 0.665, 0.391322
0.5, 0.372512, 0.335, 0.665, 0.373505
0.5, 0.381562, 0.335, 0.665, 0.381189
0.5, 0.398371, 0.335, 0.665, 0.393034
0.5, 0.387768, 0.335, 0.665, 0.39165
0.5, 0.392669, 0.335, 0.665, 0.39288
0.5, 0.399758, 0.34, 0.66, 0.395209
0.5, 0.411439, 0.34, 0.66, 0.404773
0.5, 0.392396, 0.34, 0.66, 0.391209
0.5, 0.401254, 0.34, 0.66, 0.390016
0.5, 0.396824, 0.34, 0.66, 0.392628
0.5, 0.414594, 0.34, 0.66, 0.404815
0.5, 0.387556, 0.34, 0.66, 0.388149
0.5, 0.4002, 0.34, 0.66, 0.401241
0.5, 0.388374, 0.34, 0.66, 0.387218
0.5, 0.399033, 0.34, 0.66, 0.398177
0.5, 0.401528, 0.34, 0.66, 0.401332
0.5, 0.383947, 0.34, 0.66, 0.387375
0.5, 0.392782, 0.34, 0.66, 0.400053
0.5, 0.400482, 0.34, 0.66, 0.398995
0.5, 0.388504, 0.34, 0.66, 0.391824
0.5, 0.393159, 0.34, 0.66, 0.398124
0.5, 0.408205, 0.34, 0.66, 0.410177
0.5, 0.399538, 0.34, 0.66, 0.397186
0.5, 0.406781, 0.34, 0.66, 0.402579
0.5, 0.400222, 0.34, 0.66, 0.402301
0.5, 0.388699, 0.34, 0.66, 0.395986
0.5, 0.388902, 0.34, 0.66, 0.389422
0.5, 0.408165, 0.34, 0.66, 0.403967
0.5, 0.387567, 0.34, 0.66, 0.391583
0.5, 0.400705, 0.34, 0.66, 0.399618
0.5, 0.404628, 0.345, 0.655, 0.405657
0.5, 0.419488, 0.345, 0.655, 0.407359
0.5, 0.398364, 0.345, 0.655, 0.395728
0.5, 0.406469, 0.345, 0.655, 0.401138
0.5, 0.419859, 0.345, 0.655, 0.412004
0.5, 0.396691, 0.345, 0.655, 0.398023
0.5, 0.418158, 0.345, 0.655, 0.415322
0.5, 0.399545, 0.345, 0.655, 0.401701
0.5, 0.421778, 0.345, 0.655, 0.416263
0.5, 0.411505, 0.345, 0.655, 0.407771
0.5, 0.41307, 0.345, 0.655, 0.412012
0.5, 0.402425, 0.345, 0.655, 0.402868
0.5, 0.406805, 0.345, 0.655, 0.404333
0.5, 0.404987, 0.345, 0.655, 0.402721
0.5, 0.418416, 0.345, 0.655, 0.411522
0.5, 0.414304, 0.345, 0.655, 0.410537
0.5, 0.403757, 0.345, 0.655, 0.403876
0.5, 0.400502, 0.345, 0.655, 0.403136
0.5, 0.410127, 0.345, 0.655, 0.407972
0.5, 0.403437, 0.345, 0.655, 0.404833
0.5, 0.409805, 0.345, 0.655, 0.40968
0.5, 0.410994, 0.345, 0.655, 0.410833
0.5, 0.412257, 0.345, 0.655, 0.40651
0.5, 0.395567, 0.345, 0.655, 0.400699
0.5, 0.416131, 0.345, 0.655, 0.414944
0.5, 0.423082, 0.35, 0.65, 0.414096
0.5, 0.411707, 0.35, 0.65, 0.41215
0.5, 0.411887, 0.35, 0.65, 0.412587
0.5, 0.41501, 0.35, 0.65, 0.413937
0.5, 0.422048, 0.35, 0.65, 0.419655
0.5, 0.411553, 0.35, 0.65, 0.405466
0.5, 0.42469, 0.35, 0.65, 0.416839
0.5, 0.407714, 0.35, 0.65, 0.409795
0.5, 0.424096, 0.35, 0.65, 0.421256
0.5, 0.421997, 0.35, 0.65, 0.41331
0.5, 0.416554, 0.35, 0.65, 0.414804
0.5, 0.422535, 0.35, 0.65, 0.422793
0.5, 0.415948, 0.35, 0.65, 0.415844
0.5, 0.420737, 0.35, 0.65, 0.419083
0.5, 0.408995, 0.35, 0.65, 0.408961
0.5, 0.414056, 0.35, 0.65, 0.414978
0.5, 0.403808, 0.35, 0.65, 0.402806
0.5, 0.414609, 0.35, 0.65, 0.413475
0.5, 0.415404, 0.35, 0.65, 0.413016
0.5, 0.420025, 0.35, 0.65, 0.41675
0.5, 0.424462, 0.35, 0.65, 0.419205
0.5, 0.412591, 0.35, 0.65, 0.41122
0.5, 0.401954, 0.35, 0.65, 0.401603
0.5, 0.412785, 0.35, 0.65, 0.40988
0.5, 0.413911, 0.35, 0.65, 0.409272
0.5, 0.41277, 0.355, 0.645, 0.414637
0.5, 0.417503, 0.355, 0.645, 0.42394
0.5, 0.424646, 0.355, 0.645, 0.425142
0.5, 0.43584, 0.355, 0.645, 0.429775
0.5, 0.414096, 0.355, 0.645, 0.412844
0.5, 0.418233, 0.355, 0.645, 0.421139
0.5, 0.415838, 0.355, 0.645, 0.4169
0.5, 0.430248, 0.355, 0.645, 0.427913
0.5, 0.423733, 0.355, 0.645, 0.428504
0.5, 0.421869, 0.355, 0.645, 0.42711
0.5, 0.436982, 0.355, 0.645, 0.434993
0.5, 0.435522, 0.355, 0.645, 0.434648
0.5, 0.443827, 0.355, 0.645, 0.435049
0.5, 0.419198, 0.355, 0.645, 0.421996
0.5, 0.432355, 0.355, 0.645, 0.43229
0.5, 0.411354, 0.355, 0.645, 0.409037
0.5, 0.419604, 0.355, 0.645, 0.41838
0.5, 0.4281, 0.355, 0.645, 0.424869
0.5, 0.435009, 0.355, 0.645, 0.432262
0.5, 0.415809, 0.355, 0.645, 0.417508
0.5, 0.428351, 0.355, 0.645, 0.427597
0.5, 0.419263, 0.355, 0.645, 0.427659
0.5, 0.428116, 0.355, 0.645, 0.426135
0.5, 0.445175, 0.355, 0.645, 0.436722
0.5, 0.433271, 0.355, 0.645, 0.431684
0.5, 0.432482, 0.36, 0.64, 0.431945
0.5, 0.439367, 0.36, 0.64, 0.439557
0.5, 0.42479, 0.36, 0.64, 0.425356
0.5, 0.429802, 0.36, 0.64, 0.430865
0.5, 0.426912, 0.36, 0.64, 0.434302
0.5, 0.440131, 0.36, 0.64, 0.437681
0.5, 0.439718, 0.36, 0.64, 0.433293
0.5, 0.448914, 0.36, 0.64, 0.441373
0.5, 0.430623, 0.36, 0.64, 0.430654
0.5, 0.435216, 0.36, 0.64, 0.431483
0.5, 0.459279, 0.36, 0.64, 0.449098
0.5, 0.428786, 0.36, 0.64, 0.424794
0.5, 0.439391, 0.36, 0.64, 0.433802
0.5, 0.436107, 0.36, 0.64, 0.43187
0.5, 0.439774, 0.36, 0.64, 0.43618
0.5, 0.434089, 0.36, 0.64, 0.434311
0.5, 0.434981, 0.36, 0.64, 0.431127
0.5, 0.424312, 0.36, 0.64, 0.424418
0.5, 0.424963, 0.36, 0.64, 0.425575
0.5, 0.428514, 0.36, 0.64, 0.434987
0.5, 0.442283, 0.36, 0.64, 0.436355
0.5, 0.447828, 0.36, 0.64, 0.439918
0.5, 0.438464, 0.36, 0.64, 0.432759
0.5, 0.448253, 0.36, 0.64, 0.443809
0.5, 0.444333, 0.36, 0.64, 0.444806
0.5, 0.45703, 0.365, 0.635, 0.449737
0.5, 0.45224, 0.365, 0.635, 0.446345
0.5, 0.434387, 0.365, 0.635, 0.434413
0.5, 0.443288, 0.365, 0.635, 0.440572
0.5, 0.446556, 0.365, 0.635, 0.447961
0.5, 0.445146, 0.365, 0.635, 0.438693
0.5, 0.437966, 0.365, 0.635, 0.438414
0.5, 0.44795, 0.365, 0.635, 0.446681
0.5, 0.439762, 0.365, 0.635, 0.440937
0.5, 0.445701, 0.365, 0.635, 0.446261
0.5, 0.441693, 0.365, 0.635, 0.436036
0.5, 0.457087, 0.365, 0.635, 0.448956
0.5, 0.44082, 0.365, 0.635, 0.436031
0.5, 0.436209, 0.365, 0.635, 0.442492
0.5, 0.429411, 0.365, 0.635, 0.433212
0.5, 0.448391, 0.365, 0.635, 0.444378
0.5, 0.456645, 0.365, 0.635, 0.449572
0.5, 0.430011, 0.365, 0.635, 0.426997
0.5, 0.436882, 0.365, 0.635, 0.437635
0.5, 0.448088, 0.365, 0.635, 0.447711
0.5, 0.440024, 0.365, 0.635, 0.437801
0.5, 0.44384, 0.365, 0.635, 0.4412
0.5, 0.444597, 0.365, 0.635, 0.43664
0.5, 0.456067, 0.365, 0.635, 0.454114
0.5, 0.432661, 0.365, 0.635, 0.436127
0.5, 0.453667, 0.37, 0.63, 0.452063
0.5, 0.45565, 0.37, 0.63, 0.45444
0.5, 0.452005, 0.37, 0.63, 0.455408
0.5, 0.460795, 0.37, 0.63, 0.457203
0.5, 0.466896, 0.37, 0.63, 0.462981
0.5, 0.468336, 0.37, 0.63, 0.459876
0.5, 0.464104, 0.37, 0.63, 0.456354
0.5, 0.444194, 0.37, 0.63, 0.441556
0.5, 0.460116, 0.37, 0.63, 0.461124
0.5, 0.466457, 0.37, 0.63, 0.46221
0.5, 0.460707, 0.37, 0.63, 0.457235
0.5, 0.457985, 0.37, 0.63, 0.453946
0.5, 0.448148, 0.37, 0.63, 0.445501
0.5, 0.468156, 0.37, 0.63, 0.462279
0.5, 0.465666, 0.37, 0.63, 0.464359
0.5, 0.464037, 0.37, 0.63, 0.459523
0.5, 0.468878, 0.37, 0.63, 0.46452
0.5, 0.461053, 0.37, 0.63, 0.456821
0.5, 0.462735, 0.37, 0.63, 0.456369
0.5, 0.465054, 0.37, 0.63, 0.455369
0.5, 0.451135, 0.37, 0.63, 0.449774
0.5, 0.46043, 0.37, 0.63, 0.454957
0.5, 0.459874, 0.37, 0.63, 0.455616
0.5, 0.4547, 0.37, 0.63, 0.458056
0.5, 0.467421, 0.37, 0.63, 0.465496
0.5, 0.469546, 0.375, 0.625, 0.461559
0.5, 0.465077, 0.375, 0.625, 0.459323
0.5, 0.462724, 0.375, 0.625, 0.457502
0.5, 0.476854, 0.375, 0.625, 0.468417
0.5, 0.47618, 0.375, 0.625, 0.475689
0.5, 0.474366, 0.375, 0.625, 0.47127
0.5, 0.451849, 0.375, 0.625, 0.456777
0.5, 0.479846, 0.375, 0.625, 0.470223
0.5, 0.476733, 0.375, 0.625, 0.473248
0.5, 0.468972, 0.375, 0.625, 0.466026
0.5, 0.468441, 0.375, 0.625, 0.462898
0.5, 0.483956, 0.375, 0.625, 0.47694
0.5, 0.46607, 0.375, 0.625, 0.463524
0.5, 0.470002, 0.375, 0.625, 0.467693
0.5, 0.478512, 0.375, 0.625, 0.466745
0.5, 0.472279, 0.375, 0.625, 0.469313
0.5, 0.495158, 0.375, 0.625, 0.484526
0.5, 0.469978, 0.375, 0.625, 0.463824
0.5, 0.468047, 0.375, 0.625, 0.462662
0.5, 0.461375, 0.375, 0.625, 0.46417
0.5, 0.472535, 0.375, 0.625, 0.466051
0.5, 0.487527, 0.375, 0.625, 0.476924
0.5, 0.472205, 0.375, 0.625, 0.470236
0.5, 0.48442, 0.375, 0.625, 0.47678
0.5, 0.479974, 0.375, 0.625, 0.473288
0.5, 0.458397, 0.38, 0.62, 0.459266
0.5, 0.502778, 0.38, 0.62, 0.490409
0.5, 0.48784, 0.38, 0.62, 0.476094
0.5, 0.48191, 0.38, 0.62, 0.47494
0.5, 0.473602, 0.38, 0.62, 0.47534
0.5, 0.49211, 0.38, 0.62, 0.479386
0.5, 0.47418, 0.38, 0.62, 0.471845
0.5, 0.474536, 0.38, 0.62, 0.470753
0.5, 0.487932, 0.38, 0.62, 0.484681
0.5, 0.485478, 0.38, 0.62, 0.47968
0.5, 0.480844, 0.38, 0.62, 0.481795
0.5, 0.487829, 0.38, 0.62, 0.484289
0.5, 0.483651, 0.38, 0.62, 0.480457
0.5, 0.478567, 0.38, 0.62, 0.477649
0.5, 0.470565, 0.38, 0.62, 0.468948
0.5, 0.483618, 0.38, 0.62, 0.474112
0.5, 0.477606, 0.38, 0.62, 0.471786
0.5, 0.470983, 0.38, 0.62, 0.473875
0.5, 0.502095, 0.38, 0.62, 0.490798
0.5, 0.483939, 0.38, 0.62, 0.476031
0.5, 0.471542, 0.38, 0.62, 0.468778
0.5, 0.489912, 0.38, 0.62, 0.482362
0.5, 0.465433, 0.38, 0.62, 0.468716
0.5, 0.485761, 0.38, 0.62, 0.481266
0.5, 0.488779, 0.38, 0.62, 0.481193
0.5, 0.492338, 0.385, 0.615, 0.483688
0.5, 0.47332, 0.385, 0.615, 0.476404
0.5, 0.486101, 0.385, 0.615, 0.479789
0.5, 0.499187, 0.385, 0.615, 0.489746
0.5, 0.500723, 0.385, 0.615, 0.49625
0.5, 0.472592, 0.385, 0.615, 0.47142
0.5, 0.490004, 0.385, 0.615, 0.487278
0.5, 0.486719, 0.385, 0.615, 0.484021
0.5, 0.489805, 0.385, 0.615, 0.48317
0.5, 0.492697, 0.385, 0.615, 0.48355
0.5, 0.516287, 0.385, 0.615, 0.506231
0.5, 0.490245, 0.385, 0.615, 0.480471
0.5, 0.495004, 0.385, 0.615, 0.486335
0.5, 0.490546, 0.385, 0.615, 0.486818
0.5, 0.482282, 0.385, 0.615, 0.478903
0.5, 0.499432, 0.385, 0.615, 0.490488
0.5, 0.490866, 0.385, 0.615, 0.487604
0.5, 0.484622, 0.385, 0.615, 0.48137
0.5, 0.496253, 0.385, 0.615, 0.485139
0.5, 0.471285, 0.385, 0.615, 0.466888
0.5, 0.509529, 0.385, 0.615, 0.504709
0.5, 0.496077, 0.385, 0.615, 0.487026
0.5, 0.497336, 0.385, 0.615, 0.486916
0.5, 0.502981, 0.385, 0.615, 0.492147
0.5, 0.48934, 0.385, 0.615, 0.481576
0.5, 0.495746, 0.39, 0.61, 0.494177
0.5, 0.506338, 0.39, 0.61, 0.506641
0.5, 0.508145, 0.39, 0.61, 0.504278
0.5, 0.515741, 0.39, 0.61, 0.509421
0.5, 0.492739, 0.39, 0.61, 0.489766
0.5, 0.50984, 0.39, 0.61, 0.503873
0.5, 0.505445, 0.39, 0.61, 0.494398
0.5, 0.533753, 0.39, 0.61, 0.516759
0.5, 0.499328, 0.39, 0.61, 0.494295
0.5, 0.491449, 0.39, 0.61, 0.495237
0.5, 0.511071, 0.39, 0.61, 0.499237
0.5, 0.50931, 0.39, 0.61, 0.504908
0.5, 0.497663, 0.39, 0.61, 0.492901
0.5, 0.512923, 0.39, 0.61, 0.508354
0.5, 0.48938, 0.39, 0.61, 0.48773
0.5, 0.505858, 0.39, 0.61, 0.496934
0.5, 0.496725, 0.39, 0.61, 0.49788
0.5, 0.516735, 0.39, 0.61, 0.510318
0.5, 0.487696, 0.39, 0.61, 0.4907
0.5, 0.507645, 0.39, 0.61, 0.502346
0.5, 0.502543, 0.39, 0.61, 0.503408
0.5, 0.519415, 0.39, 0.61, 0.506217
0.5, 0.507118, 0.39, 0.61, 0.50233
0.5, 0.516519, 0.39, 0.61, 0.510551
0.5, 0.498883, 0.39, 0.61, 0.492552
0.5, 0.528897, 0.395, 0.605, 0.519246
0.5, 0.513759, 0.395, 0.605, 0.513898
0.5, 0.519614, 0.395, 0.605, 0.51429
0.5, 0.538043, 0.395, 0.605, 0.52303
0.5, 0.508476, 0.395, 0.605, 0.504246
0.5, 0.515762, 0.395, 0.605, 0.509837
0.5, 0.518732, 0.395, 0.605, 0.521283
0.5, 0.518009, 0.395, 0.605, 0.511552
0.5, 0.508194, 0.395, 0.605, 0.502467
0.5, 0.541394, 0.395, 0.605, 0.525326
0.5, 0.533658, 0.395, 0.605, 0.524769
0.5, 0.529041, 0.395, 0.605, 0.517149
0.5, 0.525154, 0.395, 0.605, 0.520341
0.5, 0.511918, 0.395, 0.605, 0.509069
0.5, 0.52233, 0.395, 0.605, 0.521092
0.5, 0.510398, 0.395, 0.605, 0.511608
0.5, 0.511402, 0.395, 0.605, 0.508862
0.5, 0.52923, 0.395, 0.605, 0.519333
0.5, 0.51286, 0.395, 0.605, 0.514788
0.5, 0.532256, 0.395, 0.605, 0.517543
0.5, 0.498993, 0.395, 0.605, 0.492799
0.5, 0.511516, 0.395, 0.605, 0.510473
0.5, 0.5034, 0.395, 0.605, 0.50319
0.5, 0.503247, 0.395, 0.605, 0.493815
0.5, 0.528572, 0.395, 0.605, 0.5187
0.5, 0.507992, 0.4, 0.6, 0.506032
0.5, 0.529266, 0.4, 0.6, 0.523966
0.5, 0.53127, 0.4, 0.6, 0.518783
0.5, 0.550139, 0.4, 0.6, 0.538796
0.5, 0.541137, 0.4, 0.6, 0.532632
0.5, 0.555733, 0.4, 0.6, 0.538958
0.5, 0.535032, 0.4, 0.6, 0.526444
0.5, 0.522892, 0.4, 0.6, 0.513998
0.5, 0.519899, 0.4, 0.6, 0.518191
0.5, 0.543162, 0.4, 0.6, 0.533813
0.5, 0.541595, 0.4, 0.6, 0.531467
0.5, 0.534194, 0.4, 0.6, 0.527607
0.5, 0.539033, 0.4, 0.6, 0.532456
0.5, 0.53588, 0.4, 0.6, 0.526884
0.5, 0.53106, 0.4, 0.6, 0.525011
0.5, 0.534653, 0.4, 0.6, 0.52495
0.5, 0.52781, 0.4, 0.6, 0.521861
0.5, 0.534987, 0.4, 0.6, 0.525464
0.5, 0.545376, 0.4, 0.6, 0.533196
0.5, 0.522943, 0.4, 0.6, 0.522235
0.5, 0.533749, 0.4, 0.6, 0.523416
0.5, 0.536346, 0.4, 0.6, 0.527852
0.5, 0.525494, 0.4, 0.6, 0.521992
0.5, 0.531875, 0.4, 0.6, 0.526819
0.5, 0.541642, 0.4, 0.6, 0.525898
0.5, 0.556941, 0.405, 0.595, 0.545081
0.5, 0.527525, 0.405, 0.595, 0.520904
0.5, 0.554421, 0.405, 0.595, 0.551362
0.5, 0.532407, 0.405, 0.595, 0.531756
0.5, 0.53277, 0.405, 0.595, 0.526769
0.5, 0.54852, 0.405, 0.595, 0.540729
0.5, 0.540723, 0.405, 0.595, 0.538012
0.5, 0.541456, 0.405, 0.595, 0.533185
0.5, 0.57316, 0.405, 0.595, 0.551426
0.5, 0.536074, 0.405, 0.595, 0.534817
0.5, 0.554807, 0.405, 0.595, 0.551168
0.5, 0.5375, 0.405, 0.595, 0.533628
0.5, 0.539877, 0.405, 0.595, 0.532525
0.5, 0.534141, 0.405, 0.595, 0.529703
0.5, 0.549911, 0.405, 0.595, 0.543652
0.5, 0.556966, 0.405, 0.595, 0.537648
0.5, 0.526276, 0.405, 0.595, 0.521976
0.5, 0.542979, 0.405, 0.595, 0.53982
0.5, 0.551946, 0.405, 0.595, 0.535116
0.5, 0.555579, 0.405, 0.595, 0.54695
0.5, 0.549497, 0.405, 0.595, 0.537414
0.5, 0.546425, 0.405, 0.595, 0.540971
0.5, 0.543369, 0.405, 0.595, 0.541575
0.5, 0.553837, 0.405, 0.595, 0.54805
0.5, 0.558193, 0.405, 0.595, 0.549873
0.5, 0.563511, 0.41, 0.59, 0.55339
0.5, 0.564774, 0.41, 0.59, 0.551566
0.5, 0.58308, 0.41, 0.59, 0.569778
0.5, 0.545339, 0.41, 0.59, 0.541138
0.5, 0.579136, 0.41, 0.59, 0.561141
0.5, 0.554816, 0.41, 0.59, 0.55245
0.5, 0.54706, 0.41, 0.59, 0.538521
0.5, 0.54995, 0.41, 0.59, 0.538209
0.5, 0.592114, 0.41, 0.59, 0.5704
0.5, 0.54558, 0.41, 0.59, 0.53905
0.5, 0.571284, 0.41, 0.59, 0.564005
0.5, 0.57334, 0.41, 0.59, 0.561522
0.5, 0.563738, 0.41, 0.59, 0.552333
0.5, 0.582881, 0.41, 0.59, 0.569017
0.5, 0.570035, 0.41, 0.59, 0.557712
0.5, 0.576266, 0.41, 0.59, 0.564112
0.5, 0.562174, 0.41, 0.59, 0.545383
0.5, 0.547013, 0.41, 0.59, 0.53982
0.5, 0.556281, 0.41, 0.59, 0.551954
0.5, 0.57448, 0.41, 0.59, 0.555857
0.5, 0.547243, 0.41, 0.59, 0.540203
0.5, 0.578458, 0.41, 0.59, 0.561234
0.5, 0.567524, 0.41, 0.59, 0.563197
0.5, 0.566613, 0.41, 0.59, 0.553601
0.5, 0.557388, 0.41, 0.59, 0.550998
0.5, 0.582274, 0.415, 0.585, 0.571366
0.5, 0.562033, 0.415, 0.585, 0.556818
0.5, 0.575611, 0.415, 0.585, 0.563817
0.5, 0.576502, 0.415, 0.585, 0.562897
0.5, 0.593934, 0.415, 0.585, 0.57797
0.5, 0.601014, 0.415, 0.585, 0.583722
0.5, 0.557477, 0.415, 0.585, 0.546045
0.5, 0.57228, 0.415, 0.585, 0.571769
0.5, 0.586448, 0.415, 0.585, 0.576379
0.5, 0.557003, 0.415, 0.585, 0.555912
0.5, 0.575601, 0.415, 0.585, 0.5626
0.5, 0.580307, 0.415, 0.585, 0.568592
0.5, 0.582716, 0.415, 0.585, 0.571344
0.5, 0.574953, 0.415, 0.585, 0.562163
0.5, 0.553596, 0.415, 0.585, 0.547207
0.5, 0.582086, 0.415, 0.585, 0.570107
0.5, 0.590975, 0.415, 0.585, 0.578561
0.5, 0.577407, 0.415, 0.585, 0.564378
0.5, 0.557964, 0.415, 0.585, 0.559684
0.5, 0.575036, 0.415, 0.585, 0.566888
0.5, 0.583927, 0.415, 0.585, 0.569468
0.5, 0.575034, 0.415, 0.585, 0.563935
0.5, 0.590708, 0.415, 0.585, 0.57716
0.5, 0.597311, 0.415, 0.585, 0.5797
0.5, 0.578997, 0.415, 0.585, 0.573637
0.5, 0.580118, 0.42, 0.58, 0.56456
0.5, 0.585905, 0.42, 0.58, 0.570719
0.5, 0.580673, 0.42, 0.58, 0.57188
0.5, 0.588859, 0.42, 0.58, 0.573013
0.5, 0.598732, 0.42, 0.58, 0.584516
0.5, 0.587414, 0.42, 0.58, 0.570312
0.5, 0.619741, 0.42, 0.58, 0.593513
0.5, 0.58626, 0.42, 0.58, 0.57498
0.5, 0.590453, 0.42, 0.58, 0.583127
0.5, 0.592499, 0.42, 0.58, 0.582989
0.5, 0.594577, 0.42, 0.58, 0.577897
0.5, 0.581812, 0.42, 0.58, 0.5723
0.5, 0.58025, 0.42, 0.58, 0.572532
0.5, 0.579807, 0.42, 0.58, 0.567524
0.5, 0.577618, 0.42, 0.58, 0.56707
0.5, 0.597601, 0.42, 0.58, 0.583949
0.5, 0.592806, 0.42, 0.58, 0.582833
0.5, 0.597685, 0.42, 0.58, 0.585016
0.5, 0.611177, 0.42, 0.58, 0.592979
0.5, 0.595347, 0.42, 0.58, 0.58645
0.5, 0.591095, 0.42, 0.58, 0.578551
0.5, 0.591966, 0.42, 0.58, 0.581354
0.5, 0.597884, 0.42, 0.58, 0.585753
0.5, 0.589481, 0.42, 0.58, 0.579926
0.5, 0.59443, 0.42, 0.58, 0.582272
0.5, 0.618183, 0.425, 0.575, 0.601291
0.5, 0.602919, 0.425, 0.575, 0.593635
0.5, 0.617188, 0.425, 0.575, 0.602268
0.5, 0.585411, 0.425, 0.575, 0.576163
0.5, 0.615178, 0.425, 0.575, 0.594169
0.5, 0.606314, 0.425, 0.575, 0.592574
0.5, 0.610615, 0.425, 0.575, 0.597168
0.5, 0.618071, 0.425, 0.575, 0.606712
0.5, 0.60857, 0.425, 0.575, 0.599322
0.5, 0.613193, 0.425, 0.575, 0.599111
0.5, 0.615301, 0.425, 0.575, 0.596878
0.5, 0.616085, 0.425, 0.575, 0.605478
0.5, 0.594525, 0.425, 0.575, 0.586634
0.5, 0.622973, 0.425, 0.575, 0.615106
0.5, 0.606566, 0.425, 0.575, 0.60018
0.5, 0.621381, 0.425, 0.575, 0.604416
0.5, 0.598814, 0.425, 0.575, 0.591438
0.5, 0.596429, 0.425, 0.575, 0.586654
0.5, 0.606351, 0.425, 0.575, 0.593547
0.5, 0.603169, 0.425, 0.575, 0.592974
0.5, 0.6238, 0.425, 0.575, 0.607971
0.5, 0.600825, 0.425, 0.575, 0.59427
0.5, 0.636203, 0.425, 0.575, 0.619825
0.5, 0.600503, 0.425, 0.575, 0.589987
0.5, 0.596303, 0.425, 0.575, 0.582267
0.5, 0.635012, 0.43, 0.57, 0.614858
0.5, 0.63996, 0.43, 0.57, 0.619237
0.5, 0.637437, 0.43, 0.57, 0.617502
0.5, 0.597564, 0.43, 0.57, 0.587757
0.5, 0.610675, 0.43, 0.57, 0.606238
0.5, 0.620891, 0.43, 0.57, 0.61019
0.5, 0.617271, 0.43, 0.57, 0.601086
0.5, 0.612496, 0.43, 0.57, 0.600872
0.5, 0.63185, 0.43, 0.57, 0.62036
0.5, 0.631233, 0.43, 0.57, 0.625233
0.5, 0.603605, 0.43, 0.57, 0.596971
0.5, 0.609297, 0.43, 0.57, 0.596547
0.5, 0.641936, 0.43, 0.57, 0.632014
0.5, 0.612532, 0.43, 0.57, 0.59709
0.5, 0.621916, 0.43, 0.57, 0.613687
0.5, 0.630966, 0.43, 0.57, 0.6091
0.5, 0.621441, 0.43, 0.57, 0.60943
0.5, 0.616058, 0.43, 0.57, 0.606412
0.5, 0.625642, 0.43, 0.57, 0.61114
0.5, 0.625367, 0.43, 0.57, 0.611752
0.5, 0.635359, 0.43, 0.57, 0.620389
0.5, 0.62349, 0.43, 0.57, 0.613785
0.5, 0.613119, 0.43, 0.57, 0.600636
0.5, 0.61613, 0.43, 0.57, 0.603061
0.5, 0.643423, 0.43, 0.57, 0.62536
0.5, 0.650146, 0.435, 0.565, 0.630793
0.5, 0.653615, 0.435, 0.565, 0.633532
0.5, 0.65337, 0.435, 0.565, 0.631859
0.5, 0.630207, 0.435, 0.565, 0.613271
0.5, 0.635135, 0.435, 0.565, 0.621892
0.5, 0.672995, 0.435, 0.565, 0.653968
0.5, 0.658061, 0.435, 0.565, 0.639006
0.5, 0.625995, 0.435, 0.565, 0.612862
0.5, 0.668427, 0.435, 0.565, 0.642169
0.5, 0.65086, 0.435, 0.565, 0.633452
0.5, 0.647482, 0.435, 0.565, 0.626746
0.5, 0.638563, 0.435, 0.565, 0.625951
0.5, 0.6271, 0.435, 0.565, 0.615604
0.5, 0.641617, 0.435, 0.565, 0.633316
0.5, 0.63573, 0.435, 0.565, 0.620891
0.5, 0.621871, 0.435, 0.565, 0.616376
0.5, 0.640935, 0.435, 0.565, 0.626076
0.5, 0.692115, 0.435, 0.565, 0.66963
0.5, 0.643186, 0.435, 0.565, 0.627234
0.5, 0.645829, 0.435, 0.565, 0.630309
0.5, 0.655492, 0.435, 0.565, 0.634558
0.5, 0.657801, 0.435, 0.565, 0.6437
0.5, 0.643784, 0.435, 0.565, 0.632036
0.5, 0.624964, 0.435, 0.565, 0.609723
0.5, 0.657294, 0.435, 0.565, 0.640557
0.5, 0.659711, 0.44, 0.56, 0.640682
0.5, 0.658849, 0.44, 0.56, 0.642116
0.5, 0.646899, 0.44, 0.56, 0.626772
0.5, 0.66015, 0.44, 0.56, 0.643278
0.5, 0.654856, 0.44, 0.56, 0.637468
0.5, 0.664869, 0.44, 0.56, 0.652525
0.5, 0.660687, 0.44, 0.56, 0.636322
0.5, 0.638915, 0.44, 0.56, 0.628124
0.5, 0.649131, 0.44, 0.56, 0.639324
0.5, 0.670661, 0.44, 0.56, 0.655414
0.5, 0.657883, 0.44, 0.56, 0.646258
0.5, 0.66134, 0.44, 0.56, 0.640692
0.5, 0.63994, 0.44, 0.56, 0.624696
0.5, 0.675403, 0.44, 0.56, 0.661328
0.5, 0.655948, 0.44, 0.56, 0.643219
0.5, 0.635217, 0.44, 0.56, 0.626244
0.5, 0.65421, 0.44, 0.56, 0.644229
0.5, 0.66051, 0.44, 0.56, 0.645952
0.5, 0.665498, 0.44, 0.56, 0.64835
0.5, 0.668739, 0.44, 0.56, 0.649458
0.5, 0.654229, 0.44, 0.56, 0.635331
0.5, 0.66747, 0.44, 0.56, 0.655087
0.5, 0.66742, 0.44, 0.56, 0.642688
0.5, 0.665911, 0.44, 0.56, 0.641997
0.5, 0.664696, 0.44, 0.56, 0.653275
0.5, 0.6594, 0.445, 0.555, 0.64354
0.5, 0.691531, 0.445, 0.555, 0.669743
0.5, 0.657809, 0.445, 0.555, 0.636455
0.5, 0.689118, 0.445, 0.555, 0.667037
0.5, 0.659723, 0.445, 0.555, 0.64947
0.5, 0.67435, 0.445, 0.555, 0.654602
0.5, 0.716983, 0.445, 0.555, 0.692834
0.5, 0.690252, 0.445, 0.555, 0.666978
0.5, 0.665497, 0.445, 0.555, 0.64833
0.5, 0.655628, 0.445, 0.555, 0.643331
0.5, 0.67037, 0.445, 0.555, 0.655566
0.5, 0.66157, 0.445, 0.555, 0.641902
0.5, 0.659418, 0.445, 0.555, 0.642433
0.5, 0.67406, 0.445, 0.555, 0.650401
0.5, 0.66612, 0.445, 0.555, 0.645704
0.5, 0.670945, 0.445, 0.555, 0.653917
0.5, 0.709383, 0.445, 0.555, 0.688467
0.5, 0.691747, 0.445, 0.555, 0.678693
0.5, 0.679182, 0.445, 0.555, 0.664791
0.5, 0.697521, 0.445, 0.555, 0.677823
0.5, 0.637246, 0.445, 0.555, 0.62335
0.5, 0.684982, 0.445, 0.555, 0.6683
0.5, 0.665367, 0.445, 0.555, 0.654279
0.5, 0.661551, 0.445, 0.555, 0.659337
0.5, 0.69489, 0.445, 0.555, 0.666588
0.5, 0.703751, 0.45, 0.55, 0.683199
0.5, 0.682426, 0.45, 0.55, 0.663644
0.5, 0.694788, 0.45, 0.55, 0.674622
0.5, 0.70883, 0.45, 0.55, 0.68752
0.5, 0.696843, 0.45, 0.55, 0.675039
0.5, 0.728945, 0.45, 0.55, 0.704877
0.5, 0.666804, 0.45, 0.55, 0.64551
0.5, 0.68849, 0.45, 0.55, 0.676835
0.5, 0.701987, 0.45, 0.55, 0.681268
0.5, 0.680252, 0.45, 0.55, 0.662712
0.5, 0.69082, 0.45, 0.55, 0.676206
0.5, 0.699354, 0.45, 0.55, 0.675216
0.5, 0.705992, 0.45, 0.55, 0.692065
0.5, 0.678953, 0.45, 0.55, 0.665963
0.5, 0.713904, 0.45, 0.55, 0.69744
0.5, 0.690593, 0.45, 0.55, 0.674042
0.5, 0.68687, 0.45, 0.55, 0.66599
0.5, 0.679765, 0.45, 0.55, 0.666278
0.5, 0.714982, 0.45, 0.55, 0.683891
0.5, 0.692032, 0.45, 0.55, 0.672495
0.5, 0.743205, 0.45, 0.55, 0.724496
0.5, 0.701731, 0.45, 0.55, 0.684738
0.5, 0.726381, 0.45, 0.55, 0.704944
0.5, 0.714483, 0.45, 0.55, 0.697892
0.5, 0.708098, 0.45, 0.55, 0.691672
0.5, 0.716005, 0.455, 0.545, 0.700405
0.5, 0.766545, 0.455, 0.545, 0.741313
0.5, 0.718996, 0.455, 0.545, 0.704474
0.5, 0.697605, 0.455, 0.545, 0.678674
0.5, 0.704842, 0.455, 0.545, 0.684285
0.5, 0.751156, 0.455, 0.545, 0.723725
0.5, 0.719343, 0.455, 0.545, 0.698914
0.5, 0.71659, 0.455, 0.545, 0.696293
0.5, 0.728627, 0.455, 0.545, 0.705149
0.5, 0.711209, 0.455, 0.545, 0.690339
0.5, 0.740373, 0.455, 0.545, 0.713231
0.5, 0.737165, 0.455, 0.545, 0.705075
0.5, 0.741957, 0.455, 0.545, 0.716319
0.5, 0.72273, 0.455, 0.545, 0.69895
0.5, 0.700389, 0.455, 0.545, 0.683004
0.5, 0.71447, 0.455, 0.545, 0.697816
0.5, 0.782228, 0.455, 0.545, 0.757112
0.5, 0.72951, 0.455, 0.545, 0.708937
0.5, 0.745209, 0.455, 0.545, 0.719219
0.5, 0.694032, 0.455, 0.545, 0.683602
0.5, 0.730562, 0.455, 0.545, 0.706641
0.5, 0.729039, 0.455, 0.545, 0.71081
0.5, 0.737617, 0.455, 0.545, 0.709363
0.5, 0.701916, 0.455, 0.545, 0.684261
0.5, 0.708837, 0.455, 0.545, 0.693036
0.5, 0.709893, 0.46, 0.54, 0.692387
0.5, 0.759637, 0.46, 0.54, 0.739977
0.5, 0.742245, 0.46, 0.54, 0.717592
0.5, 0.766042, 0.46, 0.54, 0.748801
0.5, 0.737382, 0.46, 0.54, 0.724218
0.5, 0.767081, 0.46, 0.54, 0.742419
0.5, 0.747775, 0.46, 0.54, 0.724834
0.5, 0.763768, 0.46, 0.54, 0.747317
0.5, 0.75318, 0.46, 0.54, 0.729564
0.5, 0.736435, 0.46, 0.54, 0.717957
0.5, 0.75092, 0.46, 0.54, 0.727206
0.5, 0.705203, 0.46, 0.54, 0.686559
0.5, 0.722594, 0.46, 0.54, 0.707638
0.5, 0.754, 0.46, 0.54, 0.738455
0.5, 0.736934, 0.46, 0.54, 0.71091
0.5, 0.778711, 0.46, 0.54, 0.753255
0.5, 0.737444, 0.46, 0.54, 0.723013
0.5, 0.77518, 0.46, 0.54, 0.751547
0.5, 0.735018, 0.46, 0.54, 0.711007
0.5, 0.736039, 0.46, 0.54, 0.71418
0.5, 0.744931, 0.46, 0.54, 0.723583
0.5, 0.71814, 0.46, 0.54, 0.700174
0.5, 0.736976, 0.46, 0.54, 0.71772
0.5, 0.75839, 0.46, 0.54, 0.733667
0.5, 0.758245, 0.46, 0.54, 0.733882
0.5, 0.772147, 0.465, 0.535, 0.754467
0.5, 0.752374, 0.465, 0.535, 0.724315
0.5, 0.768205, 0.465, 0.535, 0.746013
0.5, 0.766934, 0.465, 0.535, 0.743409
0.5, 0.783707, 0.465, 0.535, 0.76063
0.5, 0.746119, 0.465, 0.535, 0.725213
0.5, 0.781079, 0.465, 0.535, 0.751721
0.5, 0.747117, 0.465, 0.535, 0.73744
0.5, 0.757154, 0.465, 0.535, 0.73682
0.5, 0.75857, 0.465, 0.535, 0.737726
0.5, 0.76526, 0.465, 0.535, 0.748027
0.5, 0.742987, 0.465, 0.535, 0.719371
0.5, 0.777349, 0.465, 0.535, 0.75269
0.5, 0.755076, 0.465, 0.535, 0.727191
0.5, 0.755284, 0.465, 0.535, 0.733498
0.5, 0.778471, 0.465, 0.535, 0.753043
0.5, 0.754047, 0.465, 0.535, 0.733234
0.5, 0.735066, 0.465, 0.535, 0.716271
0.5, 0.772998, 0.465, 0.535, 0.754964
0.5, 0.772469, 0.465, 0.535, 0.752801
0.5, 0.831996, 0.465, 0.535, 0.81224
0.5, 0.755043, 0.465, 0.535, 0.737626
0.5, 0.793538, 0.465, 0.535, 0.767913
0.5, 0.743138, 0.465, 0.535, 0.723509
0.5, 0.74927, 0.465, 0.535, 0.72882
0.5, 0.790475, 0.47, 0.53, 0.761504
0.5, 0.798971, 0.47, 0.53, 0.776556
0.5, 0.793329, 0.47, 0.53, 0.774426
0.5, 0.797623, 0.47, 0.53, 0.775068
0.5, 0.774375, 0.47, 0.53, 0.748085
0.5, 0.779402, 0.47, 0.53, 0.758942
0.5, 0.769536, 0.47, 0.53, 0.753629
0.5, 0.81301, 0.47, 0.53, 0.797856
0.5, 0.785707, 0.47, 0.53, 0.7668
0.5, 0.777518, 0.47, 0.53, 0.755143
0.5, 0.801209, 0.47, 0.53, 0.775693
0.5, 0.803852, 0.47, 0.53, 0.779696
0.5, 0.788941, 0.47, 0.53, 0.775304
0.5, 0.764087, 0.47, 0.53, 0.748862
0.5, 0.7912, 0.47, 0.53, 0.769016
0.5, 0.81081, 0.47, 0.53, 0.781509
0.5, 0.79571, 0.47, 0.53, 0.771499
0.5, 0.799265, 0.47, 0.53, 0.774836
0.5, 0.808772, 0.47, 0.53, 0.789234
0.5, 0.775199, 0.47, 0.53, 0.756028
0.5, 0.80056, 0.47, 0.53, 0.777133
0.5, 0.776146, 0.47, 0.53, 0.758275
0.5, 0.821444, 0.47, 0.53, 0.798829
0.5, 0.808476, 0.47, 0.53, 0.781896
0.5, 0.838263, 0.47, 0.53, 0.82
0.5, 0.824003, 0.475, 0.525, 0.798731
0.5, 0.804227, 0.475, 0.525, 0.783637
0.5, 0.855417, 0.475, 0.525, 0.837017
0.5, 0.847493, 0.475, 0.525, 0.82671
0.5, 0.837468, 0.475, 0.525, 0.819146
0.5, 0.798722, 0.475, 0.525, 0.776653
0.5, 0.79394, 0.475, 0.525, 0.769244
0.5, 0.844068, 0.475, 0.525, 0.822859
0.5, 0.813053, 0.475, 0.525, 0.78674
0.5, 0.811174, 0.475, 0.525, 0.782172
0.5, 0.840286, 0.475, 0.525, 0.812834
0.5, 0.812124, 0.475, 0.525, 0.793338
0.5, 0.853828, 0.475, 0.525, 0.833392
0.5, 0.82099, 0.475, 0.525, 0.80566
0.5, 0.800447, 0.475, 0.525, 0.776898
0.5, 0.817445, 0.475, 0.525, 0.795583
0.5, 0.792423, 0.475, 0.525, 0.771701
0.5, 0.813489, 0.475, 0.525, 0.789582
0.5, 0.863533, 0.475, 0.525, 0.836055
0.5, 0.781082, 0.475, 0.525, 0.762952
0.5, 0.814046, 0.475, 0.525, 0.792891
0.5, 0.808551, 0.475, 0.525, 0.78171
0.5, 0.828312, 0.475, 0.525, 0.805233
0.5, 0.914208, 0.475, 0.525, 0.895421
0.5, 0.814309, 0.475, 0.525, 0.795333
0.5, 0.836576, 0.48, 0.52, 0.811628
0.5, 0.892169, 0.48, 0.52, 0.875819
0.5, 0.82783, 0.48, 0.52, 0.809301
0.5, 0.846955, 0.48, 0.52, 0.823996
0.5, 0.842874, 0.48, 0.52, 0.823524
0.5, 0.867395, 0.48, 0.52, 0.843948
0.5, 0.850966, 0.48, 0.52, 0.832362
0.5, 0.857418, 0.48, 0.52, 0.838924
0.5, 0.853135, 0.48, 0.52, 0.829045
0.5, 0.864472, 0.48, 0.52, 0.842171
0.5, 0.839506, 0.48, 0.52, 0.818638
0.5, 0.863319, 0.48, 0.52, 0.840181
0.5, 0.881629, 0.48, 0.52, 0.869176
0.5, 0.824351, 0.48, 0.52, 0.8036
0.5, 0.870909, 0.48, 0.52, 0.855057
0.5, 0.834013, 0.48, 0.52, 0.811524
0.5, 0.851579, 0.48, 0.52, 0.829247
0.5, 0.857488, 0.48, 0.52, 0.837523
0.5, 0.835313, 0.48, 0.52, 0.814915
0.5, 0.864464, 0.48, 0.52, 0.846902
0.5, 0.876972, 0.48, 0.52, 0.853622
0.5, 0.830358, 0.48, 0.52, 0.805938
0.5, 0.842153, 0.48, 0.52, 0.8217
0.5, 0.856449, 0.48, 0.52, 0.834528
0.5, 0.821171, 0.48, 0.52, 0.801989
0.5, 0.909454, 0.485, 0.515, 0.892469
0.5, 0.909559, 0.485, 0.515, 0.883126
0.5, 0.913421, 0.485, 0.515, 0.90035
0.5, 0.853537, 0.485, 0.515, 0.836476
0.5, 0.897543, 0.485, 0.515, 0.878827
0.5, 0.859695, 0.485, 0.515, 0.839828
0.5, 0.883997, 0.485, 0.515, 0.859105
0.5, 0.86009, 0.485, 0.515, 0.838724
0.5, 0.877427, 0.485, 0.515, 0.856394
0.5, 0.86167, 0.485, 0.515, 0.840668
0.5, 0.930524, 0.485, 0.515, 0.917191
0.5, 0.906254, 0.485, 0.515, 0.890445
0.5, 0.905473, 0.485, 0.515, 0.891924
0.5, 0.902199, 0.485, 0.515, 0.882321
0.5, 0.895347, 0.485, 0.515, 0.872315
0.5, 0.854559, 0.485, 0.515, 0.835389
0.5, 0.903853, 0.485, 0.515, 0.886174
0.5, 0.890435, 0.485, 0.515, 0.874839
0.5, 0.846124, 0.485, 0.515, 0.824439
0.5, 0.860026, 0.485, 0.515, 0.837411
0.5, 0.899659, 0.485, 0.515, 0.886742
0.5, 0.873379, 0.485, 0.515, 0.847303
0.5, 0.900777, 0.485, 0.515, 0.881566
0.5, 0.862965, 0.485, 0.515, 0.852394
0.5, 0.876837, 0.485, 0.515, 0.853939
0.5, 0.888073, 0.49, 0.51, 0.863908
0.5, 0.928209, 0.49, 0.51, 0.917246
0.5, 0.91829, 0.49, 0.51, 0.902929
0.5, 0.882414, 0.49, 0.51, 0.862632
0.5, 0.914414, 0.49, 0.51, 0.905667
0.5, 0.88997, 0.49, 0.51, 0.876601
0.5, 0.953111, 0.49, 0.51, 0.947353
0.5, 0.913571, 0.49, 0.51, 0.89128
0.5, 0.950328, 0.49, 0.51, 0.939908
0.5, 0.952684, 0.49, 0.51, 0.942938
0.5, 0.911569, 0.49, 0.51, 0.895944
0.5, 0.876451, 0.49, 0.51, 0.858415
0.5, 0.881948, 0.49, 0.51, 0.865094
0.5, 0.938711, 0.49, 0.51, 0.92338
0.5, 0.865064, 0.49, 0.51, 0.851789
0.5, 0.934211, 0.49, 0.51, 0.92196
0.5, 0.952617, 0.49, 0.51, 0.942329
0.5, 0.937217, 0.49, 0.51, 0.927402
0.5, 0.88974, 0.49, 0.51, 0.872277
0.5, 0.918819, 0.49, 0.51, 0.902873
0.5, 0.871963, 0.49, 0.51, 0.848356
0.5, 0.915266, 0.49, 0.51, 0.900946
0.5, 0.913188, 0.49, 0.51, 0.896977
0.5, 0.902689, 0.49, 0.51, 0.889725
0.5, 0.957666, 0.49, 0.51, 0.944826
0.5, 0.957267, 0.495, 0.505, 0.950704
0.5, 0.972361, 0.495, 0.505, 0.964098
0.5, 0.962493, 0.495, 0.505, 0.956028
0.5, 0.973476, 0.495, 0.505, 0.966764
0.5, 0.934861, 0.495, 0.505, 0.921706
0.5, 0.952872, 0.495, 0.505, 0.942597
0.5, 0.954091, 0.495, 0.505, 0.947389
0.5, 0.946966, 0.495, 0.505, 0.93614
0.5, 0.951276, 0.495, 0.505, 0.941009
0.5, 0.932695, 0.495, 0.505, 0.915658
0.5, 0.979979, 0.495, 0.505, 0.975828
0.5, 0.990295, 0.495, 0.505, 0.986616
0.5, 0.924168, 0.495, 0.505, 0.910364
0.5, 0.952041, 0.495, 0.505, 0.941689
0.5, 0.936604, 0.495, 0.505, 0.925887
0.5, 0.952493, 0.495, 0.505, 0.942454
0.5, 0.973841, 0.495, 0.505, 0.968823
0.5, 0.916214, 0.495, 0.505, 0.898654
0.5, 0.943534, 0.495, 0.505, 0.929108
0.5, 0.988403, 0.495, 0.505, 0.984281
0.5, 0.928346, 0.495, 0.505, 0.915097
0.5, 0.953032, 0.495, 0.505, 0.9451
0.5, 0.928499, 0.495, 0.505, 0.913273
0.5, 0.948254, 0.495, 0.505, 0.938553
0.5, 0.952844, 0.495, 0.505, 0.942237
0.5, 0.993313, 0.5, 0.5, 0.991596
0.5, 0.959425, 0.5, 0.5, 0.949549
0.5, 0.980568, 0.5, 0.5, 0.97686
0.5, 0.986197, 0.5, 0.5, 0.982982
0.5, 0.98257, 0.5, 0.5, 0.980462
0.5, 0.98126, 0.5, 0.5, 0.976824
0.5, 0.974639, 0.5, 0.5, 0.966331
0.5, 0.97106, 0.5, 0.5, 0.961939
0.5, 0.998795, 0.5, 0.5, 0.998407
0.5, 0.969529, 0.5, 0.5, 0.962117
0.5, 0.982185, 0.5, 0.5, 0.980168
0.5, 0.976731, 0.5, 0.5, 0.973158
0.5, 0.965677, 0.5, 0.5, 0.958194
0.5, 0.965368, 0.5, 0.5, 0.959912
0.5, 0.970861, 0.5, 0.5, 0.966758
0.5, 0.982361, 0.5, 0.5, 0.980027
0.5, 0.9856, 0.5, 0.5, 0.98136
0.5, 0.966384, 0.5, 0.5, 0.959201
0.5, 0.978583, 0.5, 0.5, 0.976084
0.5, 0.954352, 0.5, 0.5, 0.948075
0.5, 0.956144, 0.5, 0.5, 0.947213
0.5, 0.964288, 0.5, 0.5, 0.957217
0.5, 0.995136, 0.5, 0.5, 0.994769
0.5, 0.922793, 0.5, 0.5, 0.909014
0.5, 0.9996, 0.5, 0.5, 0.999702
0.5, 0.989673, 0.505, 0.495, 0.988166
0.5, 0.988872, 0.505, 0.495, 0.988887
0.5, 0.997041, 0.505, 0.495, 0.996464
0.5, 0.98687, 0.505, 0.495, 0.985184
0.5, 0.999278, 0.505, 0.495, 0.99881
0.5, 0.998362, 0.505, 0.495, 0.998326
0.5, 0.984742, 0.505, 0.495, 0.982593
0.5, 0.971821, 0.505, 0.495, 0.964117
0.5, 0.986311, 0.505, 0.495, 0.985301
0.5, 0.999537, 0.505, 0.495, 0.998817
0.5, 0.993683, 0.505, 0.495, 0.992542
0.5, 0.998582, 0.505, 0.495, 0.997535
0.5, 0.989899, 0.505, 0.495, 0.985928
0.5, 0.983987, 0.505, 0.495, 0.979789
0.5, 0.990469, 0.505, 0.495, 0.990149
0.5, 0.985582, 0.505, 0.495, 0.982153
0.5, 0.999078, 0.505, 0.495, 0.999014
0.5, 0.983878, 0.505, 0.495, 0.982063
0.5, 0.994718, 0.505, 0.495, 0.991814
0.5, 0.987023, 0.505, 0.495, 0.983624
0.5, 0.988712, 0.505, 0.495, 0.986214
0.5, 0.988688, 0.505, 0.495, 0.98556
0.5, 0.980937, 0.505, 0.495, 0.975269
0.5, 0.987701, 0.505, 0.495, 0.985381
0.5, 0.994837, 0.505, 0.495, 0.993653
0.75, 0.00433394, 0.005, 0.995, 0.00372819
0.75, 0.00359958, 0.005, 0.995, 0.00315095
0.75, 0.00340779, 0.005, 0.995, 0.00348379
0.75, 0.00309501, 0.005, 0.995, 0.00291986
0.75, 0.00512848, 0.005, 0.995, 0.00444489
0.75, 0.0035704, 0.005, 0.995, 0.00337192
0.75, 0.0034923, 0.005, 0.995, 0.00323576
0.75, 0.00489299, 0.005, 0.995, 0.00377055
0.75, 0.00354213, 0.005, 0.995, 0.00322061
0.75, 0.00413569, 0.005, 0.995, 0.00362684
0.75, 0.00367747, 0.005, 0.995, 0.00417715
0.75, 0.00470564, 0.005, 0.995, 0.0042735
0.75, 0.00482266, 0.005, 0.995, 0.0046776
0.75, 0.0043954, 0.005, 0.995, 0.0039799
0.75, 0.00388162, 0.005, 0.995, 0.00414665
0.75, 0.00444968, 0.005, 0.995, 0.00420534
0.75, 0.0041941, 0.005, 0.995, 0.00425209
0.75, 0.00316333, 0.005, 0.995, 0.00362264
0.75, 0.00394157, 0.005, 0.995, 0.00345969
0.75, 0.00352558, 0.005, 0.995, 0.00324198
0.75, 0.00425899, 0.005, 0.995, 0.00441922
0.75, 0.00430125, 0.005, 0.995, 0.0045097
0.75, 0.00395592, 0.005, 0.995, 0.00348045
0.75, 0.0039254, 0.005, 0.995, 0.00381124
0.75, 0.00496788, 0.005, 0.995, 0.00476649
0.75, 0.00760532, 0.01, 0.99, 0.00773753
0.75, 0.00623338, 0.01, 0.99, 0.00620335
0.75, 0.0083443, 0.01, 0.99, 0.00811136
0.75, 0.00745555, 0.01, 0.99, 0.00798193
0.75, 0.00747051, 0.01, 0.99, 0.00733086
0.75, 0.00632081, 0.01, 0.99, 0.00648561
0.75, 0.00824424, 0.01, 0.99, 0.00804397
0.75, 0.00730623, 0.01, 0.99, 0.00716087
0.75, 0.00639637, 0.01, 0.99, 0.00633939
0.75, 0.0074502, 0.01, 0.99, 0.00799514
0.75, 0.00854638, 0.01, 0.99, 0.00819169
0.75, 0.00845756, 0.01, 0.99, 0.00714793
0.75, 0.00964688, 0.01, 0.99, 0.00813866
0.75, 0.00842929, 0.01, 0.99, 0.0076572
0.75, 0.00731477, 0.01, 0.99, 0.00744617
0.75, 0.00632418, 0.01, 0.99, 0.00667663
0.75, 0.00901102, 0.01, 0.99, 0.00854876
0.75, 0.00721647, 0.01, 0.99, 0.00779639
0.75, 0.00845735, 0.01, 0.99, 0.00880969
0.75, 0.0074276, 0.01, 0.99, 0.00662654
0.75, 0.00818778, 0.01, 0.99, 0.00813457
0.75, 0.00867745, 0.01, 0.99, 0.00839491
0.75, 0.0074577, 0.01, 0.99, 0.00786196
0.75, 0.00828122, 0.01, 0.99, 0.0077126
0.75, 0.00689148, 0.01, 0.99, 0.00817882
0.75, 0.0107974, 0.015, 0.985, 0.0120747
0.75, 0.0117718, 0.015, 0.985, 0.0117838
0.75, 0.0116973, 0.015, 0.985, 0.0114113
0.75, 0.0122032, 0.015, 0.985, 0.0128611
0.75, 0.0128615, 0.015, 0.985, 0.0127172
0.75, 0.0108172, 0.015, 0.985, 0.0118676
0.75, 0.0101728, 0.015, 0.985, 0.0104124
0.75, 0.0113839, 0.015, 0.985, 0.011807
0.75, 0.0123344, 0.015, 0.985, 0.0121821
0.75, 0.0104311, 0.015, 0.985, 0.0107662
0.75, 0.012311, 0.015, 0.985, 0.0126021
0.75, 0.0117053, 0.015, 0.985, 0.0120795
0.75, 0.0128631, 0.015, 0.985, 0.0123873
0.75, 0.0114774, 0.015, 0.985, 0.0115775
0.75, 0.0125937, 0.015, 0.985, 0.011689
0.75, 0.0112849, 0.015, 0.985, 0.0112222
0.75, 0.00936627, 0.015, 0.985, 0.0102452
0.75, 0.0122111, 0.015, 0.985, 0.0117557
0.75, 0.0106481, 0.015, 0.985, 0.0103766
0.75, 0.0120769, 0.015, 0.985, 0.0116349
0.75, 0.011195, 0.015, 0.985, 0.0116541
0.75, 0.0117864, 0.015, 0.985, 0.0110449
0.75, 0.0117063, 0.015, 0.985, 0.011133
0.75, 0.0113541, 0.015, 0.985, 0.010852
0.75, 0.0116521, 0.015, 0.985, 0.0116126
0.75, 0.0179823, 0.02, 0.98, 0.0162837
0.75, 0.016787, 0.02, 0.98, 0.0153707
0.75, 0.0164587, 0.02, 0.98, 0.0159658
0.75, 0.0156564, 0.02, 0.98, 0.0158147
0.75, 0.015349, 0.02, 0.98, 0.015681
0.75, 0.015994, 0.02, 0.98, 0.0154348
0.75, 0.0175046, 0.02, 0.98, 0.0171936
0.75, 0.0161366, 0.02, 0.98, 0.0166368
0.75, 0.0163564, 0.02, 0.98, 0.0167603
0.75, 0.0168321, 0.02, 0.98, 0.0152985
0.75, 0.0144692, 0.02, 0.98, 0.0155596
0.75, 0.013927, 0.02, 0.98, 0.0148088
0.75, 0.0176025, 0.02, 0.98, 0.0163618
0.75, 0.0161361, 0.02, 0.98, 0.0156561
0.75, 0.0172963, 0.02, 0.98, 0.0168242
0.75, 0.01272, 0.02, 0.98, 0.013467
0.75, 0.0140883, 0.02, 0.98, 0.0153775
0.75, 0.0155138, 0.02, 0.98, 0.0156626
0.75, 0.0154793, 0.02, 0.98, 0.0154893
0.75, 0.0153216, 0.02, 0.98, 0.0160428
0.75, 0.0158839, 0.02, 0.98, 0.0158063
0.75, 0.0160024, 0.02, 0.98, 0.0160547
0.75, 0.0170004, 0.02, 0.98, 0.0162689
0.75, 0.0160791, 0.02, 0.98, 0.0165268
0.75, 0.017249, 0.02, 0.98, 0.0154702
0.75, 0.0192633, 0.025, 0.975, 0.0182496
0.75, 0.0187149, 0.025, 0.975, 0.0202848
0.75, 0.0185877, 0.025, 0.975, 0.0185128
0.75, 0.0209467, 0.025, 0.975, 0.0211206
0.75, 0.0202929, 0.025, 0.975, 0.0203748
0.75, 0.0213832, 0.025, 0.975, 0.0197241
0.75, 0.0192635, 0.025, 0.975, 0.0196489
0.75, 0.0198833, 0.025, 0.975, 0.0189971
0.75, 0.0201614, 0.025, 0.975, 0.0215585
0.75, 0.0189006, 0.025, 0.975, 0.0183309
0.75, 0.0211791, 0.025, 0.975, 0.0193209
0.75, 0.0205057, 0.025, 0.975, 0.0211286
0.75, 0.0218853, 0.025, 0.975, 0.0205013
0.75, 0.0195466, 0.025, 0.975, 0.0202182
0.75, 0.0219267, 0.025, 0.975, 0.0222359
0.75, 0.0192257, 0.025, 0.975, 0.0193374
0.75, 0.0179018, 0.025, 0.975, 0.0174548
0.75, 0.0179334, 0.025, 0.975, 0.017937
0.75, 0.019919, 0.025, 0.975, 0.0195436
0.75, 0.0200135, 0.025, 0.975, 0.0200294
0.75, 0.0214743, 0.025, 0.975, 0.0199928
0.75, 0.0207411, 0.025, 0.975, 0.0210071
0.75, 0.0207071, 0.025, 0.975, 0.0191583
0.75, 0.0221718, 0.025, 0.975, 0.0198706
0.75, 0.0229219, 0.025, 0.975, 0.0226102
0.75, 0.026415, 0.03, 0.97, 0.0267875
0.75, 0.0248776, 0.03, 0.97, 0.0241051
0.75, 0.0221946, 0.03, 0.97, 0.0222692
0.75, 0.0244958, 0.03, 0.97, 0.0244447
0.75, 0.0232737, 0.03, 0.97, 0.0234491
0.75, 0.0230858, 0.03, 0.97, 0.0223765
0.75, 0.0247686, 0.03, 0.97, 0.0240734
0.75, 0.0247545, 0.03, 0.97, 0.0260756
0.75, 0.0294933, 0.03, 0.97, 0.0279876
0.75, 0.0242991, 0.03, 0.97, 0.0246623
0.75, 0.0260778, 0.03, 0.97, 0.0237676
0.75, 0.0268013, 0.03, 0.97, 0.0253385
0.75, 0.0242625, 0.03, 0.97, 0.0233969
0.75, 0.0248952, 0.03, 0.97, 0.0243188
0.75, 0.0233481, 0.03, 0.97, 0.0237807
0.75, 0.0246812, 0.03, 0.97, 0.0235421
0.75, 0.0217843, 0.03, 0.97, 0.0219814
0.75, 0.0236061, 0.03, 0.97, 0.0250892
0.75, 0.0273128, 0.03, 0.97, 0.0246639
0.75, 0.0266404, 0.03, 0.97, 0.0243777
0.75, 0.0226892, 0.03, 0.97, 0.0244464
0.75, 0.0237114, 0.03, 0.97, 0.0233353
0.75, 0.0257508, 0.03, 0.97, 0.0249029
0.75, 0.0239811, 0.03, 0.97, 0.0235541
0.75, 0.0238829, 0.03, 0.97, 0.0247271
0.75, 0.0261628, 0.035, 0.965, 0.0258477
0.75, 0.0273579, 0.035, 0.965, 0.0288758
0.75, 0.0279957, 0.035, 0.965, 0.0296682
0.75, 0.0296858, 0.035, 0.965, 0.0311395
0.75, 0.0257145, 0.035, 0.965, 0.0265971
0.75, 0.0266389, 0.035, 0.965, 0.0279673
0.75, 0.0265544, 0.035, 0.965, 0.0261129
0.75, 0.0281832, 0.035, 0.965, 0.0278948
0.75, 0.0286896, 0.035, 0.965, 0.0265834
0.75, 0.0274305, 0.035, 0.965, 0.0284804
0.75, 0.0306149, 0.035, 0.965, 0.0297353
0.75, 0.0305877, 0.035, 0.965, 0.0286401
0.75, 0.0283878, 0.035, 0.965, 0.0276053
0.75, 0.0278203, 0.035, 0.965, 0.0295163
0.75, 0.0288292, 0.035, 0.965, 0.0285015
0.75, 0.027648, 0.035, 0.965, 0.0273417
0.75, 0.0293891, 0.035, 0.965, 0.0283166
0.75, 0.031188, 0.035, 0.965, 0.0290832
0.75, 0.0290881, 0.035, 0.965, 0.0287042
0.75, 0.0271514, 0.035, 0.965, 0.0272326
0.75, 0.0278512, 0.035, 0.965, 0.0290587
0.75, 0.0277588, 0.035, 0.965, 0.0275811
0.75, 0.0280246, 0.035, 0.965, 0.0270912
0.75, 0.0274418, 0.035, 0.965, 0.0287855
0.75, 0.0262184, 0.035, 0.965, 0.0259992
0.75, 0.0312454, 0.04, 0.96, 0.0312307
0.75, 0.0331117, 0.04, 0.96, 0.0310177
0.75, 0.0333777, 0.04, 0.96, 0.0325615
0.75, 0.0314193, 0.04, 0.96, 0.0317883
0.75, 0.0319118, 0.04, 0.96, 0.0332334
0.75, 0.0319238, 0.04, 0.96, 0.0319309
0.75, 0.0326901, 0.04, 0.96, 0.0327614
0.75, 0.0323198, 0.04, 0.96, 0.0325303
0.75, 0.0343934, 0.04, 0.96, 0.0332334
0.75, 0.0301688, 0.04, 0.96, 0.0326856
0.75, 0.0331675, 0.04, 0.96, 0.0329088
0.75, 0.0313481, 0.04, 0.96, 0.0328198
0.75, 0.0313822, 0.04, 0.96, 0.0319925
0.75, 0.0363351, 0.04, 0.96, 0.0348963
0.75, 0.0321122, 0.04, 0.96, 0.0317711
0.75, 0.0307209, 0.04, 0.96, 0.0309598
0.75, 0.0318444, 0.04, 0.96, 0.0318458
0.75, 0.0314241, 0.04, 0.96, 0.032154
0.75, 0.0358133, 0.04, 0.96, 0.0340951
0.75, 0.0322698, 0.04, 0.96, 0.0320792
0.75, 0.0341073, 0.04, 0.96, 0.0334825
0.75, 0.0336617, 0.04, 0.96, 0.0342975
0.75, 0.0306164, 0.04, 0.96, 0.0326464
0.75, 0.0355363, 0.04, 0.96, 0.0338983
0.75, 0.0346969, 0.04, 0.96, 0.0342759
0.75, 0.0368195, 0.045, 0.955, 0.036544
0.75, 0.0391355, 0.045, 0.955, 0.0380632
0.75, 0.0386797, 0.045, 0.955, 0.0383784
0.75, 0.0357608, 0.045, 0.955, 0.0368251
0.75, 0.0394755, 0.045, 0.955, 0.0376929
0.75, 0.0352548, 0.045, 0.955, 0.0346537
0.75, 0.0377884, 0.045, 0.955, 0.0370216
0.75, 0.036988, 0.045, 0.955, 0.0358744
0.75, 0.0364372, 0.045, 0.955, 0.0363909
0.75, 0.0385689, 0.045, 0.955, 0.0384495
0.75, 0.0375534, 0.045, 0.955, 0.0377722
0.75, 0.0390019, 0.045, 0.955, 0.037818
0.75, 0.0336893, 0.045, 0.955, 0.0356714
0.75, 0.0378188, 0.045, 0.955, 0.0389115
0.75, 0.0373003, 0.045, 0.955, 0.035912
0.75, 0.0387471, 0.045, 0.955, 0.037421
0.75, 0.0392142, 0.045, 0.955, 0.0391413
0.75, 0.0375251, 0.045, 0.955, 0.0379059
0.75, 0.035426, 0.045, 0.955, 0.0359664
0.75, 0.0358079, 0.045, 0.955, 0.0369773
0.75, 0.0395919, 0.045, 0.955, 0.0394463
0.75, 0.0394439, 0.045, 0.955, 0.0377574
0.75, 0.0359829, 0.045, 0.955, 0.0376517
0.75, 0.0388325, 0.045, 0.955, 0.0398999
0.75, 0.0365628, 0.045, 0.955, 0.036063
0.75, 0.0424633, 0.05, 0.95, 0.0418128
0.75, 0.040056, 0.05, 0.95, 0.0408998
0.75, 0.0418172, 0.05, 0.95, 0.0419933
0.75, 0.0400363, 0.05, 0.95, 0.0393196
0.75, 0.0388855, 0.05, 0.95, 0.0410016
0.75, 0.0438234, 0.05, 0.95, 0.0444304
0.75, 0.0453206, 0.05, 0.95, 0.0435166
0.75, 0.0489954, 0.05, 0.95, 0.0438887
0.75, 0.0451442, 0.05, 0.95, 0.0411566
0.75, 0.0399364, 0.05, 0.95, 0.040667
0.75, 0.0402458, 0.05, 0.95, 0.040504
0.75, 0.04222, 0.05, 0.95, 0.0407494
0.75, 0.0421194, 0.05, 0.95, 0.0429126
0.75, 0.0453163, 0.05, 0.95, 0.044576
0.75, 0.0429319, 0.05, 0.95, 0.0409879
0.75, 0.0430899, 0.05, 0.95, 0.0417621
0.75, 0.0413634, 0.05, 0.95, 0.0419011
0.75, 0.0438719, 0.05, 0.95, 0.0416775
0.75, 0.0427648, 0.05, 0.95, 0.0415948
0.75, 0.0369045, 0.05, 0.95, 0.0383811
0.75, 0.039199, 0.05, 0.95, 0.0393705
0.75, 0.0415939, 0.05, 0.95, 0.0407459
0.75, 0.0424618, 0.05, 0.95, 0.0436191
0.75, 0.041334, 0.05, 0.95, 0.0404728
0.75, 0.0406258, 0.05, 0.95, 0.0419569
0.75, 0.0474166, 0.055, 0.945, 0.0483997
0.75, 0.0469141, 0.055, 0.945, 0.046191
0.75, 0.0491827, 0.055, 0.945, 0.0466433
0.75, 0.0445092, 0.055, 0.945, 0.0471624
0.75, 0.0443359, 0.055, 0.945, 0.044995
0.75, 0.0417662, 0.055, 0.945, 0.0438721
0.75, 0.0489333, 0.055, 0.945, 0.04702
0.75, 0.0450549, 0.055, 0.945, 0.0436121
0.75, 0.0490317, 0.055, 0.945, 0.0464611
0.75, 0.0445101, 0.055, 0.945, 0.0449366
0.75, 0.0456729, 0.055, 0.945, 0.0449842
0.75, 0.045993, 0.055, 0.945, 0.045917
0.75, 0.0457716, 0.055, 0.945, 0.0489822
0.75, 0.0492638, 0.055, 0.945, 0.0479572
0.75, 0.0444609, 0.055, 0.945, 0.0461045
0.75, 0.0481914, 0.055, 0.945, 0.0447547
0.75, 0.0495349, 0.055, 0.945, 0.0478715
0.75, 0.0456627, 0.055, 0.945, 0.0453524
0.75, 0.0454199, 0.055, 0.945, 0.0470866
0.75, 0.0439798, 0.055, 0.945, 0.0461749
0.75, 0.0456346, 0.055, 0.945, 0.0455025
0.75, 0.0450084, 0.055, 0.945, 0.0457372
0.75, 0.0444969, 0.055, 0.945, 0.0457565
0.75, 0.0430253, 0.055, 0.945, 0.0433935
0.75, 0.0470962, 0.055, 0.945, 0.0468177
0.75, 0.0501279, 0.06, 0.94, 0.0517379
0.75, 0.0503325, 0.06, 0.94, 0.048707
0.75, 0.0509172, 0.06, 0.94, 0.0509011
0.75, 0.0469898, 0.06, 0.94, 0.0487098
0.75, 0.0534212, 0.06, 0.94, 0.0513659
0.75, 0.0513027, 0.06, 0.94, 0.0513458
0.75, 0.0527996, 0.06, 0.94, 0.0495555
0.75, 0.0475336, 0.06, 0.94, 0.0469929
0.75, 0.0498827, 0.06, 0.94, 0.0506101
0.75, 0.049801, 0.06, 0.94, 0.050621
0.75, 0.0514949, 0.06, 0.94, 0.0487497
0.75, 0.0508779, 0.06, 0.94, 0.0476791
0.75, 0.0535007, 0.06, 0.94, 0.0506464
0.75, 0.0493825, 0.06, 0.94, 0.0491055
0.75, 0.0518031, 0.06, 0.94, 0.0500904
0.75, 0.0535102, 0.06, 0.94, 0.0518118
0.75, 0.0514182, 0.06, 0.94, 0.0505194
0.75, 0.0503938, 0.06, 0.94, 0.0508457
0.75, 0.0495012, 0.06, 0.94, 0.0501651
0.75, 0.0528301, 0.06, 0.94, 0.0504116
0.75, 0.052983, 0.06, 0.94, 0.0510792
0.75, 0.0519782, 0.06, 0.94, 0.0484412
0.75, 0.052597, 0.06, 0.94, 0.0515605
0.75, 0.0522199, 0.06, 0.94, 0.0483487
0.75, 0.0519298, 0.06, 0.94, 0.0493945
0.75, 0.0560742, 0.065, 0.935, 0.0553574
0.75, 0.0547563, 0.065, 0.935, 0.053266
0.75, 0.0595465, 0.065, 0.935, 0.0584902
0.75, 0.0552902, 0.065, 0.935, 0.0546185
0.75, 0.0571152, 0.065, 0.935, 0.0563447
0.75, 0.0523934, 0.065, 0.935, 0.0546115
0.75, 0.0538453, 0.065, 0.935, 0.0550705
0.75, 0.0549835, 0.065, 0.935, 0.0562956
0.75, 0.0586802, 0.065, 0.935, 0.0543106
0.75, 0.0605264, 0.065, 0.935, 0.0591722
0.75, 0.0563775, 0.065, 0.935, 0.0555468
0.75, 0.0554082, 0.065, 0.935, 0.0549804
0.75, 0.0600144, 0.065, 0.935, 0.0581364
0.75, 0.0575756, 0.065, 0.935, 0.0562926
0.75, 0.0571827, 0.065, 0.935, 0.0555409
0.75, 0.0511096, 0.065, 0.935, 0.0550013
0.75, 0.0551061, 0.065, 0.935, 0.0553848
0.75, 0.0562403, 0.065, 0.935, 0.0569967
0.75, 0.0544068, 0.065, 0.935, 0.0547736
0.75, 0.058001, 0.065, 0.935, 0.0569593
0.75, 0.0576223, 0.065, 0.935, 0.0578244
0.75, 0.0578785, 0.065, 0.935, 0.0565896
0.75, 0.0577573, 0.065, 0.935, 0.0557117
0.75, 0.0559077, 0.065, 0.935, 0.0557379
0.75, 0.0565489, 0.065, 0.935, 0.0574253
0.75, 0.060059, 0.07, 0.93, 0.0597412
0.75, 0.0580278, 0.07, 0.93, 0.0585115
0.75, 0.0628164, 0.07, 0.93, 0.0596012
0.75, 0.0608851, 0.07, 0.93, 0.0600138
0.75, 0.0628818, 0.07, 0.93, 0.061416
0.75, 0.0663392, 0.07, 0.93, 0.0625236
0.75, 0.062315, 0.07, 0.93, 0.0617106
0.75, 0.0579864, 0.07, 0.93, 0.0589763
0.75, 0.0618037, 0.07, 0.93, 0.061462
0.75, 0.0648498, 0.07, 0.93, 0.0619754
0.75, 0.0587294, 0.07, 0.93, 0.0584163
0.75, 0.0646527, 0.07, 0.93, 0.0615344
0.75, 0.0635226, 0.07, 0.93, 0.0603256
0.75, 0.0606439, 0.07, 0.93, 0.0598464
0.75, 0.0655774, 0.07, 0.93, 0.0637198
0.75, 0.0617935, 0.07, 0.93, 0.061243
0.75, 0.0609599, 0.07, 0.93, 0.0602467
0.75, 0.0627724, 0.07, 0.93, 0.0631071
0.75, 0.065278, 0.07, 0.93, 0.0603188
0.75, 0.0610683, 0.07, 0.93, 0.0600851
0.75, 0.0641893, 0.07, 0.93, 0.0634426
0.75, 0.0580414, 0.07, 0.93, 0.0600171
0.75, 0.0620065, 0.07, 0.93, 0.0592366
0.75, 0.0622954, 0.07, 0.93, 0.0610757
0.75, 0.0612991, 0.07, 0.93, 0.060436
0.75, 0.0650096, 0.075, 0.925, 0.0687979
0.75, 0.0673004, 0.075, 0.925, 0.0667699
0.75, 0.0655817, 0.075, 0.925, 0.0645561
0.75, 0.0683102, 0.075, 0.925, 0.0658529
0.75, 0.0611743, 0.075, 0.925, 0.0621606
0.75, 0.0623649, 0.075, 0.925, 0.062534
0.75, 0.0636445, 0.075, 0.925, 0.0639148
0.75, 0.0661776, 0.075, 0.925, 0.0667023
0.75, 0.069165, 0.075, 0.925, 0.0677748
0.75, 0.0659218, 0.075, 0.925, 0.0679612
0.75, 0.0658451, 0.075, 0.925, 0.0651024
0.75, 0.0656084, 0.075, 0.925, 0.0640564
0.75, 0.0656858, 0.075, 0.925, 0.063719
0.75, 0.0651779, 0.075, 0.925, 0.0613004
0.75, 0.0652145, 0.075, 0.925, 0.0647424
0.75, 0.064199, 0.075, 0.925, 0.0641824
0.75, 0.0641467, 0.075, 0.925, 0.0651673
0.75, 0.0639824, 0.075, 0.925, 0.0647065
0.75, 0.0668897, 0.075, 0.925, 0.0646321
0.75, 0.0665362, 0.075, 0.925, 0.0674574
0.75, 0.067935, 0.075, 0.925, 0.066171
0.75, 0.0652961, 0.075, 0.925, 0.0650021
0.75, 0.0614129, 0.075, 0.925, 0.0632041
0.75, 0.0610426, 0.075, 0.925, 0.0606287
0.75, 0.0656425, 0.075, 0.925, 0.0661058
0.75, 0.0676739, 0.08, 0.92, 0.0685969
0.75, 0.0668355, 0.08, 0.92, 0.0694564
0.75, 0.0713405, 0.08, 0.92, 0.0689729
0.75, 0.0737351, 0.08, 0.92, 0.0748057
0.75, 0.0745457, 0.08, 0.92, 0.0714782
0.75, 0.067763, 0.08, 0.92, 0.068333
0.75, 0.0686473, 0.08, 0.92, 0.0703657
0.75, 0.07116, 0.08, 0.92, 0.070755
0.75, 0.0681206, 0.08, 0.92, 0.0701257
0.75, 0.0711803, 0.08, 0.92, 0.0712495
0.75, 0.0727331, 0.08, 0.92, 0.0702726
0.75, 0.0715056, 0.08, 0.92, 0.0723351
0.75, 0.0680274, 0.08, 0.92, 0.0702697
0.75, 0.0764014, 0.08, 0.92, 0.0748896
0.75, 0.0681857, 0.08, 0.92, 0.0703499
0.75, 0.0765038, 0.08, 0.92, 0.0737051
0.75, 0.0715805, 0.08, 0.92, 0.0719572
0.75, 0.0724715, 0.08, 0.92, 0.0705249
0.75, 0.0680711, 0.08, 0.92, 0.0688789
0.75, 0.0698089, 0.08, 0.92, 0.0708877
0.75, 0.0687221, 0.08, 0.92, 0.0704014
0.75, 0.0683205, 0.08, 0.92, 0.06977
0.75, 0.0719931, 0.08, 0.92, 0.069532
0.75, 0.0754977, 0.08, 0.92, 0.0753548
0.75, 0.0680783, 0.08, 0.92, 0.0693873
0.75, 0.0807387, 0.085, 0.915, 0.0791508
0.75, 0.0743926, 0.085, 0.915, 0.0744216
0.75, 0.0744734, 0.085, 0.915, 0.0768327
0.75, 0.0767747, 0.085, 0.915, 0.0744995
0.75, 0.0745852, 0.085, 0.915, 0.0757306
0.75, 0.0760155, 0.085, 0.915, 0.0775977
0.75, 0.0737267, 0.085, 0.915, 0.0754388
0.75, 0.0756531, 0.085, 0.915, 0.0762002
0.75, 0.080395, 0.085, 0.915, 0.0771494
0.75, 0.0709876, 0.085, 0.915, 0.0728959
0.75, 0.0720226, 0.085, 0.915, 0.07365
0.75, 0.0728142, 0.085, 0.915, 0.0730009
0.75, 0.0757573, 0.085, 0.915, 0.0745285
0.75, 0.0741975, 0.085, 0.915, 0.0756129
0.75, 0.0816945, 0.085, 0.915, 0.0796978
0.75, 0.0792885, 0.085, 0.915, 0.0758994
0.75, 0.0739938, 0.085, 0.915, 0.0732368
0.75, 0.0736824, 0.085, 0.915, 0.0740482
0.75, 0.0754595, 0.085, 0.915, 0.0729206
0.75, 0.0721622, 0.085, 0.915, 0.0723567
0.75, 0.0757063, 0.085, 0.915, 0.075256
0.75, 0.0755461, 0.085, 0.915, 0.0752267
0.75, 0.0721663, 0.085, 0.915, 0.0736735
0.75, 0.0742856, 0.085, 0.915, 0.0753197
0.75, 0.0796758, 0.085, 0.915, 0.0767373
0.75, 0.0839513, 0.09, 0.91, 0.0804422
0.75, 0.082296, 0.09, 0.91, 0.0807283
0.75, 0.0836055, 0.09, 0.91, 0.0839939
0.75, 0.0784973, 0.09, 0.91, 0.0789289
0.75, 0.0857059, 0.09, 0.91, 0.0842375
0.75, 0.0779641, 0.09, 0.91, 0.0782379
0.75, 0.0773636, 0.09, 0.91, 0.0792294
0.75, 0.0802099, 0.09, 0.91, 0.0810941
0.75, 0.0841641, 0.09, 0.91, 0.0806356
0.75, 0.0810438, 0.09, 0.91, 0.0803853
0.75, 0.0810588, 0.09, 0.91, 0.078426
0.75, 0.0846763, 0.09, 0.91, 0.0813284
0.75, 0.0760055, 0.09, 0.91, 0.0775164
0.75, 0.08332, 0.09, 0.91, 0.0845539
0.75, 0.0809637, 0.09, 0.91, 0.0793385
0.75, 0.0807852, 0.09, 0.91, 0.0807494
0.75, 0.0776814, 0.09, 0.91, 0.0784707
0.75, 0.0808087, 0.09, 0.91, 0.083008
0.75, 0.075592, 0.09, 0.91, 0.0804186
0.75, 0.08325, 0.09, 0.91, 0.083057
0.75, 0.0816204, 0.09, 0.91, 0.0793143
0.75, 0.0791912, 0.09, 0.91, 0.0795222
0.75, 0.0763658, 0.09, 0.91, 0.0787178
0.75, 0.0849959, 0.09, 0.91, 0.0855945
0.75, 0.0807223, 0.09, 0.91, 0.0830143
0.75, 0.0836506, 0.095, 0.905, 0.0857638
0.75, 0.0869333, 0.095, 0.905, 0.0852734
0.75, 0.083032, 0.095, 0.905, 0.0828374
0.75, 0.0890126, 0.095, 0.905, 0.0856864
0.75, 0.0874862, 0.095, 0.905, 0.0861236
0.75, 0.0850114, 0.095, 0.905, 0.0857884
0.75, 0.0881802, 0.095, 0.905, 0.0837904
0.75, 0.0838808, 0.095, 0.905, 0.0852445
0.75, 0.0905799, 0.095, 0.905, 0.0858591
0.75, 0.0893673, 0.095, 0.905, 0.0880503
0.75, 0.0878638, 0.095, 0.905, 0.0884774
0.75, 0.0866366, 0.095, 0.905, 0.0873633
0.75, 0.0846364, 0.095, 0.905, 0.0858149
0.75, 0.0876861, 0.095, 0.905, 0.0838668
0.75, 0.0872245, 0.095, 0.905, 0.0849471
0.75, 0.0883898, 0.095, 0.905, 0.0874596
0.75, 0.0895569, 0.095, 0.905, 0.0876376
0.75, 0.0830408, 0.095, 0.905, 0.0834092
0.75, 0.0854323, 0.095, 0.905, 0.0829561
0.75, 0.0857234, 0.095, 0.905, 0.0839458
0.75, 0.0802693, 0.095, 0.905, 0.0810868
0.75, 0.0804209, 0.095, 0.905, 0.0816852
0.75, 0.0902894, 0.095, 0.905, 0.087252
0.75, 0.0943046, 0.095, 0.905, 0.0903313
0.75, 0.0881, 0.095, 0.905, 0.0880798
0.75, 0.0879435, 0.1, 0.9, 0.0881966
0.75, 0.0943358, 0.1, 0.9, 0.0925582
0.75, 0.0874436, 0.1, 0.9, 0.0904643
0.75, 0.0908368, 0.1, 0.9, 0.0902428
0.75, 0.0876239, 0.1, 0.9, 0.0868114
0.75, 0.095045, 0.1, 0.9, 0.0891632
0.75, 0.0951212, 0.1, 0.9, 0.0913048
0.75, 0.0873231, 0.1, 0.9, 0.0882258
0.75, 0.0931212, 0.1, 0.9, 0.090849
0.75, 0.0891455, 0.1, 0.9, 0.0923477
0.75, 0.0917887, 0.1, 0.9, 0.0898815
0.75, 0.092299, 0.1, 0.9, 0.093528
0.75, 0.0884645, 0.1, 0.9, 0.0890805
0.75, 0.0898245, 0.1, 0.9, 0.0912637
0.75, 0.0901747, 0.1, 0.9, 0.0905683
0.75, 0.083689, 0.1, 0.9, 0.0869945
0.75, 0.0952968, 0.1, 0.9, 0.0956816
0.75, 0.0894152, 0.1, 0.9, 0.0890717
0.75, 0.092578, 0.1, 0.9, 0.0913385
0.75, 0.0919045, 0.1, 0.9, 0.0923244
0.75, 0.0909213, 0.1, 0.9, 0.0952979
0.75, 0.0962169, 0.1, 0.9, 0.0940581
0.75, 0.0992975, 0.1, 0.9, 0.0976821
0.75, 0.0971887, 0.1, 0.9, 0.0893469
0.75, 0.0873599, 0.1, 0.9, 0.0882226
0.75, 0.0997543, 0.105, 0.895, 0.0944124
0.75, 0.101935, 0.105, 0.895, 0.0987312
0.75, 0.0960486, 0.105, 0.895, 0.0943624
0.75, 0.0993282, 0.105, 0.895, 0.0994584
0.75, 0.100322, 0.105, 0.895, 0.0959151
0.75, 0.0974538, 0.105, 0.895, 0.0972132
0.75, 0.0987516, 0.105, 0.895, 0.0970533
0.75, 0.0974814, 0.105, 0.895, 0.0943448
0.75, 0.0982663, 0.105, 0.895, 0.0936073
0.75, 0.0971264, 0.105, 0.895, 0.094698
0.75, 0.0949346, 0.105, 0.895, 0.0960911
0.75, 0.0988889, 0.105, 0.895, 0.0970831
0.75, 0.0921222, 0.105, 0.895, 0.0936272
0.75, 0.0960251, 0.105, 0.895, 0.0974947
0.75, 0.0979329, 0.105, 0.895, 0.0969276
0.75, 0.0974107, 0.105, 0.895, 0.0967991
0.75, 0.103032, 0.105, 0.895, 0.0997546
0.75, 0.101889, 0.105, 0.895, 0.0982059
0.75, 0.0960584, 0.105, 0.895, 0.0956584
0.75, 0.0929195, 0.105, 0.895, 0.0938458
0.75, 0.103018, 0.105, 0.895, 0.0986532
0.75, 0.0948975, 0.105, 0.895, 0.095029
0.75, 0.101728, 0.105, 0.895, 0.0975827
0.75, 0.0960456, 0.105, 0.895, 0.0977279
0.75, 0.0916247, 0.105, 0.895, 0.0924011
0.75, 0.0998199, 0.11, 0.89, 0.0997401
0.75, 0.104715, 0.11, 0.89, 0.103192
0.75, 0.10375, 0.11, 0.89, 0.101273
0.75, 0.103995, 0.11, 0.89, 0.104736
0.75, 0.0980199, 0.11, 0.89, 0.100245
0.75, 0.100368, 0.11, 0.89, 0.100753
0.75, 0.0975777, 0.11, 0.89, 0.0989839
0.75, 0.107249, 0.11, 0.89, 0.105788
0.75, 0.103407, 0.11, 0.89, 0.102897
0.75, 0.103647, 0.11, 0.89, 0.1013
0.75, 0.0985986, 0.11, 0.89, 0.0996694
0.75, 0.0973765, 0.11, 0.89, 0.0980167
0.75, 0.103505, 0.11, 0.89, 0.101553
0.75, 0.100643, 0.11, 0.89, 0.102563
0.75, 0.100467, 0.11, 0.89, 0.101525
0.75, 0.0946855, 0.11, 0.89, 0.0960355
0.75, 0.104876, 0.11, 0.89, 0.105056
0.75, 0.105126, 0.11, 0.89, 0.103482
0.75, 0.104733, 0.11, 0.89, 0.0996349
0.75, 0.095723, 0.11, 0.89, 0.0982862
0.75, 0.100162, 0.11, 0.89, 0.100284
0.75, 0.105868, 0.11, 0.89, 0.106296
0.75, 0.0984684, 0.11, 0.89, 0.0986976
0.75, 0.104387, 0.11, 0.89, 0.107226
0.75, 0.103838, 0.11, 0.89, 0.10136
0.75, 0.109756, 0.115, 0.885, 0.107994
0.75, 0.106271, 0.115, 0.885, 0.104814
0.75, 0.111867, 0.115, 0.885, 0.109527
0.75, 0.106965, 0.115, 0.885, 0.105301
0.75, 0.105431, 0.115, 0.885, 0.104817
0.75, 0.108192, 0.115, 0.885, 0.108001
0.75, 0.107565, 0.115, 0.885, 0.106362
0.75, 0.113108, 0.115, 0.885, 0.110181
0.75, 0.10806, 0.115, 0.885, 0.106675
0.75, 0.111092, 0.115, 0.885, 0.10808
0.75, 0.104791, 0.115, 0.885, 0.104763
0.75, 0.108781, 0.115, 0.885, 0.10744
0.75, 0.103061, 0.115, 0.885, 0.103575
0.75, 0.109943, 0.115, 0.885, 0.110539
0.75, 0.103435, 0.115, 0.885, 0.107391
0.75, 0.104425, 0.115, 0.885, 0.103203
0.75, 0.103043, 0.115, 0.885, 0.1072
0.75, 0.106019, 0.115, 0.885, 0.10698
0.75, 0.104974, 0.115, 0.885, 0.105477
0.75, 0.111399, 0.115, 0.885, 0.109271
0.75, 0.105429, 0.115, 0.885, 0.107041
0.75, 0.104255, 0.115, 0.885, 0.102864
0.75, 0.10547, 0.115, 0.885, 0.106692
0.75, 0.109637, 0.115, 0.885, 0.109766
0.75, 0.104991, 0.115, 0.885, 0.103702
0.75, 0.111382, 0.12, 0.88, 0.111185
0.75, 0.11452, 0.12, 0.88, 0.113421
0.75, 0.114914, 0.12, 0.88, 0.111675
0.75, 0.113101, 0.12, 0.88, 0.109386
0.75, 0.113949, 0.12, 0.88, 0.112455
0.75, 0.114228, 0.12, 0.88, 0.110598
0.75, 0.111285, 0.12, 0.88, 0.108633
0.75, 0.111992, 0.12, 0.88, 0.114166
0.75, 0.107508, 0.12, 0.88, 0.108456
0.75, 0.114321, 0.12, 0.88, 0.113252
0.75, 0.109962, 0.12, 0.88, 0.109807
0.75, 0.116977, 0.12, 0.88, 0.117778
0.75, 0.117703, 0.12, 0.88, 0.110513
0.75, 0.106022, 0.12, 0.88, 0.106028
0.75, 0.114338, 0.12, 0.88, 0.111439
0.75, 0.108646, 0.12, 0.88, 0.108867
0.75, 0.119182, 0.12, 0.88, 0.11671
0.75, 0.115748, 0.12, 0.88, 0.111977
0.75, 0.11504, 0.12, 0.88, 0.110734
0.75, 0.112193, 0.12, 0.88, 0.11239
0.75, 0.109303, 0.12, 0.88, 0.111099
0.75, 0.109815, 0.12, 0.88, 0.108669
0.75, 0.112458, 0.12, 0.88, 0.110019
0.75, 0.113368, 0.12, 0.88, 0.115758
0.75, 0.107358, 0.12, 0.88, 0.1105
0.75, 0.121129, 0.125, 0.875, 0.118038
0.75, 0.116394, 0.125, 0.875, 0.11441
0.75, 0.120702, 0.125, 0.875, 0.119281
0.75, 0.12134, 0.125, 0.875, 0.115204
0.75, 0.121553, 0.125, 0.875, 0.118139
0.75, 0.117606, 0.125, 0.875, 0.117382
0.75, 0.117688, 0.125, 0.875, 0.115799
0.75, 0.113971, 0.125, 0.875, 0.117002
0.75, 0.123019, 0.125, 0.875, 0.118363
0.75, 0.11274, 0.125, 0.875, 0.115013
0.75, 0.117535, 0.125, 0.875, 0.115556
0.75, 0.12038, 0.125, 0.875, 0.121698
0.75, 0.112767, 0.125, 0.875, 0.111597
0.75, 0.112071, 0.125, 0.875, 0.110165
0.75, 0.115415, 0.125, 0.875, 0.11527
0.75, 0.120735, 0.125, 0.875, 0.121679
0.75, 0.124124, 0.125, 0.875, 0.120692
0.75, 0.115154, 0.125, 0.875, 0.11477
0.75, 0.121876, 0.125, 0.875, 0.120741
0.75, 0.1136, 0.125, 0.875, 0.113683
0.75, 0.120113, 0.125, 0.875, 0.119264
0.75, 0.118982, 0.125, 0.875, 0.118684
0.75, 0.122559, 0.125, 0.875, 0.119875
0.75, 0.120526, 0.125, 0.875, 0.119185
0.75, 0.117824, 0.125, 0.875, 0.116043
0.75, 0.122274, 0.13, 0.87, 0.122119
0.75, 0.120968, 0.13, 0.87, 0.12023
0.75, 0.124478, 0.13, 0.87, 0.123773
0.75, 0.120655, 0.13, 0.87, 0.122844
0.75, 0.122535, 0.13, 0.87, 0.123364
0.75, 0.132638, 0.13, 0.87, 0.130745
0.75, 0.125195, 0.13, 0.87, 0.121739
0.75, 0.120196, 0.13, 0.87, 0.120067
0.75, 0.118722, 0.13, 0.87, 0.119798
0.75, 0.123268, 0.13, 0.87, 0.123032
0.75, 0.125705, 0.13, 0.87, 0.124385
0.75, 0.123521, 0.13, 0.87, 0.121954
0.75, 0.12083, 0.13, 0.87, 0.118806
0.75, 0.128772, 0.13, 0.87, 0.126306
0.75, 0.119406, 0.13, 0.87, 0.120166
0.75, 0.125987, 0.13, 0.87, 0.127097
0.75, 0.121692, 0.13, 0.87, 0.121616
0.75, 0.124966, 0.13, 0.87, 0.123989
0.75, 0.122712, 0.13, 0.87, 0.122954
0.75, 0.115267, 0.13, 0.87, 0.12028
0.75, 0.125033, 0.13, 0.87, 0.123323
0.75, 0.129011, 0.13, 0.87, 0.129788
0.75, 0.125145, 0.13, 0.87, 0.120958
0.75, 0.128488, 0.13, 0.87, 0.125083
0.75, 0.126799, 0.13, 0.87, 0.125231
0.75, 0.121263, 0.135, 0.865, 0.124572
0.75, 0.1355, 0.135, 0.865, 0.13189
0.75, 0.126402, 0.135, 0.865, 0.128356
0.75, 0.126994, 0.135, 0.865, 0.127057
0.75, 0.124323, 0.135, 0.865, 0.122469
0.75, 0.130042, 0.135, 0.865, 0.129477
0.75, 0.126374, 0.135, 0.865, 0.129269
0.75, 0.128425, 0.135, 0.865, 0.132463
0.75, 0.126429, 0.135, 0.865, 0.124952
0.75, 0.130745, 0.135, 0.865, 0.131168
0.75, 0.132233, 0.135, 0.865, 0.132974
0.75, 0.129936, 0.135, 0.865, 0.130444
0.75, 0.126576, 0.135, 0.865, 0.128317
0.75, 0.132809, 0.135, 0.865, 0.128761
0.75, 0.133749, 0.135, 0.865, 0.132486
0.75, 0.132252, 0.135, 0.865, 0.132539
0.75, 0.125983, 0.135, 0.865, 0.130084
0.75, 0.132408, 0.135, 0.865, 0.128443
0.75, 0.124863, 0.135, 0.865, 0.123995
0.75, 0.123976, 0.135, 0.865, 0.127557
0.75, 0.128593, 0.135, 0.865, 0.1269
0.75, 0.133926, 0.135, 0.865, 0.133145
0.75, 0.13235, 0.135, 0.865, 0.130016
0.75, 0.13436, 0.135, 0.865, 0.134337
0.75, 0.130918, 0.135, 0.865, 0.130929
0.75, 0.137983, 0.14, 0.86, 0.138391
0.75, 0.133042, 0.14, 0.86, 0.130321
0.75, 0.134345, 0.14, 0.86, 0.135076
0.75, 0.144067, 0.14, 0.86, 0.141528
0.75, 0.131728, 0.14, 0.86, 0.13527
0.75, 0.135625, 0.14, 0.86, 0.133057
0.75, 0.137322, 0.14, 0.86, 0.133203
0.75, 0.142, 0.14, 0.86, 0.139672
0.75, 0.136872, 0.14, 0.86, 0.133318
0.75, 0.137701, 0.14, 0.86, 0.13553
0.75, 0.142856, 0.14, 0.86, 0.138265
0.75, 0.136289, 0.14, 0.86, 0.136741
0.75, 0.134757, 0.14, 0.86, 0.131738
0.75, 0.138035, 0.14, 0.86, 0.136654
0.75, 0.146295, 0.14, 0.86, 0.140216
0.75, 0.146262, 0.14, 0.86, 0.146037
0.75, 0.134406, 0.14, 0.86, 0.135946
0.75, 0.126974, 0.14, 0.86, 0.129447
0.75, 0.140263, 0.14, 0.86, 0.135612
0.75, 0.134929, 0.14, 0.86, 0.13382
0.75, 0.140744, 0.14, 0.86, 0.140688
0.75, 0.137547, 0.14, 0.86, 0.1361
0.75, 0.138985, 0.14, 0.86, 0.137218
0.75, 0.139796, 0.14, 0.86, 0.137398
0.75, 0.131198, 0.14, 0.86, 0.133935
0.75, 0.137458, 0.145, 0.855, 0.13765
0.75, 0.132629, 0.145, 0.855, 0.1351
0.75, 0.143428, 0.145, 0.855, 0.145645
0.75, 0.142917, 0.145, 0.855, 0.14071
0.75, 0.150768, 0.145, 0.855, 0.144683
0.75, 0.142219, 0.145, 0.855, 0.144718
0.75, 0.140427, 0.145, 0.855, 0.138712
0.75, 0.145633, 0.145, 0.855, 0.142769
0.75, 0.141514, 0.145, 0.855, 0.142026
0.75, 0.133259, 0.145, 0.855, 0.13425
0.75, 0.142923, 0.145, 0.855, 0.140369
0.75, 0.131308, 0.145, 0.855, 0.133706
0.75, 0.142268, 0.145, 0.855, 0.14246
0.75, 0.142975, 0.145, 0.855, 0.13943
0.75, 0.138165, 0.145, 0.855, 0.139005
0.75, 0.144625, 0.145, 0.855, 0.144257
0.75, 0.13919, 0.145, 0.855, 0.140907
0.75, 0.141488, 0.145, 0.855, 0.143736
0.75, 0.145247, 0.145, 0.855, 0.140838
0.75, 0.139992, 0.145, 0.855, 0.136177
0.75, 0.141345, 0.145, 0.855, 0.141422
0.75, 0.132923, 0.145, 0.855, 0.135186
0.75, 0.141865, 0.145, 0.855, 0.142192
0.75, 0.14255, 0.145, 0.855, 0.146099
0.75, 0.141155, 0.145, 0.855, 0.139607
0.75, 0.147331, 0.15, 0.85, 0.146478
0.75, 0.142107, 0.15, 0.85, 0.14239
0.75, 0.145782, 0.15, 0.85, 0.149551
0.75, 0.151429, 0.15, 0.85, 0.1466
0.75, 0.14241, 0.15, 0.85, 0.142727
0.75, 0.148286, 0.15, 0.85, 0.145236
0.75, 0.147973, 0.15, 0.85, 0.146918
0.75, 0.149127, 0.15, 0.85, 0.149617
0.75, 0.15233, 0.15, 0.85, 0.152381
0.75, 0.146045, 0.15, 0.85, 0.147783
0.75, 0.138099, 0.15, 0.85, 0.141438
0.75, 0.145251, 0.15, 0.85, 0.144609
0.75, 0.146787, 0.15, 0.85, 0.149498
0.75, 0.1449, 0.15, 0.85, 0.145339
0.75, 0.144545, 0.15, 0.85, 0.144217
0.75, 0.148225, 0.15, 0.85, 0.144827
0.75, 0.150746, 0.15, 0.85, 0.148132
0.75, 0.150496, 0.15, 0.85, 0.147498
0.75, 0.145039, 0.15, 0.85, 0.143884
0.75, 0.14667, 0.15, 0.85, 0.146154
0.75, 0.147967, 0.15, 0.85, 0.143434
0.75, 0.135767, 0.15, 0.85, 0.137556
0.75, 0.147121, 0.15, 0.85, 0.14714
0.75, 0.14881, 0.15, 0.85, 0.148405
0.75, 0.143086, 0.15, 0.85, 0.144468
0.75, 0.146926, 0.155, 0.845, 0.148227
0.75, 0.155051, 0.155, 0.845, 0.154624
0.75, 0.148636, 0.155, 0.845, 0.149223
0.75, 0.151754, 0.155, 0.845, 0.154244
0.75, 0.153724, 0.155, 0.845, 0.155452
0.75, 0.146764, 0.155, 0.845, 0.152373
0.75, 0.157752, 0.155, 0.845, 0.158436
0.75, 0.148566, 0.155, 0.845, 0.150398
0.75, 0.152559, 0.155, 0.845, 0.151997
0.75, 0.162123, 0.155, 0.845, 0.155819
0.75, 0.161025, 0.155, 0.845, 0.156057
0.75, 0.160423, 0.155, 0.845, 0.154916
0.75, 0.141613, 0.155, 0.845, 0.143171
0.75, 0.150705, 0.155, 0.845, 0.151324
0.75, 0.147481, 0.155, 0.845, 0.146124
0.75, 0.154943, 0.155, 0.845, 0.152489
0.75, 0.153771, 0.155, 0.845, 0.151884
0.75, 0.156445, 0.155, 0.845, 0.152994
0.75, 0.15627, 0.155, 0.845, 0.156624
0.75, 0.153201, 0.155, 0.845, 0.151626
0.75, 0.155327, 0.155, 0.845, 0.153171
0.75, 0.142528, 0.155, 0.845, 0.147834
0.75, 0.152906, 0.155, 0.845, 0.150664
0.75, 0.148402, 0.155, 0.845, 0.153301
0.75, 0.158908, 0.155, 0.845, 0.154022
0.75, 0.157918, 0.16, 0.84, 0.160226
0.75, 0.147407, 0.16, 0.84, 0.149544
0.75, 0.153704, 0.16, 0.84, 0.157129
0.75, 0.15586, 0.16, 0.84, 0.157391
0.75, 0.160391, 0.16, 0.84, 0.15894
0.75, 0.165322, 0.16, 0.84, 0.162803
0.75, 0.163428, 0.16, 0.84, 0.163673
0.75, 0.157989, 0.16, 0.84, 0.15917
0.75, 0.160912, 0.16, 0.84, 0.163408
0.75, 0.165171, 0.16, 0.84, 0.164748
0.75, 0.152421, 0.16, 0.84, 0.152969
0.75, 0.166086, 0.16, 0.84, 0.162724
0.75, 0.149955, 0.16, 0.84, 0.152976
0.75, 0.159414, 0.16, 0.84, 0.157803
0.75, 0.150726, 0.16, 0.84, 0.155814
0.75, 0.160263, 0.16, 0.84, 0.16125
0.75, 0.156897, 0.16, 0.84, 0.15466
0.75, 0.152636, 0.16, 0.84, 0.157189
0.75, 0.156329, 0.16, 0.84, 0.158961
0.75, 0.158374, 0.16, 0.84, 0.160472
0.75, 0.158487, 0.16, 0.84, 0.15726
0.75, 0.15542, 0.16, 0.84, 0.157967
0.75, 0.157027, 0.16, 0.84, 0.156741
0.75, 0.156828, 0.16, 0.84, 0.155835
0.75, 0.159908, 0.16, 0.84, 0.161538
0.75, 0.165975, 0.165, 0.835, 0.167095
0.75, 0.166155, 0.165, 0.835, 0.169265
0.75, 0.163855, 0.165, 0.835, 0.170526
0.75, 0.15763, 0.165, 0.835, 0.16008
0.75, 0.157079, 0.165, 0.835, 0.159206
0.75, 0.165493, 0.165, 0.835, 0.162957
0.75, 0.165253, 0.165, 0.835, 0.164287
0.75, 0.166154, 0.165, 0.835, 0.166858
0.75, 0.16097, 0.165, 0.835, 0.162159
0.75, 0.163633, 0.165, 0.835, 0.16658
0.75, 0.161759, 0.165, 0.835, 0.161807
0.75, 0.162878, 0.165, 0.835, 0.16523
0.75, 0.165231, 0.165, 0.835, 0.164824
0.75, 0.167641, 0.165, 0.835, 0.165369
0.75, 0.164736, 0.165, 0.835, 0.161267
0.75, 0.166191, 0.165, 0.835, 0.162743
0.75, 0.168689, 0.165, 0.835, 0.166097
0.75, 0.170794, 0.165, 0.835, 0.169059
0.75, 0.160205, 0.165, 0.835, 0.159471
0.75, 0.168126, 0.165, 0.835, 0.165492
0.75, 0.165017, 0.165, 0.835, 0.165497
0.75, 0.167407, 0.165, 0.835, 0.16558
0.75, 0.165263, 0.165, 0.835, 0.162536
0.75, 0.167724, 0.165, 0.835, 0.164942
0.75, 0.162499, 0.165, 0.835, 0.164638
0.75, 0.174774, 0.17, 0.83, 0.170853
0.75, 0.173338, 0.17, 0.83, 0.176593
0.75, 0.168635, 0.17, 0.83, 0.168984
0.75, 0.166351, 0.17, 0.83, 0.166332
0.75, 0.171091, 0.17, 0.83, 0.171127
0.75, 0.168968, 0.17, 0.83, 0.173002
0.75, 0.164369, 0.17, 0.83, 0.168497
0.75, 0.16838, 0.17, 0.83, 0.17187
0.75, 0.175486, 0.17, 0.83, 0.175106
0.75, 0.169862, 0.17, 0.83, 0.166327
0.75, 0.171006, 0.17, 0.83, 0.170308
0.75, 0.17776, 0.17, 0.83, 0.177925
0.75, 0.1723, 0.17, 0.83, 0.16973
0.75, 0.171943, 0.17, 0.83, 0.170443
0.75, 0.179934, 0.17, 0.83, 0.175237
0.75, 0.17446, 0.17, 0.83, 0.172487
0.75, 0.167622, 0.17, 0.83, 0.168762
0.75, 0.172286, 0.17, 0.83, 0.177135
0.75, 0.16467, 0.17, 0.83, 0.16706
0.75, 0.173202, 0.17, 0.83, 0.170152
0.75, 0.164586, 0.17, 0.83, 0.166238
0.75, 0.169799, 0.17, 0.83, 0.169455
0.75, 0.165628, 0.17, 0.83, 0.170676
0.75, 0.163834, 0.17, 0.83, 0.166724
0.75, 0.16961, 0.17, 0.83, 0.166022
0.75, 0.17354, 0.175, 0.825, 0.171451
0.75, 0.184803, 0.175, 0.825, 0.185537
0.75, 0.170852, 0.175, 0.825, 0.174821
0.75, 0.180096, 0.175, 0.825, 0.180978
0.75, 0.178776, 0.175, 0.825, 0.180898
0.75, 0.172702, 0.175, 0.825, 0.169535
0.75, 0.174058, 0.175, 0.825, 0.178208
0.75, 0.169008, 0.175, 0.825, 0.173764
0.75, 0.172208, 0.175, 0.825, 0.172435
0.75, 0.172835, 0.175, 0.825, 0.171609
0.75, 0.174942, 0.175, 0.825, 0.173139
0.75, 0.181697, 0.175, 0.825, 0.176772
0.75, 0.177783, 0.175, 0.825, 0.177928
0.75, 0.172213, 0.175, 0.825, 0.172965
0.75, 0.17952, 0.175, 0.825, 0.181686
0.75, 0.182762, 0.175, 0.825, 0.179933
0.75, 0.172501, 0.175, 0.825, 0.172924
0.75, 0.177295, 0.175, 0.825, 0.176725
0.75, 0.169395, 0.175, 0.825, 0.170868
0.75, 0.175391, 0.175, 0.825, 0.176998
0.75, 0.173465, 0.175, 0.825, 0.173025
0.75, 0.17445, 0.175, 0.825, 0.177638
0.75, 0.185481, 0.175, 0.825, 0.182574
0.75, 0.177184, 0.175, 0.825, 0.180948
0.75, 0.178407, 0.175, 0.825, 0.178921
0.75, 0.174879, 0.18, 0.82, 0.182832
0.75, 0.18056, 0.18, 0.82, 0.185603
0.75, 0.180402, 0.18, 0.82, 0.18125
0.75, 0.187593, 0.18, 0.82, 0.184165
0.75, 0.182799, 0.18, 0.82, 0.185026
0.75, 0.175508, 0.18, 0.82, 0.178009
0.75, 0.186009, 0.18, 0.82, 0.182287
0.75, 0.176718, 0.18, 0.82, 0.178497
0.75, 0.186277, 0.18, 0.82, 0.187572
0.75, 0.193999, 0.18, 0.82, 0.188859
0.75, 0.17884, 0.18, 0.82, 0.181246
0.75, 0.184877, 0.18, 0.82, 0.184407
0.75, 0.183145, 0.18, 0.82, 0.183538
0.75, 0.179294, 0.18, 0.82, 0.177965
0.75, 0.185203, 0.18, 0.82, 0.182588
0.75, 0.186706, 0.18, 0.82, 0.185022
0.75, 0.189643, 0.18, 0.82, 0.189473
0.75, 0.183645, 0.18, 0.82, 0.188142
0.75, 0.180266, 0.18, 0.82, 0.181078
0.75, 0.191701, 0.18, 0.82, 0.189654
0.75, 0.177391, 0.18, 0.82, 0.179733
0.75, 0.184015, 0.18, 0.82, 0.181855
0.75, 0.179179, 0.18, 0.82, 0.1842
0.75, 0.182897, 0.18, 0.82, 0.180639
0.75, 0.17975, 0.18, 0.82, 0.182952
0.75, 0.192415, 0.185, 0.815, 0.191276
0.75, 0.191284, 0.185, 0.815, 0.189403
0.75, 0.197467, 0.185, 0.815, 0.194104
0.75, 0.1945, 0.185, 0.815, 0.195424
0.75, 0.188864, 0.185, 0.815, 0.188429
0.75, 0.187263, 0.185, 0.815, 0.185421
0.75, 0.192046, 0.185, 0.815, 0.191249
0.75, 0.196299, 0.185, 0.815, 0.194487
0.75, 0.19267, 0.185, 0.815, 0.186859
0.75, 0.179483, 0.185, 0.815, 0.181139
0.75, 0.190407, 0.185, 0.815, 0.188385
0.75, 0.193407, 0.185, 0.815, 0.189285
0.75, 0.194287, 0.185, 0.815, 0.191073
0.75, 0.190763, 0.185, 0.815, 0.190626
0.75, 0.188054, 0.185, 0.815, 0.188695
0.75, 0.188827, 0.185, 0.815, 0.186837
0.75, 0.192543, 0.185, 0.815, 0.195078
0.75, 0.188553, 0.185, 0.815, 0.188624
0.75, 0.183895, 0.185, 0.815, 0.189988
0.75, 0.187714, 0.185, 0.815, 0.188098
0.75, 0.190936, 0.185, 0.815, 0.188478
0.75, 0.186109, 0.185, 0.815, 0.193877
0.75, 0.182611, 0.185, 0.815, 0.189917
0.75, 0.184385, 0.185, 0.815, 0.180986
0.75, 0.190625, 0.185, 0.815, 0.190468
0.75, 0.1967, 0.19, 0.81, 0.197922
0.75, 0.191718, 0.19, 0.81, 0.194634
0.75, 0.197993, 0.19, 0.81, 0.19817
0.75, 0.19612, 0.19, 0.81, 0.196694
0.75, 0.189308, 0.19, 0.81, 0.191996
0.75, 0.193977, 0.19, 0.81, 0.197129
0.75, 0.201227, 0.19, 0.81, 0.197548
0.75, 0.200371, 0.19, 0.81, 0.20296
0.75, 0.201099, 0.19, 0.81, 0.196699
0.75, 0.194405, 0.19, 0.81, 0.197486
0.75, 0.191262, 0.19, 0.81, 0.193018
0.75, 0.186154, 0.19, 0.81, 0.188975
0.75, 0.197406, 0.19, 0.81, 0.199182
0.75, 0.193451, 0.19, 0.81, 0.194946
0.75, 0.194599, 0.19, 0.81, 0.198089
0.75, 0.196997, 0.19, 0.81, 0.199512
0.75, 0.194821, 0.19, 0.81, 0.190661
0.75, 0.193779, 0.19, 0.81, 0.192503
0.75, 0.191402, 0.19, 0.81, 0.195434
0.75, 0.201762, 0.19, 0.81, 0.200586
0.75, 0.195105, 0.19, 0.81, 0.197485
0.75, 0.191745, 0.19, 0.81, 0.195514
0.75, 0.19905, 0.19, 0.81, 0.196218
0.75, 0.192994, 0.19, 0.81, 0.191917
0.75, 0.19994, 0.19, 0.81, 0.19817
0.75, 0.192932, 0.195, 0.805, 0.196198
0.75, 0.206407, 0.195, 0.805, 0.208358
0.75, 0.202739, 0.195, 0.805, 0.205437
0.75, 0.203084, 0.195, 0.805, 0.205623
0.75, 0.202775, 0.195, 0.805, 0.206558
0.75, 0.205055, 0.195, 0.805, 0.20516
0.75, 0.196798, 0.195, 0.805, 0.203549
0.75, 0.205268, 0.195, 0.805, 0.202204
0.75, 0.199318, 0.195, 0.805, 0.202215
0.75, 0.19723, 0.195, 0.805, 0.200832
0.75, 0.202019, 0.195, 0.805, 0.203865
0.75, 0.200127, 0.195, 0.805, 0.203868
0.75, 0.200606, 0.195, 0.805, 0.20464
0.75, 0.204368, 0.195, 0.805, 0.206805
0.75, 0.204129, 0.195, 0.805, 0.200209
0.75, 0.200046, 0.195, 0.805, 0.203911
0.75, 0.206562, 0.195, 0.805, 0.201039
0.75, 0.202468, 0.195, 0.805, 0.206483
0.75, 0.201761, 0.195, 0.805, 0.206688
0.75, 0.199291, 0.195, 0.805, 0.201526
0.75, 0.199751, 0.195, 0.805, 0.200909
0.75, 0.212089, 0.195, 0.805, 0.206478
0.75, 0.206416, 0.195, 0.805, 0.205177
0.75, 0.199623, 0.195, 0.805, 0.201398
0.75, 0.211191, 0.195, 0.805, 0.202823
0.75, 0.213665, 0.2, 0.8, 0.211277
0.75, 0.206737, 0.2, 0.8, 0.208752
0.75, 0.204608, 0.2, 0.8, 0.20903
0.75, 0.21177, 0.2, 0.8, 0.209304
0.75, 0.208507, 0.2, 0.8, 0.207247
0.75, 0.208777, 0.2, 0.8, 0.207938
0.75, 0.209974, 0.2, 0.8, 0.212331
0.75, 0.205713, 0.2, 0.8, 0.204374
0.75, 0.204661, 0.2, 0.8, 0.203944
0.75, 0.208013, 0.2, 0.8, 0.210523
0.75, 0.209217, 0.2, 0.8, 0.211133
0.75, 0.214252, 0.2, 0.8, 0.21663
0.75, 0.207462, 0.2, 0.8, 0.208205
0.75, 0.205948, 0.2, 0.8, 0.204923
0.75, 0.205864, 0.2, 0.8, 0.211575
0.75, 0.212081, 0.2, 0.8, 0.214163
0.75, 0.205531, 0.2, 0.8, 0.21057
0.75, 0.213106, 0.2, 0.8, 0.211041
0.75, 0.20108, 0.2, 0.8, 0.202076
0.75, 0.215992, 0.2, 0.8, 0.212826
0.75, 0.2056, 0.2, 0.8, 0.205484
0.75, 0.207642, 0.2, 0.8, 0.205891
0.75, 0.208254, 0.2, 0.8, 0.208101
0.75, 0.208474, 0.2, 0.8, 0.21242
0.75, 0.214602, 0.2, 0.8, 0.212143
0.75, 0.2235, 0.205, 0.795, 0.215007
0.75, 0.216989, 0.205, 0.795, 0.216505
0.75, 0.21694, 0.205, 0.795, 0.215909
0.75, 0.212845, 0.205, 0.795, 0.21494
0.75, 0.222925, 0.205, 0.795, 0.22093
0.75, 0.214799, 0.205, 0.795, 0.216767
0.75, 0.214882, 0.205, 0.795, 0.218905
0.75, 0.219339, 0.205, 0.795, 0.216287
0.75, 0.21341, 0.205, 0.795, 0.217021
0.75, 0.223235, 0.205, 0.795, 0.221343
0.75, 0.203189, 0.205, 0.795, 0.207448
0.75, 0.222695, 0.205, 0.795, 0.219914
0.75, 0.215614, 0.205, 0.795, 0.213456
0.75, 0.205307, 0.205, 0.795, 0.209762
0.75, 0.218877, 0.205, 0.795, 0.216869
0.75, 0.223431, 0.205, 0.795, 0.219485
0.75, 0.215505, 0.205, 0.795, 0.215282
0.75, 0.215918, 0.205, 0.795, 0.217852
0.75, 0.222036, 0.205, 0.795, 0.220628
0.75, 0.214825, 0.205, 0.795, 0.213501
0.75, 0.215704, 0.205, 0.795, 0.214995
0.75, 0.210303, 0.205, 0.795, 0.211566
0.75, 0.207463, 0.205, 0.795, 0.209052
0.75, 0.21227, 0.205, 0.795, 0.215644
0.75, 0.215399, 0.205, 0.795, 0.214015
0.75, 0.220139, 0.21, 0.79, 0.219188
0.75, 0.22076, 0.21, 0.79, 0.221032
0.75, 0.211752, 0.21, 0.79, 0.215666
0.75, 0.214285, 0.21, 0.79, 0.216955
0.75, 0.224339, 0.21, 0.79, 0.224598
0.75, 0.226884, 0.21, 0.79, 0.225557
0.75, 0.224394, 0.21, 0.79, 0.223835
0.75, 0.218829, 0.21, 0.79, 0.220962
0.75, 0.224365, 0.21, 0.79, 0.223274
0.75, 0.227529, 0.21, 0.79, 0.226155
0.75, 0.21134, 0.21, 0.79, 0.213696
0.75, 0.219646, 0.21, 0.79, 0.219958
0.75, 0.205159, 0.21, 0.79, 0.215545
0.75, 0.22168, 0.21, 0.79, 0.223068
0.75, 0.221062, 0.21, 0.79, 0.22166
0.75, 0.212943, 0.21, 0.79, 0.220719
0.75, 0.213239, 0.21, 0.79, 0.217246
0.75, 0.213824, 0.21, 0.79, 0.215289
0.75, 0.228542, 0.21, 0.79, 0.223748
0.75, 0.228749, 0.21, 0.79, 0.226886
0.75, 0.21625, 0.21, 0.79, 0.221712
0.75, 0.218274, 0.21, 0.79, 0.216593
0.75, 0.221577, 0.21, 0.79, 0.225221
0.75, 0.222999, 0.21, 0.79, 0.223813
0.75, 0.224618, 0.21, 0.79, 0.226086
0.75, 0.219841, 0.215, 0.785, 0.229297
0.75, 0.228805, 0.215, 0.785, 0.225801
0.75, 0.219609, 0.215, 0.785, 0.225808
0.75, 0.229301, 0.215, 0.785, 0.22711
0.75, 0.231301, 0.215, 0.785, 0.227785
0.75, 0.226521, 0.215, 0.785, 0.225086
0.75, 0.222832, 0.215, 0.785, 0.223477
0.75, 0.224198, 0.215, 0.785, 0.229061
0.75, 0.233694, 0.215, 0.785, 0.236268
0.75, 0.231996, 0.215, 0.785, 0.228664
0.75, 0.219058, 0.215, 0.785, 0.222789
0.75, 0.232962, 0.215, 0.785, 0.234177
0.75, 0.216894, 0.215, 0.785, 0.222026
0.75, 0.219825, 0.215, 0.785, 0.224678
0.75, 0.229391, 0.215, 0.785, 0.232797
0.75, 0.224069, 0.215, 0.785, 0.229124
0.75, 0.215344, 0.215, 0.785, 0.220747
0.75, 0.235031, 0.215, 0.785, 0.230833
0.75, 0.224711, 0.215, 0.785, 0.223096
0.75, 0.234908, 0.215, 0.785, 0.230815
0.75, 0.220103, 0.215, 0.785, 0.21831
0.75, 0.230166, 0.215, 0.785, 0.226097
0.75, 0.225785, 0.215, 0.785, 0.227235
0.75, 0.228569, 0.215, 0.785, 0.227699
0.75, 0.225394, 0.215, 0.785, 0.224931
0.75, 0.236428, 0.22, 0.78, 0.240547
0.75, 0.237615, 0.22, 0.78, 0.235622
0.75, 0.228911, 0.22, 0.78, 0.231476
0.75, 0.234474, 0.22, 0.78, 0.232286
0.75, 0.234344, 0.22, 0.78, 0.232111
0.75, 0.231822, 0.22, 0.78, 0.234655
0.75, 0.235291, 0.22, 0.78, 0.233473
0.75, 0.233596, 0.22, 0.78, 0.237702
0.75, 0.237672, 0.22, 0.78, 0.24206
0.75, 0.227744, 0.22, 0.78, 0.227657
0.75, 0.236696, 0.22, 0.78, 0.233945
0.75, 0.229881, 0.22, 0.78, 0.232691
0.75, 0.24542, 0.22, 0.78, 0.242015
0.75, 0.243529, 0.22, 0.78, 0.244989
0.75, 0.245514, 0.22, 0.78, 0.24444
0.75, 0.239869, 0.22, 0.78, 0.237208
0.75, 0.232295, 0.22, 0.78, 0.238078
0.75, 0.239229, 0.22, 0.78, 0.235231
0.75, 0.232222, 0.22, 0.78, 0.234122
0.75, 0.235654, 0.22, 0.78, 0.23416
0.75, 0.233914, 0.22, 0.78, 0.234677
0.75, 0.235114, 0.22, 0.78, 0.2343
0.75, 0.23695, 0.22, 0.78, 0.23387
0.75, 0.229547, 0.22, 0.78, 0.230829
0.75, 0.228514, 0.22, 0.78, 0.231055
0.75, 0.248913, 0.225, 0.775, 0.248533
0.75, 0.240194, 0.225, 0.775, 0.246469
0.75, 0.240602, 0.225, 0.775, 0.244086
0.75, 0.251434, 0.225, 0.775, 0.249683
0.75, 0.23431, 0.225, 0.775, 0.237479
0.75, 0.245706, 0.225, 0.775, 0.245894
0.75, 0.246447, 0.225, 0.775, 0.243092
0.75, 0.239899, 0.225, 0.775, 0.244103
0.75, 0.245594, 0.225, 0.775, 0.242584
0.75, 0.238558, 0.225, 0.775, 0.240907
0.75, 0.239451, 0.225, 0.775, 0.242621
0.75, 0.243838, 0.225, 0.775, 0.242288
0.75, 0.243069, 0.225, 0.775, 0.245507
0.75, 0.240769, 0.225, 0.775, 0.241645
0.75, 0.238342, 0.225, 0.775, 0.240443
0.75, 0.237116, 0.225, 0.775, 0.238556
0.75, 0.242218, 0.225, 0.775, 0.249955
0.75, 0.237836, 0.225, 0.775, 0.238192
0.75, 0.235547, 0.225, 0.775, 0.239634
0.75, 0.23915, 0.225, 0.775, 0.244216
0.75, 0.251952, 0.225, 0.775, 0.245185
0.75, 0.241292, 0.225, 0.775, 0.244321
0.75, 0.249467, 0.225, 0.775, 0.248403
0.75, 0.243949, 0.225, 0.775, 0.246141
0.75, 0.240289, 0.225, 0.775, 0.239683
0.75, 0.249083, 0.23, 0.77, 0.251023
0.75, 0.239027, 0.23, 0.77, 0.245279
0.75, 0.240545, 0.23, 0.77, 0.248212
0.75, 0.243348, 0.23, 0.77, 0.241223
0.75, 0.24701, 0.23, 0.77, 0.250756
0.75, 0.249139, 0.23, 0.77, 0.252199
0.75, 0.246813, 0.23, 0.77, 0.249213
0.75, 0.242495, 0.23, 0.77, 0.2503
0.75, 0.245327, 0.23, 0.77, 0.24904
0.75, 0.248809, 0.23, 0.77, 0.250705
0.75, 0.249149, 0.23, 0.77, 0.249956
0.75, 0.238755, 0.23, 0.77, 0.24383
0.75, 0.242698, 0.23, 0.77, 0.243148
0.75, 0.25533, 0.23, 0.77, 0.256469
0.75, 0.243109, 0.23, 0.77, 0.247251
0.75, 0.254909, 0.23, 0.77, 0.25238
0.75, 0.246449, 0.23, 0.77, 0.248032
0.75, 0.24234, 0.23, 0.77, 0.242016
0.75, 0.242439, 0.23, 0.77, 0.245607
0.75, 0.25414, 0.23, 0.77, 0.254216
0.75, 0.246386, 0.23, 0.77, 0.247007
0.75, 0.245567, 0.23, 0.77, 0.2492
0.75, 0.253594, 0.23, 0.77, 0.252548
0.75, 0.24926, 0.23, 0.77, 0.251267
0.75, 0.251912, 0.23, 0.77, 0.24994
0.75, 0.264478, 0.235, 0.765, 0.262597
0.75, 0.252991, 0.235, 0.765, 0.258094
0.75, 0.25842, 0.235, 0.765, 0.257906
0.75, 0.24965, 0.235, 0.765, 0.260621
0.75, 0.25216, 0.235, 0.765, 0.25354
0.75, 0.262285, 0.235, 0.765, 0.259293
0.75, 0.2607, 0.235, 0.765, 0.263652
0.75, 0.258267, 0.235, 0.765, 0.263913
0.75, 0.256781, 0.235, 0.765, 0.257209
0.75, 0.253246, 0.235, 0.765, 0.254199
0.75, 0.252425, 0.235, 0.765, 0.254108
0.75, 0.257407, 0.235, 0.765, 0.258454
0.75, 0.255324, 0.235, 0.765, 0.25527
0.75, 0.256597, 0.235, 0.765, 0.256767
0.75, 0.251106, 0.235, 0.765, 0.25342
0.75, 0.249745, 0.235, 0.765, 0.253523
0.75, 0.251806, 0.235, 0.765, 0.254831
0.75, 0.2632, 0.235, 0.765, 0.258876
0.75, 0.266185, 0.235, 0.765, 0.264182
0.75, 0.253844, 0.235, 0.765, 0.255108
0.75, 0.256911, 0.235, 0.765, 0.25872
0.75, 0.257157, 0.235, 0.765, 0.252989
0.75, 0.254181, 0.235, 0.765, 0.25909
0.75, 0.247775, 0.235, 0.765, 0.25006
0.75, 0.250999, 0.235, 0.765, 0.255107
0.75, 0.265595, 0.24, 0.76, 0.263735
0.75, 0.258654, 0.24, 0.76, 0.261196
0.75, 0.255796, 0.24, 0.76, 0.259221
0.75, 0.26046, 0.24, 0.76, 0.262922
0.75, 0.247245, 0.24, 0.76, 0.254181
0.75, 0.268679, 0.24, 0.76, 0.268654
0.75, 0.266987, 0.24, 0.76, 0.261416
0.75, 0.26577, 0.24, 0.76, 0.264176
0.75, 0.258051, 0.24, 0.76, 0.255985
0.75, 0.261411, 0.24, 0.76, 0.263889
0.75, 0.266161, 0.24, 0.76, 0.266448
0.75, 0.263766, 0.24, 0.76, 0.266498
0.75, 0.253126, 0.24, 0.76, 0.25623
0.75, 0.26553, 0.24, 0.76, 0.267055
0.75, 0.264141, 0.24, 0.76, 0.266768
0.75, 0.258244, 0.24, 0.76, 0.25758
0.75, 0.248385, 0.24, 0.76, 0.254654
0.75, 0.258496, 0.24, 0.76, 0.259893
0.75, 0.264813, 0.24, 0.76, 0.266783
0.75, 0.264364, 0.24, 0.76, 0.263597
0.75, 0.265925, 0.24, 0.76, 0.264333
0.75, 0.262158, 0.24, 0.76, 0.261988
0.75, 0.264628, 0.24, 0.76, 0.263929
0.75, 0.258301, 0.24, 0.76, 0.258373
0.75, 0.267922, 0.24, 0.76, 0.265876
0.75, 0.264749, 0.245, 0.755, 0.271443
0.75, 0.271603, 0.245, 0.755, 0.270116
0.75, 0.270632, 0.245, 0.755, 0.269453
0.75, 0.269797, 0.245, 0.755, 0.267794
0.75, 0.264721, 0.245, 0.755, 0.271929
0.75, 0.270705, 0.245, 0.755, 0.276593
0.75, 0.271389, 0.245, 0.755, 0.272
0.75, 0.256987, 0.245, 0.755, 0.259797
0.75, 0.271644, 0.245, 0.755, 0.269779
0.75, 0.274886, 0.245, 0.755, 0.273782
0.75, 0.269449, 0.245, 0.755, 0.269651
0.75, 0.267671, 0.245, 0.755, 0.269463
0.75, 0.266867, 0.245, 0.755, 0.266562
0.75, 0.26134, 0.245, 0.755, 0.265233
0.75, 0.254318, 0.245, 0.755, 0.262838
0.75, 0.271895, 0.245, 0.755, 0.270399
0.75, 0.266325, 0.245, 0.755, 0.270123
0.75, 0.263889, 0.245, 0.755, 0.268552
0.75, 0.264287, 0.245, 0.755, 0.265487
0.75, 0.266935, 0.245, 0.755, 0.270029
0.75, 0.270702, 0.245, 0.755, 0.272491
0.75, 0.273806, 0.245, 0.755, 0.277425
0.75, 0.266426, 0.245, 0.755, 0.270745
0.75, 0.272099, 0.245, 0.755, 0.273228
0.75, 0.268436, 0.245, 0.755, 0.273106
0.75, 0.285041, 0.25, 0.75, 0.285855
0.75, 0.2855, 0.25, 0.75, 0.280972
0.75, 0.281319, 0.25, 0.75, 0.278908
0.75, 0.273477, 0.25, 0.75, 0.274202
0.75, 0.268398, 0.25, 0.75, 0.26801
0.75, 0.266955, 0.25, 0.75, 0.270002
0.75, 0.270071, 0.25, 0.75, 0.278034
0.75, 0.283604, 0.25, 0.75, 0.278956
0.75, 0.271023, 0.25, 0.75, 0.272552
0.75, 0.270291, 0.25, 0.75, 0.278127
0.75, 0.271861, 0.25, 0.75, 0.279607
0.75, 0.277311, 0.25, 0.75, 0.284829
0.75, 0.27176, 0.25, 0.75, 0.272382
0.75, 0.276729, 0.25, 0.75, 0.277781
0.75, 0.272228, 0.25, 0.75, 0.272148
0.75, 0.285223, 0.25, 0.75, 0.281759
0.75, 0.272233, 0.25, 0.75, 0.272451
0.75, 0.2704, 0.25, 0.75, 0.277629
0.75, 0.27268, 0.25, 0.75, 0.270865
0.75, 0.271755, 0.25, 0.75, 0.276753
0.75, 0.27554, 0.25, 0.75, 0.275584
0.75, 0.26624, 0.25, 0.75, 0.271961
0.75, 0.28269, 0.25, 0.75, 0.284448
0.75, 0.278247, 0.25, 0.75, 0.280216
0.75, 0.274952, 0.25, 0.75, 0.273519
0.75, 0.287012, 0.255, 0.745, 0.279405
0.75, 0.287581, 0.255, 0.745, 0.292792
0.75, 0.279959, 0.255, 0.745, 0.286136
0.75, 0.280318, 0.255, 0.745, 0.286012
0.75, 0.287369, 0.255, 0.745, 0.286311
0.75, 0.296162, 0.255, 0.745, 0.295044
0.75, 0.277985, 0.255, 0.745, 0.281151
0.75, 0.269606, 0.255, 0.745, 0.275693
0.75, 0.291201, 0.255, 0.745, 0.288808
0.75, 0.279976, 0.255, 0.745, 0.277944
0.75, 0.28363, 0.255, 0.745, 0.277541
0.75, 0.284072, 0.255, 0.745, 0.286278
0.75, 0.285463, 0.255, 0.745, 0.284042
0.75, 0.286865, 0.255, 0.745, 0.289229
0.75, 0.273696, 0.255, 0.745, 0.282261
0.75, 0.292593, 0.255, 0.745, 0.292689
0.75, 0.282885, 0.255, 0.745, 0.281485
0.75, 0.283865, 0.255, 0.745, 0.289864
0.75, 0.282428, 0.255, 0.745, 0.285793
0.75, 0.283565, 0.255, 0.745, 0.286475
0.75, 0.282759, 0.255, 0.745, 0.28299
0.75, 0.28109, 0.255, 0.745, 0.282211
0.75, 0.287228, 0.255, 0.745, 0.2851
0.75, 0.282722, 0.255, 0.745, 0.286389
0.75, 0.281017, 0.255, 0.745, 0.284086
0.75, 0.295863, 0.26, 0.74, 0.297411
0.75, 0.284715, 0.26, 0.74, 0.290216
0.75, 0.293778, 0.26, 0.74, 0.29515
0.75, 0.293313, 0.26, 0.74, 0.293696
0.75, 0.291602, 0.26, 0.74, 0.294056
0.75, 0.298005, 0.26, 0.74, 0.304489
0.75, 0.28558, 0.26, 0.74, 0.291767
0.75, 0.283484, 0.26, 0.74, 0.289208
0.75, 0.299914, 0.26, 0.74, 0.298098
0.75, 0.281149, 0.26, 0.74, 0.28243
0.75, 0.297559, 0.26, 0.74, 0.293412
0.75, 0.281283, 0.26, 0.74, 0.28044
0.75, 0.290686, 0.26, 0.74, 0.294766
0.75, 0.294754, 0.26, 0.74, 0.294401
0.75, 0.285165, 0.26, 0.74, 0.289555
0.75, 0.297356, 0.26, 0.74, 0.299127
0.75, 0.287058, 0.26, 0.74, 0.287213
0.75, 0.300886, 0.26, 0.74, 0.30086
0.75, 0.288729, 0.26, 0.74, 0.289914
0.75, 0.299008, 0.26, 0.74, 0.30114
0.75, 0.280082, 0.26, 0.74, 0.287957
0.75, 0.293356, 0.26, 0.74, 0.291611
0.75, 0.291493, 0.26, 0.74, 0.293174
0.75, 0.293991, 0.26, 0.74, 0.289573
0.75, 0.281898, 0.26, 0.74, 0.287945
0.75, 0.297314, 0.265, 0.735, 0.296867
0.75, 0.304741, 0.265, 0.735, 0.309137
0.75, 0.297179, 0.265, 0.735, 0.303275
0.75, 0.305391, 0.265, 0.735, 0.304755
0.75, 0.309995, 0.265, 0.735, 0.311598
0.75, 0.302601, 0.265, 0.735, 0.301339
0.75, 0.302154, 0.265, 0.735, 0.296274
0.75, 0.297899, 0.265, 0.735, 0.298139
0.75, 0.300785, 0.265, 0.735, 0.302341
0.75, 0.292609, 0.265, 0.735, 0.294485
0.75, 0.300164, 0.265, 0.735, 0.303086
0.75, 0.289638, 0.265, 0.735, 0.29301
0.75, 0.299426, 0.265, 0.735, 0.300036
0.75, 0.298973, 0.265, 0.735, 0.300968
0.75, 0.307372, 0.265, 0.735, 0.302071
0.75, 0.293219, 0.265, 0.735, 0.295656
0.75, 0.307051, 0.265, 0.735, 0.306623
0.75, 0.300567, 0.265, 0.735, 0.299671
0.75, 0.294957, 0.265, 0.735, 0.300506
0.75, 0.291859, 0.265, 0.735, 0.29717
0.75, 0.28331, 0.265, 0.735, 0.292581
0.75, 0.300776, 0.265, 0.735, 0.305528
0.75, 0.297799, 0.265, 0.735, 0.299422
0.75, 0.293757, 0.265, 0.735, 0.294899
0.75, 0.298182, 0.265, 0.735, 0.302618
0.75, 0.293858, 0.27, 0.73, 0.298961
0.75, 0.299469, 0.27, 0.73, 0.307038
0.75, 0.313326, 0.27, 0.73, 0.313504
0.75, 0.311303, 0.27, 0.73, 0.30915
0.75, 0.308304, 0.27, 0.73, 0.310404
0.75, 0.295343, 0.27, 0.73, 0.30262
0.75, 0.306052, 0.27, 0.73, 0.306876
0.75, 0.303821, 0.27, 0.73, 0.306338
0.75, 0.306525, 0.27, 0.73, 0.310397
0.75, 0.30081, 0.27, 0.73, 0.303497
0.75, 0.314532, 0.27, 0.73, 0.311164
0.75, 0.304975, 0.27, 0.73, 0.310609
0.75, 0.309267, 0.27, 0.73, 0.309586
0.75, 0.29487, 0.27, 0.73, 0.298206
0.75, 0.315695, 0.27, 0.73, 0.305099
0.75, 0.311658, 0.27, 0.73, 0.313183
0.75, 0.316321, 0.27, 0.73, 0.311747
0.75, 0.310739, 0.27, 0.73, 0.314186
0.75, 0.312732, 0.27, 0.73, 0.313173
0.75, 0.30505, 0.27, 0.73, 0.305308
0.75, 0.309329, 0.27, 0.73, 0.307353
0.75, 0.294611, 0.27, 0.73, 0.299064
0.75, 0.312934, 0.27, 0.73, 0.311144
0.75, 0.306299, 0.27, 0.73, 0.312005
0.75, 0.307353, 0.27, 0.73, 0.301574
0.75, 0.310852, 0.275, 0.725, 0.309126
0.75, 0.314113, 0.275, 0.725, 0.314878
0.75, 0.315602, 0.275, 0.725, 0.316254
0.75, 0.319021, 0.275, 0.725, 0.319754
0.75, 0.303989, 0.275, 0.725, 0.310942
0.75, 0.304407, 0.275, 0.725, 0.309394
0.75, 0.326257, 0.275, 0.725, 0.32181
0.75, 0.314013, 0.275, 0.725, 0.31192
0.75, 0.311753, 0.275, 0.725, 0.317245
0.75, 0.310887, 0.275, 0.725, 0.317837
0.75, 0.312557, 0.275, 0.725, 0.316884
0.75, 0.319904, 0.275, 0.725, 0.318655
0.75, 0.308812, 0.275, 0.725, 0.308501
0.75, 0.311639, 0.275, 0.725, 0.313324
0.75, 0.305365, 0.275, 0.725, 0.313378
0.75, 0.31644, 0.275, 0.725, 0.315835
0.75, 0.312387, 0.275, 0.725, 0.306658
0.75, 0.308011, 0.275, 0.725, 0.313082
0.75, 0.303573, 0.275, 0.725, 0.311171
0.75, 0.309411, 0.275, 0.725, 0.309312
0.75, 0.307754, 0.275, 0.725, 0.314534
0.75, 0.309507, 0.275, 0.725, 0.3111
0.75, 0.31041, 0.275, 0.725, 0.314368
0.75, 0.315275, 0.275, 0.725, 0.312449
0.75, 0.318195, 0.275, 0.725, 0.316818
0.75, 0.325, 0.28, 0.72, 0.327027
0.75, 0.322548, 0.28, 0.72, 0.32358
0.75, 0.331379, 0.28, 0.72, 0.327932
0.75, 0.314675, 0.28, 0.72, 0.321809
0.75, 0.32794, 0.28, 0.72, 0.326258
0.75, 0.331044, 0.28, 0.72, 0.331441
0.75, 0.324255, 0.28, 0.72, 0.323116
0.75, 0.323471, 0.28, 0.72, 0.32368
0.75, 0.320089, 0.28, 0.72, 0.320803
0.75, 0.327182, 0.28, 0.72, 0.329241
0.75, 0.3195, 0.28, 0.72, 0.322333
0.75, 0.31928, 0.28, 0.72, 0.321754
0.75, 0.313859, 0.28, 0.72, 0.313051
0.75, 0.324088, 0.28, 0.72, 0.325099
0.75, 0.323834, 0.28, 0.72, 0.322373
0.75, 0.328417, 0.28, 0.72, 0.337803
0.75, 0.323843, 0.28, 0.72, 0.32446
0.75, 0.317692, 0.28, 0.72, 0.318151
0.75, 0.319048, 0.28, 0.72, 0.322843
0.75, 0.321876, 0.28, 0.72, 0.325709
0.75, 0.323785, 0.28, 0.72, 0.31928
0.75, 0.307659, 0.28, 0.72, 0.316473
0.75, 0.313336, 0.28, 0.72, 0.31873
0.75, 0.311385, 0.28, 0.72, 0.314757
0.75, 0.321775, 0.28, 0.72, 0.324373
0.75, 0.322575, 0.285, 0.715, 0.322911
0.75, 0.321097, 0.285, 0.715, 0.328196
0.75, 0.33281, 0.285, 0.715, 0.333732
0.75, 0.336394, 0.285, 0.715, 0.336311
0.75, 0.331968, 0.285, 0.715, 0.334939
0.75, 0.325511, 0.285, 0.715, 0.328147
0.75, 0.321247, 0.285, 0.715, 0.32922
0.75, 0.313267, 0.285, 0.715, 0.319887
0.75, 0.329161, 0.285, 0.715, 0.334939
0.75, 0.329619, 0.285, 0.715, 0.332347
0.75, 0.332054, 0.285, 0.715, 0.334558
0.75, 0.325691, 0.285, 0.715, 0.329435
0.75, 0.319819, 0.285, 0.715, 0.317239
0.75, 0.335714, 0.285, 0.715, 0.335606
0.75, 0.319877, 0.285, 0.715, 0.321854
0.75, 0.327269, 0.285, 0.715, 0.330007
0.75, 0.325896, 0.285, 0.715, 0.323648
0.75, 0.335921, 0.285, 0.715, 0.336284
0.75, 0.333917, 0.285, 0.715, 0.327836
0.75, 0.329492, 0.285, 0.715, 0.331334
0.75, 0.321675, 0.285, 0.715, 0.329768
0.75, 0.328365, 0.285, 0.715, 0.33155
0.75, 0.324849, 0.285, 0.715, 0.331102
0.75, 0.321769, 0.285, 0.715, 0.327737
0.75, 0.326121, 0.285, 0.715, 0.329301
0.75, 0.343264, 0.29, 0.71, 0.341811
0.75, 0.336734, 0.29, 0.71, 0.334306
0.75, 0.342274, 0.29, 0.71, 0.338563
0.75, 0.325615, 0.29, 0.71, 0.333333
0.75, 0.325879, 0.29, 0.71, 0.332195
0.75, 0.335674, 0.29, 0.71, 0.340039
0.75, 0.33889, 0.29, 0.71, 0.340759
0.75, 0.344217, 0.29, 0.71, 0.343492
0.75, 0.333462, 0.29, 0.71, 0.336594
0.75, 0.343117, 0.29, 0.71, 0.340555
0.75, 0.327096, 0.29, 0.71, 0.32775
0.75, 0.341995, 0.29, 0.71, 0.339562
0.75, 0.344075, 0.29, 0.71, 0.341413
0.75, 0.334442, 0.29, 0.71, 0.327742
0.75, 0.338679, 0.29, 0.71, 0.337248
0.75, 0.331927, 0.29, 0.71, 0.337696
0.75, 0.328475, 0.29, 0.71, 0.33701
0.75, 0.345789, 0.29, 0.71, 0.340179
0.75, 0.336609, 0.29, 0.71, 0.336626
0.75, 0.340171, 0.29, 0.71, 0.340343
0.75, 0.32292, 0.29, 0.71, 0.328794
0.75, 0.334272, 0.29, 0.71, 0.33289
0.75, 0.325775, 0.29, 0.71, 0.33561
0.75, 0.329406, 0.29, 0.71, 0.330331
0.75, 0.327094, 0.29, 0.71, 0.331915
0.75, 0.329975, 0.295, 0.705, 0.332372
0.75, 0.343043, 0.295, 0.705, 0.338026
0.75, 0.335798, 0.295, 0.705, 0.341181
0.75, 0.34208, 0.295, 0.705, 0.345015
0.75, 0.341646, 0.295, 0.705, 0.348937
0.75, 0.346437, 0.295, 0.705, 0.348225
0.75, 0.339172, 0.295, 0.705, 0.341685
0.75, 0.335949, 0.295, 0.705, 0.342982
0.75, 0.342727, 0.295, 0.705, 0.343715
0.75, 0.333857, 0.295, 0.705, 0.33289
0.75, 0.347201, 0.295, 0.705, 0.350161
0.75, 0.333433, 0.295, 0.705, 0.33566
0.75, 0.346981, 0.295, 0.705, 0.351253
0.75, 0.355232, 0.295, 0.705, 0.355648
0.75, 0.335143, 0.295, 0.705, 0.33759
0.75, 0.340548, 0.295, 0.705, 0.336376
0.75, 0.349317, 0.295, 0.705, 0.347673
0.75, 0.343888, 0.295, 0.705, 0.345847
0.75, 0.332509, 0.295, 0.705, 0.337213
0.75, 0.353739, 0.295, 0.705, 0.35155
0.75, 0.337886, 0.295, 0.705, 0.344574
0.75, 0.337341, 0.295, 0.705, 0.344935
0.75, 0.337588, 0.295, 0.705, 0.342583
0.75, 0.34622, 0.295, 0.705, 0.342006
0.75, 0.33851, 0.295, 0.705, 0.343723
0.75, 0.352254, 0.3, 0.7, 0.357225
0.75, 0.353805, 0.3, 0.7, 0.355395
0.75, 0.344287, 0.3, 0.7, 0.348424
0.75, 0.342072, 0.3, 0.7, 0.343602
0.75, 0.352446, 0.3, 0.7, 0.355112
0.75, 0.343033, 0.3, 0.7, 0.351902
0.75, 0.34404, 0.3, 0.7, 0.348134
0.75, 0.353321, 0.3, 0.7, 0.352791
0.75, 0.34886, 0.3, 0.7, 0.357179
0.75, 0.350289, 0.3, 0.7, 0.351577
0.75, 0.359203, 0.3, 0.7, 0.358889
0.75, 0.355417, 0.3, 0.7, 0.356701
0.75, 0.341977, 0.3, 0.7, 0.34763
0.75, 0.356846, 0.3, 0.7, 0.354917
0.75, 0.343634, 0.3, 0.7, 0.348925
0.75, 0.348737, 0.3, 0.7, 0.355329
0.75, 0.341635, 0.3, 0.7, 0.343013
0.75, 0.343474, 0.3, 0.7, 0.351261
0.75, 0.355236, 0.3, 0.7, 0.356628
0.75, 0.34458, 0.3, 0.7, 0.347502
0.75, 0.352886, 0.3, 0.7, 0.353254
0.75, 0.357217, 0.3, 0.7, 0.356209
0.75, 0.358059, 0.3, 0.7, 0.357811
0.75, 0.349036, 0.3, 0.7, 0.346596
0.75, 0.356337, 0.3, 0.7, 0.358782
0.75, 0.358519, 0.305, 0.695, 0.363427
0.75, 0.362006, 0.305, 0.695, 0.358956
0.75, 0.347458, 0.305, 0.695, 0.349803
0.75, 0.374851, 0.305, 0.695, 0.376765
0.75, 0.359722, 0.305, 0.695, 0.354952
0.75, 0.351789, 0.305, 0.695, 0.359662
0.75, 0.364546, 0.305, 0.695, 0.368287
0.75, 0.362536, 0.305, 0.695, 0.357206
0.75, 0.358625, 0.305, 0.695, 0.364874
0.75, 0.36181, 0.305, 0.695, 0.358192
0.75, 0.369337, 0.305, 0.695, 0.368018
0.75, 0.365128, 0.305, 0.695, 0.365874
0.75, 0.360195, 0.305, 0.695, 0.362828
0.75, 0.358653, 0.305, 0.695, 0.363141
0.75, 0.363421, 0.305, 0.695, 0.359596
0.75, 0.345962, 0.305, 0.695, 0.356266
0.75, 0.356676, 0.305, 0.695, 0.364303
0.75, 0.359347, 0.305, 0.695, 0.358656
0.75, 0.353343, 0.305, 0.695, 0.356078
0.75, 0.356509, 0.305, 0.695, 0.3594
0.75, 0.361603, 0.305, 0.695, 0.360743
0.75, 0.374298, 0.305, 0.695, 0.36986
0.75, 0.358705, 0.305, 0.695, 0.363584
0.75, 0.355491, 0.305, 0.695, 0.357719
0.75, 0.353367, 0.305, 0.695, 0.355637
0.75, 0.371355, 0.31, 0.69, 0.376419
0.75, 0.376683, 0.31, 0.69, 0.379528
0.75, 0.37097, 0.31, 0.69, 0.370505
0.75, 0.374783, 0.31, 0.69, 0.374952
0.75, 0.373789, 0.31, 0.69, 0.374363
0.75, 0.36152, 0.31, 0.69, 0.357979
0.75, 0.359023, 0.31, 0.69, 0.363636
0.75, 0.370331, 0.31, 0.69, 0.368691
0.75, 0.37405, 0.31, 0.69, 0.372708
0.75, 0.371504, 0.31, 0.69, 0.377672
0.75, 0.368499, 0.31, 0.69, 0.368512
0.75, 0.371001, 0.31, 0.69, 0.36911
0.75, 0.367344, 0.31, 0.69, 0.370392
0.75, 0.36539, 0.31, 0.69, 0.370942
0.75, 0.373068, 0.31, 0.69, 0.377176
0.75, 0.363676, 0.31, 0.69, 0.367389
0.75, 0.376059, 0.31, 0.69, 0.374625
0.75, 0.367981, 0.31, 0.69, 0.37196
0.75, 0.366463, 0.31, 0.69, 0.370349
0.75, 0.361298, 0.31, 0.69, 0.368921
0.75, 0.355807, 0.31, 0.69, 0.363176
0.75, 0.366707, 0.31, 0.69, 0.370509
0.75, 0.370351, 0.31, 0.69, 0.36911
0.75, 0.365196, 0.31, 0.69, 0.368458
0.75, 0.364865, 0.31, 0.69, 0.36648
0.75, 0.381238, 0.315, 0.685, 0.377592
0.75, 0.369483, 0.315, 0.685, 0.373412
0.75, 0.393452, 0.315, 0.685, 0.395906
0.75, 0.376832, 0.315, 0.685, 0.37979
0.75, 0.373009, 0.315, 0.685, 0.373556
0.75, 0.376991, 0.315, 0.685, 0.377232
0.75, 0.385002, 0.315, 0.685, 0.384357
0.75, 0.3752, 0.315, 0.685, 0.371708
0.75, 0.385041, 0.315, 0.685, 0.384358
0.75, 0.371073, 0.315, 0.685, 0.376038
0.75, 0.370422, 0.315, 0.685, 0.374301
0.75, 0.370737, 0.315, 0.685, 0.373619
0.75, 0.378545, 0.315, 0.685, 0.371302
0.75, 0.366826, 0.315, 0.685, 0.367288
0.75, 0.362841, 0.315, 0.685, 0.367472
0.75, 0.379001, 0.315, 0.685, 0.381138
0.75, 0.373199, 0.315, 0.685, 0.376526
0.75, 0.369709, 0.315, 0.685, 0.373387
0.75, 0.377299, 0.315, 0.685, 0.382866
0.75, 0.362908, 0.315, 0.685, 0.375708
0.75, 0.375966, 0.315, 0.685, 0.378727
0.75, 0.382621, 0.315, 0.685, 0.386308
0.75, 0.371773, 0.315, 0.685, 0.37927
0.75, 0.383762, 0.315, 0.685, 0.383428
0.75, 0.387736, 0.315, 0.685, 0.387889
0.75, 0.373691, 0.32, 0.68, 0.378303
0.75, 0.395281, 0.32, 0.68, 0.392591
0.75, 0.380044, 0.32, 0.68, 0.386189
0.75, 0.390516, 0.32, 0.68, 0.387368
0.75, 0.374687, 0.32, 0.68, 0.375765
0.75, 0.382612, 0.32, 0.68, 0.385451
0.75, 0.384599, 0.32, 0.68, 0.388235
0.75, 0.389867, 0.32, 0.68, 0.385448
0.75, 0.374063, 0.32, 0.68, 0.379474
0.75, 0.393059, 0.32, 0.68, 0.393659
0.75, 0.379964, 0.32, 0.68, 0.380486
0.75, 0.400822, 0.32, 0.68, 0.399121
0.75, 0.385365, 0.32, 0.68, 0.386475
0.75, 0.387838, 0.32, 0.68, 0.385411
0.75, 0.372386, 0.32, 0.68, 0.379209
0.75, 0.391995, 0.32, 0.68, 0.388134
0.75, 0.394188, 0.32, 0.68, 0.394606
0.75, 0.379873, 0.32, 0.68, 0.387737
0.75, 0.374274, 0.32, 0.68, 0.38252
0.75, 0.378107, 0.32, 0.68, 0.380498
0.75, 0.399732, 0.32, 0.68, 0.392051
0.75, 0.393633, 0.32, 0.68, 0.39809
0.75, 0.39065, 0.32, 0.68, 0.38637
0.75, 0.38482, 0.32, 0.68, 0.386984
0.75, 0.39126, 0.32, 0.68, 0.386868
0.75, 0.388522, 0.325, 0.675, 0.387626
0.75, 0.404746, 0.325, 0.675, 0.403566
0.75, 0.400914, 0.325, 0.675, 0.400792
0.75, 0.384842, 0.325, 0.675, 0.385773
0.75, 0.394555, 0.325, 0.675, 0.397503
0.75, 0.39989, 0.325, 0.675, 0.401352
0.75, 0.396288, 0.325, 0.675, 0.400039
0.75, 0.390616, 0.325, 0.675, 0.392425
0.75, 0.396792, 0.325, 0.675, 0.397145
0.75, 0.388319, 0.325, 0.675, 0.39091
0.75, 0.392648, 0.325, 0.675, 0.398277
0.75, 0.388027, 0.325, 0.675, 0.388339
0.75, 0.37962, 0.325, 0.675, 0.381408
0.75, 0.394455, 0.325, 0.675, 0.39245
0.75, 0.384489, 0.325, 0.675, 0.388054
0.75, 0.390299, 0.325, 0.675, 0.396372
0.75, 0.393411, 0.325, 0.675, 0.391389
0.75, 0.391872, 0.325, 0.675, 0.394052
0.75, 0.389686, 0.325, 0.675, 0.395782
0.75, 0.391994, 0.325, 0.675, 0.394869
0.75, 0.393562, 0.325, 0.675, 0.397317
0.75, 0.398847, 0.325, 0.675, 0.395679
0.75, 0.38557, 0.325, 0.675, 0.391948
0.75, 0.395604, 0.325, 0.675, 0.395273
0.75, 0.383562, 0.325, 0.675, 0.391282
0.75, 0.385254, 0.33, 0.67, 0.392605
0.75, 0.408181, 0.33, 0.67, 0.406645
0.75, 0.407924, 0.33, 0.67, 0.406327
0.75, 0.400359, 0.33, 0.67, 0.403059
0.75, 0.402006, 0.33, 0.67, 0.39906
0.75, 0.394594, 0.33, 0.67, 0.401042
0.75, 0.401381, 0.33, 0.67, 0.408043
0.75, 0.409791, 0.33, 0.67, 0.410465
0.75, 0.41165, 0.33, 0.67, 0.407342
0.75, 0.404122, 0.33, 0.67, 0.407115
0.75, 0.403791, 0.33, 0.67, 0.40452
0.75, 0.409595, 0.33, 0.67, 0.409405
0.75, 0.406746, 0.33, 0.67, 0.410711
0.75, 0.389682, 0.33, 0.67, 0.392437
0.75, 0.402525, 0.33, 0.67, 0.405319
0.75, 0.407168, 0.33, 0.67, 0.406968
0.75, 0.401439, 0.33, 0.67, 0.408035
0.75, 0.411759, 0.33, 0.67, 0.405391
0.75, 0.42398, 0.33, 0.67, 0.417507
0.75, 0.410459, 0.33, 0.67, 0.409001
0.75, 0.414603, 0.33, 0.67, 0.411955
0.75, 0.410507, 0.33, 0.67, 0.410893
0.75, 0.408258, 0.33, 0.67, 0.409267
0.75, 0.406371, 0.33, 0.67, 0.40727
0.75, 0.409134, 0.33, 0.67, 0.407855
0.75, 0.407513, 0.335, 0.665, 0.413671
0.75, 0.407907, 0.335, 0.665, 0.412298
0.75, 0.408856, 0.335, 0.665, 0.40813
0.75, 0.414757, 0.335, 0.665, 0.416445
0.75, 0.412636, 0.335, 0.665, 0.415131
0.75, 0.408851, 0.335, 0.665, 0.411111
0.75, 0.406874, 0.335, 0.665, 0.4056
0.75, 0.406876, 0.335, 0.665, 0.414027
0.75, 0.414354, 0.335, 0.665, 0.416053
0.75, 0.412163, 0.335, 0.665, 0.413424
0.75, 0.413507, 0.335, 0.665, 0.41482
0.75, 0.405016, 0.335, 0.665, 0.412686
0.75, 0.416883, 0.335, 0.665, 0.418535
0.75, 0.408211, 0.335, 0.665, 0.416513
0.75, 0.419085, 0.335, 0.665, 0.428363
0.75, 0.415254, 0.335, 0.665, 0.412207
0.75, 0.413782, 0.335, 0.665, 0.421111
0.75, 0.426765, 0.335, 0.665, 0.421919
0.75, 0.400726, 0.335, 0.665, 0.401575
0.75, 0.414232, 0.335, 0.665, 0.414284
0.75, 0.42136, 0.335, 0.665, 0.422276
0.75, 0.409616, 0.335, 0.665, 0.413445
0.75, 0.426131, 0.335, 0.665, 0.427373
0.75, 0.427238, 0.335, 0.665, 0.429169
0.75, 0.402984, 0.335, 0.665, 0.416455
0.75, 0.404369, 0.34, 0.66, 0.416298
0.75, 0.423901, 0.34, 0.66, 0.424756
0.75, 0.423243, 0.34, 0.66, 0.424541
0.75, 0.425097, 0.34, 0.66, 0.420495
0.75, 0.41594, 0.34, 0.66, 0.420093
0.75, 0.421103, 0.34, 0.66, 0.420278
0.75, 0.430481, 0.34, 0.66, 0.432737
0.75, 0.414665, 0.34, 0.66, 0.41993
0.75, 0.40637, 0.34, 0.66, 0.41395
0.75, 0.415693, 0.34, 0.66, 0.420204
0.75, 0.425069, 0.34, 0.66, 0.431202
0.75, 0.418613, 0.34, 0.66, 0.419501
0.75, 0.421955, 0.34, 0.66, 0.42285
0.75, 0.440901, 0.34, 0.66, 0.435537
0.75, 0.41914, 0.34, 0.66, 0.419143
0.75, 0.415773, 0.34, 0.66, 0.41445
0.75, 0.419572, 0.34, 0.66, 0.425123
0.75, 0.422854, 0.34, 0.66, 0.426364
0.75, 0.420269, 0.34, 0.66, 0.422482
0.75, 0.423757, 0.34, 0.66, 0.425342
0.75, 0.416973, 0.34, 0.66, 0.419471
0.75, 0.427458, 0.34, 0.66, 0.427598
0.75, 0.421018, 0.34, 0.66, 0.421148
0.75, 0.417126, 0.34, 0.66, 0.42068
0.75, 0.421951, 0.34, 0.66, 0.426619
0.75, 0.421514, 0.345, 0.655, 0.428581
0.75, 0.434176, 0.345, 0.655, 0.434291
0.75, 0.427807, 0.345, 0.655, 0.43288
0.75, 0.421858, 0.345, 0.655, 0.423253
0.75, 0.434462, 0.345, 0.655, 0.440469
0.75, 0.430818, 0.345, 0.655, 0.432251
0.75, 0.435561, 0.345, 0.655, 0.438976
0.75, 0.426591, 0.345, 0.655, 0.436932
0.75, 0.434045, 0.345, 0.655, 0.428161
0.75, 0.433348, 0.345, 0.655, 0.433259
0.75, 0.445017, 0.345, 0.655, 0.442394
0.75, 0.441986, 0.345, 0.655, 0.436206
0.75, 0.440365, 0.345, 0.655, 0.434319
0.75, 0.423618, 0.345, 0.655, 0.423814
0.75, 0.419456, 0.345, 0.655, 0.421116
0.75, 0.448367, 0.345, 0.655, 0.441764
0.75, 0.428802, 0.345, 0.655, 0.434302
0.75, 0.434084, 0.345, 0.655, 0.433928
0.75, 0.437169, 0.345, 0.655, 0.434699
0.75, 0.429256, 0.345, 0.655, 0.422121
0.75, 0.437399, 0.345, 0.655, 0.433419
0.75, 0.431208, 0.345, 0.655, 0.431874
0.75, 0.433087, 0.345, 0.655, 0.432204
0.75, 0.416791, 0.345, 0.655, 0.425397
0.75, 0.431603, 0.345, 0.655, 0.429002
0.75, 0.435765, 0.35, 0.65, 0.43592
0.75, 0.440775, 0.35, 0.65, 0.442277
0.75, 0.42448, 0.35, 0.65, 0.431019
0.75, 0.456942, 0.35, 0.65, 0.455676
0.75, 0.449893, 0.35, 0.65, 0.443712
0.75, 0.436918, 0.35, 0.65, 0.435673
0.75, 0.439729, 0.35, 0.65, 0.439393
0.75, 0.44658, 0.35, 0.65, 0.446114
0.75, 0.441687, 0.35, 0.65, 0.442548
0.75, 0.452072, 0.35, 0.65, 0.445491
0.75, 0.442498, 0.35, 0.65, 0.44229
0.75, 0.454016, 0.35, 0.65, 0.45803
0.75, 0.441631, 0.35, 0.65, 0.438591
0.75, 0.458448, 0.35, 0.65, 0.45816
0.75, 0.423121, 0.35, 0.65, 0.430916
0.75, 0.44139, 0.35, 0.65, 0.441912
0.75, 0.435809, 0.35, 0.65, 0.438115
0.75, 0.436043, 0.35, 0.65, 0.433369
0.75, 0.448767, 0.35, 0.65, 0.448578
0.75, 0.440553, 0.35, 0.65, 0.444495
0.75, 0.441266, 0.35, 0.65, 0.441222
0.75, 0.443418, 0.35, 0.65, 0.441058
0.75, 0.429929, 0.35, 0.65, 0.428846
0.75, 0.434037, 0.35, 0.65, 0.439813
0.75, 0.432441, 0.35, 0.65, 0.437286
0.75, 0.453723, 0.355, 0.645, 0.453686
0.75, 0.442596, 0.355, 0.645, 0.447823
0.75, 0.447921, 0.355, 0.645, 0.445042
0.75, 0.435533, 0.355, 0.645, 0.440963
0.75, 0.438632, 0.355, 0.645, 0.449709
0.75, 0.460846, 0.355, 0.645, 0.45698
0.75, 0.455418, 0.355, 0.645, 0.45534
0.75, 0.441358, 0.355, 0.645, 0.443953
0.75, 0.46242, 0.355, 0.645, 0.460639
0.75, 0.461967, 0.355, 0.645, 0.455065
0.75, 0.450719, 0.355, 0.645, 0.449665
0.75, 0.456641, 0.355, 0.645, 0.457238
0.75, 0.452241, 0.355, 0.645, 0.450757
0.75, 0.46623, 0.355, 0.645, 0.458302
0.75, 0.454695, 0.355, 0.645, 0.45622
0.75, 0.455101, 0.355, 0.645, 0.451785
0.75, 0.443707, 0.355, 0.645, 0.452535
0.75, 0.445771, 0.355, 0.645, 0.447276
0.75, 0.458648, 0.355, 0.645, 0.461692
0.75, 0.440291, 0.355, 0.645, 0.444828
0.75, 0.444182, 0.355, 0.645, 0.448449
0.75, 0.452074, 0.355, 0.645, 0.450895
0.75, 0.443185, 0.355, 0.645, 0.445451
0.75, 0.45832, 0.355, 0.645, 0.455552
0.75, 0.457034, 0.355, 0.645, 0.456426
0.75, 0.462678, 0.36, 0.64, 0.466618
0.75, 0.465283, 0.36, 0.64, 0.466837
0.75, 0.461227, 0.36, 0.64, 0.459467
0.75, 0.450722, 0.36, 0.64, 0.455807
0.75, 0.471096, 0.36, 0.64, 0.468788
0.75, 0.457495, 0.36, 0.64, 0.455559
0.75, 0.467117, 0.36, 0.64, 0.462223
0.75, 0.454136, 0.36, 0.64, 0.459712
0.75, 0.456601, 0.36, 0.64, 0.461301
0.75, 0.464923, 0.36, 0.64, 0.468748
0.75, 0.457695, 0.36, 0.64, 0.460311
0.75, 0.459327, 0.36, 0.64, 0.45758
0.75, 0.464505, 0.36, 0.64, 0.464264
0.75, 0.467015, 0.36, 0.64, 0.465432
0.75, 0.455799, 0.36, 0.64, 0.459155
0.75, 0.460333, 0.36, 0.64, 0.458701
0.75, 0.472174, 0.36, 0.64, 0.47154
0.75, 0.456589, 0.36, 0.64, 0.451709
0.75, 0.45939, 0.36, 0.64, 0.463492
0.75, 0.440248, 0.36, 0.64, 0.441449
0.75, 0.458912, 0.36, 0.64, 0.458045
0.75, 0.464346, 0.36, 0.64, 0.467456
0.75, 0.455937, 0.36, 0.64, 0.453153
0.75, 0.455061, 0.36, 0.64, 0.45377
0.75, 0.440349, 0.36, 0.64, 0.44058
0.75, 0.472295, 0.365, 0.635, 0.472459
0.75, 0.465842, 0.365, 0.635, 0.46887
0.75, 0.454764, 0.365, 0.635, 0.458509
0.75, 0.476507, 0.365, 0.635, 0.473853
0.75, 0.463416, 0.365, 0.635, 0.462943
0.75, 0.473691, 0.365, 0.635, 0.4666
0.75, 0.476115, 0.365, 0.635, 0.469037
0.75, 0.461387, 0.365, 0.635, 0.466286
0.75, 0.463837, 0.365, 0.635, 0.461809
0.75, 0.466741, 0.365, 0.635, 0.47304
0.75, 0.473009, 0.365, 0.635, 0.469866
0.75, 0.456396, 0.365, 0.635, 0.461785
0.75, 0.481505, 0.365, 0.635, 0.481163
0.75, 0.451845, 0.365, 0.635, 0.456355
0.75, 0.472615, 0.365, 0.635, 0.471919
0.75, 0.472254, 0.365, 0.635, 0.466694
0.75, 0.468263, 0.365, 0.635, 0.465159
0.75, 0.46446, 0.365, 0.635, 0.473429
0.75, 0.468439, 0.365, 0.635, 0.466707
0.75, 0.47156, 0.365, 0.635, 0.467124
0.75, 0.471967, 0.365, 0.635, 0.47678
0.75, 0.481008, 0.365, 0.635, 0.481156
0.75, 0.479314, 0.365, 0.635, 0.478249
0.75, 0.469368, 0.365, 0.635, 0.476142
0.75, 0.475143, 0.365, 0.635, 0.475565
0.75, 0.490438, 0.37, 0.63, 0.479853
0.75, 0.484292, 0.37, 0.63, 0.480481
0.75, 0.481966, 0.37, 0.63, 0.478726
0.75, 0.491125, 0.37, 0.63, 0.485443
0.75, 0.474276, 0.37, 0.63, 0.486421
0.75, 0.473714, 0.37, 0.63, 0.477022
0.75, 0.467274, 0.37, 0.63, 0.468391
0.75, 0.483025, 0.37, 0.63, 0.485515
0.75, 0.483706, 0.37, 0.63, 0.483383
0.75, 0.487211, 0.37, 0.63, 0.481466
0.75, 0.471067, 0.37, 0.63, 0.46915
0.75, 0.478258, 0.37, 0.63, 0.474388
0.75, 0.48567, 0.37, 0.63, 0.484144
0.75, 0.478457, 0.37, 0.63, 0.477192
0.75, 0.472952, 0.37, 0.63, 0.471736
0.75, 0.479074, 0.37, 0.63, 0.483351
0.75, 0.498758, 0.37, 0.63, 0.491617
0.75, 0.491247, 0.37, 0.63, 0.491418
0.75, 0.481871, 0.37, 0.63, 0.48057
0.75, 0.473405, 0.37, 0.63, 0.473269
0.75, 0.476934, 0.37, 0.63, 0.477074
0.75, 0.495577, 0.37, 0.63, 0.48989
0.75, 0.483369, 0.37, 0.63, 0.4777
0.75, 0.481119, 0.37, 0.63, 0.477159
0.75, 0.481955, 0.37, 0.63, 0.477498
0.75, 0.487491, 0.375, 0.625, 0.485672
0.75, 0.484353, 0.375, 0.625, 0.489023
0.75, 0.491086, 0.375, 0.625, 0.489001
0.75, 0.492873, 0.375, 0.625, 0.496571
0.75, 0.476378, 0.375, 0.625, 0.474907
0.75, 0.494254, 0.375, 0.625, 0.490024
0.75, 0.485518, 0.375, 0.625, 0.483158
0.75, 0.488603, 0.375, 0.625, 0.489287
0.75, 0.491114, 0.375, 0.625, 0.490566
0.75, 0.470506, 0.375, 0.625, 0.476871
0.75, 0.49469, 0.375, 0.625, 0.491199
0.75, 0.48292, 0.375, 0.625, 0.481589
0.75, 0.497728, 0.375, 0.625, 0.493656
0.75, 0.492475, 0.375, 0.625, 0.49108
0.75, 0.492648, 0.375, 0.625, 0.492172
0.75, 0.497165, 0.375, 0.625, 0.492589
0.75, 0.4951, 0.375, 0.625, 0.494053
0.75, 0.483497, 0.375, 0.625, 0.482576
0.75, 0.491902, 0.375, 0.625, 0.49258
0.75, 0.499935, 0.375, 0.625, 0.500275
0.75, 0.49858, 0.375, 0.625, 0.498183
0.75, 0.505008, 0.375, 0.625, 0.50072
0.75, 0.499354, 0.375, 0.625, 0.489494
0.75, 0.500981, 0.375, 0.625, 0.499897
0.75, 0.500781, 0.375, 0.625, 0.495764
0.75, 0.502056, 0.38, 0.62, 0.498113
0.75, 0.490491, 0.38, 0.62, 0.495751
0.75, 0.49715, 0.38, 0.62, 0.503243
0.75, 0.502872, 0.38, 0.62, 0.501443
0.75, 0.520059, 0.38, 0.62, 0.512268
0.75, 0.508359, 0.38, 0.62, 0.506864
0.75, 0.509638, 0.38, 0.62, 0.506376
0.75, 0.502147, 0.38, 0.62, 0.494738
0.75, 0.495093, 0.38, 0.62, 0.502061
0.75, 0.50409, 0.38, 0.62, 0.5
0.75, 0.510286, 0.38, 0.62, 0.508312
0.75, 0.507602, 0.38, 0.62, 0.504772
0.75, 0.504242, 0.38, 0.62, 0.501878
0.75, 0.509397, 0.38, 0.62, 0.501562
0.75, 0.499973, 0.38, 0.62, 0.501879
0.75, 0.49735, 0.38, 0.62, 0.492972
0.75, 0.49219, 0.38, 0.62, 0.498281
0.75, 0.506006, 0.38, 0.62, 0.504281
0.75, 0.495232, 0.38, 0.62, 0.49742
0.75, 0.495062, 0.38, 0.62, 0.493654
0.75, 0.513074, 0.38, 0.62, 0.510958
0.75, 0.510012, 0.38, 0.62, 0.511416
0.75, 0.508685, 0.38, 0.62, 0.499241
0.75, 0.504038, 0.38, 0.62, 0.50073
0.75, 0.508261, 0.38, 0.62, 0.508745
0.75, 0.530899, 0.385, 0.615, 0.520777
0.75, 0.518319, 0.385, 0.615, 0.515895
0.75, 0.525759, 0.385, 0.615, 0.521928
0.75, 0.508278, 0.385, 0.615, 0.506161
0.75, 0.519716, 0.385, 0.615, 0.512652
0.75, 0.514371, 0.385, 0.615, 0.50923
0.75, 0.523577, 0.385, 0.615, 0.520472
0.75, 0.529483, 0.385, 0.615, 0.523166
0.75, 0.517444, 0.385, 0.615, 0.516855
0.75, 0.507901, 0.385, 0.615, 0.505083
0.75, 0.515897, 0.385, 0.615, 0.506146
0.75, 0.52188, 0.385, 0.615, 0.5169
0.75, 0.526864, 0.385, 0.615, 0.51476
0.75, 0.533113, 0.385, 0.615, 0.528405
0.75, 0.515283, 0.385, 0.615, 0.507061
0.75, 0.496642, 0.385, 0.615, 0.494265
0.75, 0.526509, 0.385, 0.615, 0.524159
0.75, 0.508564, 0.385, 0.615, 0.506631
0.75, 0.523144, 0.385, 0.615, 0.519505
0.75, 0.507484, 0.385, 0.615, 0.506903
0.75, 0.524766, 0.385, 0.615, 0.51546
0.75, 0.514171, 0.385, 0.615, 0.508104
0.75, 0.536896, 0.385, 0.615, 0.527468
0.75, 0.512277, 0.385, 0.615, 0.514889
0.75, 0.521333, 0.385, 0.615, 0.516992
0.75, 0.520585, 0.39, 0.61, 0.516838
0.75, 0.535702, 0.39, 0.61, 0.530113
0.75, 0.529835, 0.39, 0.61, 0.525469
0.75, 0.512936, 0.39, 0.61, 0.511278
0.75, 0.53387, 0.39, 0.61, 0.529321
0.75, 0.519941, 0.39, 0.61, 0.52437
0.75, 0.521909, 0.39, 0.61, 0.520412
0.75, 0.522742, 0.39, 0.61, 0.525475
0.75, 0.528625, 0.39, 0.61, 0.523866
0.75, 0.518909, 0.39, 0.61, 0.52017
0.75, 0.544745, 0.39, 0.61, 0.532765
0.75, 0.52143, 0.39, 0.61, 0.517096
0.75, 0.528579, 0.39, 0.61, 0.520705
0.75, 0.51414, 0.39, 0.61, 0.511116
0.75, 0.529643, 0.39, 0.61, 0.523264
0.75, 0.540862, 0.39, 0.61, 0.538549
0.75, 0.537794, 0.39, 0.61, 0.52329
0.75, 0.52354, 0.39, 0.61, 0.525234
0.75, 0.507183, 0.39, 0.61, 0.509464
0.75, 0.516887, 0.39, 0.61, 0.516004
0.75, 0.529675, 0.39, 0.61, 0.527819
0.75, 0.527643, 0.39, 0.61, 0.524882
0.75, 0.525788, 0.39, 0.61, 0.52366
0.75, 0.546342, 0.39, 0.61, 0.540071
0.75, 0.539337, 0.39, 0.61, 0.52589
0.75, 0.556576, 0.395, 0.605, 0.551985
0.75, 0.533373, 0.395, 0.605, 0.527749
0.75, 0.539907, 0.395, 0.605, 0.537524
0.75, 0.518904, 0.395, 0.605, 0.515825
0.75, 0.556125, 0.395, 0.605, 0.548228
0.75, 0.535696, 0.395, 0.605, 0.53695
0.75, 0.551979, 0.395, 0.605, 0.547935
0.75, 0.531852, 0.395, 0.605, 0.534642
0.75, 0.54613, 0.395, 0.605, 0.537392
0.75, 0.536425, 0.395, 0.605, 0.529211
0.75, 0.529723, 0.395, 0.605, 0.529048
0.75, 0.542431, 0.395, 0.605, 0.538758
0.75, 0.523819, 0.395, 0.605, 0.523676
0.75, 0.510465, 0.395, 0.605, 0.510965
0.75, 0.54695, 0.395, 0.605, 0.536891
0.75, 0.517233, 0.395, 0.605, 0.516605
0.75, 0.541168, 0.395, 0.605, 0.529079
0.75, 0.548261, 0.395, 0.605, 0.54892
0.75, 0.546899, 0.395, 0.605, 0.537151
0.75, 0.548577, 0.395, 0.605, 0.539475
0.75, 0.553395, 0.395, 0.605, 0.541259
0.75, 0.53777, 0.395, 0.605, 0.530654
0.75, 0.532496, 0.395, 0.605, 0.531509
0.75, 0.530644, 0.395, 0.605, 0.530851
0.75, 0.540695, 0.395, 0.605, 0.535624
0.75, 0.552359, 0.4, 0.6, 0.546738
0.75, 0.54098, 0.4, 0.6, 0.540655
0.75, 0.535517, 0.4, 0.6, 0.534209
0.75, 0.554991, 0.4, 0.6, 0.540277
0.75, 0.540106, 0.4, 0.6, 0.54366
0.75, 0.558897, 0.4, 0.6, 0.550823
0.75, 0.52608, 0.4, 0.6, 0.528237
0.75, 0.548874, 0.4, 0.6, 0.54336
0.75, 0.554903, 0.4, 0.6, 0.551459
0.75, 0.546356, 0.4, 0.6, 0.539019
0.75, 0.567422, 0.4, 0.6, 0.562184
0.75, 0.563223, 0.4, 0.6, 0.554226
0.75, 0.568142, 0.4, 0.6, 0.567064
0.75, 0.550827, 0.4, 0.6, 0.548858
0.75, 0.566512, 0.4, 0.6, 0.558633
0.75, 0.550454, 0.4, 0.6, 0.548378
0.75, 0.556676, 0.4, 0.6, 0.551111
0.75, 0.536342, 0.4, 0.6, 0.535097
0.75, 0.549073, 0.4, 0.6, 0.544077
0.75, 0.54593, 0.4, 0.6, 0.541564
0.75, 0.536168, 0.4, 0.6, 0.537062
0.75, 0.562806, 0.4, 0.6, 0.551097
0.75, 0.567693, 0.4, 0.6, 0.564894
0.75, 0.552069, 0.4, 0.6, 0.550837
0.75, 0.547696, 0.4, 0.6, 0.546504
0.75, 0.556393, 0.405, 0.595, 0.551505
0.75, 0.56617, 0.405, 0.595, 0.565517
0.75, 0.560384, 0.405, 0.595, 0.554935
0.75, 0.550015, 0.405, 0.595, 0.543755
0.75, 0.575152, 0.405, 0.595, 0.571225
0.75, 0.575311, 0.405, 0.595, 0.569675
0.75, 0.560158, 0.405, 0.595, 0.549586
0.75, 0.56484, 0.405, 0.595, 0.554094
0.75, 0.573475, 0.405, 0.595, 0.569699
0.75, 0.562686, 0.405, 0.595, 0.55546
0.75, 0.547044, 0.405, 0.595, 0.543583
0.75, 0.565508, 0.405, 0.595, 0.556241
0.75, 0.565205, 0.405, 0.595, 0.555041
0.75, 0.580002, 0.405, 0.595, 0.567496
0.75, 0.563254, 0.405, 0.595, 0.555156
0.75, 0.574123, 0.405, 0.595, 0.570645
0.75, 0.564649, 0.405, 0.595, 0.551325
0.75, 0.570344, 0.405, 0.595, 0.562719
0.75, 0.538028, 0.405, 0.595, 0.53987
0.75, 0.570029, 0.405, 0.595, 0.562055
0.75, 0.543186, 0.405, 0.595, 0.537276
0.75, 0.563349, 0.405, 0.595, 0.553919
0.75, 0.568742, 0.405, 0.595, 0.565267
0.75, 0.554498, 0.405, 0.595, 0.54816
0.75, 0.577508, 0.405, 0.595, 0.562464
0.75, 0.572513, 0.41, 0.59, 0.574191
0.75, 0.581267, 0.41, 0.59, 0.578232
0.75, 0.575896, 0.41, 0.59, 0.566564
0.75, 0.599045, 0.41, 0.59, 0.588419
0.75, 0.577973, 0.41, 0.59, 0.569289
0.75, 0.585741, 0.41, 0.59, 0.581538
0.75, 0.584923, 0.41, 0.59, 0.581667
0.75, 0.575995, 0.41, 0.59, 0.571087
0.75, 0.589338, 0.41, 0.59, 0.576335
0.75, 0.574119, 0.41, 0.59, 0.57089
0.75, 0.553619, 0.41, 0.59, 0.555198
0.75, 0.566244, 0.41, 0.59, 0.570095
0.75, 0.57604, 0.41, 0.59, 0.572047
0.75, 0.574077, 0.41, 0.59, 0.570815
0.75, 0.57416, 0.41, 0.59, 0.56788
0.75, 0.570998, 0.41, 0.59, 0.568052
0.75, 0.566571, 0.41, 0.59, 0.559865
0.75, 0.559473, 0.41, 0.59, 0.557606
0.75, 0.57846, 0.41, 0.59, 0.565736
0.75, 0.58123, 0.41, 0.59, 0.574552
0.75, 0.571748, 0.41, 0.59, 0.563309
0.75, 0.574629, 0.41, 0.59, 0.570771
0.75, 0.590681, 0.41, 0.59, 0.58278
0.75, 0.574274, 0.41, 0.59, 0.572113
0.75, 0.583858, 0.41, 0.59, 0.574357
0.75, 0.571466, 0.415, 0.585, 0.568711
0.75, 0.591087, 0.415, 0.585, 0.583472
0.75, 0.584608, 0.415, 0.585, 0.578341
0.75, 0.594607, 0.415, 0.585, 0.584014
0.75, 0.606835, 0.415, 0.585, 0.59322
0.75, 0.594754, 0.415, 0.585, 0.583725
0.75, 0.586005, 0.415, 0.585, 0.58138
0.75, 0.593673, 0.415, 0.585, 0.586051
0.75, 0.590523, 0.415, 0.585, 0.58195
0.75, 0.587103, 0.415, 0.585, 0.577292
0.75, 0.613476, 0.415, 0.585, 0.600457
0.75, 0.583679, 0.415, 0.585, 0.577295
0.75, 0.602596, 0.415, 0.585, 0.589106
0.75, 0.599334, 0.415, 0.585, 0.58839
0.75, 0.591383, 0.415, 0.585, 0.585811
0.75, 0.604162, 0.415, 0.585, 0.59077
0.75, 0.593734, 0.415, 0.585, 0.585413
0.75, 0.593269, 0.415, 0.585, 0.581679
0.75, 0.570119, 0.415, 0.585, 0.562215
0.75, 0.595096, 0.415, 0.585, 0.57934
0.75, 0.578665, 0.415, 0.585, 0.57529
0.75, 0.596969, 0.415, 0.585, 0.58209
0.75, 0.599766, 0.415, 0.585, 0.588655
0.75, 0.606206, 0.415, 0.585, 0.593133
0.75, 0.582624, 0.415, 0.585, 0.574989
0.75, 0.6024, 0.42, 0.58, 0.592857
0.75, 0.608615, 0.42, 0.58, 0.605669
0.75, 0.625594, 0.42, 0.58, 0.610097
0.75, 0.594768, 0.42, 0.58, 0.590478
0.75, 0.607484, 0.42, 0.58, 0.599926
0.75, 0.579238, 0.42, 0.58, 0.579406
0.75, 0.607317, 0.42, 0.58, 0.597386
0.75, 0.606178, 0.42, 0.58, 0.596023
0.75, 0.594847, 0.42, 0.58, 0.590467
0.75, 0.605345, 0.42, 0.58, 0.593298
0.75, 0.5871, 0.42, 0.58, 0.581845
0.75, 0.612858, 0.42, 0.58, 0.597952
0.75, 0.587476, 0.42, 0.58, 0.587643
0.75, 0.615561, 0.42, 0.58, 0.605928
0.75, 0.617932, 0.42, 0.58, 0.609152
0.75, 0.612682, 0.42, 0.58, 0.600862
0.75, 0.60539, 0.42, 0.58, 0.595464
0.75, 0.631233, 0.42, 0.58, 0.617353
0.75, 0.605763, 0.42, 0.58, 0.599247
0.75, 0.622782, 0.42, 0.58, 0.612062
0.75, 0.603752, 0.42, 0.58, 0.599329
0.75, 0.602595, 0.42, 0.58, 0.596214
0.75, 0.610895, 0.42, 0.58, 0.599085
0.75, 0.580151, 0.42, 0.58, 0.579994
0.75, 0.58439, 0.42, 0.58, 0.581987
0.75, 0.600512, 0.425, 0.575, 0.592146
0.75, 0.610229, 0.425, 0.575, 0.597589
0.75, 0.620583, 0.425, 0.575, 0.607836
0.75, 0.615963, 0.425, 0.575, 0.609173
0.75, 0.642994, 0.425, 0.575, 0.631442
0.75, 0.620518, 0.425, 0.575, 0.610426
0.75, 0.607996, 0.425, 0.575, 0.600599
0.75, 0.602179, 0.425, 0.575, 0.595785
0.75, 0.633534, 0.425, 0.575, 0.620136
0.75, 0.621368, 0.425, 0.575, 0.608748
0.75, 0.606891, 0.425, 0.575, 0.595454
0.75, 0.617798, 0.425, 0.575, 0.599175
0.75, 0.63547, 0.425, 0.575, 0.618805
0.75, 0.631549, 0.425, 0.575, 0.625831
0.75, 0.622853, 0.425, 0.575, 0.61843
0.75, 0.619141, 0.425, 0.575, 0.610206
0.75, 0.612055, 0.425, 0.575, 0.60322
0.75, 0.609362, 0.425, 0.575, 0.601864
0.75, 0.644867, 0.425, 0.575, 0.632254
0.75, 0.619817, 0.425, 0.575, 0.605245
0.75, 0.612386, 0.425, 0.575, 0.602505
0.75, 0.639596, 0.425, 0.575, 0.627101
0.75, 0.609688, 0.425, 0.575, 0.601116
0.75, 0.607976, 0.425, 0.575, 0.599148
0.75, 0.629334, 0.425, 0.575, 0.617289
0.75, 0.628853, 0.43, 0.57, 0.623336
0.75, 0.646735, 0.43, 0.57, 0.627684
0.75, 0.620506, 0.43, 0.57, 0.610292
0.75, 0.639052, 0.43, 0.57, 0.631752
0.75, 0.603494, 0.43, 0.57, 0.59574
0.75, 0.635934, 0.43, 0.57, 0.620996
0.75, 0.630498, 0.43, 0.57, 0.619393
0.75, 0.636762, 0.43, 0.57, 0.622702
0.75, 0.640443, 0.43, 0.57, 0.626054
0.75, 0.650244, 0.43, 0.57, 0.641618
0.75, 0.639549, 0.43, 0.57, 0.623906
0.75, 0.657651, 0.43, 0.57, 0.64468
0.75, 0.63916, 0.43, 0.57, 0.623183
0.75, 0.653124, 0.43, 0.57, 0.6332
0.75, 0.631422, 0.43, 0.57, 0.621929
0.75, 0.642472, 0.43, 0.57, 0.624981
0.75, 0.639533, 0.43, 0.57, 0.633463
0.75, 0.647068, 0.43, 0.57, 0.635241
0.75, 0.625982, 0.43, 0.57, 0.618206
0.75, 0.667826, 0.43, 0.57, 0.649383
0.75, 0.650329, 0.43, 0.57, 0.631374
0.75, 0.629819, 0.43, 0.57, 0.621317
0.75, 0.625977, 0.43, 0.57, 0.618848
0.75, 0.64674, 0.43, 0.57, 0.634656
0.75, 0.638644, 0.43, 0.57, 0.631579
0.75, 0.651348, 0.435, 0.565, 0.637506
0.75, 0.660334, 0.435, 0.565, 0.64733
0.75, 0.638047, 0.435, 0.565, 0.628731
0.75, 0.647993, 0.435, 0.565, 0.632815
0.75, 0.655098, 0.435, 0.565, 0.640932
0.75, 0.655682, 0.435, 0.565, 0.6416
0.75, 0.671785, 0.435, 0.565, 0.658731
0.75, 0.6565, 0.435, 0.565, 0.643735
0.75, 0.659705, 0.435, 0.565, 0.645089
0.75, 0.658633, 0.435, 0.565, 0.645205
0.75, 0.648819, 0.435, 0.565, 0.63198
0.75, 0.651374, 0.435, 0.565, 0.635304
0.75, 0.679255, 0.435, 0.565, 0.66591
0.75, 0.625204, 0.435, 0.565, 0.6207
0.75, 0.671816, 0.435, 0.565, 0.658142
0.75, 0.65654, 0.435, 0.565, 0.642711
0.75, 0.651893, 0.435, 0.565, 0.637268
0.75, 0.662498, 0.435, 0.565, 0.64297
0.75, 0.668362, 0.435, 0.565, 0.654451
0.75, 0.670533, 0.435, 0.565, 0.656665
0.75, 0.664686, 0.435, 0.565, 0.653933
0.75, 0.65077, 0.435, 0.565, 0.637643
0.75, 0.655455, 0.435, 0.565, 0.641064
0.75, 0.633866, 0.435, 0.565, 0.627067
0.75, 0.659391, 0.435, 0.565, 0.640831
0.75, 0.673804, 0.44, 0.56, 0.662448
0.75, 0.663778, 0.44, 0.56, 0.646917
0.75, 0.667766, 0.44, 0.56, 0.648321
0.75, 0.66653, 0.44, 0.56, 0.64853
0.75, 0.674531, 0.44, 0.56, 0.663346
0.75, 0.690035, 0.44, 0.56, 0.671054
0.75, 0.66747, 0.44, 0.56, 0.651668
0.75, 0.664195, 0.44, 0.56, 0.654447
0.75, 0.653773, 0.44, 0.56, 0.641422
0.75, 0.691766, 0.44, 0.56, 0.670664
0.75, 0.666858, 0.44, 0.56, 0.655989
0.75, 0.655087, 0.44, 0.56, 0.641695
0.75, 0.701897, 0.44, 0.56, 0.683765
0.75, 0.664783, 0.44, 0.56, 0.65609
0.75, 0.675376, 0.44, 0.56, 0.664582
0.75, 0.692544, 0.44, 0.56, 0.673933
0.75, 0.667081, 0.44, 0.56, 0.656091
0.75, 0.650652, 0.44, 0.56, 0.640097
0.75, 0.67125, 0.44, 0.56, 0.652926
0.75, 0.66338, 0.44, 0.56, 0.648452
0.75, 0.674123, 0.44, 0.56, 0.657945
0.75, 0.658383, 0.44, 0.56, 0.647985
0.75, 0.682412, 0.44, 0.56, 0.659971
0.75, 0.684666, 0.44, 0.56, 0.666308
0.75, 0.696425, 0.44, 0.56, 0.676862
0.75, 0.69613, 0.445, 0.555, 0.682225
0.75, 0.684068, 0.445, 0.555, 0.668739
0.75, 0.715269, 0.445, 0.555, 0.69853
0.75, 0.68156, 0.445, 0.555, 0.665344
0.75, 0.674431, 0.445, 0.555, 0.658574
0.75, 0.686537, 0.445, 0.555, 0.674288
0.75, 0.689032, 0.445, 0.555, 0.67483
0.75, 0.667841, 0.445, 0.555, 0.66191
0.75, 0.68286, 0.445, 0.555, 0.66763
0.75, 0.70557, 0.445, 0.555, 0.691082
0.75, 0.681431, 0.445, 0.555, 0.666918
0.75, 0.715507, 0.445, 0.555, 0.692815
0.75, 0.670133, 0.445, 0.555, 0.657967
0.75, 0.709445, 0.445, 0.555, 0.694267
0.75, 0.709233, 0.445, 0.555, 0.686861
0.75, 0.699783, 0.445, 0.555, 0.67744
0.75, 0.684871, 0.445, 0.555, 0.668357
0.75, 0.708279, 0.445, 0.555, 0.692977
0.75, 0.681034, 0.445, 0.555, 0.663301
0.75, 0.693356, 0.445, 0.555, 0.686872
0.75, 0.683956, 0.445, 0.555, 0.672111
0.75, 0.667518, 0.445, 0.555, 0.657436
0.75, 0.690872, 0.445, 0.555, 0.673969
0.75, 0.67701, 0.445, 0.555, 0.660489
0.75, 0.671056, 0.445, 0.555, 0.656886
0.75, 0.726596, 0.45, 0.55, 0.710077
0.75, 0.692842, 0.45, 0.55, 0.674009
0.75, 0.692313, 0.45, 0.55, 0.682213
0.75, 0.681436, 0.45, 0.55, 0.671416
0.75, 0.707122, 0.45, 0.55, 0.696138
0.75, 0.676355, 0.45, 0.55, 0.66311
0.75, 0.724318, 0.45, 0.55, 0.704515
0.75, 0.731666, 0.45, 0.55, 0.710795
0.75, 0.685434, 0.45, 0.55, 0.673905
0.75, 0.734803, 0.45, 0.55, 0.709629
0.75, 0.728977, 0.45, 0.55, 0.708442
0.75, 0.734926, 0.45, 0.55, 0.710921
0.75, 0.703539, 0.45, 0.55, 0.684606
0.75, 0.708921, 0.45, 0.55, 0.688613
0.75, 0.696988, 0.45, 0.55, 0.682165
0.75, 0.692825, 0.45, 0.55, 0.677746
0.75, 0.712007, 0.45, 0.55, 0.695055
0.75, 0.684258, 0.45, 0.55, 0.671759
0.75, 0.714385, 0.45, 0.55, 0.696084
0.75, 0.723089, 0.45, 0.55, 0.701606
0.75, 0.692203, 0.45, 0.55, 0.678323
0.75, 0.721673, 0.45, 0.55, 0.698324
0.75, 0.728645, 0.45, 0.55, 0.710295
0.75, 0.717103, 0.45, 0.55, 0.702546
0.75, 0.707921, 0.45, 0.55, 0.687135
0.75, 0.745965, 0.455, 0.545, 0.729714
0.75, 0.738697, 0.455, 0.545, 0.723122
0.75, 0.721651, 0.455, 0.545, 0.70662
0.75, 0.717105, 0.455, 0.545, 0.704436
0.75, 0.697429, 0.455, 0.545, 0.688048
0.75, 0.736061, 0.455, 0.545, 0.712154
0.75, 0.742603, 0.455, 0.545, 0.722254
0.75, 0.735462, 0.455, 0.545, 0.723576
0.75, 0.734457, 0.455, 0.545, 0.716425
0.75, 0.733014, 0.455, 0.545, 0.715911
0.75, 0.744429, 0.455, 0.545, 0.726634
0.75, 0.762129, 0.455, 0.545, 0.738652
0.75, 0.722347, 0.455, 0.545, 0.702011
0.75, 0.718255, 0.455, 0.545, 0.705393
0.75, 0.721495, 0.455, 0.545, 0.705099
0.75, 0.707472, 0.455, 0.545, 0.686279
0.75, 0.724671, 0.455, 0.545, 0.706419
0.75, 0.718879, 0.455, 0.545, 0.709458
0.75, 0.713246, 0.455, 0.545, 0.70179
0.75, 0.732017, 0.455, 0.545, 0.717513
0.75, 0.71822, 0.455, 0.545, 0.703863
0.75, 0.761457, 0.455, 0.545, 0.737346
0.75, 0.717348, 0.455, 0.545, 0.703382
0.75, 0.751924, 0.455, 0.545, 0.727295
0.75, 0.725407, 0.455, 0.545, 0.708287
0.75, 0.756102, 0.46, 0.54, 0.735985
0.75, 0.743333, 0.46, 0.54, 0.719489
0.75, 0.741459, 0.46, 0.54, 0.725919
0.75, 0.737499, 0.46, 0.54, 0.722779
0.75, 0.737069, 0.46, 0.54, 0.714044
0.75, 0.763708, 0.46, 0.54, 0.746006
0.75, 0.779376, 0.46, 0.54, 0.756098
0.75, 0.776637, 0.46, 0.54, 0.757583
0.75, 0.739733, 0.46, 0.54, 0.726942
0.75, 0.750205, 0.46, 0.54, 0.730189
0.75, 0.757857, 0.46, 0.54, 0.734631
0.75, 0.767639, 0.46, 0.54, 0.74367
0.75, 0.736282, 0.46, 0.54, 0.724157
0.75, 0.768493, 0.46, 0.54, 0.745216
0.75, 0.744624, 0.46, 0.54, 0.728755
0.75, 0.757167, 0.46, 0.54, 0.736808
0.75, 0.772557, 0.46, 0.54, 0.754666
0.75, 0.749512, 0.46, 0.54, 0.731878
0.75, 0.752979, 0.46, 0.54, 0.728967
0.75, 0.763694, 0.46, 0.54, 0.735669
0.75, 0.785121, 0.46, 0.54, 0.769467
0.75, 0.76839, 0.46, 0.54, 0.746704
0.75, 0.769785, 0.46, 0.54, 0.748177
0.75, 0.7579, 0.46, 0.54, 0.735971
0.75, 0.746488, 0.46, 0.54, 0.728489
0.75, 0.79584, 0.465, 0.535, 0.776835
0.75, 0.768849, 0.465, 0.535, 0.747231
0.75, 0.775697, 0.465, 0.535, 0.744466
0.75, 0.757202, 0.465, 0.535, 0.732508
0.75, 0.827622, 0.465, 0.535, 0.7987
0.75, 0.784809, 0.465, 0.535, 0.766308
0.75, 0.759866, 0.465, 0.535, 0.740564
0.75, 0.817895, 0.465, 0.535, 0.801494
0.75, 0.741092, 0.465, 0.535, 0.726377
0.75, 0.794892, 0.465, 0.535, 0.771739
0.75, 0.767012, 0.465, 0.535, 0.746861
0.75, 0.781858, 0.465, 0.535, 0.759418
0.75, 0.751845, 0.465, 0.535, 0.737116
0.75, 0.769379, 0.465, 0.535, 0.749837
0.75, 0.769537, 0.465, 0.535, 0.74767
0.75, 0.810241, 0.465, 0.535, 0.79119
0.75, 0.763119, 0.465, 0.535, 0.740987
0.75, 0.792831, 0.465, 0.535, 0.771934
0.75, 0.779101, 0.465, 0.535, 0.758689
0.75, 0.761791, 0.465, 0.535, 0.739839
0.75, 0.78974, 0.465, 0.535, 0.761513
0.75, 0.770181, 0.465, 0.535, 0.752672
0.75, 0.795227, 0.465, 0.535, 0.773662
0.75, 0.778908, 0.465, 0.535, 0.75324
0.75, 0.787747, 0.465, 0.535, 0.759172
0.75, 0.821735, 0.47, 0.53, 0.7988
0.75, 0.788883, 0.47, 0.53, 0.773942
0.75, 0.780658, 0.47, 0.53, 0.75958
0.75, 0.816335, 0.47, 0.53, 0.796439
0.75, 0.771663, 0.47, 0.53, 0.744927
0.75, 0.79803, 0.47, 0.53, 0.774249
0.75, 0.810958, 0.47, 0.53, 0.790557
0.75, 0.810497, 0.47, 0.53, 0.790794
0.75, 0.784296, 0.47, 0.53, 0.764266
0.75, 0.816925, 0.47, 0.53, 0.791395
0.75, 0.779708, 0.47, 0.53, 0.761571
0.75, 0.777098, 0.47, 0.53, 0.757346
0.75, 0.763444, 0.47, 0.53, 0.750288
0.75, 0.817358, 0.47, 0.53, 0.788482
0.75, 0.757039, 0.47, 0.53, 0.740135
0.75, 0.78283, 0.47, 0.53, 0.76293
0.75, 0.760617, 0.47, 0.53, 0.739259
0.75, 0.795793, 0.47, 0.53, 0.784971
0.75, 0.825104, 0.47, 0.53, 0.799656
0.75, 0.812064, 0.47, 0.53, 0.792605
0.75, 0.801223, 0.47, 0.53, 0.779365
0.75, 0.826778, 0.47, 0.53, 0.804737
0.75, 0.778221, 0.47, 0.53, 0.759599
0.75, 0.778618, 0.47, 0.53, 0.759377
0.75, 0.811366, 0.47, 0.53, 0.795325
0.75, 0.821604, 0.475, 0.525, 0.799473
0.75, 0.80822, 0.475, 0.525, 0.788815
0.75, 0.823804, 0.475, 0.525, 0.806868
0.75, 0.840082, 0.475, 0.525, 0.818229
0.75, 0.829093, 0.475, 0.525, 0.813511
0.75, 0.81874, 0.475, 0.525, 0.797474
0.75, 0.814808, 0.475, 0.525, 0.803192
0.75, 0.838933, 0.475, 0.525, 0.81357
0.75, 0.850152, 0.475, 0.525, 0.833711
0.75, 0.829574, 0.475, 0.525, 0.813606
0.75, 0.828057, 0.475, 0.525, 0.80831
0.75, 0.859361, 0.475, 0.525, 0.839044
0.75, 0.8072, 0.475, 0.525, 0.792224
0.75, 0.812056, 0.475, 0.525, 0.791293
0.75, 0.847922, 0.475, 0.525, 0.829425
0.75, 0.817193, 0.475, 0.525, 0.795023
0.75, 0.83552, 0.475, 0.525, 0.809069
0.75, 0.839036, 0.475, 0.525, 0.815211
0.75, 0.811523, 0.475, 0.525, 0.795817
0.75, 0.820649, 0.475, 0.525, 0.804487
0.75, 0.823964, 0.475, 0.525, 0.802402
0.75, 0.851452, 0.475, 0.525, 0.832414
0.75, 0.819813, 0.475, 0.525, 0.800655
0.75, 0.839824, 0.475, 0.525, 0.817875
0.75, 0.835327, 0.475, 0.525, 0.813
0.75, 0.884771, 0.48, 0.52, 0.870169
0.75, 0.879698, 0.48, 0.52, 0.856686
0.75, 0.825941, 0.48, 0.52, 0.806377
0.75, 0.826423, 0.48, 0.52, 0.807458
0.75, 0.833483, 0.48, 0.52, 0.815201
0.75, 0.855669, 0.48, 0.52, 0.831591
0.75, 0.855924, 0.48, 0.52, 0.836322
0.75, 0.875397, 0.48, 0.52, 0.856886
0.75, 0.840559, 0.48, 0.52, 0.823093
0.75, 0.838045, 0.48, 0.52, 0.813697
0.75, 0.854433, 0.48, 0.52, 0.835411
0.75, 0.888995, 0.48, 0.52, 0.870921
0.75, 0.881007, 0.48, 0.52, 0.860278
0.75, 0.845155, 0.48, 0.52, 0.832793
0.75, 0.856733, 0.48, 0.52, 0.833333
0.75, 0.85464, 0.48, 0.52, 0.8279
0.75, 0.848169, 0.48, 0.52, 0.827947
0.75, 0.832027, 0.48, 0.52, 0.809012
0.75, 0.847107, 0.48, 0.52, 0.820948
0.75, 0.853304, 0.48, 0.52, 0.834681
0.75, 0.861879, 0.48, 0.52, 0.841652
0.75, 0.879968, 0.48, 0.52, 0.862264
0.75, 0.870658, 0.48, 0.52, 0.854349
0.75, 0.879828, 0.48, 0.52, 0.856336
0.75, 0.848211, 0.48, 0.52, 0.824932
0.75, 0.889647, 0.485, 0.515, 0.874263
0.75, 0.917584, 0.485, 0.515, 0.902966
0.75, 0.878974, 0.485, 0.515, 0.859768
0.75, 0.84742, 0.485, 0.515, 0.829477
0.75, 0.915046, 0.485, 0.515, 0.900826
0.75, 0.885646, 0.485, 0.515, 0.8708
0.75, 0.881536, 0.485, 0.515, 0.866055
0.75, 0.901626, 0.485, 0.515, 0.884239
0.75, 0.896925, 0.485, 0.515, 0.878051
0.75, 0.869388, 0.485, 0.515, 0.853435
0.75, 0.873603, 0.485, 0.515, 0.851979
0.75, 0.92889, 0.485, 0.515, 0.914033
0.75, 0.89112, 0.485, 0.515, 0.873387
0.75, 0.918694, 0.485, 0.515, 0.897636
0.75, 0.882689, 0.485, 0.515, 0.863952
0.75, 0.892282, 0.485, 0.515, 0.873445
0.75, 0.835385, 0.485, 0.515, 0.816608
0.75, 0.879489, 0.485, 0.515, 0.860631
0.75, 0.870792, 0.485, 0.515, 0.849855
0.75, 0.935346, 0.485, 0.515, 0.918962
0.75, 0.878593, 0.485, 0.515, 0.861979
0.75, 0.890572, 0.485, 0.515, 0.873985
0.75, 0.910416, 0.485, 0.515, 0.894231
0.75, 0.879091, 0.485, 0.515, 0.863002
0.75, 0.875821, 0.485, 0.515, 0.857785
0.75, 0.956285, 0.49, 0.51, 0.946275
0.75, 0.967496, 0.49, 0.51, 0.959379
0.75, 0.9223, 0.49, 0.51, 0.907154
0.75, 0.909774, 0.49, 0.51, 0.889965
0.75, 0.891638, 0.49, 0.51, 0.872692
0.75, 0.902682, 0.49, 0.51, 0.889287
0.75, 0.887684, 0.49, 0.51, 0.869423
0.75, 0.90917, 0.49, 0.51, 0.893375
0.75, 0.894038, 0.49, 0.51, 0.881158
0.75, 0.88957, 0.49, 0.51, 0.874582
0.75, 0.957178, 0.49, 0.51, 0.947464
0.75, 0.954294, 0.49, 0.51, 0.9424
0.75, 0.90602, 0.49, 0.51, 0.890238
0.75, 0.914971, 0.49, 0.51, 0.89963
0.75, 0.930886, 0.49, 0.51, 0.916738
0.75, 0.938097, 0.49, 0.51, 0.927099
0.75, 0.916615, 0.49, 0.51, 0.901841
0.75, 0.940415, 0.49, 0.51, 0.926101
0.75, 0.902634, 0.49, 0.51, 0.882523
0.75, 0.914938, 0.49, 0.51, 0.896104
0.75, 0.944287, 0.49, 0.51, 0.931538
0.75, 0.905786, 0.49, 0.51, 0.889216
0.75, 0.903492, 0.49, 0.51, 0.884822
0.75, 0.907841, 0.49, 0.51, 0.892834
0.75, 0.883058, 0.49, 0.51, 0.863673
0.75, 0.89153, 0.495, 0.505, 0.881083
0.75, 0.947916, 0.495, 0.505, 0.935844
0.75, 0.921199, 0.495, 0.505, 0.909813
0.75, 0.965491, 0.495, 0.505, 0.956619
0.75, 0.950109, 0.495, 0.505, 0.941494
0.75, 0.940912, 0.495, 0.505, 0.932337
0.75, 0.977946, 0.495, 0.505, 0.972793
0.75, 0.958701, 0.495, 0.505, 0.950309
0.75, 0.946913, 0.495, 0.505, 0.938437
0.75, 0.91047, 0.495, 0.505, 0.899474
0.75, 0.948012, 0.495, 0.505, 0.936622
0.75, 0.960205, 0.495, 0.505, 0.951735
0.75, 0.984954, 0.495, 0.505, 0.980926
0.75, 0.960641, 0.495, 0.505, 0.950734
0.75, 0.975901, 0.495, 0.505, 0.970276
0.75, 0.986107, 0.495, 0.505, 0.983255
0.75, 0.959174, 0.495, 0.505, 0.950043
0.75, 0.957982, 0.495, 0.505, 0.94762
0.75, 0.954596, 0.495, 0.505, 0.946626
0.75, 0.945183, 0.495, 0.505, 0.934442
0.75, 0.953022, 0.495, 0.505, 0.942592
0.75, 0.98125, 0.495, 0.505, 0.975476
0.75, 0.954577, 0.495, 0.505, 0.944643
0.75, 0.946755, 0.495, 0.505, 0.935572
0.75, 0.950249, 0.495, 0.505, 0.940053
0.75, 0.985579, 0.5, 0.5, 0.981678
0.75, 0.99192, 0.5, 0.5, 0.988597
0.75, 0.997619, 0.5, 0.5, 0.997107
0.75, 0.997328, 0.5, 0.5, 0.996865
0.75, 0.995975, 0.5, 0.5, 0.993694
0.75, 0.978099, 0.5, 0.5, 0.975356
0.75, 0.999071, 0.5, 0.5, 0.999118
0.75, 0.964038, 0.5, 0.5, 0.955594
0.75, 0.994073, 0.5, 0.5, 0.992767
0.75, 0.978181, 0.5, 0.5, 0.975074
0.75, 0.976575, 0.5, 0.5, 0.970623
0.75, 0.999433, 0.5, 0.5, 0.998908
0.75, 0.982381, 0.5, 0.5, 0.976132
0.75, 0.989049, 0.5, 0.5, 0.98679
0.75, 0.991456, 0.5, 0.5, 0.989262
0.75, 0.952706, 0.5, 0.5, 0.945048
0.75, 0.989819, 0.5, 0.5, 0.987844
0.75, 0.952259, 0.5, 0.5, 0.941188
0.75, 0.997053, 0.5, 0.5, 0.995726
0.75, 0.98019, 0.5, 0.5, 0.975284
0.75, 0.991106, 0.5, 0.5, 0.987009
0.75, 0.952362, 0.5, 0.5, 0.945761
0.75, 0.99902, 0.5, 0.5, 0.998423
0.75, 0.992092, 0.5, 0.5, 0.991839
0.75, 0.992061, 0.5, 0.5, 0.991287
0.75, 0.989758, 0.505, 0.495, 0.988133
0.75, 0.994348, 0.505, 0.495, 0.992338
0.75, 0.9999, 0.505, 0.495, 0.999901
0.75, 0.975888, 0.505, 0.495, 0.969944
0.75, 0.977425, 0.505, 0.495, 0.971236
0.75, 0.993032, 0.505, 0.495, 0.991849
0.75, 0.998629, 0.505, 0.495, 0.998053
0.75, 0.999083, 0.505, 0.495, 0.999203
0.75, 0.998611, 0.505, 0.495, 0.998714
0.75, 0.990332, 0.505, 0.495, 0.988
0.75, 0.98981, 0.505, 0.495, 0.985797
0.75, 0.994805, 0.505, 0.495, 0.99496
0.75, 0.995349, 0.505, 0.495, 0.99285
0.75, 0.991108, 0.505, 0.495, 0.988365
0.75, 0.999428, 0.505, 0.495, 0.999407
0.75, 0.987921, 0.505, 0.495, 0.985088
0.75, 0.993295, 0.505, 0.495, 0.991657
0.75, 0.982433, 0.505, 0.495, 0.976299
0.75, 0.987765, 0.505, 0.495, 0.984951
0.75, 0.979123, 0.505, 0.495, 0.974627
0.75, 0.997376, 0.505, 0.495, 0.997715
0.75, 0.997839, 0.505, 0.495, 0.997109
0.75, 0.992658, 0.505, 0.495, 0.9914
0.75, 0.996699, 0.505, 0.495, 0.995983
0.75, 0.976164, 0.505, 0.495, 0.971356
1, 0.00535467, 0.005, 0.995, 0.00480456
1, 0.00403551, 0.005, 0.995, 0.00496714
1, 0.00436693, 0.005, 0.995, 0.004414
1, 0.00441287, 0.005, 0.995, 0.00451377
1, 0.00377798, 0.005, 0.995, 0.00395653
1, 0.00564784, 0.005, 0.995, 0.0055747
1, 0.00473012, 0.005, 0.995, 0.00519636
1, 0.00565473, 0.005, 0.995, 0.00584795
1, 0.00482263, 0.005, 0.995, 0.00469836
1, 0.00457272, 0.005, 0.995, 0.00463593
1, 0.0055456, 0.005, 0.995, 0.00616109
1, 0.0048506, 0.005, 0.995, 0.00516913
1, 0.00510834, 0.005, 0.995, 0.00547354
1, 0.00484377, 0.005, 0.995, 0.00487635
1, 0.00465598, 0.005, 0.995, 0.0047091
1, 0.00539494, 0.005, 0.995, 0.00459908
1, 0.00569277, 0.005, 0.995, 0.00543589
1, 0.00501861, 0.005, 0.995, 0.00525868
1, 0.00512288, 0.005, 0.995, 0.00492685
1, 0.00584882, 0.005, 0.995, 0.00504048
1, 0.00505039, 0.005, 0.995, 0.00497884
1, 0.00366449, 0.005, 0.995, 0.0042085
1, 0.0048754, 0.005, 0.995, 0.00516187
1, 0.00538156, 0.005, 0.995, 0.00553014
1, 0.00635091, 0.005, 0.995, 0.00549204
1, 0.00885616, 0.01, 0.99, 0.00898568
1, 0.00896123, 0.01, 0.99, 0.00940629
1, 0.0102955, 0.01, 0.99, 0.0108949
1, 0.0118928, 0.01, 0.99, 0.0109089
1, 0.00768295, 0.01, 0.99, 0.00814324
1, 0.00929436, 0.01, 0.99, 0.00932742
1, 0.0103327, 0.01, 0.99, 0.0101528
1, 0.00973855, 0.01, 0.99, 0.010005
1, 0.0106618, 0.01, 0.99, 0.0104198
1, 0.00999623, 0.01, 0.99, 0.00985851
1, 0.0103629, 0.01, 0.99, 0.00964124
1, 0.00954498, 0.01, 0.99, 0.0102712
1, 0.00970978, 0.01, 0.99, 0.00945151
1, 0.0100119, 0.01, 0.99, 0.0101652
1, 0.010411, 0.01, 0.99, 0.0102639
1, 0.0105847, 0.01, 0.99, 0.0102382
1, 0.00902527, 0.01, 0.99, 0.00950704
1, 0.0106833, 0.01, 0.99, 0.00982688
1, 0.0105108, 0.01, 0.99, 0.0103677
1, 0.00722898, 0.01, 0.99, 0.00872224
1, 0.00892631, 0.01, 0.99, 0.0110447
1, 0.0119711, 0.01, 0.99, 0.0111258
1, 0.0109611, 0.01, 0.99, 0.0104952
1, 0.011851, 0.01, 0.99, 0.0115601
1, 0.00984336, 0.01, 0.99, 0.0104779
1, 0.0162969, 0.015, 0.985, 0.0160053
1, 0.0142129, 0.015, 0.985, 0.0155251
1, 0.0175917, 0.015, 0.985, 0.0161348
1, 0.0132671, 0.015, 0.985, 0.0143656
1, 0.0154538, 0.015, 0.985, 0.0151983
1, 0.0131778, 0.015, 0.985, 0.0137769
1, 0.0152314, 0.015, 0.985, 0.0151423
1, 0.0174548, 0.015, 0.985, 0.0158115
1, 0.0154495, 0.015, 0.985, 0.0161706
1, 0.0149225, 0.015, 0.985, 0.0151353
1, 0.0169328, 0.015, 0.985, 0.0160858
1, 0.0170876, 0.015, 0.985, 0.0157612
1, 0.0141429, 0.015, 0.985, 0.0140817
1, 0.0135833, 0.015, 0.985, 0.0131887
1, 0.0127331, 0.015, 0.985, 0.014036
1, 0.0152123, 0.015, 0.985, 0.0148502
1, 0.0137125, 0.015, 0.985, 0.0148247
1, 0.0160201, 0.015, 0.985, 0.0153367
1, 0.0143679, 0.015, 0.985, 0.0150605
1, 0.0149742, 0.015, 0.985, 0.0160024
1, 0.0124054, 0.015, 0.985, 0.0139909
1, 0.0152668, 0.015, 0.985, 0.015038
1, 0.0147937, 0.015, 0.985, 0.0159951
1, 0.0152432, 0.015, 0.985, 0.0157028
1, 0.0153175, 0.015, 0.985, 0.0155911
1, 0.0186207, 0.02, 0.98, 0.0189666
1, 0.01856, 0.02, 0.98, 0.0205086
1, 0.0190601, 0.02, 0.98, 0.0204698
1, 0.0214536, 0.02, 0.98, 0.0201588
1, 0.0205597, 0.02, 0.98, 0.0212
1, 0.0177934, 0.02, 0.98, 0.0185807
1, 0.0210175, 0.02, 0.98, 0.0201238
1, 0.0205718, 0.02, 0.98, 0.0197706
1, 0.0185535, 0.02, 0.98, 0.0191637
1, 0.0197163, 0.02, 0.98, 0.0202435
1, 0.0203465, 0.02, 0.98, 0.0211071
1, 0.0201097, 0.02, 0.98, 0.0199413
1, 0.0198852, 0.02, 0.98, 0.0203988
1, 0.018846, 0.02, 0.98, 0.0199096
1, 0.0177176, 0.02, 0.98, 0.0183902
1, 0.0212813, 0.02, 0.98, 0.0206286
1, 0.0221131, 0.02, 0.98, 0.0223657
1, 0.0210735, 0.02, 0.98, 0.0211944
1, 0.0226468, 0.02, 0.98, 0.0209413
1, 0.0201634, 0.02, 0.98, 0.0195743
1, 0.0195611, 0.02, 0.98, 0.0200376
1, 0.0216861, 0.02, 0.98, 0.0209128
1, 0.0199989, 0.02, 0.98, 0.0202565
1, 0.019534, 0.02, 0.98, 0.0201887
1, 0.0184, 0.02, 0.98, 0.0207746
1, 0.0246353, 0.025, 0.975, 0.0256672
1, 0.0274635, 0.025, 0.975, 0.0277252
1, 0.0249923, 0.025, 0.975, 0.0261987
1, 0.0289901, 0.025, 0.975, 0.0278323
1, 0.0251255, 0.025, 0.975, 0.0259908
1, 0.0261695, 0.025, 0.975, 0.0257321
1, 0.0255349, 0.025, 0.975, 0.0246024
1, 0.0265538, 0.025, 0.975, 0.0263542
1, 0.0277835, 0.025, 0.975, 0.0268142
1, 0.0264631, 0.025, 0.975, 0.0244412
1, 0.0269881, 0.025, 0.975, 0.0271127
1, 0.0275575, 0.025, 0.975, 0.026751
1, 0.0249155, 0.025, 0.975, 0.0243303
1, 0.0222266, 0.025, 0.975, 0.0233582
1, 0.0267414, 0.025, 0.975, 0.0267185
1, 0.0220946, 0.025, 0.975, 0.0229445
1, 0.0266464, 0.025, 0.975, 0.0263023
1, 0.0246201, 0.025, 0.975, 0.0250351
1, 0.0251441, 0.025, 0.975, 0.0254959
1, 0.0268034, 0.025, 0.975, 0.0270381
1, 0.0262719, 0.025, 0.975, 0.0265841
1, 0.0229716, 0.025, 0.975, 0.0243156
1, 0.0261081, 0.025, 0.975, 0.0252481
1, 0.0248693, 0.025, 0.975, 0.0268735
1, 0.0258279, 0.025, 0.975, 0.0253792
1, 0.0265476, 0.03, 0.97, 0.0286662
1, 0.0300167, 0.03, 0.97, 0.0296528
1, 0.0293269, 0.03, 0.97, 0.0294831
1, 0.0309888, 0.03, 0.97, 0.029639
1, 0.0297184, 0.03, 0.97, 0.0321648
1, 0.0283541, 0.03, 0.97, 0.0301914
1, 0.0294136, 0.03, 0.97, 0.0301746
1, 0.0317607, 0.03, 0.97, 0.0331663
1, 0.0298738, 0.03, 0.97, 0.0289652
1, 0.0296052, 0.03, 0.97, 0.0306379
1, 0.031822, 0.03, 0.97, 0.0329122
1, 0.0320432, 0.03, 0.97, 0.0316132
1, 0.0295787, 0.03, 0.97, 0.0301869
1, 0.0325653, 0.03, 0.97, 0.0329869
1, 0.0338869, 0.03, 0.97, 0.0314952
1, 0.0298595, 0.03, 0.97, 0.0289017
1, 0.0290027, 0.03, 0.97, 0.0299457
1, 0.0315706, 0.03, 0.97, 0.0304083
1, 0.0305856, 0.03, 0.97, 0.032545
1, 0.0289451, 0.03, 0.97, 0.0296539
1, 0.0313664, 0.03, 0.97, 0.0310062
1, 0.0300206, 0.03, 0.97, 0.0307964
1, 0.0331389, 0.03, 0.97, 0.0318696
1, 0.0330212, 0.03, 0.97, 0.0326345
1, 0.0289109, 0.03, 0.97, 0.0302375
1, 0.0362502, 0.035, 0.965, 0.0349024
1, 0.0336547, 0.035, 0.965, 0.0349223
1, 0.0390894, 0.035, 0.965, 0.0357271
1, 0.0384696, 0.035, 0.965, 0.0386934
1, 0.0360083, 0.035, 0.965, 0.0357161
1, 0.0333883, 0.035, 0.965, 0.0356422
1, 0.0356742, 0.035, 0.965, 0.0360661
1, 0.0354266, 0.035, 0.965, 0.0345225
1, 0.0352198, 0.035, 0.965, 0.0355526
1, 0.032495, 0.035, 0.965, 0.0330587
1, 0.0359414, 0.035, 0.965, 0.0358226
1, 0.0356639, 0.035, 0.965, 0.0349483
1, 0.0381851, 0.035, 0.965, 0.0359229
1, 0.0341252, 0.035, 0.965, 0.0366565
1, 0.0358508, 0.035, 0.965, 0.0354874
1, 0.0374743, 0.035, 0.965, 0.0377681
1, 0.0388285, 0.035, 0.965, 0.0375111
1, 0.0319377, 0.035, 0.965, 0.0345481
1, 0.0383712, 0.035, 0.965, 0.0367689
1, 0.033432, 0.035, 0.965, 0.0333814
1, 0.0354553, 0.035, 0.965, 0.0341226
1, 0.0356479, 0.035, 0.965, 0.0349578
1, 0.0350816, 0.035, 0.965, 0.0366408
1, 0.0351522, 0.035, 0.965, 0.0335381
1, 0.0416413, 0.035, 0.965, 0.0389866
1, 0.0420015, 0.04, 0.96, 0.0415977
1, 0.0424316, 0.04, 0.96, 0.0428497
1, 0.0399431, 0.04, 0.96, 0.0414996
1, 0.0430977, 0.04, 0.96, 0.0433823
1, 0.0405278, 0.04, 0.96, 0.0395926
1, 0.0397662, 0.04, 0.96, 0.0421227
1, 0.0381514, 0.04, 0.96, 0.0399369
1, 0.0415594, 0.04, 0.96, 0.0431818
1, 0.0399087, 0.04, 0.96, 0.0400954
1, 0.0438008, 0.04, 0.96, 0.0438282
1, 0.0386085, 0.04, 0.96, 0.0385492
1, 0.0412775, 0.04, 0.96, 0.0399958
1, 0.0394958, 0.04, 0.96, 0.0405856
1, 0.0413751, 0.04, 0.96, 0.0423804
1, 0.0419813, 0.04, 0.96, 0.0419537
1, 0.0437848, 0.04, 0.96, 0.0439739
1, 0.0395651, 0.04, 0.96, 0.0412063
1, 0.0422759, 0.04, 0.96, 0.0414454
1, 0.0372549, 0.04, 0.96, 0.0391064
1, 0.0452064, 0.04, 0.96, 0.0437616
1, 0.0413334, 0.04, 0.96, 0.0397136
1, 0.0446923, 0.04, 0.96, 0.0438291
1, 0.0432209, 0.04, 0.96, 0.0412005
1, 0.0412189, 0.04, 0.96, 0.0404293
1, 0.0442236, 0.04, 0.96, 0.0428072
1, 0.0482238, 0.045, 0.955, 0.0467507
1, 0.0502656, 0.045, 0.955, 0.0474996
1, 0.0481705, 0.045, 0.955, 0.0473036
1, 0.0486818, 0.045, 0.955, 0.0487034
1, 0.0466893, 0.045, 0.955, 0.0486886
1, 0.0443981, 0.045, 0.955, 0.0473268
1, 0.0423661, 0.045, 0.955, 0.0442662
1, 0.0472976, 0.045, 0.955, 0.0481365
1, 0.050394, 0.045, 0.955, 0.0484157
1, 0.0464434, 0.045, 0.955, 0.0461109
1, 0.0496549, 0.045, 0.955, 0.0484466
1, 0.0478126, 0.045, 0.955, 0.0453626
1, 0.044189, 0.045, 0.955, 0.0461043
1, 0.0457926, 0.045, 0.955, 0.047518
1, 0.0464534, 0.045, 0.955, 0.0495019
1, 0.0480812, 0.045, 0.955, 0.0474086
1, 0.0469237, 0.045, 0.955, 0.0481821
1, 0.045956, 0.045, 0.955, 0.0465165
1, 0.052366, 0.045, 0.955, 0.0499921
1, 0.0460671, 0.045, 0.955, 0.0474356
1, 0.0504326, 0.045, 0.955, 0.0489907
1, 0.0461732, 0.045, 0.955, 0.046291
1, 0.0480141, 0.045, 0.955, 0.0465503
1, 0.048041, 0.045, 0.955, 0.0466639
1, 0.0493347, 0.045, 0.955, 0.0492732
1, 0.0519655, 0.05, 0.95, 0.0518393
1, 0.0483775, 0.05, 0.95, 0.0479933
1, 0.0503974, 0.05, 0.95, 0.051313
1, 0.0496719, 0.05, 0.95, 0.0497858
1, 0.0501368, 0.05, 0.95, 0.0527535
1, 0.0514313, 0.05, 0.95, 0.0512459
1, 0.0523141, 0.05, 0.95, 0.0517179
1, 0.0517709, 0.05, 0.95, 0.0510747
1, 0.0513705, 0.05, 0.95, 0.0520693
1, 0.052475, 0.05, 0.95, 0.0510555
1, 0.0496487, 0.05, 0.95, 0.051236
1, 0.0528836, 0.05, 0.95, 0.0547664
1, 0.0547935, 0.05, 0.95, 0.0548449
1, 0.050155, 0.05, 0.95, 0.0518437
1, 0.054802, 0.05, 0.95, 0.0523907
1, 0.0548305, 0.05, 0.95, 0.0527311
1, 0.05472, 0.05, 0.95, 0.0535948
1, 0.0543092, 0.05, 0.95, 0.0536266
1, 0.0526052, 0.05, 0.95, 0.0523929
1, 0.0495258, 0.05, 0.95, 0.0500131
1, 0.0496217, 0.05, 0.95, 0.0528742
1, 0.0557619, 0.05, 0.95, 0.0531765
1, 0.05163, 0.05, 0.95, 0.0501028
1, 0.0551538, 0.05, 0.95, 0.0543306
1, 0.052981, 0.05, 0.95, 0.0532932
1, 0.060952, 0.055, 0.945, 0.0596564
1, 0.0544384, 0.055, 0.945, 0.0547407
1, 0.0573041, 0.055, 0.945, 0.0577187
1, 0.0589466, 0.055, 0.945, 0.0582066
1, 0.0554385, 0.055, 0.945, 0.0573887
1, 0.0580447, 0.055, 0.945, 0.0565377
1, 0.0553383, 0.055, 0.945, 0.0541043
1, 0.0574697, 0.055, 0.945, 0.0585736
1, 0.0595771, 0.055, 0.945, 0.061121
1, 0.0605325, 0.055, 0.945, 0.0584507
1, 0.0616689, 0.055, 0.945, 0.0606973
1, 0.0532647, 0.055, 0.945, 0.0553974
1, 0.0600197, 0.055, 0.945, 0.0591105
1, 0.0582427, 0.055, 0.945, 0.057882
1, 0.0558687, 0.055, 0.945, 0.0574369
1, 0.0569229, 0.055, 0.945, 0.0593172
1, 0.0536685, 0.055, 0.945, 0.0563969
1, 0.0587482, 0.055, 0.945, 0.059255
1, 0.0551411, 0.055, 0.945, 0.0564294
1, 0.0589419, 0.055, 0.945, 0.0587456
1, 0.0543408, 0.055, 0.945, 0.0570171
1, 0.0598728, 0.055, 0.945, 0.0598164
1, 0.059744, 0.055, 0.945, 0.0569962
1, 0.0586275, 0.055, 0.945, 0.0574484
1, 0.0620806, 0.055, 0.945, 0.0592737
1, 0.0654749, 0.06, 0.94, 0.0639898
1, 0.0589398, 0.06, 0.94, 0.0615992
1, 0.0645162, 0.06, 0.94, 0.0664752
1, 0.0648, 0.06, 0.94, 0.0646368
1, 0.0606224, 0.06, 0.94, 0.0634761
1, 0.0639054, 0.06, 0.94, 0.0634921
1, 0.0651195, 0.06, 0.94, 0.0646341
1, 0.0596909, 0.06, 0.94, 0.0600232
1, 0.0639947, 0.06, 0.94, 0.0624048
1, 0.0649308, 0.06, 0.94, 0.0634164
1, 0.0687127, 0.06, 0.94, 0.0679075
1, 0.0611749, 0.06, 0.94, 0.0617452
1, 0.0615209, 0.06, 0.94, 0.0619299
1, 0.061384, 0.06, 0.94, 0.0620886
1, 0.0634006, 0.06, 0.94, 0.0622356
1, 0.0609253, 0.06, 0.94, 0.0614552
1, 0.0620261, 0.06, 0.94, 0.0630583
1, 0.0659227, 0.06, 0.94, 0.0654944
1, 0.0648449, 0.06, 0.94, 0.0618438
1, 0.0662611, 0.06, 0.94, 0.0650963
1, 0.0606818, 0.06, 0.94, 0.0601709
1, 0.0616162, 0.06, 0.94, 0.0622615
1, 0.0626282, 0.06, 0.94, 0.0641483
1, 0.0640249, 0.06, 0.94, 0.0646816
1, 0.0671903, 0.06, 0.94, 0.0653522
1, 0.0693354, 0.065, 0.935, 0.0694864
1, 0.063239, 0.065, 0.935, 0.0661192
1, 0.0681648, 0.065, 0.935, 0.0683953
1, 0.0683304, 0.065, 0.935, 0.069678
1, 0.0723176, 0.065, 0.935, 0.0720913
1, 0.0643647, 0.065, 0.935, 0.0664201
1, 0.0677423, 0.065, 0.935, 0.0666101
1, 0.0692116, 0.065, 0.935, 0.0710438
1, 0.0687201, 0.065, 0.935, 0.0719592
1, 0.0697108, 0.065, 0.935, 0.0710248
1, 0.065565, 0.065, 0.935, 0.0688385
1, 0.0657175, 0.065, 0.935, 0.0689437
1, 0.0644823, 0.065, 0.935, 0.0666772
1, 0.0712368, 0.065, 0.935, 0.0674635
1, 0.0684377, 0.065, 0.935, 0.0685078
1, 0.0664994, 0.065, 0.935, 0.069381
1, 0.0704257, 0.065, 0.935, 0.0707847
1, 0.0722251, 0.065, 0.935, 0.0708657
1, 0.0637941, 0.065, 0.935, 0.0660823
1, 0.0684259, 0.065, 0.935, 0.0693983
1, 0.0663204, 0.065, 0.935, 0.0681542
1, 0.0700012, 0.065, 0.935, 0.0678759
1, 0.0675694, 0.065, 0.935, 0.0675099
1, 0.0742051, 0.065, 0.935, 0.0713052
1, 0.0677789, 0.065, 0.935, 0.0701472
1, 0.0762737, 0.07, 0.93, 0.0754326
1, 0.0694986, 0.07, 0.93, 0.0744271
1, 0.0752053, 0.07, 0.93, 0.0749934
1, 0.0709116, 0.07, 0.93, 0.0715923
1, 0.0740601, 0.07, 0.93, 0.0742221
1, 0.0736584, 0.07, 0.93, 0.0761531
1, 0.0750005, 0.07, 0.93, 0.0765382
1, 0.0776148, 0.07, 0.93, 0.0744072
1, 0.0730573, 0.07, 0.93, 0.0766966
1, 0.0748951, 0.07, 0.93, 0.0733887
1, 0.0754439, 0.07, 0.93, 0.0732333
1, 0.0737821, 0.07, 0.93, 0.0729344
1, 0.0762845, 0.07, 0.93, 0.0765926
1, 0.0740112, 0.07, 0.93, 0.0762399
1, 0.0743963, 0.07, 0.93, 0.0739006
1, 0.0696061, 0.07, 0.93, 0.071173
1, 0.07203, 0.07, 0.93, 0.071711
1, 0.0734723, 0.07, 0.93, 0.0739895
1, 0.0749496, 0.07, 0.93, 0.0757342
1, 0.071731, 0.07, 0.93, 0.0734204
1, 0.0774755, 0.07, 0.93, 0.0777884
1, 0.0786916, 0.07, 0.93, 0.0766565
1, 0.0735851, 0.07, 0.93, 0.0740129
1, 0.0733492, 0.07, 0.93, 0.0754576
1, 0.0740768, 0.07, 0.93, 0.0780717
1, 0.0807744, 0.075, 0.925, 0.0797926
1, 0.0780023, 0.075, 0.925, 0.0779151
1, 0.085501, 0.075, 0.925, 0.0842346
1, 0.0796201, 0.075, 0.925, 0.0785399
1, 0.0875051, 0.075, 0.925, 0.0834893
1, 0.0833462, 0.075, 0.925, 0.0810321
1, 0.0752543, 0.075, 0.925, 0.0765239
1, 0.0764248, 0.075, 0.925, 0.0775696
1, 0.0790969, 0.075, 0.925, 0.0811678
1, 0.0796061, 0.075, 0.925, 0.0808902
1, 0.0784164, 0.075, 0.925, 0.0810008
1, 0.0818003, 0.075, 0.925, 0.0802242
1, 0.082646, 0.075, 0.925, 0.0816195
1, 0.0848294, 0.075, 0.925, 0.08218
1, 0.0748872, 0.075, 0.925, 0.0786165
1, 0.0786514, 0.075, 0.925, 0.0812885
1, 0.0826838, 0.075, 0.925, 0.082116
1, 0.0815767, 0.075, 0.925, 0.0809874
1, 0.0781057, 0.075, 0.925, 0.0801758
1, 0.0789899, 0.075, 0.925, 0.0815819
1, 0.0820656, 0.075, 0.925, 0.0808878
1, 0.0781861, 0.075, 0.925, 0.0796248
1, 0.0764892, 0.075, 0.925, 0.0769272
1, 0.0808192, 0.075, 0.925, 0.0794751
1, 0.0863285, 0.075, 0.925, 0.0826655
1, 0.0892866, 0.08, 0.92, 0.0888829
1, 0.0893909, 0.08, 0.92, 0.0876044
1, 0.0818082, 0.08, 0.92, 0.0843156
1, 0.0851914, 0.08, 0.92, 0.0853854
1, 0.087446, 0.08, 0.92, 0.08694
1, 0.0879205, 0.08, 0.92, 0.0880099
1, 0.0844475, 0.08, 0.92, 0.0859337
1, 0.0811028, 0.08, 0.92, 0.0830842
1, 0.0876731, 0.08, 0.92, 0.0877004
1, 0.0852647, 0.08, 0.92, 0.0870731
1, 0.0845156, 0.08, 0.92, 0.083983
1, 0.0892525, 0.08, 0.92, 0.0857021
1, 0.0867347, 0.08, 0.92, 0.0862395
1, 0.0854149, 0.08, 0.92, 0.0879642
1, 0.0845913, 0.08, 0.92, 0.0841568
1, 0.0822846, 0.08, 0.92, 0.0841111
1, 0.0867182, 0.08, 0.92, 0.0870826
1, 0.0892548, 0.08, 0.92, 0.0877763
1, 0.0844875, 0.08, 0.92, 0.0858319
1, 0.0858002, 0.08, 0.92, 0.0852614
1, 0.0822885, 0.08, 0.92, 0.0837082
1, 0.0853053, 0.08, 0.92, 0.0863348
1, 0.0835278, 0.08, 0.92, 0.0853548
1, 0.0839731, 0.08, 0.92, 0.0817395
1, 0.0883415, 0.08, 0.92, 0.0859291
1, 0.0881866, 0.085, 0.915, 0.0911849
1, 0.0940687, 0.085, 0.915, 0.0940511
1, 0.0927725, 0.085, 0.915, 0.092296
1, 0.0947925, 0.085, 0.915, 0.0947551
1, 0.0928571, 0.085, 0.915, 0.0926874
1, 0.0896422, 0.085, 0.915, 0.0903918
1, 0.0913313, 0.085, 0.915, 0.089541
1, 0.0923249, 0.085, 0.915, 0.0939917
1, 0.0996774, 0.085, 0.915, 0.095414
1, 0.0935751, 0.085, 0.915, 0.0951817
1, 0.0882057, 0.085, 0.915, 0.0880306
1, 0.0947649, 0.085, 0.915, 0.0954733
1, 0.0865035, 0.085, 0.915, 0.0884189
1, 0.0933563, 0.085, 0.915, 0.0919323
1, 0.0907555, 0.085, 0.915, 0.0933376
1, 0.0889186, 0.085, 0.915, 0.0894987
1, 0.0949723, 0.085, 0.915, 0.0913599
1, 0.0903917, 0.085, 0.915, 0.091547
1, 0.0952629, 0.085, 0.915, 0.093171
1, 0.0859104, 0.085, 0.915, 0.0897705
1, 0.0912036, 0.085, 0.915, 0.0906978
1, 0.0888981, 0.085, 0.915, 0.0885752
1, 0.0895735, 0.085, 0.915, 0.0906687
1, 0.0857046, 0.085, 0.915, 0.0903288
1, 0.0956576, 0.085, 0.915, 0.0926412
1, 0.0916827, 0.09, 0.91, 0.0943244
1, 0.0986614, 0.09, 0.91, 0.0979351
1, 0.103743, 0.09, 0.91, 0.103121
1, 0.0964511, 0.09, 0.91, 0.0976742
1, 0.0952815, 0.09, 0.91, 0.100713
1, 0.0933169, 0.09, 0.91, 0.0959725
1, 0.0945099, 0.09, 0.91, 0.0975315
1, 0.0957518, 0.09, 0.91, 0.0988606
1, 0.0967517, 0.09, 0.91, 0.0962959
1, 0.0924075, 0.09, 0.91, 0.0962656
1, 0.0945176, 0.09, 0.91, 0.0950292
1, 0.0992097, 0.09, 0.91, 0.0981001
1, 0.097838, 0.09, 0.91, 0.0965127
1, 0.0958961, 0.09, 0.91, 0.0973043
1, 0.0979998, 0.09, 0.91, 0.101028
1, 0.0973805, 0.09, 0.91, 0.0952355
1, 0.0967094, 0.09, 0.91, 0.0959188
1, 0.101516, 0.09, 0.91, 0.0978652
1, 0.0941513, 0.09, 0.91, 0.0950639
1, 0.0961073, 0.09, 0.91, 0.0974896
1, 0.0974624, 0.09, 0.91, 0.0986068
1, 0.0959698, 0.09, 0.91, 0.0941278
1, 0.0926195, 0.09, 0.91, 0.0946947
1, 0.0970377, 0.09, 0.91, 0.0951355
1, 0.0939441, 0.09, 0.91, 0.0968105
1, 0.102722, 0.095, 0.905, 0.103295
1, 0.0978185, 0.095, 0.905, 0.101544
1, 0.105532, 0.095, 0.905, 0.1042
1, 0.10439, 0.095, 0.905, 0.10353
1, 0.0998013, 0.095, 0.905, 0.0998151
1, 0.108992, 0.095, 0.905, 0.108597
1, 0.102919, 0.095, 0.905, 0.10299
1, 0.105124, 0.095, 0.905, 0.105431
1, 0.105017, 0.095, 0.905, 0.104327
1, 0.109362, 0.095, 0.905, 0.104007
1, 0.104571, 0.095, 0.905, 0.10223
1, 0.105752, 0.095, 0.905, 0.10484
1, 0.101926, 0.095, 0.905, 0.102935
1, 0.104874, 0.095, 0.905, 0.101352
1, 0.104696, 0.095, 0.905, 0.102899
1, 0.100346, 0.095, 0.905, 0.106408
1, 0.100834, 0.095, 0.905, 0.10241
1, 0.102446, 0.095, 0.905, 0.106207
1, 0.101596, 0.095, 0.905, 0.104334
1, 0.106974, 0.095, 0.905, 0.104819
1, 0.103421, 0.095, 0.905, 0.105766
1, 0.102158, 0.095, 0.905, 0.10323
1, 0.103888, 0.095, 0.905, 0.10327
1, 0.102993, 0.095, 0.905, 0.100711
1, 0.0997574, 0.095, 0.905, 0.101604
1, 0.110457, 0.1, 0.9, 0.111819
1, 0.105278, 0.1, 0.9, 0.107082
1, 0.106402, 0.1, 0.9, 0.104637
1, 0.112781, 0.1, 0.9, 0.112361
1, 0.10415, 0.1, 0.9, 0.106541
1, 0.111036, 0.1, 0.9, 0.111009
1, 0.113854, 0.1, 0.9, 0.114992
1, 0.106202, 0.1, 0.9, 0.106782
1, 0.107029, 0.1, 0.9, 0.109423
1, 0.10996, 0.1, 0.9, 0.109935
1, 0.108633, 0.1, 0.9, 0.109936
1, 0.112311, 0.1, 0.9, 0.108891
1, 0.106261, 0.1, 0.9, 0.108631
1, 0.105676, 0.1, 0.9, 0.107304
1, 0.106778, 0.1, 0.9, 0.106686
1, 0.109999, 0.1, 0.9, 0.10854
1, 0.108146, 0.1, 0.9, 0.107548
1, 0.103326, 0.1, 0.9, 0.105881
1, 0.110579, 0.1, 0.9, 0.110024
1, 0.103315, 0.1, 0.9, 0.107516
1, 0.109722, 0.1, 0.9, 0.109784
1, 0.10821, 0.1, 0.9, 0.109514
1, 0.104084, 0.1, 0.9, 0.106398
1, 0.110815, 0.1, 0.9, 0.109269
1, 0.108457, 0.1, 0.9, 0.105426
1, 0.121068, 0.105, 0.895, 0.116948
1, 0.113195, 0.105, 0.895, 0.115055
1, 0.112474, 0.105, 0.895, 0.116547
1, 0.115083, 0.105, 0.895, 0.115533
1, 0.112542, 0.105, 0.895, 0.113103
1, 0.123054, 0.105, 0.895, 0.122176
1, 0.118924, 0.105, 0.895, 0.117805
1, 0.114724, 0.105, 0.895, 0.114924
1, 0.113783, 0.105, 0.895, 0.115633
1, 0.113421, 0.105, 0.895, 0.116935
1, 0.11542, 0.105, 0.895, 0.116234
1, 0.1153, 0.105, 0.895, 0.11577
1, 0.111695, 0.105, 0.895, 0.112595
1, 0.108395, 0.105, 0.895, 0.111251
1, 0.112897, 0.105, 0.895, 0.114512
1, 0.116202, 0.105, 0.895, 0.116062
1, 0.115388, 0.105, 0.895, 0.113201
1, 0.114703, 0.105, 0.895, 0.114042
1, 0.10927, 0.105, 0.895, 0.111886
1, 0.115403, 0.105, 0.895, 0.112986
1, 0.113702, 0.105, 0.895, 0.111824
1, 0.113915, 0.105, 0.895, 0.115717
1, 0.117647, 0.105, 0.895, 0.118266
1, 0.117786, 0.105, 0.895, 0.117747
1, 0.116112, 0.105, 0.895, 0.115849
1, 0.122845, 0.11, 0.89, 0.118793
1, 0.113965, 0.11, 0.89, 0.117757
1, 0.123171, 0.11, 0.89, 0.124329
1, 0.120947, 0.11, 0.89, 0.121661
1, 0.112795, 0.11, 0.89, 0.117945
1, 0.124146, 0.11, 0.89, 0.124883
1, 0.115801, 0.11, 0.89, 0.117174
1, 0.121514, 0.11, 0.89, 0.11884
1, 0.130011, 0.11, 0.89, 0.126443
1, 0.113819, 0.11, 0.89, 0.116967
1, 0.124394, 0.11, 0.89, 0.124559
1, 0.121039, 0.11, 0.89, 0.120312
1, 0.121287, 0.11, 0.89, 0.119609
1, 0.117402, 0.11, 0.89, 0.121753
1, 0.116731, 0.11, 0.89, 0.117988
1, 0.119782, 0.11, 0.89, 0.119546
1, 0.122138, 0.11, 0.89, 0.121108
1, 0.12335, 0.11, 0.89, 0.119484
1, 0.120626, 0.11, 0.89, 0.122346
1, 0.119957, 0.11, 0.89, 0.120609
1, 0.123694, 0.11, 0.89, 0.123904
1, 0.122814, 0.11, 0.89, 0.123843
1, 0.121046, 0.11, 0.89, 0.121047
1, 0.124659, 0.11, 0.89, 0.123443
1, 0.126206, 0.11, 0.89, 0.122223
1, 0.12668, 0.115, 0.885, 0.129073
1, 0.127321, 0.115, 0.885, 0.129609
1, 0.124123, 0.115, 0.885, 0.127718
1, 0.128491, 0.115, 0.885, 0.126494
1, 0.134152, 0.115, 0.885, 0.134385
1, 0.128474, 0.115, 0.885, 0.129202
1, 0.127163, 0.115, 0.885, 0.126503
1, 0.124282, 0.115, 0.885, 0.126297
1, 0.12973, 0.115, 0.885, 0.127431
1, 0.12042, 0.115, 0.885, 0.123643
1, 0.127582, 0.115, 0.885, 0.129778
1, 0.127386, 0.115, 0.885, 0.127724
1, 0.127854, 0.115, 0.885, 0.128009
1, 0.125536, 0.115, 0.885, 0.127202
1, 0.12867, 0.115, 0.885, 0.127194
1, 0.122255, 0.115, 0.885, 0.124917
1, 0.121066, 0.115, 0.885, 0.120483
1, 0.128595, 0.115, 0.885, 0.126419
1, 0.126598, 0.115, 0.885, 0.127637
1, 0.122263, 0.115, 0.885, 0.122942
1, 0.12905, 0.115, 0.885, 0.130659
1, 0.129385, 0.115, 0.885, 0.129814
1, 0.127452, 0.115, 0.885, 0.129231
1, 0.123471, 0.115, 0.885, 0.128759
1, 0.127295, 0.115, 0.885, 0.127458
1, 0.134337, 0.12, 0.88, 0.135176
1, 0.131254, 0.12, 0.88, 0.130985
1, 0.127256, 0.12, 0.88, 0.126951
1, 0.130875, 0.12, 0.88, 0.131891
1, 0.138374, 0.12, 0.88, 0.134946
1, 0.133577, 0.12, 0.88, 0.13501
1, 0.132269, 0.12, 0.88, 0.132732
1, 0.133624, 0.12, 0.88, 0.134021
1, 0.126922, 0.12, 0.88, 0.127033
1, 0.128968, 0.12, 0.88, 0.134083
1, 0.139821, 0.12, 0.88, 0.137962
1, 0.132192, 0.12, 0.88, 0.133801
1, 0.127302, 0.12, 0.88, 0.129352
1, 0.128117, 0.12, 0.88, 0.133023
1, 0.131728, 0.12, 0.88, 0.131417
1, 0.126196, 0.12, 0.88, 0.129971
1, 0.134571, 0.12, 0.88, 0.136615
1, 0.133673, 0.12, 0.88, 0.134304
1, 0.135969, 0.12, 0.88, 0.131613
1, 0.133261, 0.12, 0.88, 0.132261
1, 0.132575, 0.12, 0.88, 0.133584
1, 0.131297, 0.12, 0.88, 0.133195
1, 0.132396, 0.12, 0.88, 0.132538
1, 0.133923, 0.12, 0.88, 0.13116
1, 0.135916, 0.12, 0.88, 0.134566
1, 0.137415, 0.125, 0.875, 0.137968
1, 0.135808, 0.125, 0.875, 0.141957
1, 0.137752, 0.125, 0.875, 0.139819
1, 0.142358, 0.125, 0.875, 0.141178
1, 0.134435, 0.125, 0.875, 0.135365
1, 0.134982, 0.125, 0.875, 0.138607
1, 0.137927, 0.125, 0.875, 0.135272
1, 0.134732, 0.125, 0.875, 0.136494
1, 0.139608, 0.125, 0.875, 0.142567
1, 0.13217, 0.125, 0.875, 0.136487
1, 0.136588, 0.125, 0.875, 0.139638
1, 0.139903, 0.125, 0.875, 0.13791
1, 0.14077, 0.125, 0.875, 0.137708
1, 0.134797, 0.125, 0.875, 0.139291
1, 0.135552, 0.125, 0.875, 0.140215
1, 0.144873, 0.125, 0.875, 0.143983
1, 0.139454, 0.125, 0.875, 0.137264
1, 0.137733, 0.125, 0.875, 0.138002
1, 0.141457, 0.125, 0.875, 0.137031
1, 0.141296, 0.125, 0.875, 0.142338
1, 0.139253, 0.125, 0.875, 0.14091
1, 0.136334, 0.125, 0.875, 0.136971
1, 0.139948, 0.125, 0.875, 0.140759
1, 0.133708, 0.125, 0.875, 0.139205
1, 0.137685, 0.125, 0.875, 0.138148
1, 0.148278, 0.13, 0.87, 0.147243
1, 0.148632, 0.13, 0.87, 0.14739
1, 0.146883, 0.13, 0.87, 0.145349
1, 0.145222, 0.13, 0.87, 0.145701
1, 0.144535, 0.13, 0.87, 0.150128
1, 0.14192, 0.13, 0.87, 0.142992
1, 0.13986, 0.13, 0.87, 0.140769
1, 0.140875, 0.13, 0.87, 0.145255
1, 0.141571, 0.13, 0.87, 0.141571
1, 0.147517, 0.13, 0.87, 0.152419
1, 0.138798, 0.13, 0.87, 0.140904
1, 0.140109, 0.13, 0.87, 0.146819
1, 0.143651, 0.13, 0.87, 0.141058
1, 0.138061, 0.13, 0.87, 0.144114
1, 0.147551, 0.13, 0.87, 0.150644
1, 0.140527, 0.13, 0.87, 0.144604
1, 0.138524, 0.13, 0.87, 0.142825
1, 0.13897, 0.13, 0.87, 0.142722
1, 0.148934, 0.13, 0.87, 0.15102
1, 0.145445, 0.13, 0.87, 0.142085
1, 0.140621, 0.13, 0.87, 0.147633
1, 0.147869, 0.13, 0.87, 0.152745
1, 0.150676, 0.13, 0.87, 0.150767
1, 0.14104, 0.13, 0.87, 0.142793
1, 0.136301, 0.13, 0.87, 0.141419
1, 0.149828, 0.135, 0.865, 0.148495
1, 0.151223, 0.135, 0.865, 0.15173
1, 0.152889, 0.135, 0.865, 0.150042
1, 0.154286, 0.135, 0.865, 0.15596
1, 0.155602, 0.135, 0.865, 0.153969
1, 0.149322, 0.135, 0.865, 0.151336
1, 0.153588, 0.135, 0.865, 0.152018
1, 0.152213, 0.135, 0.865, 0.149154
1, 0.151537, 0.135, 0.865, 0.15081
1, 0.146278, 0.135, 0.865, 0.148853
1, 0.147892, 0.135, 0.865, 0.149607
1, 0.149788, 0.135, 0.865, 0.153095
1, 0.145546, 0.135, 0.865, 0.149372
1, 0.145789, 0.135, 0.865, 0.150584
1, 0.145959, 0.135, 0.865, 0.149554
1, 0.150334, 0.135, 0.865, 0.15332
1, 0.146321, 0.135, 0.865, 0.148889
1, 0.145904, 0.135, 0.865, 0.146876
1, 0.152203, 0.135, 0.865, 0.153627
1, 0.145735, 0.135, 0.865, 0.1493
1, 0.146989, 0.135, 0.865, 0.149677
1, 0.152548, 0.135, 0.865, 0.151995
1, 0.148139, 0.135, 0.865, 0.149485
1, 0.148771, 0.135, 0.865, 0.152517
1, 0.152927, 0.135, 0.865, 0.152475
1, 0.150632, 0.14, 0.86, 0.152853
1, 0.151017, 0.14, 0.86, 0.154912
1, 0.157861, 0.14, 0.86, 0.159013
1, 0.158228, 0.14, 0.86, 0.157909
1, 0.160228, 0.14, 0.86, 0.164547
1, 0.149332, 0.14, 0.86, 0.151175
1, 0.145606, 0.14, 0.86, 0.151671
1, 0.156576, 0.14, 0.86, 0.155948
1, 0.157853, 0.14, 0.86, 0.157585
1, 0.163043, 0.14, 0.86, 0.160815
1, 0.157772, 0.14, 0.86, 0.160873
1, 0.152964, 0.14, 0.86, 0.158259
1, 0.148867, 0.14, 0.86, 0.150496
1, 0.153786, 0.14, 0.86, 0.157252
1, 0.149484, 0.14, 0.86, 0.155111
1, 0.161311, 0.14, 0.86, 0.160373
1, 0.155072, 0.14, 0.86, 0.153407
1, 0.145975, 0.14, 0.86, 0.150042
1, 0.157638, 0.14, 0.86, 0.163054
1, 0.157196, 0.14, 0.86, 0.156213
1, 0.154989, 0.14, 0.86, 0.157383
1, 0.160515, 0.14, 0.86, 0.159133
1, 0.165611, 0.14, 0.86, 0.166534
1, 0.159805, 0.14, 0.86, 0.158855
1, 0.148471, 0.14, 0.86, 0.154274
1, 0.165435, 0.145, 0.855, 0.164054
1, 0.160952, 0.145, 0.855, 0.16153
1, 0.152379, 0.145, 0.855, 0.159225
1, 0.160675, 0.145, 0.855, 0.164442
1, 0.169074, 0.145, 0.855, 0.165399
1, 0.166816, 0.145, 0.855, 0.16479
1, 0.161764, 0.145, 0.855, 0.160607
1, 0.170428, 0.145, 0.855, 0.170707
1, 0.166492, 0.145, 0.855, 0.165471
1, 0.163333, 0.145, 0.855, 0.162596
1, 0.15466, 0.145, 0.855, 0.159174
1, 0.160392, 0.145, 0.855, 0.163348
1, 0.16146, 0.145, 0.855, 0.162552
1, 0.164158, 0.145, 0.855, 0.165728
1, 0.160381, 0.145, 0.855, 0.161389
1, 0.162685, 0.145, 0.855, 0.164691
1, 0.16432, 0.145, 0.855, 0.16137
1, 0.162958, 0.145, 0.855, 0.1626
1, 0.161545, 0.145, 0.855, 0.163038
1, 0.164933, 0.145, 0.855, 0.164874
1, 0.159606, 0.145, 0.855, 0.162425
1, 0.158601, 0.145, 0.855, 0.164794
1, 0.166838, 0.145, 0.855, 0.166695
1, 0.166277, 0.145, 0.855, 0.16793
1, 0.167267, 0.145, 0.855, 0.167892
1, 0.164295, 0.15, 0.85, 0.166971
1, 0.165014, 0.15, 0.85, 0.170334
1, 0.166759, 0.15, 0.85, 0.168005
1, 0.16718, 0.15, 0.85, 0.171601
1, 0.169013, 0.15, 0.85, 0.171655
1, 0.170516, 0.15, 0.85, 0.171017
1, 0.166059, 0.15, 0.85, 0.166468
1, 0.160519, 0.15, 0.85, 0.164497
1, 0.1696, 0.15, 0.85, 0.172386
1, 0.168455, 0.15, 0.85, 0.167606
1, 0.174401, 0.15, 0.85, 0.170545
1, 0.169269, 0.15, 0.85, 0.169772
1, 0.166402, 0.15, 0.85, 0.170611
1, 0.171735, 0.15, 0.85, 0.17064
1, 0.162449, 0.15, 0.85, 0.165034
1, 0.172341, 0.15, 0.85, 0.171273
1, 0.171015, 0.15, 0.85, 0.174401
1, 0.168774, 0.15, 0.85, 0.167103
1, 0.170728, 0.15, 0.85, 0.174252
1, 0.1733, 0.15, 0.85, 0.177744
1, 0.161657, 0.15, 0.85, 0.16567
1, 0.165435, 0.15, 0.85, 0.163573
1, 0.162758, 0.15, 0.85, 0.166904
1, 0.167041, 0.15, 0.85, 0.17048
1, 0.162223, 0.15, 0.85, 0.166886
1, 0.180349, 0.155, 0.845, 0.177926
1, 0.171252, 0.155, 0.845, 0.174412
1, 0.170245, 0.155, 0.845, 0.173328
1, 0.178093, 0.155, 0.845, 0.177911
1, 0.167546, 0.155, 0.845, 0.17307
1, 0.174727, 0.155, 0.845, 0.175914
1, 0.169553, 0.155, 0.845, 0.170311
1, 0.177122, 0.155, 0.845, 0.17287
1, 0.175789, 0.155, 0.845, 0.176501
1, 0.171207, 0.155, 0.845, 0.177567
1, 0.16839, 0.155, 0.845, 0.173128
1, 0.172096, 0.155, 0.845, 0.174518
1, 0.174168, 0.155, 0.845, 0.1805
1, 0.171281, 0.155, 0.845, 0.17451
1, 0.159249, 0.155, 0.845, 0.165125
1, 0.171005, 0.155, 0.845, 0.176511
1, 0.173581, 0.155, 0.845, 0.178768
1, 0.172883, 0.155, 0.845, 0.174791
1, 0.167918, 0.155, 0.845, 0.172402
1, 0.1787, 0.155, 0.845, 0.173185
1, 0.173931, 0.155, 0.845, 0.175652
1, 0.181284, 0.155, 0.845, 0.1815
1, 0.174309, 0.155, 0.845, 0.176624
1, 0.18193, 0.155, 0.845, 0.179441
1, 0.179632, 0.155, 0.845, 0.18081
1, 0.180662, 0.16, 0.84, 0.182641
1, 0.182538, 0.16, 0.84, 0.186855
1, 0.181785, 0.16, 0.84, 0.183649
1, 0.174458, 0.16, 0.84, 0.179064
1, 0.185791, 0.16, 0.84, 0.186984
1, 0.183278, 0.16, 0.84, 0.184817
1, 0.172989, 0.16, 0.84, 0.180017
1, 0.184567, 0.16, 0.84, 0.186058
1, 0.180223, 0.16, 0.84, 0.181922
1, 0.178396, 0.16, 0.84, 0.179654
1, 0.179573, 0.16, 0.84, 0.180816
1, 0.172683, 0.16, 0.84, 0.176911
1, 0.184213, 0.16, 0.84, 0.186036
1, 0.186458, 0.16, 0.84, 0.188037
1, 0.17883, 0.16, 0.84, 0.1802
1, 0.180602, 0.16, 0.84, 0.179628
1, 0.172365, 0.16, 0.84, 0.179384
1, 0.182899, 0.16, 0.84, 0.186307
1, 0.183414, 0.16, 0.84, 0.187226
1, 0.182851, 0.16, 0.84, 0.186633
1, 0.180541, 0.16, 0.84, 0.179713
1, 0.182844, 0.16, 0.84, 0.181512
1, 0.179639, 0.16, 0.84, 0.184308
1, 0.178733, 0.16, 0.84, 0.179197
1, 0.178829, 0.16, 0.84, 0.181512
1, 0.195875, 0.165, 0.835, 0.194274
1, 0.188649, 0.165, 0.835, 0.186678
1, 0.190128, 0.165, 0.835, 0.191208
1, 0.183893, 0.165, 0.835, 0.184367
1, 0.18718, 0.165, 0.835, 0.187746
1, 0.186044, 0.165, 0.835, 0.190414
1, 0.187601, 0.165, 0.835, 0.188059
1, 0.18374, 0.165, 0.835, 0.187364
1, 0.182046, 0.165, 0.835, 0.188406
1, 0.188352, 0.165, 0.835, 0.189763
1, 0.187383, 0.165, 0.835, 0.188276
1, 0.185521, 0.165, 0.835, 0.189113
1, 0.187613, 0.165, 0.835, 0.187637
1, 0.18763, 0.165, 0.835, 0.19036
1, 0.193037, 0.165, 0.835, 0.188505
1, 0.188427, 0.165, 0.835, 0.189964
1, 0.191612, 0.165, 0.835, 0.191928
1, 0.190769, 0.165, 0.835, 0.190728
1, 0.186504, 0.165, 0.835, 0.184158
1, 0.189351, 0.165, 0.835, 0.189336
1, 0.182737, 0.165, 0.835, 0.188502
1, 0.183554, 0.165, 0.835, 0.184227
1, 0.179115, 0.165, 0.835, 0.181269
1, 0.192273, 0.165, 0.835, 0.193323
1, 0.192631, 0.165, 0.835, 0.195861
1, 0.190312, 0.17, 0.83, 0.193668
1, 0.196167, 0.17, 0.83, 0.197022
1, 0.193812, 0.17, 0.83, 0.198266
1, 0.190908, 0.17, 0.83, 0.190625
1, 0.193047, 0.17, 0.83, 0.198798
1, 0.197527, 0.17, 0.83, 0.201412
1, 0.194872, 0.17, 0.83, 0.197256
1, 0.192843, 0.17, 0.83, 0.193246
1, 0.190471, 0.17, 0.83, 0.196067
1, 0.204035, 0.17, 0.83, 0.204531
1, 0.193083, 0.17, 0.83, 0.195509
1, 0.187959, 0.17, 0.83, 0.186734
1, 0.189651, 0.17, 0.83, 0.194212
1, 0.197197, 0.17, 0.83, 0.200349
1, 0.183603, 0.17, 0.83, 0.190345
1, 0.185208, 0.17, 0.83, 0.192532
1, 0.192835, 0.17, 0.83, 0.194767
1, 0.208259, 0.17, 0.83, 0.208854
1, 0.191383, 0.17, 0.83, 0.193336
1, 0.197574, 0.17, 0.83, 0.194752
1, 0.19027, 0.17, 0.83, 0.193193
1, 0.19475, 0.17, 0.83, 0.193965
1, 0.19287, 0.17, 0.83, 0.196639
1, 0.192421, 0.17, 0.83, 0.192404
1, 0.193649, 0.17, 0.83, 0.194636
1, 0.200893, 0.175, 0.825, 0.203608
1, 0.20067, 0.175, 0.825, 0.201284
1, 0.18977, 0.175, 0.825, 0.194459
1, 0.19496, 0.175, 0.825, 0.201603
1, 0.205211, 0.175, 0.825, 0.20708
1, 0.204935, 0.175, 0.825, 0.203293
1, 0.199258, 0.175, 0.825, 0.206017
1, 0.192587, 0.175, 0.825, 0.19859
1, 0.205562, 0.175, 0.825, 0.203797
1, 0.196906, 0.175, 0.825, 0.199359
1, 0.206995, 0.175, 0.825, 0.206232
1, 0.20049, 0.175, 0.825, 0.201418
1, 0.205949, 0.175, 0.825, 0.203662
1, 0.200464, 0.175, 0.825, 0.203252
1, 0.195044, 0.175, 0.825, 0.198504
1, 0.201382, 0.175, 0.825, 0.199116
1, 0.211086, 0.175, 0.825, 0.207408
1, 0.198788, 0.175, 0.825, 0.201296
1, 0.19898, 0.175, 0.825, 0.204559
1, 0.201601, 0.175, 0.825, 0.202619
1, 0.201307, 0.175, 0.825, 0.203878
1, 0.20617, 0.175, 0.825, 0.210399
1, 0.195429, 0.175, 0.825, 0.198896
1, 0.197322, 0.175, 0.825, 0.196716
1, 0.201963, 0.175, 0.825, 0.204839
1, 0.201702, 0.18, 0.82, 0.206121
1, 0.208011, 0.18, 0.82, 0.211174
1, 0.204862, 0.18, 0.82, 0.202961
1, 0.215652, 0.18, 0.82, 0.214257
1, 0.207962, 0.18, 0.82, 0.209761
1, 0.198668, 0.18, 0.82, 0.203845
1, 0.202055, 0.18, 0.82, 0.2039
1, 0.214334, 0.18, 0.82, 0.216691
1, 0.203328, 0.18, 0.82, 0.211255
1, 0.205737, 0.18, 0.82, 0.207891
1, 0.201694, 0.18, 0.82, 0.211305
1, 0.207709, 0.18, 0.82, 0.214158
1, 0.206447, 0.18, 0.82, 0.208672
1, 0.204192, 0.18, 0.82, 0.208946
1, 0.20372, 0.18, 0.82, 0.207933
1, 0.200145, 0.18, 0.82, 0.204152
1, 0.199376, 0.18, 0.82, 0.205905
1, 0.203463, 0.18, 0.82, 0.207373
1, 0.206242, 0.18, 0.82, 0.207174
1, 0.209552, 0.18, 0.82, 0.210441
1, 0.207618, 0.18, 0.82, 0.213856
1, 0.214173, 0.18, 0.82, 0.215083
1, 0.206627, 0.18, 0.82, 0.205449
1, 0.214077, 0.18, 0.82, 0.210187
1, 0.202153, 0.18, 0.82, 0.20836
1, 0.210273, 0.185, 0.815, 0.212523
1, 0.217392, 0.185, 0.815, 0.215624
1, 0.211207, 0.185, 0.815, 0.215206
1, 0.205996, 0.185, 0.815, 0.208548
1, 0.217993, 0.185, 0.815, 0.219951
1, 0.204674, 0.185, 0.815, 0.207339
1, 0.217713, 0.185, 0.815, 0.215697
1, 0.216125, 0.185, 0.815, 0.220553
1, 0.214539, 0.185, 0.815, 0.213816
1, 0.207376, 0.185, 0.815, 0.210235
1, 0.217834, 0.185, 0.815, 0.218834
1, 0.211369, 0.185, 0.815, 0.213195
1, 0.217525, 0.185, 0.815, 0.218828
1, 0.208644, 0.185, 0.815, 0.214486
1, 0.210529, 0.185, 0.815, 0.212069
1, 0.217566, 0.185, 0.815, 0.218005
1, 0.21732, 0.185, 0.815, 0.216721
1, 0.213859, 0.185, 0.815, 0.213682
1, 0.213947, 0.185, 0.815, 0.220507
1, 0.21062, 0.185, 0.815, 0.210249
1, 0.220256, 0.185, 0.815, 0.218602
1, 0.206278, 0.185, 0.815, 0.21134
1, 0.215139, 0.185, 0.815, 0.21603
1, 0.201885, 0.185, 0.815, 0.210746
1, 0.209851, 0.185, 0.815, 0.21382
1, 0.218173, 0.19, 0.81, 0.221615
1, 0.219589, 0.19, 0.81, 0.218609
1, 0.210536, 0.19, 0.81, 0.211805
1, 0.218502, 0.19, 0.81, 0.22342
1, 0.21769, 0.19, 0.81, 0.219669
1, 0.217003, 0.19, 0.81, 0.219421
1, 0.218998, 0.19, 0.81, 0.222287
1, 0.225406, 0.19, 0.81, 0.227043
1, 0.217812, 0.19, 0.81, 0.219336
1, 0.214942, 0.19, 0.81, 0.221424
1, 0.217994, 0.19, 0.81, 0.220341
1, 0.216263, 0.19, 0.81, 0.221984
1, 0.218814, 0.19, 0.81, 0.222918
1, 0.216115, 0.19, 0.81, 0.221139
1, 0.222745, 0.19, 0.81, 0.221947
1, 0.221607, 0.19, 0.81, 0.224551
1, 0.213937, 0.19, 0.81, 0.214336
1, 0.216269, 0.19, 0.81, 0.218362
1, 0.219422, 0.19, 0.81, 0.222352
1, 0.220995, 0.19, 0.81, 0.221545
1, 0.217981, 0.19, 0.81, 0.224695
1, 0.222145, 0.19, 0.81, 0.225558
1, 0.223944, 0.19, 0.81, 0.228628
1, 0.218716, 0.19, 0.81, 0.220123
1, 0.21879, 0.19, 0.81, 0.222307
1, 0.225898, 0.195, 0.805, 0.227495
1, 0.227921, 0.195, 0.805, 0.231076
1, 0.225433, 0.195, 0.805, 0.234835
1, 0.23131, 0.195, 0.805, 0.231398
1, 0.223579, 0.195, 0.805, 0.227227
1, 0.23199, 0.195, 0.805, 0.231569
1, 0.222584, 0.195, 0.805, 0.229217
1, 0.230091, 0.195, 0.805, 0.231773
1, 0.230124, 0.195, 0.805, 0.234653
1, 0.22215, 0.195, 0.805, 0.232157
1, 0.228104, 0.195, 0.805, 0.229547
1, 0.224873, 0.195, 0.805, 0.22445
1, 0.220009, 0.195, 0.805, 0.225356
1, 0.214159, 0.195, 0.805, 0.227161
1, 0.222955, 0.195, 0.805, 0.229111
1, 0.218449, 0.195, 0.805, 0.228124
1, 0.222058, 0.195, 0.805, 0.22609
1, 0.225179, 0.195, 0.805, 0.22742
1, 0.233498, 0.195, 0.805, 0.234347
1, 0.226069, 0.195, 0.805, 0.2311
1, 0.228966, 0.195, 0.805, 0.231009
1, 0.228827, 0.195, 0.805, 0.231102
1, 0.225109, 0.195, 0.805, 0.226712
1, 0.227276, 0.195, 0.805, 0.233469
1, 0.219276, 0.195, 0.805, 0.221463
1, 0.228385, 0.2, 0.8, 0.234618
1, 0.230562, 0.2, 0.8, 0.235791
1, 0.229805, 0.2, 0.8, 0.234556
1, 0.226681, 0.2, 0.8, 0.228969
1, 0.226511, 0.2, 0.8, 0.232558
1, 0.234647, 0.2, 0.8, 0.237116
1, 0.225352, 0.2, 0.8, 0.233647
1, 0.225994, 0.2, 0.8, 0.234353
1, 0.223904, 0.2, 0.8, 0.232449
1, 0.226388, 0.2, 0.8, 0.232255
1, 0.227723, 0.2, 0.8, 0.237663
1, 0.235189, 0.2, 0.8, 0.239679
1, 0.24078, 0.2, 0.8, 0.240089
1, 0.23086, 0.2, 0.8, 0.231106
1, 0.230134, 0.2, 0.8, 0.236684
1, 0.226105, 0.2, 0.8, 0.232323
1, 0.233234, 0.2, 0.8, 0.234735
1, 0.22556, 0.2, 0.8, 0.231264
1, 0.233859, 0.2, 0.8, 0.235151
1, 0.223714, 0.2, 0.8, 0.231707
1, 0.234254, 0.2, 0.8, 0.233756
1, 0.226142, 0.2, 0.8, 0.23156
1, 0.231212, 0.2, 0.8, 0.236776
1, 0.231155, 0.2, 0.8, 0.231923
1, 0.233738, 0.2, 0.8, 0.237082
1, 0.24049, 0.205, 0.795, 0.242472
1, 0.239597, 0.205, 0.795, 0.245645
1, 0.239924, 0.205, 0.795, 0.23967
1, 0.238452, 0.205, 0.795, 0.240441
1, 0.239633, 0.205, 0.795, 0.24352
1, 0.239509, 0.205, 0.795, 0.244185
1, 0.240927, 0.205, 0.795, 0.243328
1, 0.233191, 0.205, 0.795, 0.2398
1, 0.231282, 0.205, 0.795, 0.240905
1, 0.236116, 0.205, 0.795, 0.237656
1, 0.234644, 0.205, 0.795, 0.24423
1, 0.238363, 0.205, 0.795, 0.237517
1, 0.238374, 0.205, 0.795, 0.240299
1, 0.231955, 0.205, 0.795, 0.237174
1, 0.233271, 0.205, 0.795, 0.238827
1, 0.236115, 0.205, 0.795, 0.244343
1, 0.239931, 0.205, 0.795, 0.24056
1, 0.239229, 0.205, 0.795, 0.237949
1, 0.236118, 0.205, 0.795, 0.23882
1, 0.2435, 0.205, 0.795, 0.245587
1, 0.237702, 0.205, 0.795, 0.239976
1, 0.242529, 0.205, 0.795, 0.24154
1, 0.23961, 0.205, 0.795, 0.242055
1, 0.235468, 0.205, 0.795, 0.237746
1, 0.237531, 0.205, 0.795, 0.242093
1, 0.241908, 0.21, 0.79, 0.248323
1, 0.245599, 0.21, 0.79, 0.248531
1, 0.23893, 0.21, 0.79, 0.245882
1, 0.238641, 0.21, 0.79, 0.248379
1, 0.247865, 0.21, 0.79, 0.25217
1, 0.242009, 0.21, 0.79, 0.24398
1, 0.254472, 0.21, 0.79, 0.253644
1, 0.245857, 0.21, 0.79, 0.249084
1, 0.247621, 0.21, 0.79, 0.248663
1, 0.250356, 0.21, 0.79, 0.254521
1, 0.251363, 0.21, 0.79, 0.251393
1, 0.248679, 0.21, 0.79, 0.248892
1, 0.24321, 0.21, 0.79, 0.245441
1, 0.243319, 0.21, 0.79, 0.249926
1, 0.240005, 0.21, 0.79, 0.249603
1, 0.244659, 0.21, 0.79, 0.249837
1, 0.24533, 0.21, 0.79, 0.246444
1, 0.250678, 0.21, 0.79, 0.251666
1, 0.250076, 0.21, 0.79, 0.253154
1, 0.245281, 0.21, 0.79, 0.252555
1, 0.250414, 0.21, 0.79, 0.254075
1, 0.24987, 0.21, 0.79, 0.248818
1, 0.235199, 0.21, 0.79, 0.245768
1, 0.249105, 0.21, 0.79, 0.249316
1, 0.249961, 0.21, 0.79, 0.253099
1, 0.250757, 0.215, 0.785, 0.256148
1, 0.250026, 0.215, 0.785, 0.252296
1, 0.250406, 0.215, 0.785, 0.25245
1, 0.249478, 0.215, 0.785, 0.25164
1, 0.251363, 0.215, 0.785, 0.255833
1, 0.252658, 0.215, 0.785, 0.258894
1, 0.254383, 0.215, 0.785, 0.256833
1, 0.249833, 0.215, 0.785, 0.253873
1, 0.248259, 0.215, 0.785, 0.255481
1, 0.251792, 0.215, 0.785, 0.251472
1, 0.257071, 0.215, 0.785, 0.253582
1, 0.244115, 0.215, 0.785, 0.248822
1, 0.25135, 0.215, 0.785, 0.253276
1, 0.251404, 0.215, 0.785, 0.255952
1, 0.245152, 0.215, 0.785, 0.252175
1, 0.247603, 0.215, 0.785, 0.254472
1, 0.256606, 0.215, 0.785, 0.259149
1, 0.24967, 0.215, 0.785, 0.252434
1, 0.254578, 0.215, 0.785, 0.259007
1, 0.253536, 0.215, 0.785, 0.256483
1, 0.247512, 0.215, 0.785, 0.253896
1, 0.255618, 0.215, 0.785, 0.256017
1, 0.241592, 0.215, 0.785, 0.25107
1, 0.258426, 0.215, 0.785, 0.261733
1, 0.247311, 0.215, 0.785, 0.256676
1, 0.26051, 0.22, 0.78, 0.259023
1, 0.260434, 0.22, 0.78, 0.265036
1, 0.264167, 0.22, 0.78, 0.266679
1, 0.251589, 0.22, 0.78, 0.256739
1, 0.265182, 0.22, 0.78, 0.264756
1, 0.261147, 0.22, 0.78, 0.263158
1, 0.259449, 0.22, 0.78, 0.262041
1, 0.258342, 0.22, 0.78, 0.261986
1, 0.264334, 0.22, 0.78, 0.267305
1, 0.257797, 0.22, 0.78, 0.26351
1, 0.258987, 0.22, 0.78, 0.265727
1, 0.263912, 0.22, 0.78, 0.264968
1, 0.264371, 0.22, 0.78, 0.267936
1, 0.248931, 0.22, 0.78, 0.257898
1, 0.252183, 0.22, 0.78, 0.259609
1, 0.258526, 0.22, 0.78, 0.264766
1, 0.259309, 0.22, 0.78, 0.259428
1, 0.266235, 0.22, 0.78, 0.266119
1, 0.263019, 0.22, 0.78, 0.268028
1, 0.266211, 0.22, 0.78, 0.265801
1, 0.265342, 0.22, 0.78, 0.263513
1, 0.258499, 0.22, 0.78, 0.265721
1, 0.252159, 0.22, 0.78, 0.257751
1, 0.256992, 0.22, 0.78, 0.260231
1, 0.266781, 0.22, 0.78, 0.266182
1, 0.255547, 0.225, 0.775, 0.263392
1, 0.263445, 0.225, 0.775, 0.268684
1, 0.270595, 0.225, 0.775, 0.275759
1, 0.269103, 0.225, 0.775, 0.26933
1, 0.270663, 0.225, 0.775, 0.272037
1, 0.260442, 0.225, 0.775, 0.262454
1, 0.26386, 0.225, 0.775, 0.267169
1, 0.26645, 0.225, 0.775, 0.270287
1, 0.269821, 0.225, 0.775, 0.268507
1, 0.258196, 0.225, 0.775, 0.26569
1, 0.2754, 0.225, 0.775, 0.279938
1, 0.262339, 0.225, 0.775, 0.274085
1, 0.259768, 0.225, 0.775, 0.267995
1, 0.263678, 0.225, 0.775, 0.270649
1, 0.267837, 0.225, 0.775, 0.267207
1, 0.265151, 0.225, 0.775, 0.267957
1, 0.256244, 0.225, 0.775, 0.25848
1, 0.276687, 0.225, 0.775, 0.275539
1, 0.258515, 0.225, 0.775, 0.265718
1, 0.269627, 0.225, 0.775, 0.270535
1, 0.259795, 0.225, 0.775, 0.263249
1, 0.272309, 0.225, 0.775, 0.274141
1, 0.271011, 0.225, 0.775, 0.266403
1, 0.26928, 0.225, 0.775, 0.271201
1, 0.264462, 0.225, 0.775, 0.271115
1, 0.281116, 0.23, 0.77, 0.278869
1, 0.26911, 0.23, 0.77, 0.27295
1, 0.272384, 0.23, 0.77, 0.272596
1, 0.28712, 0.23, 0.77, 0.284509
1, 0.268702, 0.23, 0.77, 0.278293
1, 0.280078, 0.23, 0.77, 0.279707
1, 0.269733, 0.23, 0.77, 0.274475
1, 0.271576, 0.23, 0.77, 0.271763
1, 0.264854, 0.23, 0.77, 0.274966
1, 0.277314, 0.23, 0.77, 0.277082
1, 0.272451, 0.23, 0.77, 0.277062
1, 0.262897, 0.23, 0.77, 0.275444
1, 0.278421, 0.23, 0.77, 0.276327
1, 0.278216, 0.23, 0.77, 0.279395
1, 0.272451, 0.23, 0.77, 0.276372
1, 0.26947, 0.23, 0.77, 0.275305
1, 0.265684, 0.23, 0.77, 0.275573
1, 0.262985, 0.23, 0.77, 0.269336
1, 0.271801, 0.23, 0.77, 0.275158
1, 0.268311, 0.23, 0.77, 0.281648
1, 0.264481, 0.23, 0.77, 0.273968
1, 0.265832, 0.23, 0.77, 0.271063
1, 0.268616, 0.23, 0.77, 0.274734
1, 0.270323, 0.23, 0.77, 0.275655
1, 0.268957, 0.23, 0.77, 0.274704
1, 0.288538, 0.235, 0.765, 0.285886
1, 0.268652, 0.235, 0.765, 0.274075
1, 0.27601, 0.235, 0.765, 0.286257
1, 0.278276, 0.235, 0.765, 0.279349
1, 0.281128, 0.235, 0.765, 0.287241
1, 0.272615, 0.235, 0.765, 0.281837
1, 0.274924, 0.235, 0.765, 0.280065
1, 0.272664, 0.235, 0.765, 0.275698
1, 0.276011, 0.235, 0.765, 0.28476
1, 0.277574, 0.235, 0.765, 0.284746
1, 0.278059, 0.235, 0.765, 0.284216
1, 0.275775, 0.235, 0.765, 0.279623
1, 0.26339, 0.235, 0.765, 0.272407
1, 0.289419, 0.235, 0.765, 0.291251
1, 0.284229, 0.235, 0.765, 0.28667
1, 0.287591, 0.235, 0.765, 0.292375
1, 0.285376, 0.235, 0.765, 0.292106
1, 0.283972, 0.235, 0.765, 0.284637
1, 0.282309, 0.235, 0.765, 0.282846
1, 0.281469, 0.235, 0.765, 0.281195
1, 0.275343, 0.235, 0.765, 0.280778
1, 0.279074, 0.235, 0.765, 0.282584
1, 0.279149, 0.235, 0.765, 0.280785
1, 0.280823, 0.235, 0.765, 0.286665
1, 0.27597, 0.235, 0.765, 0.283852
1, 0.287302, 0.24, 0.76, 0.285783
1, 0.299225, 0.24, 0.76, 0.300683
1, 0.289812, 0.24, 0.76, 0.294816
1, 0.282284, 0.24, 0.76, 0.28711
1, 0.28287, 0.24, 0.76, 0.285063
1, 0.285988, 0.24, 0.76, 0.292086
1, 0.282136, 0.24, 0.76, 0.28511
1, 0.290328, 0.24, 0.76, 0.290915
1, 0.280644, 0.24, 0.76, 0.284328
1, 0.294535, 0.24, 0.76, 0.29624
1, 0.284517, 0.24, 0.76, 0.292148
1, 0.281848, 0.24, 0.76, 0.289442
1, 0.288765, 0.24, 0.76, 0.292497
1, 0.284464, 0.24, 0.76, 0.290002
1, 0.289372, 0.24, 0.76, 0.292094
1, 0.282126, 0.24, 0.76, 0.287096
1, 0.283057, 0.24, 0.76, 0.288955
1, 0.285723, 0.24, 0.76, 0.294873
1, 0.29797, 0.24, 0.76, 0.298939
1, 0.286822, 0.24, 0.76, 0.291212
1, 0.28941, 0.24, 0.76, 0.288381
1, 0.283309, 0.24, 0.76, 0.287759
1, 0.275714, 0.24, 0.76, 0.287497
1, 0.281178, 0.24, 0.76, 0.291629
1, 0.293873, 0.24, 0.76, 0.296994
1, 0.300573, 0.245, 0.755, 0.304238
1, 0.295049, 0.245, 0.755, 0.297183
1, 0.294778, 0.245, 0.755, 0.301533
1, 0.28528, 0.245, 0.755, 0.293458
1, 0.291608, 0.245, 0.755, 0.299854
1, 0.297145, 0.245, 0.755, 0.302026
1, 0.287631, 0.245, 0.755, 0.296608
1, 0.28996, 0.245, 0.755, 0.299746
1, 0.286665, 0.245, 0.755, 0.290145
1, 0.289088, 0.245, 0.755, 0.289356
1, 0.292373, 0.245, 0.755, 0.301232
1, 0.297615, 0.245, 0.755, 0.30169
1, 0.281963, 0.245, 0.755, 0.28993
1, 0.298285, 0.245, 0.755, 0.301546
1, 0.295834, 0.245, 0.755, 0.295193
1, 0.28175, 0.245, 0.755, 0.28682
1, 0.290347, 0.245, 0.755, 0.296367
1, 0.296904, 0.245, 0.755, 0.299818
1, 0.302012, 0.245, 0.755, 0.302409
1, 0.288007, 0.245, 0.755, 0.291899
1, 0.296346, 0.245, 0.755, 0.300475
1, 0.291368, 0.245, 0.755, 0.298781
1, 0.291173, 0.245, 0.755, 0.295434
1, 0.295227, 0.245, 0.755, 0.297276
1, 0.294744, 0.245, 0.755, 0.296219
1, 0.300415, 0.25, 0.75, 0.301621
1, 0.304346, 0.25, 0.75, 0.305713
1, 0.287858, 0.25, 0.75, 0.292034
1, 0.303101, 0.25, 0.75, 0.307575
1, 0.298497, 0.25, 0.75, 0.308825
1, 0.297437, 0.25, 0.75, 0.302311
1, 0.30233, 0.25, 0.75, 0.307862
1, 0.289095, 0.25, 0.75, 0.299903
1, 0.30457, 0.25, 0.75, 0.306353
1, 0.304183, 0.25, 0.75, 0.313951
1, 0.301928, 0.25, 0.75, 0.310358
1, 0.312109, 0.25, 0.75, 0.313994
1, 0.302274, 0.25, 0.75, 0.309752
1, 0.296439, 0.25, 0.75, 0.300625
1, 0.296594, 0.25, 0.75, 0.303629
1, 0.298704, 0.25, 0.75, 0.299362
1, 0.309934, 0.25, 0.75, 0.312132
1, 0.295226, 0.25, 0.75, 0.303666
1, 0.304298, 0.25, 0.75, 0.309883
1, 0.302913, 0.25, 0.75, 0.306253
1, 0.305726, 0.25, 0.75, 0.305783
1, 0.300875, 0.25, 0.75, 0.304659
1, 0.288709, 0.25, 0.75, 0.297703
1, 0.293747, 0.25, 0.75, 0.30254
1, 0.302877, 0.25, 0.75, 0.305639
1, 0.307154, 0.255, 0.745, 0.316723
1, 0.304044, 0.255, 0.745, 0.307725
1, 0.303907, 0.255, 0.745, 0.311056
1, 0.307618, 0.255, 0.745, 0.312115
1, 0.313672, 0.255, 0.745, 0.31966
1, 0.306853, 0.255, 0.745, 0.306592
1, 0.30574, 0.255, 0.745, 0.306389
1, 0.310923, 0.255, 0.745, 0.313878
1, 0.319363, 0.255, 0.745, 0.320836
1, 0.309425, 0.255, 0.745, 0.309679
1, 0.305547, 0.255, 0.745, 0.31258
1, 0.312481, 0.255, 0.745, 0.316453
1, 0.311671, 0.255, 0.745, 0.31423
1, 0.312927, 0.255, 0.745, 0.31737
1, 0.315663, 0.255, 0.745, 0.315296
1, 0.301777, 0.255, 0.745, 0.309493
1, 0.307475, 0.255, 0.745, 0.31154
1, 0.316489, 0.255, 0.745, 0.314062
1, 0.302384, 0.255, 0.745, 0.307368
1, 0.310804, 0.255, 0.745, 0.313997
1, 0.312225, 0.255, 0.745, 0.32232
1, 0.305625, 0.255, 0.745, 0.308856
1, 0.3029, 0.255, 0.745, 0.309242
1, 0.309997, 0.255, 0.745, 0.313834
1, 0.300586, 0.255, 0.745, 0.301072
1, 0.30049, 0.26, 0.74, 0.315336
1, 0.318964, 0.26, 0.74, 0.31984
1, 0.320199, 0.26, 0.74, 0.321795
1, 0.3117, 0.26, 0.74, 0.315864
1, 0.320753, 0.26, 0.74, 0.323108
1, 0.307001, 0.26, 0.74, 0.31217
1, 0.311654, 0.26, 0.74, 0.320554
1, 0.310495, 0.26, 0.74, 0.316238
1, 0.312453, 0.26, 0.74, 0.315353
1, 0.317696, 0.26, 0.74, 0.325777
1, 0.316213, 0.26, 0.74, 0.324008
1, 0.3093, 0.26, 0.74, 0.317981
1, 0.317684, 0.26, 0.74, 0.329223
1, 0.318934, 0.26, 0.74, 0.325149
1, 0.307862, 0.26, 0.74, 0.312155
1, 0.316669, 0.26, 0.74, 0.326986
1, 0.31965, 0.26, 0.74, 0.320177
1, 0.317692, 0.26, 0.74, 0.321846
1, 0.31211, 0.26, 0.74, 0.32232
1, 0.313065, 0.26, 0.74, 0.315628
1, 0.305488, 0.26, 0.74, 0.313073
1, 0.323037, 0.26, 0.74, 0.32047
1, 0.311332, 0.26, 0.74, 0.318841
1, 0.317086, 0.26, 0.74, 0.319402
1, 0.312476, 0.26, 0.74, 0.314734
1, 0.325422, 0.265, 0.735, 0.330162
1, 0.310189, 0.265, 0.735, 0.317564
1, 0.323001, 0.265, 0.735, 0.329223
1, 0.321558, 0.265, 0.735, 0.332756
1, 0.326716, 0.265, 0.735, 0.331475
1, 0.326584, 0.265, 0.735, 0.330906
1, 0.328439, 0.265, 0.735, 0.327431
1, 0.323101, 0.265, 0.735, 0.329561
1, 0.325083, 0.265, 0.735, 0.327748
1, 0.312891, 0.265, 0.735, 0.323061
1, 0.321813, 0.265, 0.735, 0.324088
1, 0.316823, 0.265, 0.735, 0.32153
1, 0.305408, 0.265, 0.735, 0.312066
1, 0.317851, 0.265, 0.735, 0.325476
1, 0.324555, 0.265, 0.735, 0.328293
1, 0.321152, 0.265, 0.735, 0.322054
1, 0.321874, 0.265, 0.735, 0.324619
1, 0.324591, 0.265, 0.735, 0.333415
1, 0.31704, 0.265, 0.735, 0.326338
1, 0.316136, 0.265, 0.735, 0.325344
1, 0.323857, 0.265, 0.735, 0.327415
1, 0.323084, 0.265, 0.735, 0.317803
1, 0.319469, 0.265, 0.735, 0.322393
1, 0.327061, 0.265, 0.735, 0.331745
1, 0.317592, 0.265, 0.735, 0.32263
1, 0.329451, 0.27, 0.73, 0.33778
1, 0.337787, 0.27, 0.73, 0.338717
1, 0.345227, 0.27, 0.73, 0.348933
1, 0.323451, 0.27, 0.73, 0.331798
1, 0.328495, 0.27, 0.73, 0.330768
1, 0.318479, 0.27, 0.73, 0.325116
1, 0.337684, 0.27, 0.73, 0.336089
1, 0.3317, 0.27, 0.73, 0.337519
1, 0.336899, 0.27, 0.73, 0.340416
1, 0.340318, 0.27, 0.73, 0.336442
1, 0.335231, 0.27, 0.73, 0.334677
1, 0.333442, 0.27, 0.73, 0.336118
1, 0.325509, 0.27, 0.73, 0.33193
1, 0.335998, 0.27, 0.73, 0.337926
1, 0.323731, 0.27, 0.73, 0.34037
1, 0.326015, 0.27, 0.73, 0.327809
1, 0.330878, 0.27, 0.73, 0.336186
1, 0.326964, 0.27, 0.73, 0.33132
1, 0.334437, 0.27, 0.73, 0.334801
1, 0.329927, 0.27, 0.73, 0.336952
1, 0.333516, 0.27, 0.73, 0.334948
1, 0.335772, 0.27, 0.73, 0.33767
1, 0.329496, 0.27, 0.73, 0.333643
1, 0.337211, 0.27, 0.73, 0.340694
1, 0.318715, 0.27, 0.73, 0.324746
1, 0.336707, 0.275, 0.725, 0.348465
1, 0.345758, 0.275, 0.725, 0.350771
1, 0.329281, 0.275, 0.725, 0.339719
1, 0.337047, 0.275, 0.725, 0.341002
1, 0.332389, 0.275, 0.725, 0.339096
1, 0.346744, 0.275, 0.725, 0.348611
1, 0.338981, 0.275, 0.725, 0.348486
1, 0.338435, 0.275, 0.725, 0.341844
1, 0.336239, 0.275, 0.725, 0.344033
1, 0.335394, 0.275, 0.725, 0.342602
1, 0.343455, 0.275, 0.725, 0.345988
1, 0.329489, 0.275, 0.725, 0.332981
1, 0.33634, 0.275, 0.725, 0.342432
1, 0.340507, 0.275, 0.725, 0.344563
1, 0.334102, 0.275, 0.725, 0.343548
1, 0.344686, 0.275, 0.725, 0.351971
1, 0.341882, 0.275, 0.725, 0.346708
1, 0.337428, 0.275, 0.725, 0.340252
1, 0.336906, 0.275, 0.725, 0.342357
1, 0.332362, 0.275, 0.725, 0.338092
1, 0.328811, 0.275, 0.725, 0.332685
1, 0.331272, 0.275, 0.725, 0.337624
1, 0.329405, 0.275, 0.725, 0.341113
1, 0.337063, 0.275, 0.725, 0.343069
1, 0.331411, 0.275, 0.725, 0.339769
1, 0.348565, 0.28, 0.72, 0.350211
1, 0.336606, 0.28, 0.72, 0.341646
1, 0.347716, 0.28, 0.72, 0.351045
1, 0.336317, 0.28, 0.72, 0.347141
1, 0.35307, 0.28, 0.72, 0.354336
1, 0.349488, 0.28, 0.72, 0.357278
1, 0.33769, 0.28, 0.72, 0.350437
1, 0.337001, 0.28, 0.72, 0.345968
1, 0.342385, 0.28, 0.72, 0.346436
1, 0.350999, 0.28, 0.72, 0.355424
1, 0.34563, 0.28, 0.72, 0.349472
1, 0.341967, 0.28, 0.72, 0.348712
1, 0.349464, 0.28, 0.72, 0.352938
1, 0.344171, 0.28, 0.72, 0.349797
1, 0.352032, 0.28, 0.72, 0.354871
1, 0.35003, 0.28, 0.72, 0.354527
1, 0.358137, 0.28, 0.72, 0.352812
1, 0.349774, 0.28, 0.72, 0.352886
1, 0.347816, 0.28, 0.72, 0.356257
1, 0.352446, 0.28, 0.72, 0.353688
1, 0.344253, 0.28, 0.72, 0.351556
1, 0.353641, 0.28, 0.72, 0.359562
1, 0.349038, 0.28, 0.72, 0.344862
1, 0.347713, 0.28, 0.72, 0.35185
1, 0.352351, 0.28, 0.72, 0.362062
1, 0.353561, 0.285, 0.715, 0.358213
1, 0.33679, 0.285, 0.715, 0.345504
1, 0.360971, 0.285, 0.715, 0.364229
1, 0.355695, 0.285, 0.715, 0.354314
1, 0.356601, 0.285, 0.715, 0.362066
1, 0.3717, 0.285, 0.715, 0.361672
1, 0.3533, 0.285, 0.715, 0.351343
1, 0.35116, 0.285, 0.715, 0.356064
1, 0.34959, 0.285, 0.715, 0.35712
1, 0.359854, 0.285, 0.715, 0.363027
1, 0.349003, 0.285, 0.715, 0.351307
1, 0.329717, 0.285, 0.715, 0.342351
1, 0.362353, 0.285, 0.715, 0.358131
1, 0.346534, 0.285, 0.715, 0.353715
1, 0.347924, 0.285, 0.715, 0.353798
1, 0.348445, 0.285, 0.715, 0.356323
1, 0.360655, 0.285, 0.715, 0.363396
1, 0.355267, 0.285, 0.715, 0.361383
1, 0.349022, 0.285, 0.715, 0.353707
1, 0.359121, 0.285, 0.715, 0.366243
1, 0.346781, 0.285, 0.715, 0.356033
1, 0.349977, 0.285, 0.715, 0.352438
1, 0.358652, 0.285, 0.715, 0.362817
1, 0.35983, 0.285, 0.715, 0.362658
1, 0.348863, 0.285, 0.715, 0.359243
1, 0.359675, 0.29, 0.71, 0.363557
1, 0.354214, 0.29, 0.71, 0.357599
1, 0.359425, 0.29, 0.71, 0.361204
1, 0.3623, 0.29, 0.71, 0.366708
1, 0.35618, 0.29, 0.71, 0.358033
1, 0.366912, 0.29, 0.71, 0.369144
1, 0.349494, 0.29, 0.71, 0.352643
1, 0.357205, 0.29, 0.71, 0.368491
1, 0.354605, 0.29, 0.71, 0.361554
1, 0.350219, 0.29, 0.71, 0.35654
1, 0.368601, 0.29, 0.71, 0.369126
1, 0.367976, 0.29, 0.71, 0.364891
1, 0.354405, 0.29, 0.71, 0.356632
1, 0.36465, 0.29, 0.71, 0.36505
1, 0.365752, 0.29, 0.71, 0.364748
1, 0.354172, 0.29, 0.71, 0.359165
1, 0.368485, 0.29, 0.71, 0.374087
1, 0.350894, 0.29, 0.71, 0.361951
1, 0.3456, 0.29, 0.71, 0.351208
1, 0.351862, 0.29, 0.71, 0.359322
1, 0.365813, 0.29, 0.71, 0.36856
1, 0.367302, 0.29, 0.71, 0.376015
1, 0.360482, 0.29, 0.71, 0.367809
1, 0.355789, 0.29, 0.71, 0.361849
1, 0.355364, 0.29, 0.71, 0.361999
1, 0.372506, 0.295, 0.705, 0.375332
1, 0.363473, 0.295, 0.705, 0.369315
1, 0.371683, 0.295, 0.705, 0.375362
1, 0.363631, 0.295, 0.705, 0.365921
1, 0.373708, 0.295, 0.705, 0.376746
1, 0.365891, 0.295, 0.705, 0.375617
1, 0.363808, 0.295, 0.705, 0.367396
1, 0.36164, 0.295, 0.705, 0.369683
1, 0.366085, 0.295, 0.705, 0.374259
1, 0.379767, 0.295, 0.705, 0.384734
1, 0.374196, 0.295, 0.705, 0.372762
1, 0.358211, 0.295, 0.705, 0.363546
1, 0.361992, 0.295, 0.705, 0.372968
1, 0.358266, 0.295, 0.705, 0.368959
1, 0.364681, 0.295, 0.705, 0.374583
1, 0.369153, 0.295, 0.705, 0.372259
1, 0.369352, 0.295, 0.705, 0.379767
1, 0.374278, 0.295, 0.705, 0.379068
1, 0.367657, 0.295, 0.705, 0.374438
1, 0.369286, 0.295, 0.705, 0.372853
1, 0.369022, 0.295, 0.705, 0.37768
1, 0.372423, 0.295, 0.705, 0.372565
1, 0.371533, 0.295, 0.705, 0.374176
1, 0.371454, 0.295, 0.705, 0.376707
1, 0.360059, 0.295, 0.705, 0.368003
1, 0.374226, 0.3, 0.7, 0.377023
1, 0.375053, 0.3, 0.7, 0.377092
1, 0.376119, 0.3, 0.7, 0.379537
1, 0.381737, 0.3, 0.7, 0.386461
1, 0.375031, 0.3, 0.7, 0.381183
1, 0.388926, 0.3, 0.7, 0.391756
1, 0.385018, 0.3, 0.7, 0.388625
1, 0.382317, 0.3, 0.7, 0.385218
1, 0.375809, 0.3, 0.7, 0.383333
1, 0.36662, 0.3, 0.7, 0.374389
1, 0.370962, 0.3, 0.7, 0.378867
1, 0.377766, 0.3, 0.7, 0.385476
1, 0.387241, 0.3, 0.7, 0.390546
1, 0.374448, 0.3, 0.7, 0.384601
1, 0.37722, 0.3, 0.7, 0.388616
1, 0.383904, 0.3, 0.7, 0.38619
1, 0.381298, 0.3, 0.7, 0.37896
1, 0.381337, 0.3, 0.7, 0.382082
1, 0.364994, 0.3, 0.7, 0.37567
1, 0.376647, 0.3, 0.7, 0.375336
1, 0.381413, 0.3, 0.7, 0.385156
1, 0.373102, 0.3, 0.7, 0.37877
1, 0.370847, 0.3, 0.7, 0.37854
1, 0.377176, 0.3, 0.7, 0.382418
1, 0.376536, 0.3, 0.7, 0.380144
1, 0.385145, 0.305, 0.695, 0.392583
1, 0.391145, 0.305, 0.695, 0.3912
1, 0.389106, 0.305, 0.695, 0.397894
1, 0.381118, 0.305, 0.695, 0.380339
1, 0.39021, 0.305, 0.695, 0.38971
1, 0.387889, 0.305, 0.695, 0.390645
1, 0.383447, 0.305, 0.695, 0.390456
1, 0.397565, 0.305, 0.695, 0.394025
1, 0.382155, 0.305, 0.695, 0.384635
1, 0.382954, 0.305, 0.695, 0.388488
1, 0.393746, 0.305, 0.695, 0.394354
1, 0.379808, 0.305, 0.695, 0.388033
1, 0.367835, 0.305, 0.695, 0.377609
1, 0.390514, 0.305, 0.695, 0.395825
1, 0.378917, 0.305, 0.695, 0.38631
1, 0.383023, 0.305, 0.695, 0.387437
1, 0.389408, 0.305, 0.695, 0.394137
1, 0.379417, 0.305, 0.695, 0.387947
1, 0.382635, 0.305, 0.695, 0.387751
1, 0.377927, 0.305, 0.695, 0.387363
1, 0.389112, 0.305, 0.695, 0.391402
1, 0.383336, 0.305, 0.695, 0.385057
1, 0.393047, 0.305, 0.695, 0.392283
1, 0.383328, 0.305, 0.695, 0.389635
1, 0.386711, 0.305, 0.695, 0.390272
1, 0.381556, 0.31, 0.69, 0.391568
1, 0.403628, 0.31, 0.69, 0.403334
1, 0.387557, 0.31, 0.69, 0.398867
1, 0.399221, 0.31, 0.69, 0.404425
1, 0.391528, 0.31, 0.69, 0.388335
1, 0.38993, 0.31, 0.69, 0.393964
1, 0.392418, 0.31, 0.69, 0.402075
1, 0.394529, 0.31, 0.69, 0.399795
1, 0.391734, 0.31, 0.69, 0.391926
1, 0.386498, 0.31, 0.69, 0.391908
1, 0.396132, 0.31, 0.69, 0.401186
1, 0.395198, 0.31, 0.69, 0.401572
1, 0.397864, 0.31, 0.69, 0.394927
1, 0.397264, 0.31, 0.69, 0.402857
1, 0.389304, 0.31, 0.69, 0.395881
1, 0.385807, 0.31, 0.69, 0.38885
1, 0.396288, 0.31, 0.69, 0.398025
1, 0.402165, 0.31, 0.69, 0.396235
1, 0.404947, 0.31, 0.69, 0.406079
1, 0.399231, 0.31, 0.69, 0.406888
1, 0.39901, 0.31, 0.69, 0.396159
1, 0.388529, 0.31, 0.69, 0.401893
1, 0.381478, 0.31, 0.69, 0.394178
1, 0.398558, 0.31, 0.69, 0.39637
1, 0.386123, 0.31, 0.69, 0.392941
1, 0.398613, 0.315, 0.685, 0.405509
1, 0.396853, 0.315, 0.685, 0.401381
1, 0.394583, 0.315, 0.685, 0.404338
1, 0.384118, 0.315, 0.685, 0.395233
1, 0.40244, 0.315, 0.685, 0.406999
1, 0.402361, 0.315, 0.685, 0.405775
1, 0.397355, 0.315, 0.685, 0.402591
1, 0.404981, 0.315, 0.685, 0.412719
1, 0.400144, 0.315, 0.685, 0.406324
1, 0.396076, 0.315, 0.685, 0.398287
1, 0.398189, 0.315, 0.685, 0.401755
1, 0.407813, 0.315, 0.685, 0.40907
1, 0.404598, 0.315, 0.685, 0.403249
1, 0.402356, 0.315, 0.685, 0.403144
1, 0.413081, 0.315, 0.685, 0.410833
1, 0.397525, 0.315, 0.685, 0.404817
1, 0.395464, 0.315, 0.685, 0.399141
1, 0.392202, 0.315, 0.685, 0.397593
1, 0.395372, 0.315, 0.685, 0.392734
1, 0.402986, 0.315, 0.685, 0.406561
1, 0.389082, 0.315, 0.685, 0.394984
1, 0.394022, 0.315, 0.685, 0.396627
1, 0.407708, 0.315, 0.685, 0.403733
1, 0.404253, 0.315, 0.685, 0.406508
1, 0.403185, 0.315, 0.685, 0.410903
1, 0.409462, 0.32, 0.68, 0.415131
1, 0.419229, 0.32, 0.68, 0.422452
1, 0.410013, 0.32, 0.68, 0.409617
1, 0.420927, 0.32, 0.68, 0.418826
1, 0.411899, 0.32, 0.68, 0.41888
1, 0.400524, 0.32, 0.68, 0.409437
1, 0.395638, 0.32, 0.68, 0.406332
1, 0.40306, 0.32, 0.68, 0.413846
1, 0.399539, 0.32, 0.68, 0.409094
1, 0.417208, 0.32, 0.68, 0.420249
1, 0.403195, 0.32, 0.68, 0.409501
1, 0.419645, 0.32, 0.68, 0.419952
1, 0.412939, 0.32, 0.68, 0.416065
1, 0.409792, 0.32, 0.68, 0.407707
1, 0.406155, 0.32, 0.68, 0.410845
1, 0.405414, 0.32, 0.68, 0.412908
1, 0.40048, 0.32, 0.68, 0.406445
1, 0.412062, 0.32, 0.68, 0.41222
1, 0.407157, 0.32, 0.68, 0.409155
1, 0.417358, 0.32, 0.68, 0.426774
1, 0.416422, 0.32, 0.68, 0.417268
1, 0.420118, 0.32, 0.68, 0.425571
1, 0.404219, 0.32, 0.68, 0.412354
1, 0.424198, 0.32, 0.68, 0.426607
1, 0.417619, 0.32, 0.68, 0.419334
1, 0.415293, 0.325, 0.675, 0.418963
1, 0.40589, 0.325, 0.675, 0.41242
1, 0.411467, 0.325, 0.675, 0.41766
1, 0.406763, 0.325, 0.675, 0.41826
1, 0.421244, 0.325, 0.675, 0.426619
1, 0.413634, 0.325, 0.675, 0.423034
1, 0.405926, 0.325, 0.675, 0.414031
1, 0.420628, 0.325, 0.675, 0.423802
1, 0.405312, 0.325, 0.675, 0.414134
1, 0.423406, 0.325, 0.675, 0.429716
1, 0.420641, 0.325, 0.675, 0.422251
1, 0.410823, 0.325, 0.675, 0.413436
1, 0.423444, 0.325, 0.675, 0.427705
1, 0.409522, 0.325, 0.675, 0.420056
1, 0.41888, 0.325, 0.675, 0.426291
1, 0.419495, 0.325, 0.675, 0.424132
1, 0.416453, 0.325, 0.675, 0.419032
1, 0.425748, 0.325, 0.675, 0.427648
1, 0.413276, 0.325, 0.675, 0.42166
1, 0.425097, 0.325, 0.675, 0.434166
1, 0.424292, 0.325, 0.675, 0.423305
1, 0.411706, 0.325, 0.675, 0.413391
1, 0.411826, 0.325, 0.675, 0.422112
1, 0.417886, 0.325, 0.675, 0.420473
1, 0.418746, 0.325, 0.675, 0.419251
1, 0.429722, 0.33, 0.67, 0.435741
1, 0.430245, 0.33, 0.67, 0.435847
1, 0.42396, 0.33, 0.67, 0.426178
1, 0.42387, 0.33, 0.67, 0.429588
1, 0.434536, 0.33, 0.67, 0.438946
1, 0.433328, 0.33, 0.67, 0.439948
1, 0.42398, 0.33, 0.67, 0.42716
1, 0.421956, 0.33, 0.67, 0.422011
1, 0.420661, 0.33, 0.67, 0.432468
1, 0.416206, 0.33, 0.67, 0.426298
1, 0.409307, 0.33, 0.67, 0.416694
1, 0.437609, 0.33, 0.67, 0.435676
1, 0.419069, 0.33, 0.67, 0.427439
1, 0.411264, 0.33, 0.67, 0.419199
1, 0.429162, 0.33, 0.67, 0.429642
1, 0.430515, 0.33, 0.67, 0.436409
1, 0.419004, 0.33, 0.67, 0.426187
1, 0.423317, 0.33, 0.67, 0.428665
1, 0.427377, 0.33, 0.67, 0.434038
1, 0.405172, 0.33, 0.67, 0.418855
1, 0.433572, 0.33, 0.67, 0.430496
1, 0.438679, 0.33, 0.67, 0.435212
1, 0.423587, 0.33, 0.67, 0.429292
1, 0.422424, 0.33, 0.67, 0.427866
1, 0.415838, 0.33, 0.67, 0.428692
1, 0.429606, 0.335, 0.665, 0.430333
1, 0.434863, 0.335, 0.665, 0.439795
1, 0.431826, 0.335, 0.665, 0.439778
1, 0.430198, 0.335, 0.665, 0.434165
1, 0.433095, 0.335, 0.665, 0.435705
1, 0.427217, 0.335, 0.665, 0.440089
1, 0.426151, 0.335, 0.665, 0.43859
1, 0.42925, 0.335, 0.665, 0.4261
1, 0.441201, 0.335, 0.665, 0.440644
1, 0.417071, 0.335, 0.665, 0.433825
1, 0.427683, 0.335, 0.665, 0.432864
1, 0.434153, 0.335, 0.665, 0.437979
1, 0.431775, 0.335, 0.665, 0.438183
1, 0.441751, 0.335, 0.665, 0.445684
1, 0.432515, 0.335, 0.665, 0.435012
1, 0.436812, 0.335, 0.665, 0.439356
1, 0.441788, 0.335, 0.665, 0.447526
1, 0.436458, 0.335, 0.665, 0.431925
1, 0.428299, 0.335, 0.665, 0.429228
1, 0.432785, 0.335, 0.665, 0.438857
1, 0.425393, 0.335, 0.665, 0.43424
1, 0.436239, 0.335, 0.665, 0.447027
1, 0.433901, 0.335, 0.665, 0.439832
1, 0.436567, 0.335, 0.665, 0.44024
1, 0.430496, 0.335, 0.665, 0.44025
1, 0.431516, 0.34, 0.66, 0.441444
1, 0.4412, 0.34, 0.66, 0.444109
1, 0.42625, 0.34, 0.66, 0.433364
1, 0.44793, 0.34, 0.66, 0.452769
1, 0.435597, 0.34, 0.66, 0.443064
1, 0.44589, 0.34, 0.66, 0.445575
1, 0.444851, 0.34, 0.66, 0.445451
1, 0.446906, 0.34, 0.66, 0.447121
1, 0.44619, 0.34, 0.66, 0.450663
1, 0.438903, 0.34, 0.66, 0.444444
1, 0.437405, 0.34, 0.66, 0.441926
1, 0.442931, 0.34, 0.66, 0.443522
1, 0.43492, 0.34, 0.66, 0.442954
1, 0.442184, 0.34, 0.66, 0.446937
1, 0.453771, 0.34, 0.66, 0.456158
1, 0.451717, 0.34, 0.66, 0.452225
1, 0.434872, 0.34, 0.66, 0.440934
1, 0.454388, 0.34, 0.66, 0.444869
1, 0.428607, 0.34, 0.66, 0.437211
1, 0.44674, 0.34, 0.66, 0.449097
1, 0.452234, 0.34, 0.66, 0.452816
1, 0.434908, 0.34, 0.66, 0.448036
1, 0.448035, 0.34, 0.66, 0.450533
1, 0.436965, 0.34, 0.66, 0.443515
1, 0.439316, 0.34, 0.66, 0.443234
1, 0.453812, 0.345, 0.655, 0.452703
1, 0.456706, 0.345, 0.655, 0.460539
1, 0.4601, 0.345, 0.655, 0.459065
1, 0.453172, 0.345, 0.655, 0.450902
1, 0.450176, 0.345, 0.655, 0.458461
1, 0.444915, 0.345, 0.655, 0.449725
1, 0.451348, 0.345, 0.655, 0.456481
1, 0.44709, 0.345, 0.655, 0.456893
1, 0.460863, 0.345, 0.655, 0.459841
1, 0.445225, 0.345, 0.655, 0.446965
1, 0.447955, 0.345, 0.655, 0.451649
1, 0.441396, 0.345, 0.655, 0.450691
1, 0.448831, 0.345, 0.655, 0.452433
1, 0.454219, 0.345, 0.655, 0.458945
1, 0.459212, 0.345, 0.655, 0.457887
1, 0.44409, 0.345, 0.655, 0.453742
1, 0.459483, 0.345, 0.655, 0.457309
1, 0.449349, 0.345, 0.655, 0.455132
1, 0.452385, 0.345, 0.655, 0.452588
1, 0.472259, 0.345, 0.655, 0.468469
1, 0.455192, 0.345, 0.655, 0.460278
1, 0.451356, 0.345, 0.655, 0.453951
1, 0.449158, 0.345, 0.655, 0.460151
1, 0.442269, 0.345, 0.655, 0.447172
1, 0.453489, 0.345, 0.655, 0.457629
1, 0.457991, 0.35, 0.65, 0.463584
1, 0.455082, 0.35, 0.65, 0.461671
1, 0.458272, 0.35, 0.65, 0.461366
1, 0.462869, 0.35, 0.65, 0.461277
1, 0.452384, 0.35, 0.65, 0.456257
1, 0.456096, 0.35, 0.65, 0.462994
1, 0.465069, 0.35, 0.65, 0.470187
1, 0.456069, 0.35, 0.65, 0.467408
1, 0.47238, 0.35, 0.65, 0.466946
1, 0.449968, 0.35, 0.65, 0.459929
1, 0.457133, 0.35, 0.65, 0.464463
1, 0.464927, 0.35, 0.65, 0.470003
1, 0.464635, 0.35, 0.65, 0.465587
1, 0.460001, 0.35, 0.65, 0.472475
1, 0.456109, 0.35, 0.65, 0.458825
1, 0.476099, 0.35, 0.65, 0.474361
1, 0.461786, 0.35, 0.65, 0.468836
1, 0.455261, 0.35, 0.65, 0.457083
1, 0.460361, 0.35, 0.65, 0.467024
1, 0.471206, 0.35, 0.65, 0.466165
1, 0.459184, 0.35, 0.65, 0.459339
1, 0.449422, 0.35, 0.65, 0.459907
1, 0.451999, 0.35, 0.65, 0.453381
1, 0.454468, 0.35, 0.65, 0.463658
1, 0.456363, 0.35, 0.65, 0.459326
1, 0.469666, 0.355, 0.645, 0.471037
1, 0.469679, 0.355, 0.645, 0.475015
1, 0.46497, 0.355, 0.645, 0.466516
1, 0.459872, 0.355, 0.645, 0.461186
1, 0.46728, 0.355, 0.645, 0.471031
1, 0.473617, 0.355, 0.645, 0.471509
1, 0.46532, 0.355, 0.645, 0.470623
1, 0.47103, 0.355, 0.645, 0.479467
1, 0.45401, 0.355, 0.645, 0.464688
1, 0.467015, 0.355, 0.645, 0.467749
1, 0.468359, 0.355, 0.645, 0.473164
1, 0.465471, 0.355, 0.645, 0.468794
1, 0.465619, 0.355, 0.645, 0.473092
1, 0.473385, 0.355, 0.645, 0.475912
1, 0.459789, 0.355, 0.645, 0.468195
1, 0.457945, 0.355, 0.645, 0.466848
1, 0.476889, 0.355, 0.645, 0.482382
1, 0.478216, 0.355, 0.645, 0.478104
1, 0.462685, 0.355, 0.645, 0.470971
1, 0.472625, 0.355, 0.645, 0.472949
1, 0.472218, 0.355, 0.645, 0.474344
1, 0.461778, 0.355, 0.645, 0.470393
1, 0.476933, 0.355, 0.645, 0.47925
1, 0.465841, 0.355, 0.645, 0.471474
1, 0.482738, 0.355, 0.645, 0.475071
1, 0.471513, 0.36, 0.64, 0.472615
1, 0.480176, 0.36, 0.64, 0.484369
1, 0.507988, 0.36, 0.64, 0.498198
1, 0.487267, 0.36, 0.64, 0.489141
1, 0.484792, 0.36, 0.64, 0.485926
1, 0.482339, 0.36, 0.64, 0.482857
1, 0.488295, 0.36, 0.64, 0.49103
1, 0.49729, 0.36, 0.64, 0.492904
1, 0.484307, 0.36, 0.64, 0.482567
1, 0.473803, 0.36, 0.64, 0.479981
1, 0.479987, 0.36, 0.64, 0.485577
1, 0.492864, 0.36, 0.64, 0.494163
1, 0.473083, 0.36, 0.64, 0.476919
1, 0.476911, 0.36, 0.64, 0.476451
1, 0.484767, 0.36, 0.64, 0.488453
1, 0.491077, 0.36, 0.64, 0.487121
1, 0.479827, 0.36, 0.64, 0.478733
1, 0.478165, 0.36, 0.64, 0.478276
1, 0.487796, 0.36, 0.64, 0.486116
1, 0.472333, 0.36, 0.64, 0.478314
1, 0.481415, 0.36, 0.64, 0.488201
1, 0.484074, 0.36, 0.64, 0.491386
1, 0.470469, 0.36, 0.64, 0.474543
1, 0.49431, 0.36, 0.64, 0.488764
1, 0.474531, 0.36, 0.64, 0.484127
1, 0.490789, 0.365, 0.635, 0.494394
1, 0.484488, 0.365, 0.635, 0.487013
1, 0.484343, 0.365, 0.635, 0.487676
1, 0.496648, 0.365, 0.635, 0.495564
1, 0.508696, 0.365, 0.635, 0.506506
1, 0.491503, 0.365, 0.635, 0.48953
1, 0.482173, 0.365, 0.635, 0.486234
1, 0.497788, 0.365, 0.635, 0.501283
1, 0.502095, 0.365, 0.635, 0.497274
1, 0.48508, 0.365, 0.635, 0.491407
1, 0.498267, 0.365, 0.635, 0.498471
1, 0.50215, 0.365, 0.635, 0.499493
1, 0.496728, 0.365, 0.635, 0.497651
1, 0.483655, 0.365, 0.635, 0.488165
1, 0.492533, 0.365, 0.635, 0.495636
1, 0.486307, 0.365, 0.635, 0.491172
1, 0.487229, 0.365, 0.635, 0.487381
1, 0.489639, 0.365, 0.635, 0.494695
1, 0.494508, 0.365, 0.635, 0.488947
1, 0.482836, 0.365, 0.635, 0.492907
1, 0.47706, 0.365, 0.635, 0.488446
1, 0.498412, 0.365, 0.635, 0.495945
1, 0.489057, 0.365, 0.635, 0.496653
1, 0.490863, 0.365, 0.635, 0.49022
1, 0.479398, 0.365, 0.635, 0.486561
1, 0.506232, 0.37, 0.63, 0.507994
1, 0.510044, 0.37, 0.63, 0.512318
1, 0.492634, 0.37, 0.63, 0.502077
1, 0.508086, 0.37, 0.63, 0.509855
1, 0.503334, 0.37, 0.63, 0.502561
1, 0.505071, 0.37, 0.63, 0.503717
1, 0.497072, 0.37, 0.63, 0.50371
1, 0.496108, 0.37, 0.63, 0.499286
1, 0.482996, 0.37, 0.63, 0.496322
1, 0.491359, 0.37, 0.63, 0.500951
1, 0.494394, 0.37, 0.63, 0.501764
1, 0.515089, 0.37, 0.63, 0.51267
1, 0.489906, 0.37, 0.63, 0.495482
1, 0.498676, 0.37, 0.63, 0.499593
1, 0.505097, 0.37, 0.63, 0.506836
1, 0.480702, 0.37, 0.63, 0.484322
1, 0.518683, 0.37, 0.63, 0.517239
1, 0.511397, 0.37, 0.63, 0.512411
1, 0.494044, 0.37, 0.63, 0.497812
1, 0.518861, 0.37, 0.63, 0.515925
1, 0.487926, 0.37, 0.63, 0.500979
1, 0.505906, 0.37, 0.63, 0.506773
1, 0.494898, 0.37, 0.63, 0.497654
1, 0.499225, 0.37, 0.63, 0.502556
1, 0.496099, 0.37, 0.63, 0.492844
1, 0.504199, 0.375, 0.625, 0.499658
1, 0.503853, 0.375, 0.625, 0.509392
1, 0.507824, 0.375, 0.625, 0.515064
1, 0.502741, 0.375, 0.625, 0.510133
1, 0.502224, 0.375, 0.625, 0.501947
1, 0.498723, 0.375, 0.625, 0.503404
1, 0.525041, 0.375, 0.625, 0.52337
1, 0.513428, 0.375, 0.625, 0.52452
1, 0.511781, 0.375, 0.625, 0.510803
1, 0.502105, 0.375, 0.625, 0.509296
1, 0.508144, 0.375, 0.625, 0.51078
1, 0.508876, 0.375, 0.625, 0.515547
1, 0.507972, 0.375, 0.625, 0.51444
1, 0.502127, 0.375, 0.625, 0.504897
1, 0.522604, 0.375, 0.625, 0.519848
1, 0.50873, 0.375, 0.625, 0.516684
1, 0.516674, 0.375, 0.625, 0.513415
1, 0.50294, 0.375, 0.625, 0.500777
1, 0.499904, 0.375, 0.625, 0.504802
1, 0.525426, 0.375, 0.625, 0.517563
1, 0.502917, 0.375, 0.625, 0.511536
1, 0.511255, 0.375, 0.625, 0.512831
1, 0.513167, 0.375, 0.625, 0.511093
1, 0.530451, 0.375, 0.625, 0.522908
1, 0.524087, 0.375, 0.625, 0.525994
1, 0.524626, 0.38, 0.62, 0.529416
1, 0.521712, 0.38, 0.62, 0.521274
1, 0.527986, 0.38, 0.62, 0.523557
1, 0.520568, 0.38, 0.62, 0.522527
1, 0.52902, 0.38, 0.62, 0.525478
1, 0.531737, 0.38, 0.62, 0.536083
1, 0.524304, 0.38, 0.62, 0.528014
1, 0.536068, 0.38, 0.62, 0.530402
1, 0.522119, 0.38, 0.62, 0.523965
1, 0.507682, 0.38, 0.62, 0.511415
1, 0.513157, 0.38, 0.62, 0.51919
1, 0.527726, 0.38, 0.62, 0.536036
1, 0.528841, 0.38, 0.62, 0.526959
1, 0.536639, 0.38, 0.62, 0.541277
1, 0.526312, 0.38, 0.62, 0.530757
1, 0.516892, 0.38, 0.62, 0.523094
1, 0.520084, 0.38, 0.62, 0.519948
1, 0.521671, 0.38, 0.62, 0.524548
1, 0.516851, 0.38, 0.62, 0.521876
1, 0.525477, 0.38, 0.62, 0.529818
1, 0.520998, 0.38, 0.62, 0.523777
1, 0.517492, 0.38, 0.62, 0.5232
1, 0.526033, 0.38, 0.62, 0.52827
1, 0.518763, 0.38, 0.62, 0.523934
1, 0.512999, 0.38, 0.62, 0.512481
1, 0.529947, 0.385, 0.615, 0.529745
1, 0.539032, 0.385, 0.615, 0.534203
1, 0.53861, 0.385, 0.615, 0.539658
1, 0.52284, 0.385, 0.615, 0.525427
1, 0.53125, 0.385, 0.615, 0.532441
1, 0.542468, 0.385, 0.615, 0.545263
1, 0.528124, 0.385, 0.615, 0.52753
1, 0.532895, 0.385, 0.615, 0.534787
1, 0.54542, 0.385, 0.615, 0.534975
1, 0.519586, 0.385, 0.615, 0.522412
1, 0.538333, 0.385, 0.615, 0.538626
1, 0.550376, 0.385, 0.615, 0.542124
1, 0.517746, 0.385, 0.615, 0.519365
1, 0.519744, 0.385, 0.615, 0.527904
1, 0.521579, 0.385, 0.615, 0.520819
1, 0.522251, 0.385, 0.615, 0.5262
1, 0.5319, 0.385, 0.615, 0.52366
1, 0.514376, 0.385, 0.615, 0.519424
1, 0.521451, 0.385, 0.615, 0.525258
1, 0.544456, 0.385, 0.615, 0.540844
1, 0.518805, 0.385, 0.615, 0.521391
1, 0.536509, 0.385, 0.615, 0.543449
1, 0.53139, 0.385, 0.615, 0.527364
1, 0.541559, 0.385, 0.615, 0.539914
1, 0.530689, 0.385, 0.615, 0.532835
1, 0.562598, 0.39, 0.61, 0.561133
1, 0.545975, 0.39, 0.61, 0.546697
1, 0.561119, 0.39, 0.61, 0.552756
1, 0.548749, 0.39, 0.61, 0.546004
1, 0.544305, 0.39, 0.61, 0.543452
1, 0.540774, 0.39, 0.61, 0.536612
1, 0.5548, 0.39, 0.61, 0.552632
1, 0.562283, 0.39, 0.61, 0.556711
1, 0.554447, 0.39, 0.61, 0.547423
1, 0.571434, 0.39, 0.61, 0.564617
1, 0.549025, 0.39, 0.61, 0.544902
1, 0.532485, 0.39, 0.61, 0.538993
1, 0.538522, 0.39, 0.61, 0.533837
1, 0.545003, 0.39, 0.61, 0.539003
1, 0.54451, 0.39, 0.61, 0.541312
1, 0.551817, 0.39, 0.61, 0.552761
1, 0.558947, 0.39, 0.61, 0.559052
1, 0.529064, 0.39, 0.61, 0.536839
1, 0.561812, 0.39, 0.61, 0.554528
1, 0.54374, 0.39, 0.61, 0.541353
1, 0.555578, 0.39, 0.61, 0.546399
1, 0.55671, 0.39, 0.61, 0.55614
1, 0.560972, 0.39, 0.61, 0.5528
1, 0.550274, 0.39, 0.61, 0.54672
1, 0.554717, 0.39, 0.61, 0.549788
1, 0.560188, 0.395, 0.605, 0.561599
1, 0.575574, 0.395, 0.605, 0.570883
1, 0.577294, 0.395, 0.605, 0.560109
1, 0.546814, 0.395, 0.605, 0.543315
1, 0.560619, 0.395, 0.605, 0.559621
1, 0.543635, 0.395, 0.605, 0.541459
1, 0.549564, 0.395, 0.605, 0.551387
1, 0.556525, 0.395, 0.605, 0.559561
1, 0.552153, 0.395, 0.605, 0.555137
1, 0.564783, 0.395, 0.605, 0.55769
1, 0.56349, 0.395, 0.605, 0.561669
1, 0.561546, 0.395, 0.605, 0.553045
1, 0.578023, 0.395, 0.605, 0.57007
1, 0.552605, 0.395, 0.605, 0.549288
1, 0.5592, 0.395, 0.605, 0.555906
1, 0.562616, 0.395, 0.605, 0.564376
1, 0.550018, 0.395, 0.605, 0.557133
1, 0.552823, 0.395, 0.605, 0.557438
1, 0.552889, 0.395, 0.605, 0.545769
1, 0.553793, 0.395, 0.605, 0.552198
1, 0.558431, 0.395, 0.605, 0.554214
1, 0.557332, 0.395, 0.605, 0.553564
1, 0.547462, 0.395, 0.605, 0.54832
1, 0.539, 0.395, 0.605, 0.541736
1, 0.560318, 0.395, 0.605, 0.558197
1, 0.571064, 0.4, 0.6, 0.567847
1, 0.557215, 0.4, 0.6, 0.559538
1, 0.559142, 0.4, 0.6, 0.554082
1, 0.561097, 0.4, 0.6, 0.562689
1, 0.559747, 0.4, 0.6, 0.55869
1, 0.550772, 0.4, 0.6, 0.553816
1, 0.561201, 0.4, 0.6, 0.567592
1, 0.564224, 0.4, 0.6, 0.566502
1, 0.559185, 0.4, 0.6, 0.557936
1, 0.577428, 0.4, 0.6, 0.570732
1, 0.552903, 0.4, 0.6, 0.557195
1, 0.584357, 0.4, 0.6, 0.580196
1, 0.565646, 0.4, 0.6, 0.569467
1, 0.566914, 0.4, 0.6, 0.56632
1, 0.56037, 0.4, 0.6, 0.56225
1, 0.567884, 0.4, 0.6, 0.560981
1, 0.575265, 0.4, 0.6, 0.574183
1, 0.572833, 0.4, 0.6, 0.566752
1, 0.581476, 0.4, 0.6, 0.574761
1, 0.574771, 0.4, 0.6, 0.574984
1, 0.561336, 0.4, 0.6, 0.558476
1, 0.568728, 0.4, 0.6, 0.567981
1, 0.574958, 0.4, 0.6, 0.573235
1, 0.568108, 0.4, 0.6, 0.566667
1, 0.564617, 0.4, 0.6, 0.566265
1, 0.569912, 0.405, 0.595, 0.571197
1, 0.574273, 0.405, 0.595, 0.569966
1, 0.569967, 0.405, 0.595, 0.565306
1, 0.581639, 0.405, 0.595, 0.578047
1, 0.583891, 0.405, 0.595, 0.577477
1, 0.584012, 0.405, 0.595, 0.576895
1, 0.57055, 0.405, 0.595, 0.570734
1, 0.591292, 0.405, 0.595, 0.58815
1, 0.568587, 0.405, 0.595, 0.56925
1, 0.578548, 0.405, 0.595, 0.570013
1, 0.575746, 0.405, 0.595, 0.576424
1, 0.57393, 0.405, 0.595, 0.572519
1, 0.601268, 0.405, 0.595, 0.591749
1, 0.562184, 0.405, 0.595, 0.564157
1, 0.56867, 0.405, 0.595, 0.561693
1, 0.600516, 0.405, 0.595, 0.591673
1, 0.571369, 0.405, 0.595, 0.568951
1, 0.575972, 0.405, 0.595, 0.571969
1, 0.576348, 0.405, 0.595, 0.573822
1, 0.576939, 0.405, 0.595, 0.576596
1, 0.573796, 0.405, 0.595, 0.56877
1, 0.586563, 0.405, 0.595, 0.583508
1, 0.589105, 0.405, 0.595, 0.585276
1, 0.582168, 0.405, 0.595, 0.581047
1, 0.582999, 0.405, 0.595, 0.573447
1, 0.597109, 0.41, 0.59, 0.585964
1, 0.600829, 0.41, 0.59, 0.595279
1, 0.601683, 0.41, 0.59, 0.594457
1, 0.579718, 0.41, 0.59, 0.57721
1, 0.596345, 0.41, 0.59, 0.590599
1, 0.588535, 0.41, 0.59, 0.589579
1, 0.589402, 0.41, 0.59, 0.592265
1, 0.585125, 0.41, 0.59, 0.590674
1, 0.610127, 0.41, 0.59, 0.598669
1, 0.602901, 0.41, 0.59, 0.591748
1, 0.604886, 0.41, 0.59, 0.599708
1, 0.60431, 0.41, 0.59, 0.600405
1, 0.575369, 0.41, 0.59, 0.576114
1, 0.609941, 0.41, 0.59, 0.592123
1, 0.583151, 0.41, 0.59, 0.580573
1, 0.59759, 0.41, 0.59, 0.590237
1, 0.620485, 0.41, 0.59, 0.607695
1, 0.596548, 0.41, 0.59, 0.589905
1, 0.576881, 0.41, 0.59, 0.572721
1, 0.602453, 0.41, 0.59, 0.596035
1, 0.583524, 0.41, 0.59, 0.576122
1, 0.600778, 0.41, 0.59, 0.593461
1, 0.595628, 0.41, 0.59, 0.592344
1, 0.60412, 0.41, 0.59, 0.600985
1, 0.589295, 0.41, 0.59, 0.588393
1, 0.607559, 0.415, 0.585, 0.604093
1, 0.598547, 0.415, 0.585, 0.593029
1, 0.589965, 0.415, 0.585, 0.586843
1, 0.612044, 0.415, 0.585, 0.603852
1, 0.618642, 0.415, 0.585, 0.611123
1, 0.613498, 0.415, 0.585, 0.61326
1, 0.613963, 0.415, 0.585, 0.604943
1, 0.601349, 0.415, 0.585, 0.600189
1, 0.605151, 0.415, 0.585, 0.605221
1, 0.622757, 0.415, 0.585, 0.608357
1, 0.624465, 0.415, 0.585, 0.612929
1, 0.609162, 0.415, 0.585, 0.608661
1, 0.612669, 0.415, 0.585, 0.604514
1, 0.627297, 0.415, 0.585, 0.617469
1, 0.621344, 0.415, 0.585, 0.60922
1, 0.611746, 0.415, 0.585, 0.609842
1, 0.60814, 0.415, 0.585, 0.604626
1, 0.62013, 0.415, 0.585, 0.610773
1, 0.598793, 0.415, 0.585, 0.59406
1, 0.617343, 0.415, 0.585, 0.610057
1, 0.639241, 0.415, 0.585, 0.628135
1, 0.617341, 0.415, 0.585, 0.610384
1, 0.62412, 0.415, 0.585, 0.615832
1, 0.611546, 0.415, 0.585, 0.609274
1, 0.620025, 0.415, 0.585, 0.614688
1, 0.618424, 0.42, 0.58, 0.614249
1, 0.627914, 0.42, 0.58, 0.627837
1, 0.633415, 0.42, 0.58, 0.618568
1, 0.622591, 0.42, 0.58, 0.612539
1, 0.628708, 0.42, 0.58, 0.621201
1, 0.630466, 0.42, 0.58, 0.617761
1, 0.650083, 0.42, 0.58, 0.632278
1, 0.622017, 0.42, 0.58, 0.622237
1, 0.614376, 0.42, 0.58, 0.608525
1, 0.607754, 0.42, 0.58, 0.601882
1, 0.635309, 0.42, 0.58, 0.626486
1, 0.601766, 0.42, 0.58, 0.604685
1, 0.639229, 0.42, 0.58, 0.631462
1, 0.653249, 0.42, 0.58, 0.638061
1, 0.643116, 0.42, 0.58, 0.63233
1, 0.615555, 0.42, 0.58, 0.610554
1, 0.624579, 0.42, 0.58, 0.614781
1, 0.630113, 0.42, 0.58, 0.620518
1, 0.6089, 0.42, 0.58, 0.600247
1, 0.623621, 0.42, 0.58, 0.610989
1, 0.610396, 0.42, 0.58, 0.60794
1, 0.629619, 0.42, 0.58, 0.621678
1, 0.626832, 0.42, 0.58, 0.61287
1, 0.631867, 0.42, 0.58, 0.626948
1, 0.609869, 0.42, 0.58, 0.602586
1, 0.630451, 0.425, 0.575, 0.625278
1, 0.647985, 0.425, 0.575, 0.644398
1, 0.639603, 0.425, 0.575, 0.630048
1, 0.652162, 0.425, 0.575, 0.644335
1, 0.631408, 0.425, 0.575, 0.618814
1, 0.619389, 0.425, 0.575, 0.613368
1, 0.633736, 0.425, 0.575, 0.626121
1, 0.648491, 0.425, 0.575, 0.636548
1, 0.647181, 0.425, 0.575, 0.634316
1, 0.646048, 0.425, 0.575, 0.634855
1, 0.63074, 0.425, 0.575, 0.625873
1, 0.637646, 0.425, 0.575, 0.632253
1, 0.644283, 0.425, 0.575, 0.635643
1, 0.640686, 0.425, 0.575, 0.629273
1, 0.640517, 0.425, 0.575, 0.629917
1, 0.643093, 0.425, 0.575, 0.642299
1, 0.646919, 0.425, 0.575, 0.637636
1, 0.63991, 0.425, 0.575, 0.635872
1, 0.645469, 0.425, 0.575, 0.632175
1, 0.642614, 0.425, 0.575, 0.636903
1, 0.628797, 0.425, 0.575, 0.624917
1, 0.637323, 0.425, 0.575, 0.629111
1, 0.657759, 0.425, 0.575, 0.64705
1, 0.63667, 0.425, 0.575, 0.628928
1, 0.641917, 0.425, 0.575, 0.635562
1, 0.653703, 0.43, 0.57, 0.645589
1, 0.65356, 0.43, 0.57, 0.649404
1, 0.650061, 0.43, 0.57, 0.641249
1, 0.661812, 0.43, 0.57, 0.655193
1, 0.65974, 0.43, 0.57, 0.653704
1, 0.648856, 0.43, 0.57, 0.64165
1, 0.642229, 0.43, 0.57, 0.633244
1, 0.661273, 0.43, 0.57, 0.646506
1, 0.648767, 0.43, 0.57, 0.636438
1, 0.665559, 0.43, 0.57, 0.651362
1, 0.638217, 0.43, 0.57, 0.631191
1, 0.659395, 0.43, 0.57, 0.648785
1, 0.628902, 0.43, 0.57, 0.623623
1, 0.661408, 0.43, 0.57, 0.646919
1, 0.6551, 0.43, 0.57, 0.64668
1, 0.646175, 0.43, 0.57, 0.633346
1, 0.664825, 0.43, 0.57, 0.653625
1, 0.652229, 0.43, 0.57, 0.639372
1, 0.66164, 0.43, 0.57, 0.651624
1, 0.661853, 0.43, 0.57, 0.648596
1, 0.660524, 0.43, 0.57, 0.648512
1, 0.638922, 0.43, 0.57, 0.638656
1, 0.676092, 0.43, 0.57, 0.66641
1, 0.634743, 0.43, 0.57, 0.626486
1, 0.649923, 0.43, 0.57, 0.644692
1, 0.645813, 0.435, 0.565, 0.64281
1, 0.70177, 0.435, 0.565, 0.682327
1, 0.674528, 0.435, 0.565, 0.662344
1, 0.676731, 0.435, 0.565, 0.661507
1, 0.657145, 0.435, 0.565, 0.654786
1, 0.66725, 0.435, 0.565, 0.661705
1, 0.655924, 0.435, 0.565, 0.646944
1, 0.642127, 0.435, 0.565, 0.6394
1, 0.68648, 0.435, 0.565, 0.666311
1, 0.66058, 0.435, 0.565, 0.652884
1, 0.645683, 0.435, 0.565, 0.640292
1, 0.67506, 0.435, 0.565, 0.660859
1, 0.681392, 0.435, 0.565, 0.668376
1, 0.673382, 0.435, 0.565, 0.667683
1, 0.695327, 0.435, 0.565, 0.678067
1, 0.683726, 0.435, 0.565, 0.671762
1, 0.678876, 0.435, 0.565, 0.665183
1, 0.656166, 0.435, 0.565, 0.656938
1, 0.65707, 0.435, 0.565, 0.64256
1, 0.698763, 0.435, 0.565, 0.681167
1, 0.656794, 0.435, 0.565, 0.647411
1, 0.667001, 0.435, 0.565, 0.655734
1, 0.686673, 0.435, 0.565, 0.669576
1, 0.67594, 0.435, 0.565, 0.660613
1, 0.667891, 0.435, 0.565, 0.650611
1, 0.678288, 0.44, 0.56, 0.668301
1, 0.667036, 0.44, 0.56, 0.66586
1, 0.676331, 0.44, 0.56, 0.66447
1, 0.708313, 0.44, 0.56, 0.689828
1, 0.676484, 0.44, 0.56, 0.666235
1, 0.687382, 0.44, 0.56, 0.670654
1, 0.691763, 0.44, 0.56, 0.67812
1, 0.68849, 0.44, 0.56, 0.674661
1, 0.672253, 0.44, 0.56, 0.661351
1, 0.681409, 0.44, 0.56, 0.671634
1, 0.675676, 0.44, 0.56, 0.665822
1, 0.667227, 0.44, 0.56, 0.657117
1, 0.699976, 0.44, 0.56, 0.684617
1, 0.690388, 0.44, 0.56, 0.680203
1, 0.689082, 0.44, 0.56, 0.679339
1, 0.680472, 0.44, 0.56, 0.669457
1, 0.683164, 0.44, 0.56, 0.667301
1, 0.694418, 0.44, 0.56, 0.67582
1, 0.691473, 0.44, 0.56, 0.676135
1, 0.725644, 0.44, 0.56, 0.701416
1, 0.716797, 0.44, 0.56, 0.694648
1, 0.687827, 0.44, 0.56, 0.671625
1, 0.694403, 0.44, 0.56, 0.678178
1, 0.715466, 0.44, 0.56, 0.699009
1, 0.685708, 0.44, 0.56, 0.673248
1, 0.722502, 0.445, 0.555, 0.709994
1, 0.737503, 0.445, 0.555, 0.712485
1, 0.703752, 0.445, 0.555, 0.693394
1, 0.679433, 0.445, 0.555, 0.673687
1, 0.706623, 0.445, 0.555, 0.693362
1, 0.697869, 0.445, 0.555, 0.683888
1, 0.699908, 0.445, 0.555, 0.689705
1, 0.720864, 0.445, 0.555, 0.7
1, 0.72742, 0.445, 0.555, 0.705457
1, 0.70956, 0.445, 0.555, 0.696904
1, 0.69531, 0.445, 0.555, 0.679966
1, 0.743357, 0.445, 0.555, 0.722901
1, 0.699519, 0.445, 0.555, 0.686061
1, 0.700676, 0.445, 0.555, 0.688543
1, 0.730721, 0.445, 0.555, 0.71558
1, 0.706022, 0.445, 0.555, 0.701505
1, 0.700384, 0.445, 0.555, 0.684345
1, 0.712951, 0.445, 0.555, 0.696808
1, 0.707461, 0.445, 0.555, 0.692716
1, 0.699005, 0.445, 0.555, 0.688303
1, 0.700506, 0.445, 0.555, 0.685789
1, 0.714057, 0.445, 0.555, 0.693908
1, 0.696338, 0.445, 0.555, 0.682431
1, 0.700232, 0.445, 0.555, 0.687798
1, 0.714943, 0.445, 0.555, 0.700656
1, 0.738431, 0.45, 0.55, 0.72243
1, 0.728385, 0.45, 0.55, 0.714387
1, 0.70376, 0.45, 0.55, 0.685938
1, 0.699794, 0.45, 0.55, 0.692041
1, 0.751959, 0.45, 0.55, 0.726586
1, 0.719435, 0.45, 0.55, 0.703018
1, 0.751076, 0.45, 0.55, 0.728477
1, 0.736066, 0.45, 0.55, 0.714263
1, 0.715431, 0.45, 0.55, 0.702882
1, 0.744228, 0.45, 0.55, 0.725996
1, 0.72487, 0.45, 0.55, 0.706633
1, 0.726757, 0.45, 0.55, 0.709736
1, 0.71534, 0.45, 0.55, 0.699946
1, 0.749966, 0.45, 0.55, 0.731523
1, 0.716909, 0.45, 0.55, 0.701658
1, 0.741268, 0.45, 0.55, 0.723116
1, 0.717223, 0.45, 0.55, 0.70022
1, 0.708851, 0.45, 0.55, 0.694528
1, 0.726984, 0.45, 0.55, 0.708504
1, 0.717013, 0.45, 0.55, 0.705499
1, 0.717174, 0.45, 0.55, 0.701088
1, 0.715275, 0.45, 0.55, 0.701972
1, 0.715148, 0.45, 0.55, 0.704366
1, 0.728973, 0.45, 0.55, 0.71366
1, 0.728186, 0.45, 0.55, 0.707099
1, 0.748835, 0.455, 0.545, 0.729641
1, 0.736163, 0.455, 0.545, 0.720291
1, 0.721816, 0.455, 0.545, 0.706154
1, 0.727015, 0.455, 0.545, 0.715893
1, 0.763346, 0.455, 0.545, 0.744371
1, 0.729184, 0.455, 0.545, 0.716788
1, 0.736827, 0.455, 0.545, 0.717794
1, 0.741167, 0.455, 0.545, 0.724831
1, 0.716979, 0.455, 0.545, 0.701842
1, 0.757583, 0.455, 0.545, 0.735816
1, 0.777224, 0.455, 0.545, 0.755923
1, 0.738101, 0.455, 0.545, 0.731645
1, 0.745115, 0.455, 0.545, 0.731744
1, 0.722508, 0.455, 0.545, 0.709979
1, 0.763695, 0.455, 0.545, 0.7428
1, 0.71976, 0.455, 0.545, 0.707489
1, 0.724022, 0.455, 0.545, 0.708929
1, 0.749212, 0.455, 0.545, 0.733854
1, 0.754323, 0.455, 0.545, 0.731891
1, 0.75591, 0.455, 0.545, 0.733657
1, 0.745292, 0.455, 0.545, 0.730663
1, 0.732088, 0.455, 0.545, 0.714475
1, 0.734679, 0.455, 0.545, 0.716473
1, 0.734213, 0.455, 0.545, 0.720339
1, 0.745122, 0.455, 0.545, 0.732051
1, 0.763487, 0.46, 0.54, 0.746799
1, 0.791076, 0.46, 0.54, 0.772623
1, 0.760194, 0.46, 0.54, 0.743176
1, 0.750505, 0.46, 0.54, 0.736765
1, 0.770183, 0.46, 0.54, 0.749348
1, 0.774412, 0.46, 0.54, 0.753455
1, 0.748466, 0.46, 0.54, 0.736345
1, 0.734308, 0.46, 0.54, 0.722644
1, 0.75284, 0.46, 0.54, 0.736936
1, 0.728542, 0.46, 0.54, 0.71323
1, 0.792789, 0.46, 0.54, 0.775601
1, 0.768324, 0.46, 0.54, 0.748379
1, 0.750254, 0.46, 0.54, 0.737781
1, 0.76191, 0.46, 0.54, 0.744719
1, 0.757785, 0.46, 0.54, 0.744564
1, 0.765027, 0.46, 0.54, 0.743919
1, 0.772444, 0.46, 0.54, 0.754257
1, 0.740065, 0.46, 0.54, 0.722417
1, 0.779424, 0.46, 0.54, 0.76068
1, 0.755175, 0.46, 0.54, 0.743883
1, 0.754288, 0.46, 0.54, 0.737734
1, 0.765589, 0.46, 0.54, 0.748031
1, 0.749903, 0.46, 0.54, 0.734141
1, 0.752967, 0.46, 0.54, 0.736723
1, 0.771844, 0.46, 0.54, 0.760308
1, 0.822415, 0.465, 0.535, 0.796436
1, 0.790358, 0.465, 0.535, 0.779883
1, 0.771898, 0.465, 0.535, 0.753428
1, 0.78822, 0.465, 0.535, 0.767812
1, 0.804389, 0.465, 0.535, 0.779556
1, 0.807531, 0.465, 0.535, 0.786026
1, 0.797037, 0.465, 0.535, 0.776768
1, 0.775324, 0.465, 0.535, 0.751283
1, 0.784299, 0.465, 0.535, 0.765131
1, 0.762482, 0.465, 0.535, 0.755094
1, 0.810606, 0.465, 0.535, 0.790213
1, 0.790973, 0.465, 0.535, 0.77275
1, 0.764956, 0.465, 0.535, 0.744619
1, 0.783968, 0.465, 0.535, 0.766311
1, 0.767983, 0.465, 0.535, 0.749103
1, 0.790337, 0.465, 0.535, 0.765987
1, 0.785581, 0.465, 0.535, 0.767062
1, 0.782696, 0.465, 0.535, 0.765979
1, 0.787959, 0.465, 0.535, 0.770224
1, 0.789784, 0.465, 0.535, 0.765954
1, 0.756332, 0.465, 0.535, 0.743465
1, 0.769561, 0.465, 0.535, 0.752354
1, 0.759918, 0.465, 0.535, 0.739067
1, 0.797549, 0.465, 0.535, 0.77824
1, 0.782386, 0.465, 0.535, 0.765905
1, 0.815876, 0.47, 0.53, 0.797154
1, 0.780067, 0.47, 0.53, 0.763141
1, 0.812272, 0.47, 0.53, 0.789755
1, 0.806877, 0.47, 0.53, 0.79257
1, 0.802687, 0.47, 0.53, 0.791208
1, 0.818693, 0.47, 0.53, 0.799983
1, 0.836527, 0.47, 0.53, 0.812111
1, 0.81242, 0.47, 0.53, 0.79386
1, 0.814919, 0.47, 0.53, 0.799865
1, 0.823062, 0.47, 0.53, 0.804211
1, 0.814915, 0.47, 0.53, 0.794585
1, 0.820941, 0.47, 0.53, 0.798554
1, 0.814185, 0.47, 0.53, 0.795636
1, 0.818294, 0.47, 0.53, 0.798427
1, 0.826032, 0.47, 0.53, 0.810067
1, 0.812509, 0.47, 0.53, 0.791621
1, 0.842519, 0.47, 0.53, 0.819449
1, 0.818632, 0.47, 0.53, 0.805343
1, 0.793218, 0.47, 0.53, 0.771012
1, 0.820673, 0.47, 0.53, 0.80389
1, 0.778608, 0.47, 0.53, 0.763407
1, 0.850942, 0.47, 0.53, 0.831745
1, 0.816764, 0.47, 0.53, 0.789066
1, 0.812206, 0.47, 0.53, 0.790453
1, 0.807423, 0.47, 0.53, 0.790265
1, 0.843783, 0.475, 0.525, 0.827291
1, 0.817504, 0.475, 0.525, 0.790428
1, 0.863249, 0.475, 0.525, 0.845849
1, 0.85054, 0.475, 0.525, 0.830844
1, 0.811328, 0.475, 0.525, 0.79421
1, 0.83497, 0.475, 0.525, 0.816211
1, 0.818079, 0.475, 0.525, 0.801917
1, 0.822523, 0.475, 0.525, 0.803842
1, 0.824164, 0.475, 0.525, 0.807343
1, 0.808304, 0.475, 0.525, 0.797271
1, 0.827636, 0.475, 0.525, 0.811201
1, 0.831352, 0.475, 0.525, 0.814876
1, 0.840963, 0.475, 0.525, 0.82043
1, 0.85903, 0.475, 0.525, 0.844444
1, 0.829024, 0.475, 0.525, 0.808646
1, 0.850648, 0.475, 0.525, 0.828943
1, 0.86291, 0.475, 0.525, 0.837418
1, 0.843915, 0.475, 0.525, 0.825971
1, 0.827466, 0.475, 0.525, 0.811321
1, 0.829818, 0.475, 0.525, 0.813732
1, 0.850494, 0.475, 0.525, 0.831186
1, 0.838464, 0.475, 0.525, 0.818049
1, 0.818911, 0.475, 0.525, 0.797315
1, 0.808284, 0.475, 0.525, 0.795307
1, 0.886684, 0.475, 0.525, 0.865799
1, 0.821866, 0.48, 0.52, 0.801047
1, 0.871582, 0.48, 0.52, 0.849579
1, 0.871997, 0.48, 0.52, 0.852722
1, 0.854323, 0.48, 0.52, 0.83604
1, 0.875792, 0.48, 0.52, 0.85043
1, 0.834316, 0.48, 0.52, 0.812122
1, 0.855301, 0.48, 0.52, 0.840589
1, 0.913227, 0.48, 0.52, 0.900658
1, 0.875899, 0.48, 0.52, 0.853337
1, 0.834456, 0.48, 0.52, 0.818378
1, 0.839624, 0.48, 0.52, 0.815182
1, 0.849028, 0.48, 0.52, 0.828793
1, 0.850973, 0.48, 0.52, 0.833623
1, 0.889797, 0.48, 0.52, 0.874365
1, 0.861476, 0.48, 0.52, 0.840742
1, 0.86541, 0.48, 0.52, 0.845753
1, 0.849004, 0.48, 0.52, 0.826645
1, 0.835648, 0.48, 0.52, 0.816882
1, 0.895902, 0.48, 0.52, 0.872288
1, 0.835255, 0.48, 0.52, 0.820618
1, 0.819284, 0.48, 0.52, 0.80743
1, 0.867134, 0.48, 0.52, 0.846167
1, 0.836807, 0.48, 0.52, 0.824551
1, 0.830373, 0.48, 0.52, 0.811358
1, 0.874905, 0.48, 0.52, 0.854749
1, 0.901235, 0.485, 0.515, 0.885493
1, 0.877182, 0.485, 0.515, 0.861974
1, 0.882033, 0.485, 0.515, 0.86712
1, 0.86606, 0.485, 0.515, 0.849146
1, 0.884783, 0.485, 0.515, 0.865992
1, 0.889534, 0.485, 0.515, 0.870261
1, 0.885364, 0.485, 0.515, 0.866588
1, 0.897212, 0.485, 0.515, 0.88105
1, 0.860025, 0.485, 0.515, 0.843965
1, 0.886616, 0.485, 0.515, 0.871536
1, 0.893923, 0.485, 0.515, 0.873267
1, 0.874632, 0.485, 0.515, 0.854159
1, 0.896247, 0.485, 0.515, 0.88084
1, 0.878353, 0.485, 0.515, 0.860183
1, 0.88667, 0.485, 0.515, 0.868821
1, 0.92174, 0.485, 0.515, 0.9084
1, 0.902696, 0.485, 0.515, 0.88916
1, 0.898298, 0.485, 0.515, 0.880393
1, 0.90648, 0.485, 0.515, 0.889588
1, 0.907803, 0.485, 0.515, 0.897757
1, 0.893754, 0.485, 0.515, 0.881244
1, 0.925273, 0.485, 0.515, 0.913007
1, 0.929826, 0.485, 0.515, 0.915337
1, 0.897261, 0.485, 0.515, 0.881361
1, 0.921548, 0.485, 0.515, 0.909965
1, 0.939122, 0.49, 0.51, 0.931574
1, 0.893156, 0.49, 0.51, 0.879326
1, 0.944624, 0.49, 0.51, 0.931115
1, 0.915964, 0.49, 0.51, 0.898307
1, 0.951133, 0.49, 0.51, 0.94104
1, 0.932646, 0.49, 0.51, 0.919812
1, 0.917476, 0.49, 0.51, 0.904758
1, 0.968979, 0.49, 0.51, 0.961982
1, 0.904549, 0.49, 0.51, 0.89242
1, 0.927922, 0.49, 0.51, 0.917996
1, 0.954527, 0.49, 0.51, 0.946553
1, 0.931776, 0.49, 0.51, 0.921799
1, 0.949068, 0.49, 0.51, 0.936464
1, 0.934669, 0.49, 0.51, 0.924055
1, 0.929359, 0.49, 0.51, 0.921001
1, 0.91165, 0.49, 0.51, 0.893386
1, 0.948694, 0.49, 0.51, 0.939272
1, 0.952771, 0.49, 0.51, 0.942681
1, 0.915351, 0.49, 0.51, 0.900794
1, 0.935176, 0.49, 0.51, 0.918473
1, 0.892303, 0.49, 0.51, 0.876475
1, 0.918411, 0.49, 0.51, 0.905244
1, 0.91235, 0.49, 0.51, 0.892316
1, 0.931305, 0.49, 0.51, 0.915085
1, 0.913609, 0.49, 0.51, 0.904386
1, 0.939315, 0.495, 0.505, 0.929447
1, 0.952512, 0.495, 0.505, 0.948916
1, 0.963653, 0.495, 0.505, 0.957108
1, 0.955716, 0.495, 0.505, 0.943425
1, 0.984689, 0.495, 0.505, 0.982927
1, 0.93961, 0.495, 0.505, 0.927019
1, 0.975745, 0.495, 0.505, 0.968184
1, 0.93199, 0.495, 0.505, 0.920699
1, 0.947592, 0.495, 0.505, 0.937565
1, 0.939579, 0.495, 0.505, 0.931997
1, 0.95482, 0.495, 0.505, 0.949093
1, 0.916687, 0.495, 0.505, 0.903126
1, 0.989261, 0.495, 0.505, 0.986935
1, 0.976934, 0.495, 0.505, 0.970435
1, 0.950606, 0.495, 0.505, 0.937198
1, 0.933733, 0.495, 0.505, 0.927174
1, 0.946052, 0.495, 0.505, 0.933972
1, 0.945585, 0.495, 0.505, 0.933397
1, 0.979891, 0.495, 0.505, 0.975467
1, 0.972525, 0.495, 0.505, 0.965598
1, 0.94814, 0.495, 0.505, 0.935765
1, 0.949712, 0.495, 0.505, 0.937364
1, 0.946196, 0.495, 0.505, 0.936748
1, 0.95004, 0.495, 0.505, 0.938352
1, 0.971624, 0.495, 0.505, 0.964798
1, 0.96967, 0.5, 0.5, 0.964639
1, 0.991883, 0.5, 0.5, 0.990705
1, 0.998745, 0.5, 0.5, 0.997707
1, 0.971637, 0.5, 0.5, 0.966002
1, 0.968963, 0.5, 0.5, 0.961437
1, 0.999641, 0.5, 0.5, 0.999602
1, 0.983871, 0.5, 0.5, 0.98186
1, 0.94945, 0.5, 0.5, 0.940872
1, 0.958314, 0.5, 0.5, 0.949324
1, 0.98066, 0.5, 0.5, 0.976885
1, 0.968247, 0.5, 0.5, 0.963807
1, 0.973646, 0.5, 0.5, 0.968802
1, 0.955505, 0.5, 0.5, 0.946064
1, 0.996134, 0.5, 0.5, 0.994637
1, 0.9991, 0.5, 0.5, 0.998025
1, 0.987125, 0.5, 0.5, 0.984191
1, 0.938452, 0.5, 0.5, 0.92246
1, 0.974316, 0.5, 0.5, 0.967485
1, 0.974928, 0.5, 0.5, 0.969456
1, 0.985347, 0.5, 0.5, 0.982254
1, 0.979073, 0.5, 0.5, 0.971362
1, 0.957183, 0.5, 0.5, 0.951148
1, 0.987255, 0.5, 0.5, 0.985026
1, 0.971685, 0.5, 0.5, 0.965781
1, 0.942661, 0.5, 0.5, 0.929374
1, 0.996601, 0.505, 0.495, 0.996638
1, 0.996466, 0.505, 0.495, 0.995764
1, 0.987202, 0.505, 0.495, 0.983736
1, 0.983356, 0.505, 0.495, 0.979285
1, 0.998593, 0.505, 0.495, 0.997827
1, 0.991023, 0.505, 0.495, 0.988562
1, 0.998446, 0.505, 0.495, 0.997548
1, 0.990192, 0.505, 0.495, 0.987567
1, 0.996669, 0.505, 0.495, 0.99561
1, 0.992365, 0.505, 0.495, 0.991063
1, 0.997204, 0.505, 0.495, 0.996492
1, 0.998619, 0.505, 0.495, 0.997338
1, 0.995674, 0.505, 0.495, 0.994297
1, 0.998482, 0.505, 0.495, 0.99803
1, 0.948129, 0.505, 0.495, 0.938971
1, 0.984416, 0.505, 0.495, 0.981578
1, 0.999812, 0.505, 0.495, 0.999804
1, 0.994808, 0.505, 0.495, 0.994734
1, 0.999764, 0.505, 0.495, 0.999708
1, 0.99878, 0.505, 0.495, 0.998433
1, 0.99415, 0.505, 0.495, 0.991285
1, 0.997587, 0.505, 0.495, 0.997052
1, 1, 0.505, 0.495, 1
1, 0.993106, 0.505, 0.495, 0.992568
1, 0.992362, 0.505, 0.495, 0.992121
