# Dynamic Strategy Switching Simulation Results
# Schedule file: schedule_pure_stubborn_trail.txt
# Miner 0: selfish (0-6666), stubborn-trail (6667-13333), petty (13334-19999)
# Miner 1: default-selfish (0-19999)
Gamma, Miner0_ProfitFraction, Miner0_HashRate, Miner1_HashRate, Miner0_BlockFraction
0, 0, 0.005, 0.995, 0
0, 0.000210246, 0.005, 0.995, 0.000100543
0, 0.000155248, 0.005, 0.995, 0.000101276
0, 0.000375372, 0.005, 0.995, 0.000204061
0, 9.54138e-05, 0.005, 0.995, 9.95867e-05
0, 0, 0.005, 0.995, 0
0, 8.06638e-05, 0.005, 0.995, 0.000100462
0, 0, 0.005, 0.995, 0
0, 0, 0.005, 0.995, 0
0, 0, 0.005, 0.995, 0
0, 0.000388654, 0.005, 0.995, 0.000406483
0, 0.000103731, 0.005, 0.995, 0.000101174
0, 8.15804e-05, 0.005, 0.995, 0.000100659
0, 0.00010966, 0.005, 0.995, 0.000100356
0, 8.84104e-05, 0.005, 0.995, 9.92901e-05
0, 0.000151748, 0.005, 0.995, 0.000200753
0, 0.000122833, 0.005, 0.995, 0.000101276
0, 0, 0.005, 0.995, 0
0, 0.000269731, 0.005, 0.995, 0.00020203
0, 0.000219073, 0.005, 0.995, 0.000201918
0, 0.000131664, 0.005, 0.995, 0.000100659
0, 0.000373205, 0.005, 0.995, 0.000200773
0, 0.000223992, 0.005, 0.995, 0.000100492
0, 8.97497e-05, 0.005, 0.995, 9.98851e-05
0, 0, 0.005, 0.995, 0
0, 0.00143389, 0.01, 0.99, 0.000791883
0, 0.00047432, 0.01, 0.99, 0.00040349
0, 0.000888494, 0.01, 0.99, 0.000810086
0, 3.17497e-05, 0.01, 0.99, 0.000100578
0, 0.000834412, 0.01, 0.99, 0.00060738
0, 0.000533153, 0.01, 0.99, 0.000302694
0, 0.000130405, 0.01, 0.99, 0.000100969
0, 0.000151657, 0.01, 0.99, 0.000202214
0, 0.000477473, 0.01, 0.99, 0.000401586
0, 0.000570231, 0.01, 0.99, 0.000409857
0, 0.00131212, 0.01, 0.99, 0.000803939
0, 0.000728484, 0.01, 0.99, 0.000400701
0, 0.000771163, 0.01, 0.99, 0.000608211
0, 0.000562498, 0.01, 0.99, 0.000504159
0, 0.000586201, 0.01, 0.99, 0.000506817
0, 0.000346232, 0.01, 0.99, 0.00045909
0, 0.000190083, 0.01, 0.99, 0.000201511
0, 0.000461641, 0.01, 0.99, 0.000405927
0, 0.000206148, 0.01, 0.99, 0.00030303
0, 0.000414326, 0.01, 0.99, 0.000301811
0, 0.000528646, 0.01, 0.99, 0.000507924
0, 0.000137248, 0.01, 0.99, 0.00019986
0, 0.000456083, 0.01, 0.99, 0.000202614
0, 0.000690934, 0.01, 0.99, 0.000501807
0, 0.000792999, 0.01, 0.99, 0.000608859
0, 0.0013394, 0.015, 0.985, 0.00101683
0, 0.00093682, 0.015, 0.985, 0.000503981
0, 0.000559582, 0.015, 0.985, 0.000912918
0, 0.000384775, 0.015, 0.985, 0.000407789
0, 0.001028, 0.015, 0.985, 0.000811647
0, 0.00127563, 0.015, 0.985, 0.00100898
0, 0.000378907, 0.015, 0.985, 0.000405351
0, 0.000619024, 0.015, 0.985, 0.000701508
0, 0.00166758, 0.015, 0.985, 0.00132363
0, 0.00125669, 0.015, 0.985, 0.00101714
0, 0.00123463, 0.015, 0.985, 0.000919775
0, 0.00130206, 0.015, 0.985, 0.00126333
0, 0.00092133, 0.015, 0.985, 0.000719314
0, 0.000714561, 0.015, 0.985, 0.000800921
0, 0.000721454, 0.015, 0.985, 0.000619163
0, 0.000423235, 0.015, 0.985, 0.000820345
0, 0.000987172, 0.015, 0.985, 0.00121439
0, 0.00032281, 0.015, 0.985, 0.000306076
0, 0.00207147, 0.015, 0.985, 0.00111902
0, 0.00210916, 0.015, 0.985, 0.0015387
0, 0.000554409, 0.015, 0.985, 0.000609044
0, 0.000589479, 0.015, 0.985, 0.000507279
0, 0.000899503, 0.015, 0.985, 0.00102025
0, 0.00200495, 0.015, 0.985, 0.00132201
0, 0.00133987, 0.015, 0.985, 0.000819378
0, 0.00268677, 0.02, 0.98, 0.00173806
0, 0.00188009, 0.02, 0.98, 0.00144553
0, 0.00175408, 0.02, 0.98, 0.00161445
0, 0.00206113, 0.02, 0.98, 0.00182066
0, 0.00159105, 0.02, 0.98, 0.00195614
0, 0.00160378, 0.02, 0.98, 0.00152284
0, 0.00158699, 0.02, 0.98, 0.00164609
0, 0.00229686, 0.02, 0.98, 0.00221864
0, 0.00204206, 0.02, 0.98, 0.00189792
0, 0.00142474, 0.02, 0.98, 0.00133054
0, 0.00174877, 0.02, 0.98, 0.00218285
0, 0.00201905, 0.02, 0.98, 0.00137426
0, 0.00156609, 0.02, 0.98, 0.00112354
0, 0.00213046, 0.02, 0.98, 0.00178992
0, 0.00172832, 0.02, 0.98, 0.00161608
0, 0.00155736, 0.02, 0.98, 0.00102854
0, 0.00228598, 0.02, 0.98, 0.00184464
0, 0.0027004, 0.02, 0.98, 0.00199244
0, 0.00154093, 0.02, 0.98, 0.00093332
0, 0.0014095, 0.02, 0.98, 0.00133088
0, 0.00241984, 0.02, 0.98, 0.00172326
0, 0.00198855, 0.02, 0.98, 0.00122907
0, 0.00288064, 0.02, 0.98, 0.00215219
0, 0.00205644, 0.02, 0.98, 0.00142639
0, 0.00208959, 0.02, 0.98, 0.00152331
0, 0.00352741, 0.025, 0.975, 0.00341987
0, 0.00170279, 0.025, 0.975, 0.00171732
0, 0.00333223, 0.025, 0.975, 0.00245248
0, 0.00263385, 0.025, 0.975, 0.00213036
0, 0.00305517, 0.025, 0.975, 0.00225757
0, 0.00230221, 0.025, 0.975, 0.00180301
0, 0.00422556, 0.025, 0.975, 0.0032797
0, 0.00264098, 0.025, 0.975, 0.00216428
0, 0.0029481, 0.025, 0.975, 0.00204908
0, 0.00316874, 0.025, 0.975, 0.00236018
0, 0.00270876, 0.025, 0.975, 0.00296266
0, 0.00267572, 0.025, 0.975, 0.00205381
0, 0.00358946, 0.025, 0.975, 0.0027446
0, 0.00246428, 0.025, 0.975, 0.00195775
0, 0.00264209, 0.025, 0.975, 0.00194125
0, 0.00276408, 0.025, 0.975, 0.00276611
0, 0.00250583, 0.025, 0.975, 0.0024868
0, 0.00419985, 0.025, 0.975, 0.00306076
0, 0.00253022, 0.025, 0.975, 0.00200514
0, 0.00546912, 0.025, 0.975, 0.00375321
0, 0.00184223, 0.025, 0.975, 0.00152757
0, 0.002504, 0.025, 0.975, 0.00214757
0, 0.00323025, 0.025, 0.975, 0.0025087
0, 0.00334159, 0.025, 0.975, 0.00312045
0, 0.00312389, 0.025, 0.975, 0.00274611
0, 0.00430115, 0.03, 0.97, 0.00323808
0, 0.00583773, 0.03, 0.97, 0.00442386
0, 0.00505818, 0.03, 0.97, 0.00416153
0, 0.00497248, 0.03, 0.97, 0.00397604
0, 0.00348839, 0.03, 0.97, 0.00327584
0, 0.00496817, 0.03, 0.97, 0.00386484
0, 0.00555587, 0.03, 0.97, 0.00428785
0, 0.00294507, 0.03, 0.97, 0.00310955
0, 0.00271996, 0.03, 0.97, 0.00309885
0, 0.00682873, 0.03, 0.97, 0.00494637
0, 0.0030859, 0.03, 0.97, 0.00263105
0, 0.00429116, 0.03, 0.97, 0.00285671
0, 0.00323757, 0.03, 0.97, 0.00258692
0, 0.00347192, 0.03, 0.97, 0.00285408
0, 0.00484734, 0.03, 0.97, 0.00411116
0, 0.00503497, 0.03, 0.97, 0.00352186
0, 0.00276151, 0.03, 0.97, 0.00259255
0, 0.00407795, 0.03, 0.97, 0.0031398
0, 0.00527566, 0.03, 0.97, 0.00360163
0, 0.00459834, 0.03, 0.97, 0.00364375
0, 0.00371833, 0.03, 0.97, 0.0031218
0, 0.00438078, 0.03, 0.97, 0.00345283
0, 0.00369361, 0.03, 0.97, 0.00322413
0, 0.00384665, 0.03, 0.97, 0.00377628
0, 0.00491052, 0.03, 0.97, 0.00387676
0, 0.00536294, 0.035, 0.965, 0.004344
0, 0.00706967, 0.035, 0.965, 0.00520621
0, 0.00486374, 0.035, 0.965, 0.00411946
0, 0.00624818, 0.035, 0.965, 0.00501291
0, 0.00647074, 0.035, 0.965, 0.00493276
0, 0.00544649, 0.035, 0.965, 0.00466225
0, 0.00621301, 0.035, 0.965, 0.00500232
0, 0.00607175, 0.035, 0.965, 0.00523853
0, 0.00858629, 0.035, 0.965, 0.00639835
0, 0.00505037, 0.035, 0.965, 0.00450427
0, 0.0056078, 0.035, 0.965, 0.00504427
0, 0.00372829, 0.035, 0.965, 0.00375822
0, 0.00690581, 0.035, 0.965, 0.00462368
0, 0.00589705, 0.035, 0.965, 0.00461775
0, 0.00520506, 0.035, 0.965, 0.00448338
0, 0.00582692, 0.035, 0.965, 0.00431797
0, 0.00762565, 0.035, 0.965, 0.00530035
0, 0.00630442, 0.035, 0.965, 0.00520535
0, 0.00636715, 0.035, 0.965, 0.00516903
0, 0.00547794, 0.035, 0.965, 0.00427729
0, 0.00429787, 0.035, 0.965, 0.00376353
0, 0.00491045, 0.035, 0.965, 0.00427328
0, 0.00746146, 0.035, 0.965, 0.00617925
0, 0.0061713, 0.035, 0.965, 0.00505261
0, 0.00493816, 0.035, 0.965, 0.00419502
0, 0.00651133, 0.04, 0.96, 0.00513223
0, 0.00783767, 0.04, 0.96, 0.00666393
0, 0.00791392, 0.04, 0.96, 0.00682312
0, 0.00549044, 0.04, 0.96, 0.00463542
0, 0.00803615, 0.04, 0.96, 0.00611304
0, 0.00635381, 0.04, 0.96, 0.00449984
0, 0.00500414, 0.04, 0.96, 0.00522275
0, 0.00610313, 0.04, 0.96, 0.00578306
0, 0.00768545, 0.04, 0.96, 0.00642432
0, 0.00780538, 0.04, 0.96, 0.00643004
0, 0.00660622, 0.04, 0.96, 0.00582484
0, 0.00743294, 0.04, 0.96, 0.00628343
0, 0.00950785, 0.04, 0.96, 0.00760673
0, 0.00768904, 0.04, 0.96, 0.00582249
0, 0.00660942, 0.04, 0.96, 0.00583538
0, 0.0067611, 0.04, 0.96, 0.00674076
0, 0.00816949, 0.04, 0.96, 0.00731593
0, 0.00734413, 0.04, 0.96, 0.00619147
0, 0.00694427, 0.04, 0.96, 0.0056783
0, 0.00745626, 0.04, 0.96, 0.00671805
0, 0.0079251, 0.04, 0.96, 0.00603978
0, 0.00876455, 0.04, 0.96, 0.00671488
0, 0.00593305, 0.04, 0.96, 0.00550421
0, 0.00827487, 0.04, 0.96, 0.00707718
0, 0.0072154, 0.04, 0.96, 0.00678001
0, 0.00794808, 0.045, 0.955, 0.00670932
0, 0.00928856, 0.045, 0.955, 0.00808468
0, 0.0085656, 0.045, 0.955, 0.00734452
0, 0.00846441, 0.045, 0.955, 0.00663463
0, 0.0088308, 0.045, 0.955, 0.00876871
0, 0.00672679, 0.045, 0.955, 0.00597516
0, 0.00929574, 0.045, 0.955, 0.00781452
0, 0.00738347, 0.045, 0.955, 0.00642197
0, 0.0081181, 0.045, 0.955, 0.00649317
0, 0.0101179, 0.045, 0.955, 0.00877881
0, 0.00814898, 0.045, 0.955, 0.00747625
0, 0.0096696, 0.045, 0.955, 0.00726093
0, 0.0120532, 0.045, 0.955, 0.00822385
0, 0.0087245, 0.045, 0.955, 0.00831068
0, 0.00913648, 0.045, 0.955, 0.00833858
0, 0.00957008, 0.045, 0.955, 0.00710227
0, 0.0115075, 0.045, 0.955, 0.00890579
0, 0.00930856, 0.045, 0.955, 0.00765545
0, 0.00780348, 0.045, 0.955, 0.00689367
0, 0.0107417, 0.045, 0.955, 0.0089877
0, 0.00820606, 0.045, 0.955, 0.00774147
0, 0.00907795, 0.045, 0.955, 0.00750565
0, 0.00899485, 0.045, 0.955, 0.00825253
0, 0.00999063, 0.045, 0.955, 0.00858257
0, 0.0111802, 0.045, 0.955, 0.00858055
0, 0.0112504, 0.05, 0.95, 0.00914971
0, 0.00929917, 0.05, 0.95, 0.00905522
0, 0.0112053, 0.05, 0.95, 0.00955983
0, 0.0118769, 0.05, 0.95, 0.0093845
0, 0.00983626, 0.05, 0.95, 0.00933741
0, 0.0123958, 0.05, 0.95, 0.0100484
0, 0.0116917, 0.05, 0.95, 0.00949236
0, 0.0102989, 0.05, 0.95, 0.00826229
0, 0.00989861, 0.05, 0.95, 0.0085394
0, 0.0123307, 0.05, 0.95, 0.010529
0, 0.0115205, 0.05, 0.95, 0.0103125
0, 0.0119623, 0.05, 0.95, 0.00934777
0, 0.011481, 0.05, 0.95, 0.0101191
0, 0.00947965, 0.05, 0.95, 0.00850951
0, 0.00918907, 0.05, 0.95, 0.00779901
0, 0.00830937, 0.05, 0.95, 0.00815232
0, 0.00954457, 0.05, 0.95, 0.00858999
0, 0.00956278, 0.05, 0.95, 0.00899899
0, 0.0110649, 0.05, 0.95, 0.00936013
0, 0.0118087, 0.05, 0.95, 0.00885373
0, 0.0101218, 0.05, 0.95, 0.00895208
0, 0.012613, 0.05, 0.95, 0.00996608
0, 0.0111537, 0.05, 0.95, 0.00853595
0, 0.013497, 0.05, 0.95, 0.0103479
0, 0.0126109, 0.05, 0.95, 0.00936241
0, 0.0145585, 0.055, 0.945, 0.0117909
0, 0.0153095, 0.055, 0.945, 0.0115266
0, 0.0145773, 0.055, 0.945, 0.0108535
0, 0.015216, 0.055, 0.945, 0.0133213
0, 0.0123671, 0.055, 0.945, 0.0109169
0, 0.0128637, 0.055, 0.945, 0.0115577
0, 0.0164305, 0.055, 0.945, 0.0130627
0, 0.0132431, 0.055, 0.945, 0.0102799
0, 0.0162974, 0.055, 0.945, 0.0135666
0, 0.0124776, 0.055, 0.945, 0.0115284
0, 0.0165265, 0.055, 0.945, 0.0125486
0, 0.0148497, 0.055, 0.945, 0.0118011
0, 0.0137004, 0.055, 0.945, 0.0117789
0, 0.0127175, 0.055, 0.945, 0.00977669
0, 0.0145604, 0.055, 0.945, 0.0121592
0, 0.0147127, 0.055, 0.945, 0.0112265
0, 0.0131798, 0.055, 0.945, 0.0119469
0, 0.0127343, 0.055, 0.945, 0.0110649
0, 0.0119177, 0.055, 0.945, 0.011438
0, 0.0130246, 0.055, 0.945, 0.0121711
0, 0.0145883, 0.055, 0.945, 0.0117376
0, 0.0147592, 0.055, 0.945, 0.0121727
0, 0.013857, 0.055, 0.945, 0.0120323
0, 0.0128032, 0.055, 0.945, 0.0100027
0, 0.0137601, 0.055, 0.945, 0.0113102
0, 0.0160247, 0.06, 0.94, 0.0132117
0, 0.0188682, 0.06, 0.94, 0.0152314
0, 0.0159743, 0.06, 0.94, 0.0133284
0, 0.0180582, 0.06, 0.94, 0.0149846
0, 0.0155873, 0.06, 0.94, 0.0137729
0, 0.0153059, 0.06, 0.94, 0.0127996
0, 0.0146528, 0.06, 0.94, 0.0121358
0, 0.0170507, 0.06, 0.94, 0.0133581
0, 0.015337, 0.06, 0.94, 0.0121219
0, 0.0131247, 0.06, 0.94, 0.0112515
0, 0.0139215, 0.06, 0.94, 0.0119732
0, 0.0157668, 0.06, 0.94, 0.0148081
0, 0.0145996, 0.06, 0.94, 0.0117721
0, 0.0165785, 0.06, 0.94, 0.0126589
0, 0.0165506, 0.06, 0.94, 0.0128441
0, 0.0171839, 0.06, 0.94, 0.0138441
0, 0.0157201, 0.06, 0.94, 0.013645
0, 0.0168133, 0.06, 0.94, 0.0150086
0, 0.016991, 0.06, 0.94, 0.0147535
0, 0.0132417, 0.06, 0.94, 0.0118187
0, 0.0153104, 0.06, 0.94, 0.0140983
0, 0.0171668, 0.06, 0.94, 0.0140485
0, 0.0171778, 0.06, 0.94, 0.0134962
0, 0.0150557, 0.06, 0.94, 0.0123719
0, 0.0128901, 0.06, 0.94, 0.0115107
0, 0.0189744, 0.065, 0.935, 0.0154075
0, 0.0185573, 0.065, 0.935, 0.0149023
0, 0.0189892, 0.065, 0.935, 0.0150356
0, 0.0173298, 0.065, 0.935, 0.015492
0, 0.0186617, 0.065, 0.935, 0.015453
0, 0.0178696, 0.065, 0.935, 0.0149238
0, 0.0167048, 0.065, 0.935, 0.0143579
0, 0.0191983, 0.065, 0.935, 0.017094
0, 0.0174992, 0.065, 0.935, 0.0148675
0, 0.0167155, 0.065, 0.935, 0.0142941
0, 0.0202436, 0.065, 0.935, 0.0147474
0, 0.0166543, 0.065, 0.935, 0.0146354
0, 0.0175477, 0.065, 0.935, 0.0150647
0, 0.0192248, 0.065, 0.935, 0.0152075
0, 0.0172321, 0.065, 0.935, 0.0143369
0, 0.0188884, 0.065, 0.935, 0.0160649
0, 0.0170376, 0.065, 0.935, 0.0145896
0, 0.0165689, 0.065, 0.935, 0.0139987
0, 0.0181833, 0.065, 0.935, 0.0148262
0, 0.0197169, 0.065, 0.935, 0.0158537
0, 0.0176496, 0.065, 0.935, 0.0147222
0, 0.0144377, 0.065, 0.935, 0.0128239
0, 0.0186687, 0.065, 0.935, 0.0163609
0, 0.0184919, 0.065, 0.935, 0.015895
0, 0.0184826, 0.065, 0.935, 0.0146845
0, 0.0211302, 0.07, 0.93, 0.0181516
0, 0.0251763, 0.07, 0.93, 0.0203256
0, 0.0227717, 0.07, 0.93, 0.0183408
0, 0.0216575, 0.07, 0.93, 0.0177646
0, 0.0231823, 0.07, 0.93, 0.0195571
0, 0.0181699, 0.07, 0.93, 0.01583
0, 0.0228251, 0.07, 0.93, 0.0184691
0, 0.0197331, 0.07, 0.93, 0.0169005
0, 0.0244666, 0.07, 0.93, 0.0205827
0, 0.0230629, 0.07, 0.93, 0.0184833
0, 0.0228783, 0.07, 0.93, 0.0181496
0, 0.0187555, 0.07, 0.93, 0.0169096
0, 0.0178847, 0.07, 0.93, 0.0151475
0, 0.0201617, 0.07, 0.93, 0.0163674
0, 0.0234797, 0.07, 0.93, 0.0191258
0, 0.0210338, 0.07, 0.93, 0.0163666
0, 0.0252498, 0.07, 0.93, 0.0215835
0, 0.0168971, 0.07, 0.93, 0.0154727
0, 0.0261849, 0.07, 0.93, 0.0204703
0, 0.0210011, 0.07, 0.93, 0.0185175
0, 0.0223942, 0.07, 0.93, 0.0183574
0, 0.0217972, 0.07, 0.93, 0.0178677
0, 0.0194819, 0.07, 0.93, 0.017942
0, 0.021095, 0.07, 0.93, 0.0165511
0, 0.0221007, 0.07, 0.93, 0.0189628
0, 0.0248777, 0.075, 0.925, 0.0195772
0, 0.02351, 0.075, 0.925, 0.0200935
0, 0.0246946, 0.075, 0.925, 0.0199709
0, 0.0250331, 0.075, 0.925, 0.0221208
0, 0.0263126, 0.075, 0.925, 0.0218483
0, 0.0206274, 0.075, 0.925, 0.0182648
0, 0.0264313, 0.075, 0.925, 0.0211418
0, 0.0256673, 0.075, 0.925, 0.0209463
0, 0.021065, 0.075, 0.925, 0.01904
0, 0.0263721, 0.075, 0.925, 0.0213403
0, 0.0234118, 0.075, 0.925, 0.0191647
0, 0.0240167, 0.075, 0.925, 0.0199224
0, 0.0238321, 0.075, 0.925, 0.01887
0, 0.0228265, 0.075, 0.925, 0.0187719
0, 0.0247818, 0.075, 0.925, 0.0210147
0, 0.0303171, 0.075, 0.925, 0.0234387
0, 0.0235626, 0.075, 0.925, 0.0208782
0, 0.0293352, 0.075, 0.925, 0.0225608
0, 0.0255375, 0.075, 0.925, 0.0213179
0, 0.0242845, 0.075, 0.925, 0.0209731
0, 0.0219287, 0.075, 0.925, 0.0191808
0, 0.0228314, 0.075, 0.925, 0.0194784
0, 0.0190237, 0.075, 0.925, 0.018309
0, 0.0212083, 0.075, 0.925, 0.0184629
0, 0.0234637, 0.075, 0.925, 0.0201146
0, 0.0346214, 0.08, 0.92, 0.0271097
0, 0.0272813, 0.08, 0.92, 0.0224463
0, 0.0249031, 0.08, 0.92, 0.0228909
0, 0.0239048, 0.08, 0.92, 0.0212732
0, 0.0266442, 0.08, 0.92, 0.0216096
0, 0.0249235, 0.08, 0.92, 0.0205398
0, 0.0285527, 0.08, 0.92, 0.0253498
0, 0.0257414, 0.08, 0.92, 0.0220989
0, 0.0234021, 0.08, 0.92, 0.0219202
0, 0.0315756, 0.08, 0.92, 0.0260091
0, 0.0261003, 0.08, 0.92, 0.0229743
0, 0.0281974, 0.08, 0.92, 0.0233503
0, 0.0258912, 0.08, 0.92, 0.0227934
0, 0.0249487, 0.08, 0.92, 0.0219929
0, 0.027631, 0.08, 0.92, 0.0236916
0, 0.0289987, 0.08, 0.92, 0.0249434
0, 0.0285617, 0.08, 0.92, 0.0241412
0, 0.0278344, 0.08, 0.92, 0.0242784
0, 0.0275905, 0.08, 0.92, 0.0248202
0, 0.0291571, 0.08, 0.92, 0.0234742
0, 0.0313158, 0.08, 0.92, 0.0262733
0, 0.0290447, 0.08, 0.92, 0.0252665
0, 0.0271517, 0.08, 0.92, 0.0228328
0, 0.0249938, 0.08, 0.92, 0.0215485
0, 0.0313648, 0.08, 0.92, 0.0250416
0, 0.0296779, 0.085, 0.915, 0.0264726
0, 0.0284262, 0.085, 0.915, 0.0244909
0, 0.0307343, 0.085, 0.915, 0.027049
0, 0.0262355, 0.085, 0.915, 0.023401
0, 0.0280067, 0.085, 0.915, 0.0242734
0, 0.0325686, 0.085, 0.915, 0.0272374
0, 0.0291208, 0.085, 0.915, 0.0251311
0, 0.0348736, 0.085, 0.915, 0.0296216
0, 0.0272127, 0.085, 0.915, 0.0246361
0, 0.0317877, 0.085, 0.915, 0.024462
0, 0.0347254, 0.085, 0.915, 0.0290202
0, 0.0300891, 0.085, 0.915, 0.0241041
0, 0.0268573, 0.085, 0.915, 0.0224262
0, 0.0309451, 0.085, 0.915, 0.0262286
0, 0.0265875, 0.085, 0.915, 0.0225098
0, 0.0295361, 0.085, 0.915, 0.0236619
0, 0.0344595, 0.085, 0.915, 0.0270562
0, 0.0293288, 0.085, 0.915, 0.0257624
0, 0.0358649, 0.085, 0.915, 0.0272057
0, 0.0336439, 0.085, 0.915, 0.0276714
0, 0.0329945, 0.085, 0.915, 0.0280991
0, 0.0258721, 0.085, 0.915, 0.0234121
0, 0.0319771, 0.085, 0.915, 0.0281421
0, 0.0330624, 0.085, 0.915, 0.02698
0, 0.030089, 0.085, 0.915, 0.0275294
0, 0.0304075, 0.09, 0.91, 0.0268511
0, 0.0299797, 0.09, 0.91, 0.025547
0, 0.029048, 0.09, 0.91, 0.0257278
0, 0.029952, 0.09, 0.91, 0.0271736
0, 0.0312634, 0.09, 0.91, 0.028063
0, 0.0340449, 0.09, 0.91, 0.0305965
0, 0.0332905, 0.09, 0.91, 0.0286115
0, 0.032386, 0.09, 0.91, 0.0297272
0, 0.030823, 0.09, 0.91, 0.0276342
0, 0.0351141, 0.09, 0.91, 0.0298107
0, 0.0361045, 0.09, 0.91, 0.0295775
0, 0.034714, 0.09, 0.91, 0.0290445
0, 0.0300722, 0.09, 0.91, 0.0258128
0, 0.0358239, 0.09, 0.91, 0.0289784
0, 0.0366631, 0.09, 0.91, 0.0277582
0, 0.0330825, 0.09, 0.91, 0.0289164
0, 0.0335048, 0.09, 0.91, 0.0288015
0, 0.0335491, 0.09, 0.91, 0.0292584
0, 0.0322722, 0.09, 0.91, 0.0288172
0, 0.0331636, 0.09, 0.91, 0.0287056
0, 0.0366672, 0.09, 0.91, 0.0306029
0, 0.0336526, 0.09, 0.91, 0.0283653
0, 0.033673, 0.09, 0.91, 0.0287493
0, 0.0399597, 0.09, 0.91, 0.0346885
0, 0.0357578, 0.09, 0.91, 0.0307667
0, 0.0388932, 0.095, 0.905, 0.0338693
0, 0.0363793, 0.095, 0.905, 0.0313023
0, 0.0371872, 0.095, 0.905, 0.0340162
0, 0.0359046, 0.095, 0.905, 0.0310495
0, 0.0405832, 0.095, 0.905, 0.0326128
0, 0.0358319, 0.095, 0.905, 0.0318789
0, 0.0328915, 0.095, 0.905, 0.0289055
0, 0.0393475, 0.095, 0.905, 0.0334638
0, 0.0357925, 0.095, 0.905, 0.0304317
0, 0.0377822, 0.095, 0.905, 0.0311972
0, 0.0371552, 0.095, 0.905, 0.0302948
0, 0.0395237, 0.095, 0.905, 0.0337576
0, 0.0366082, 0.095, 0.905, 0.0318818
0, 0.035388, 0.095, 0.905, 0.0312804
0, 0.0355662, 0.095, 0.905, 0.0303759
0, 0.0362884, 0.095, 0.905, 0.0323055
0, 0.039015, 0.095, 0.905, 0.0327745
0, 0.0393369, 0.095, 0.905, 0.0338397
0, 0.0402666, 0.095, 0.905, 0.0348256
0, 0.0409966, 0.095, 0.905, 0.0329871
0, 0.0371173, 0.095, 0.905, 0.0288508
0, 0.0364268, 0.095, 0.905, 0.0324538
0, 0.0338274, 0.095, 0.905, 0.0310358
0, 0.0367381, 0.095, 0.905, 0.0318349
0, 0.0383368, 0.095, 0.905, 0.0312975
0, 0.0402877, 0.1, 0.9, 0.0357677
0, 0.0428585, 0.1, 0.9, 0.0376317
0, 0.0449948, 0.1, 0.9, 0.0371117
0, 0.0424975, 0.1, 0.9, 0.0365747
0, 0.0430423, 0.1, 0.9, 0.0378813
0, 0.0395205, 0.1, 0.9, 0.0340491
0, 0.0448987, 0.1, 0.9, 0.037839
0, 0.0415934, 0.1, 0.9, 0.0345017
0, 0.0436808, 0.1, 0.9, 0.0383923
0, 0.0406769, 0.1, 0.9, 0.0347158
0, 0.0407077, 0.1, 0.9, 0.0324398
0, 0.0363258, 0.1, 0.9, 0.0332255
0, 0.0373416, 0.1, 0.9, 0.0334918
0, 0.0376254, 0.1, 0.9, 0.0341141
0, 0.0385779, 0.1, 0.9, 0.0350327
0, 0.0407141, 0.1, 0.9, 0.0348615
0, 0.0433266, 0.1, 0.9, 0.036721
0, 0.0403046, 0.1, 0.9, 0.0355551
0, 0.0408813, 0.1, 0.9, 0.0311984
0, 0.0408211, 0.1, 0.9, 0.0330637
0, 0.0390934, 0.1, 0.9, 0.0342296
0, 0.0443609, 0.1, 0.9, 0.0392927
0, 0.0439626, 0.1, 0.9, 0.0360906
0, 0.038905, 0.1, 0.9, 0.0348472
0, 0.0419954, 0.1, 0.9, 0.0361604
0, 0.0442138, 0.105, 0.895, 0.0397405
0, 0.0407712, 0.105, 0.895, 0.0364483
0, 0.0409269, 0.105, 0.895, 0.0385371
0, 0.0411767, 0.105, 0.895, 0.0362914
0, 0.0470069, 0.105, 0.895, 0.0370631
0, 0.0437373, 0.105, 0.895, 0.0389582
0, 0.0501922, 0.105, 0.895, 0.0421382
0, 0.0427058, 0.105, 0.895, 0.0372681
0, 0.0424747, 0.105, 0.895, 0.0359461
0, 0.0423506, 0.105, 0.895, 0.0359415
0, 0.0423895, 0.105, 0.895, 0.0370411
0, 0.0456042, 0.105, 0.895, 0.0389509
0, 0.0435651, 0.105, 0.895, 0.0378659
0, 0.0412633, 0.105, 0.895, 0.0365616
0, 0.0392605, 0.105, 0.895, 0.0332154
0, 0.0420943, 0.105, 0.895, 0.0386128
0, 0.048452, 0.105, 0.895, 0.0410854
0, 0.0441845, 0.105, 0.895, 0.0396126
0, 0.0437649, 0.105, 0.895, 0.0362711
0, 0.0446814, 0.105, 0.895, 0.037425
0, 0.0442339, 0.105, 0.895, 0.0385567
0, 0.0455962, 0.105, 0.895, 0.038137
0, 0.0456251, 0.105, 0.895, 0.0380476
0, 0.0449787, 0.105, 0.895, 0.0374086
0, 0.0488191, 0.105, 0.895, 0.0408074
0, 0.0517187, 0.11, 0.89, 0.0424787
0, 0.0480346, 0.11, 0.89, 0.042979
0, 0.0477026, 0.11, 0.89, 0.0399065
0, 0.0543438, 0.11, 0.89, 0.0454721
0, 0.0505672, 0.11, 0.89, 0.043069
0, 0.0464643, 0.11, 0.89, 0.0386043
0, 0.0528609, 0.11, 0.89, 0.0436471
0, 0.045848, 0.11, 0.89, 0.0388849
0, 0.0521401, 0.11, 0.89, 0.0444824
0, 0.0480687, 0.11, 0.89, 0.0411681
0, 0.0443995, 0.11, 0.89, 0.0411482
0, 0.0514482, 0.11, 0.89, 0.0419573
0, 0.0472713, 0.11, 0.89, 0.0404964
0, 0.0477153, 0.11, 0.89, 0.0415231
0, 0.0500028, 0.11, 0.89, 0.0420482
0, 0.0515731, 0.11, 0.89, 0.0453192
0, 0.0493953, 0.11, 0.89, 0.0397702
0, 0.0512296, 0.11, 0.89, 0.0448524
0, 0.0514645, 0.11, 0.89, 0.0434065
0, 0.0502683, 0.11, 0.89, 0.0426595
0, 0.049544, 0.11, 0.89, 0.0434735
0, 0.0469, 0.11, 0.89, 0.0415592
0, 0.0491904, 0.11, 0.89, 0.0425369
0, 0.0454286, 0.11, 0.89, 0.0409464
0, 0.04755, 0.11, 0.89, 0.0398655
0, 0.0554341, 0.115, 0.885, 0.0477189
0, 0.0509672, 0.115, 0.885, 0.0447277
0, 0.0547625, 0.115, 0.885, 0.0462675
0, 0.0569019, 0.115, 0.885, 0.0513732
0, 0.0475036, 0.115, 0.885, 0.0423041
0, 0.0552603, 0.115, 0.885, 0.0461044
0, 0.0553678, 0.115, 0.885, 0.0477326
0, 0.0615845, 0.115, 0.885, 0.0521875
0, 0.0502761, 0.115, 0.885, 0.0449821
0, 0.0505535, 0.115, 0.885, 0.0452584
0, 0.0606428, 0.115, 0.885, 0.0508113
0, 0.0596308, 0.115, 0.885, 0.0479228
0, 0.0530994, 0.115, 0.885, 0.046061
0, 0.0526847, 0.115, 0.885, 0.0452214
0, 0.0540523, 0.115, 0.885, 0.045704
0, 0.0447137, 0.115, 0.885, 0.0414267
0, 0.0594278, 0.115, 0.885, 0.0495508
0, 0.0583666, 0.115, 0.885, 0.0507617
0, 0.0503278, 0.115, 0.885, 0.0442517
0, 0.0551169, 0.115, 0.885, 0.0483862
0, 0.0475498, 0.115, 0.885, 0.0431082
0, 0.0465435, 0.115, 0.885, 0.0435948
0, 0.054165, 0.115, 0.885, 0.0480566
0, 0.0489105, 0.115, 0.885, 0.0450226
0, 0.0544664, 0.115, 0.885, 0.0467765
0, 0.0612171, 0.12, 0.88, 0.0530714
0, 0.0480171, 0.12, 0.88, 0.0446615
0, 0.0587698, 0.12, 0.88, 0.0494269
0, 0.0540642, 0.12, 0.88, 0.0484482
0, 0.051973, 0.12, 0.88, 0.0479486
0, 0.0570137, 0.12, 0.88, 0.0484557
0, 0.0622007, 0.12, 0.88, 0.0520257
0, 0.0578266, 0.12, 0.88, 0.0482427
0, 0.0572223, 0.12, 0.88, 0.0489368
0, 0.0531264, 0.12, 0.88, 0.0453288
0, 0.0555656, 0.12, 0.88, 0.0486408
0, 0.0508625, 0.12, 0.88, 0.0437653
0, 0.05794, 0.12, 0.88, 0.0494496
0, 0.0543619, 0.12, 0.88, 0.0487818
0, 0.056063, 0.12, 0.88, 0.0487711
0, 0.058246, 0.12, 0.88, 0.0499721
0, 0.056585, 0.12, 0.88, 0.0492464
0, 0.0583534, 0.12, 0.88, 0.0504007
0, 0.0557848, 0.12, 0.88, 0.0492798
0, 0.0535738, 0.12, 0.88, 0.0489782
0, 0.0576904, 0.12, 0.88, 0.0502825
0, 0.0605436, 0.12, 0.88, 0.0514228
0, 0.0635119, 0.12, 0.88, 0.0535005
0, 0.0549931, 0.12, 0.88, 0.0500862
0, 0.0521074, 0.12, 0.88, 0.0476004
0, 0.0629834, 0.125, 0.875, 0.0566215
0, 0.0630109, 0.125, 0.875, 0.0545069
0, 0.0639553, 0.125, 0.875, 0.0567534
0, 0.0627244, 0.125, 0.875, 0.0525815
0, 0.0604257, 0.125, 0.875, 0.0527492
0, 0.0586652, 0.125, 0.875, 0.0525024
0, 0.0628107, 0.125, 0.875, 0.0552803
0, 0.0602351, 0.125, 0.875, 0.0514621
0, 0.0602216, 0.125, 0.875, 0.0548967
0, 0.0632941, 0.125, 0.875, 0.0568667
0, 0.0607852, 0.125, 0.875, 0.0521783
0, 0.0662802, 0.125, 0.875, 0.0562391
0, 0.0612198, 0.125, 0.875, 0.0530193
0, 0.0608727, 0.125, 0.875, 0.0535125
0, 0.0575991, 0.125, 0.875, 0.050723
0, 0.0622782, 0.125, 0.875, 0.0556114
0, 0.0660382, 0.125, 0.875, 0.0540329
0, 0.0635792, 0.125, 0.875, 0.0545945
0, 0.0574422, 0.125, 0.875, 0.052049
0, 0.0630672, 0.125, 0.875, 0.0553092
0, 0.0583476, 0.125, 0.875, 0.0492565
0, 0.0563025, 0.125, 0.875, 0.0493479
0, 0.0639199, 0.125, 0.875, 0.0563851
0, 0.0610748, 0.125, 0.875, 0.0539087
0, 0.0602225, 0.125, 0.875, 0.0516523
0, 0.0651332, 0.13, 0.87, 0.0596649
0, 0.0736805, 0.13, 0.87, 0.0622872
0, 0.0598685, 0.13, 0.87, 0.052402
0, 0.0661676, 0.13, 0.87, 0.0563153
0, 0.0647753, 0.13, 0.87, 0.0558273
0, 0.0634871, 0.13, 0.87, 0.0553211
0, 0.0608258, 0.13, 0.87, 0.0530164
0, 0.0639088, 0.13, 0.87, 0.0557876
0, 0.0689656, 0.13, 0.87, 0.0585933
0, 0.0687899, 0.13, 0.87, 0.062486
0, 0.0618127, 0.13, 0.87, 0.0546993
0, 0.0655573, 0.13, 0.87, 0.0576741
0, 0.0691775, 0.13, 0.87, 0.0607503
0, 0.0600375, 0.13, 0.87, 0.0552103
0, 0.0639578, 0.13, 0.87, 0.0573577
0, 0.0715902, 0.13, 0.87, 0.059801
0, 0.0619996, 0.13, 0.87, 0.0543551
0, 0.0674469, 0.13, 0.87, 0.0591386
0, 0.0646403, 0.13, 0.87, 0.0578721
0, 0.0682685, 0.13, 0.87, 0.0564882
0, 0.0678773, 0.13, 0.87, 0.0594425
0, 0.0640535, 0.13, 0.87, 0.0560465
0, 0.0613325, 0.13, 0.87, 0.055817
0, 0.0624577, 0.13, 0.87, 0.0568025
0, 0.0671116, 0.13, 0.87, 0.0589448
0, 0.0618477, 0.135, 0.865, 0.0573467
0, 0.0751215, 0.135, 0.865, 0.0630981
0, 0.0754789, 0.135, 0.865, 0.0636593
0, 0.0724243, 0.135, 0.865, 0.0605733
0, 0.0672259, 0.135, 0.865, 0.0594082
0, 0.071312, 0.135, 0.865, 0.0618306
0, 0.0727716, 0.135, 0.865, 0.0659212
0, 0.0675478, 0.135, 0.865, 0.0565403
0, 0.0723216, 0.135, 0.865, 0.065545
0, 0.0703084, 0.135, 0.865, 0.0635293
0, 0.0680667, 0.135, 0.865, 0.0609379
0, 0.075519, 0.135, 0.865, 0.0658422
0, 0.0674582, 0.135, 0.865, 0.060799
0, 0.0734892, 0.135, 0.865, 0.0662494
0, 0.071192, 0.135, 0.865, 0.0651108
0, 0.0691052, 0.135, 0.865, 0.0605496
0, 0.0727536, 0.135, 0.865, 0.0652935
0, 0.0717948, 0.135, 0.865, 0.0642825
0, 0.0745909, 0.135, 0.865, 0.0656765
0, 0.0739415, 0.135, 0.865, 0.0675207
0, 0.0741619, 0.135, 0.865, 0.0621794
0, 0.0674342, 0.135, 0.865, 0.059085
0, 0.0733512, 0.135, 0.865, 0.0646769
0, 0.0783084, 0.135, 0.865, 0.0642809
0, 0.0710315, 0.135, 0.865, 0.0606264
0, 0.0812017, 0.14, 0.86, 0.0693739
0, 0.079244, 0.14, 0.86, 0.0693929
0, 0.0688404, 0.14, 0.86, 0.0667155
0, 0.0788096, 0.14, 0.86, 0.0699888
0, 0.0721848, 0.14, 0.86, 0.0649336
0, 0.0775458, 0.14, 0.86, 0.0671865
0, 0.0719845, 0.14, 0.86, 0.0655059
0, 0.0695598, 0.14, 0.86, 0.0631185
0, 0.0794718, 0.14, 0.86, 0.0710651
0, 0.0755626, 0.14, 0.86, 0.0663558
0, 0.0743532, 0.14, 0.86, 0.0675752
0, 0.0795647, 0.14, 0.86, 0.0721754
0, 0.0734532, 0.14, 0.86, 0.0650751
0, 0.073473, 0.14, 0.86, 0.060446
0, 0.0737683, 0.14, 0.86, 0.0655405
0, 0.0762404, 0.14, 0.86, 0.0696092
0, 0.0789771, 0.14, 0.86, 0.0679995
0, 0.0767785, 0.14, 0.86, 0.066181
0, 0.0716921, 0.14, 0.86, 0.0626503
0, 0.0784306, 0.14, 0.86, 0.0682908
0, 0.0756667, 0.14, 0.86, 0.0672587
0, 0.077372, 0.14, 0.86, 0.0681368
0, 0.0707748, 0.14, 0.86, 0.0656109
0, 0.0759052, 0.14, 0.86, 0.0667379
0, 0.0707561, 0.14, 0.86, 0.0636425
0, 0.0713514, 0.145, 0.855, 0.0640188
0, 0.0806895, 0.145, 0.855, 0.0716577
0, 0.077642, 0.145, 0.855, 0.0698575
0, 0.0867144, 0.145, 0.855, 0.0757533
0, 0.0866191, 0.145, 0.855, 0.072458
0, 0.0765243, 0.145, 0.855, 0.0684986
0, 0.0779281, 0.145, 0.855, 0.0697148
0, 0.0780632, 0.145, 0.855, 0.0687418
0, 0.0899236, 0.145, 0.855, 0.0758486
0, 0.0864093, 0.145, 0.855, 0.0747834
0, 0.0791583, 0.145, 0.855, 0.0690301
0, 0.0770847, 0.145, 0.855, 0.0695652
0, 0.080163, 0.145, 0.855, 0.0695548
0, 0.0818998, 0.145, 0.855, 0.0713517
0, 0.0840526, 0.145, 0.855, 0.0710284
0, 0.0750163, 0.145, 0.855, 0.0648069
0, 0.082381, 0.145, 0.855, 0.0722795
0, 0.0773518, 0.145, 0.855, 0.0702571
0, 0.0833683, 0.145, 0.855, 0.0733501
0, 0.0820811, 0.145, 0.855, 0.0725347
0, 0.0749005, 0.145, 0.855, 0.0678279
0, 0.0815918, 0.145, 0.855, 0.0715172
0, 0.0787331, 0.145, 0.855, 0.0724279
0, 0.0810824, 0.145, 0.855, 0.0714006
0, 0.0813409, 0.145, 0.855, 0.070628
0, 0.0887592, 0.15, 0.85, 0.0771158
0, 0.0825035, 0.15, 0.85, 0.0717547
0, 0.0878965, 0.15, 0.85, 0.0768051
0, 0.081538, 0.15, 0.85, 0.0733499
0, 0.0869687, 0.15, 0.85, 0.077488
0, 0.0861623, 0.15, 0.85, 0.0770945
0, 0.0866635, 0.15, 0.85, 0.0765804
0, 0.0857061, 0.15, 0.85, 0.0731652
0, 0.089819, 0.15, 0.85, 0.0806958
0, 0.0838577, 0.15, 0.85, 0.0755984
0, 0.085363, 0.15, 0.85, 0.0740506
0, 0.0869968, 0.15, 0.85, 0.07501
0, 0.0880045, 0.15, 0.85, 0.0758656
0, 0.0863144, 0.15, 0.85, 0.0750043
0, 0.0890337, 0.15, 0.85, 0.0761964
0, 0.08734, 0.15, 0.85, 0.0741456
0, 0.0852437, 0.15, 0.85, 0.0749253
0, 0.0882569, 0.15, 0.85, 0.0746651
0, 0.0895378, 0.15, 0.85, 0.0777854
0, 0.0826784, 0.15, 0.85, 0.0764295
0, 0.0807351, 0.15, 0.85, 0.0710643
0, 0.0885058, 0.15, 0.85, 0.0783008
0, 0.0853485, 0.15, 0.85, 0.0784147
0, 0.0855094, 0.15, 0.85, 0.0762943
0, 0.0847112, 0.15, 0.85, 0.0753253
0, 0.0895355, 0.155, 0.845, 0.0812911
0, 0.0824048, 0.155, 0.845, 0.0773634
0, 0.0884968, 0.155, 0.845, 0.0800116
0, 0.0885042, 0.155, 0.845, 0.0800092
0, 0.0890804, 0.155, 0.845, 0.0812191
0, 0.0908587, 0.155, 0.845, 0.0803551
0, 0.100281, 0.155, 0.845, 0.0898125
0, 0.0814775, 0.155, 0.845, 0.0770402
0, 0.0824047, 0.155, 0.845, 0.0719945
0, 0.0978008, 0.155, 0.845, 0.0865912
0, 0.103745, 0.155, 0.845, 0.0864756
0, 0.0936296, 0.155, 0.845, 0.0841917
0, 0.0901045, 0.155, 0.845, 0.0802721
0, 0.0864896, 0.155, 0.845, 0.0778226
0, 0.0972306, 0.155, 0.845, 0.087302
0, 0.0898651, 0.155, 0.845, 0.0841789
0, 0.0859673, 0.155, 0.845, 0.0762873
0, 0.0801205, 0.155, 0.845, 0.0757576
0, 0.0988894, 0.155, 0.845, 0.0829569
0, 0.0825006, 0.155, 0.845, 0.0745669
0, 0.0886002, 0.155, 0.845, 0.0757437
0, 0.094834, 0.155, 0.845, 0.0828507
0, 0.0974411, 0.155, 0.845, 0.0847362
0, 0.0961553, 0.155, 0.845, 0.0832135
0, 0.0916965, 0.155, 0.845, 0.07811
0, 0.0967552, 0.16, 0.84, 0.085255
0, 0.0952291, 0.16, 0.84, 0.0887697
0, 0.0961668, 0.16, 0.84, 0.086281
0, 0.102786, 0.16, 0.84, 0.08849
0, 0.0946219, 0.16, 0.84, 0.0853652
0, 0.0909326, 0.16, 0.84, 0.0826823
0, 0.0947917, 0.16, 0.84, 0.081078
0, 0.0865253, 0.16, 0.84, 0.0773258
0, 0.101291, 0.16, 0.84, 0.088679
0, 0.0980395, 0.16, 0.84, 0.0874525
0, 0.0945179, 0.16, 0.84, 0.0863371
0, 0.107616, 0.16, 0.84, 0.0915766
0, 0.0993465, 0.16, 0.84, 0.0884618
0, 0.0988743, 0.16, 0.84, 0.0870737
0, 0.0996524, 0.16, 0.84, 0.0856038
0, 0.0987093, 0.16, 0.84, 0.0858583
0, 0.0908376, 0.16, 0.84, 0.0815682
0, 0.102856, 0.16, 0.84, 0.0901709
0, 0.0982098, 0.16, 0.84, 0.0878668
0, 0.0907312, 0.16, 0.84, 0.078668
0, 0.0959999, 0.16, 0.84, 0.0851364
0, 0.0982946, 0.16, 0.84, 0.0839437
0, 0.0934851, 0.16, 0.84, 0.0860871
0, 0.103721, 0.16, 0.84, 0.0923253
0, 0.0990613, 0.16, 0.84, 0.087332
0, 0.0988337, 0.165, 0.835, 0.0860771
0, 0.101723, 0.165, 0.835, 0.0912509
0, 0.108762, 0.165, 0.835, 0.0933859
0, 0.102153, 0.165, 0.835, 0.0931118
0, 0.108023, 0.165, 0.835, 0.0944243
0, 0.108372, 0.165, 0.835, 0.092268
0, 0.103714, 0.165, 0.835, 0.0908518
0, 0.105939, 0.165, 0.835, 0.0962803
0, 0.0980646, 0.165, 0.835, 0.0887537
0, 0.0969288, 0.165, 0.835, 0.0851744
0, 0.0990479, 0.165, 0.835, 0.0888631
0, 0.0980107, 0.165, 0.835, 0.0884183
0, 0.102248, 0.165, 0.835, 0.0904443
0, 0.100756, 0.165, 0.835, 0.0889067
0, 0.097599, 0.165, 0.835, 0.0880543
0, 0.0989403, 0.165, 0.835, 0.0902673
0, 0.0964207, 0.165, 0.835, 0.0852709
0, 0.100526, 0.165, 0.835, 0.0895
0, 0.101879, 0.165, 0.835, 0.0878105
0, 0.105894, 0.165, 0.835, 0.0949531
0, 0.103675, 0.165, 0.835, 0.0903085
0, 0.101256, 0.165, 0.835, 0.0886697
0, 0.103079, 0.165, 0.835, 0.0898444
0, 0.106793, 0.165, 0.835, 0.0953752
0, 0.110255, 0.165, 0.835, 0.0986511
0, 0.106881, 0.17, 0.83, 0.09719
0, 0.106212, 0.17, 0.83, 0.0930585
0, 0.102633, 0.17, 0.83, 0.0955344
0, 0.101247, 0.17, 0.83, 0.0929323
0, 0.105841, 0.17, 0.83, 0.0960868
0, 0.106087, 0.17, 0.83, 0.0962686
0, 0.103841, 0.17, 0.83, 0.0926963
0, 0.105723, 0.17, 0.83, 0.0916305
0, 0.102212, 0.17, 0.83, 0.0931599
0, 0.10337, 0.17, 0.83, 0.0932543
0, 0.107993, 0.17, 0.83, 0.0966795
0, 0.09924, 0.17, 0.83, 0.0925637
0, 0.107526, 0.17, 0.83, 0.0966715
0, 0.112502, 0.17, 0.83, 0.09789
0, 0.106707, 0.17, 0.83, 0.0979488
0, 0.110646, 0.17, 0.83, 0.0963725
0, 0.115652, 0.17, 0.83, 0.099403
0, 0.106448, 0.17, 0.83, 0.0975201
0, 0.101649, 0.17, 0.83, 0.090174
0, 0.0988386, 0.17, 0.83, 0.0924614
0, 0.111519, 0.17, 0.83, 0.0970383
0, 0.105392, 0.17, 0.83, 0.0931681
0, 0.111923, 0.17, 0.83, 0.0970648
0, 0.11323, 0.17, 0.83, 0.103556
0, 0.100194, 0.17, 0.83, 0.0894571
0, 0.110813, 0.175, 0.825, 0.102257
0, 0.113545, 0.175, 0.825, 0.102128
0, 0.121651, 0.175, 0.825, 0.107303
0, 0.11543, 0.175, 0.825, 0.100433
0, 0.115231, 0.175, 0.825, 0.101671
0, 0.10909, 0.175, 0.825, 0.0994048
0, 0.112947, 0.175, 0.825, 0.0999359
0, 0.115977, 0.175, 0.825, 0.103175
0, 0.111553, 0.175, 0.825, 0.100973
0, 0.116723, 0.175, 0.825, 0.10351
0, 0.107966, 0.175, 0.825, 0.0992121
0, 0.117807, 0.175, 0.825, 0.102567
0, 0.113756, 0.175, 0.825, 0.100999
0, 0.114074, 0.175, 0.825, 0.103361
0, 0.109821, 0.175, 0.825, 0.0982273
0, 0.113405, 0.175, 0.825, 0.102385
0, 0.116072, 0.175, 0.825, 0.101444
0, 0.113706, 0.175, 0.825, 0.10279
0, 0.111088, 0.175, 0.825, 0.10104
0, 0.110741, 0.175, 0.825, 0.100271
0, 0.109905, 0.175, 0.825, 0.102185
0, 0.113135, 0.175, 0.825, 0.101133
0, 0.111061, 0.175, 0.825, 0.101526
0, 0.108839, 0.175, 0.825, 0.099259
0, 0.107435, 0.175, 0.825, 0.0986465
0, 0.119008, 0.18, 0.82, 0.108724
0, 0.11719, 0.18, 0.82, 0.10477
0, 0.111619, 0.18, 0.82, 0.0991932
0, 0.122139, 0.18, 0.82, 0.108355
0, 0.122325, 0.18, 0.82, 0.111332
0, 0.118658, 0.18, 0.82, 0.106899
0, 0.122586, 0.18, 0.82, 0.109235
0, 0.124204, 0.18, 0.82, 0.108342
0, 0.122667, 0.18, 0.82, 0.110867
0, 0.114732, 0.18, 0.82, 0.103028
0, 0.118289, 0.18, 0.82, 0.106903
0, 0.110106, 0.18, 0.82, 0.102332
0, 0.115644, 0.18, 0.82, 0.101519
0, 0.119954, 0.18, 0.82, 0.108441
0, 0.121889, 0.18, 0.82, 0.110624
0, 0.111428, 0.18, 0.82, 0.101523
0, 0.115092, 0.18, 0.82, 0.102815
0, 0.122843, 0.18, 0.82, 0.113257
0, 0.119134, 0.18, 0.82, 0.106279
0, 0.113074, 0.18, 0.82, 0.104191
0, 0.126787, 0.18, 0.82, 0.114049
0, 0.119964, 0.18, 0.82, 0.108537
0, 0.128411, 0.18, 0.82, 0.112394
0, 0.111488, 0.18, 0.82, 0.102955
0, 0.11566, 0.18, 0.82, 0.108312
0, 0.131682, 0.185, 0.815, 0.113381
0, 0.119752, 0.185, 0.815, 0.107505
0, 0.129886, 0.185, 0.815, 0.111892
0, 0.116922, 0.185, 0.815, 0.11106
0, 0.12503, 0.185, 0.815, 0.112256
0, 0.127667, 0.185, 0.815, 0.111397
0, 0.122215, 0.185, 0.815, 0.107609
0, 0.113904, 0.185, 0.815, 0.104082
0, 0.124616, 0.185, 0.815, 0.113587
0, 0.115899, 0.185, 0.815, 0.10789
0, 0.124653, 0.185, 0.815, 0.112977
0, 0.118968, 0.185, 0.815, 0.109193
0, 0.128171, 0.185, 0.815, 0.117609
0, 0.131571, 0.185, 0.815, 0.114081
0, 0.124539, 0.185, 0.815, 0.110557
0, 0.12905, 0.185, 0.815, 0.114072
0, 0.121974, 0.185, 0.815, 0.111654
0, 0.128989, 0.185, 0.815, 0.111667
0, 0.12374, 0.185, 0.815, 0.1108
0, 0.121828, 0.185, 0.815, 0.109194
0, 0.117336, 0.185, 0.815, 0.106079
0, 0.124392, 0.185, 0.815, 0.114274
0, 0.126296, 0.185, 0.815, 0.114024
0, 0.125416, 0.185, 0.815, 0.115245
0, 0.118781, 0.185, 0.815, 0.108179
0, 0.12668, 0.19, 0.81, 0.114511
0, 0.134863, 0.19, 0.81, 0.1219
0, 0.130127, 0.19, 0.81, 0.116219
0, 0.13318, 0.19, 0.81, 0.117744
0, 0.126612, 0.19, 0.81, 0.112576
0, 0.13011, 0.19, 0.81, 0.117599
0, 0.139629, 0.19, 0.81, 0.120909
0, 0.13108, 0.19, 0.81, 0.117862
0, 0.136275, 0.19, 0.81, 0.124714
0, 0.132305, 0.19, 0.81, 0.121723
0, 0.130732, 0.19, 0.81, 0.11737
0, 0.131451, 0.19, 0.81, 0.119231
0, 0.128263, 0.19, 0.81, 0.114951
0, 0.132869, 0.19, 0.81, 0.116675
0, 0.12381, 0.19, 0.81, 0.111422
0, 0.130756, 0.19, 0.81, 0.115873
0, 0.137046, 0.19, 0.81, 0.120164
0, 0.134461, 0.19, 0.81, 0.117267
0, 0.131965, 0.19, 0.81, 0.119794
0, 0.129725, 0.19, 0.81, 0.117076
0, 0.12507, 0.19, 0.81, 0.119662
0, 0.129722, 0.19, 0.81, 0.117071
0, 0.133461, 0.19, 0.81, 0.121338
0, 0.131476, 0.19, 0.81, 0.118972
0, 0.133512, 0.19, 0.81, 0.117767
0, 0.136465, 0.195, 0.805, 0.1206
0, 0.142331, 0.195, 0.805, 0.126173
0, 0.129819, 0.195, 0.805, 0.119872
0, 0.13364, 0.195, 0.805, 0.123954
0, 0.128905, 0.195, 0.805, 0.116562
0, 0.131702, 0.195, 0.805, 0.119349
0, 0.137666, 0.195, 0.805, 0.126103
0, 0.136887, 0.195, 0.805, 0.122302
0, 0.137932, 0.195, 0.805, 0.125749
0, 0.135965, 0.195, 0.805, 0.124362
0, 0.132331, 0.195, 0.805, 0.122999
0, 0.130894, 0.195, 0.805, 0.122843
0, 0.138582, 0.195, 0.805, 0.126756
0, 0.14454, 0.195, 0.805, 0.125572
0, 0.131723, 0.195, 0.805, 0.116564
0, 0.129156, 0.195, 0.805, 0.122065
0, 0.142734, 0.195, 0.805, 0.128338
0, 0.129707, 0.195, 0.805, 0.118513
0, 0.139604, 0.195, 0.805, 0.122898
0, 0.13224, 0.195, 0.805, 0.121051
0, 0.139761, 0.195, 0.805, 0.129317
0, 0.132225, 0.195, 0.805, 0.121092
0, 0.138118, 0.195, 0.805, 0.122149
0, 0.128557, 0.195, 0.805, 0.116027
0, 0.137374, 0.195, 0.805, 0.128939
0, 0.144549, 0.2, 0.8, 0.130617
0, 0.15295, 0.2, 0.8, 0.135732
0, 0.144974, 0.2, 0.8, 0.131005
0, 0.146065, 0.2, 0.8, 0.131105
0, 0.143923, 0.2, 0.8, 0.131649
0, 0.136227, 0.2, 0.8, 0.123768
0, 0.140449, 0.2, 0.8, 0.12824
0, 0.143667, 0.2, 0.8, 0.126059
0, 0.152746, 0.2, 0.8, 0.135145
0, 0.137022, 0.2, 0.8, 0.124489
0, 0.1428, 0.2, 0.8, 0.132784
0, 0.146716, 0.2, 0.8, 0.130765
0, 0.148202, 0.2, 0.8, 0.132865
0, 0.140887, 0.2, 0.8, 0.130597
0, 0.131699, 0.2, 0.8, 0.121682
0, 0.140552, 0.2, 0.8, 0.127597
0, 0.145331, 0.2, 0.8, 0.130409
0, 0.147495, 0.2, 0.8, 0.135207
0, 0.140115, 0.2, 0.8, 0.126738
0, 0.141039, 0.2, 0.8, 0.125682
0, 0.143045, 0.2, 0.8, 0.126803
0, 0.1425, 0.2, 0.8, 0.128024
0, 0.130868, 0.2, 0.8, 0.12277
0, 0.14179, 0.2, 0.8, 0.130754
0, 0.138785, 0.2, 0.8, 0.128309
0, 0.139496, 0.205, 0.795, 0.129004
0, 0.137899, 0.205, 0.795, 0.126591
0, 0.153399, 0.205, 0.795, 0.138448
0, 0.150584, 0.205, 0.795, 0.138285
0, 0.148468, 0.205, 0.795, 0.136076
0, 0.151861, 0.205, 0.795, 0.13945
0, 0.149533, 0.205, 0.795, 0.134759
0, 0.136278, 0.205, 0.795, 0.12878
0, 0.153405, 0.205, 0.795, 0.140149
0, 0.158554, 0.205, 0.795, 0.141953
0, 0.155628, 0.205, 0.795, 0.138048
0, 0.147364, 0.205, 0.795, 0.131504
0, 0.146143, 0.205, 0.795, 0.129057
0, 0.155426, 0.205, 0.795, 0.140858
0, 0.1395, 0.205, 0.795, 0.130175
0, 0.148071, 0.205, 0.795, 0.134715
0, 0.146978, 0.205, 0.795, 0.135854
0, 0.154341, 0.205, 0.795, 0.13861
0, 0.142508, 0.205, 0.795, 0.132438
0, 0.142818, 0.205, 0.795, 0.133003
0, 0.143994, 0.205, 0.795, 0.132218
0, 0.149659, 0.205, 0.795, 0.134456
0, 0.141905, 0.205, 0.795, 0.127068
0, 0.149792, 0.205, 0.795, 0.136851
0, 0.144517, 0.205, 0.795, 0.13299
0, 0.152268, 0.21, 0.79, 0.139655
0, 0.149157, 0.21, 0.79, 0.138806
0, 0.160899, 0.21, 0.79, 0.149414
0, 0.15101, 0.21, 0.79, 0.137699
0, 0.152148, 0.21, 0.79, 0.138596
0, 0.15176, 0.21, 0.79, 0.138734
0, 0.157695, 0.21, 0.79, 0.1467
0, 0.147938, 0.21, 0.79, 0.138101
0, 0.14598, 0.21, 0.79, 0.134483
0, 0.147928, 0.21, 0.79, 0.134054
0, 0.163598, 0.21, 0.79, 0.149483
0, 0.168782, 0.21, 0.79, 0.156269
0, 0.156768, 0.21, 0.79, 0.141253
0, 0.152544, 0.21, 0.79, 0.141055
0, 0.154282, 0.21, 0.79, 0.139642
0, 0.146913, 0.21, 0.79, 0.13281
0, 0.157573, 0.21, 0.79, 0.144769
0, 0.159277, 0.21, 0.79, 0.142908
0, 0.147286, 0.21, 0.79, 0.132829
0, 0.156205, 0.21, 0.79, 0.141783
0, 0.161463, 0.21, 0.79, 0.14725
0, 0.150497, 0.21, 0.79, 0.140044
0, 0.152831, 0.21, 0.79, 0.144744
0, 0.151645, 0.21, 0.79, 0.13478
0, 0.162593, 0.21, 0.79, 0.14738
0, 0.15912, 0.215, 0.785, 0.141997
0, 0.17011, 0.215, 0.785, 0.154689
0, 0.164331, 0.215, 0.785, 0.148219
0, 0.165918, 0.215, 0.785, 0.150448
0, 0.164036, 0.215, 0.785, 0.15
0, 0.160611, 0.215, 0.785, 0.143217
0, 0.172113, 0.215, 0.785, 0.155554
0, 0.158536, 0.215, 0.785, 0.146717
0, 0.169982, 0.215, 0.785, 0.15677
0, 0.155663, 0.215, 0.785, 0.14482
0, 0.165776, 0.215, 0.785, 0.150631
0, 0.15652, 0.215, 0.785, 0.142175
0, 0.167924, 0.215, 0.785, 0.153306
0, 0.159884, 0.215, 0.785, 0.143136
0, 0.158495, 0.215, 0.785, 0.14564
0, 0.160333, 0.215, 0.785, 0.150956
0, 0.165545, 0.215, 0.785, 0.149137
0, 0.151725, 0.215, 0.785, 0.142925
0, 0.163145, 0.215, 0.785, 0.147608
0, 0.158475, 0.215, 0.785, 0.14743
0, 0.15251, 0.215, 0.785, 0.141736
0, 0.154927, 0.215, 0.785, 0.136235
0, 0.156875, 0.215, 0.785, 0.141666
0, 0.152408, 0.215, 0.785, 0.142203
0, 0.156236, 0.215, 0.785, 0.139521
0, 0.161156, 0.22, 0.78, 0.146957
0, 0.174773, 0.22, 0.78, 0.159913
0, 0.172793, 0.22, 0.78, 0.154497
0, 0.160017, 0.22, 0.78, 0.151201
0, 0.166848, 0.22, 0.78, 0.15271
0, 0.174957, 0.22, 0.78, 0.157552
0, 0.171917, 0.22, 0.78, 0.158992
0, 0.158281, 0.22, 0.78, 0.148364
0, 0.170097, 0.22, 0.78, 0.153946
0, 0.175278, 0.22, 0.78, 0.159319
0, 0.165349, 0.22, 0.78, 0.148411
0, 0.175613, 0.22, 0.78, 0.156214
0, 0.162796, 0.22, 0.78, 0.146992
0, 0.16718, 0.22, 0.78, 0.152881
0, 0.166339, 0.22, 0.78, 0.154441
0, 0.170449, 0.22, 0.78, 0.151573
0, 0.172827, 0.22, 0.78, 0.157004
0, 0.174053, 0.22, 0.78, 0.156863
0, 0.163914, 0.22, 0.78, 0.148545
0, 0.160284, 0.22, 0.78, 0.150123
0, 0.17346, 0.22, 0.78, 0.159195
0, 0.17139, 0.22, 0.78, 0.152856
0, 0.177266, 0.22, 0.78, 0.162957
0, 0.169237, 0.22, 0.78, 0.156602
0, 0.165854, 0.22, 0.78, 0.149281
0, 0.180905, 0.225, 0.775, 0.164298
0, 0.172229, 0.225, 0.775, 0.154943
0, 0.176203, 0.225, 0.775, 0.161931
0, 0.183814, 0.225, 0.775, 0.161036
0, 0.175161, 0.225, 0.775, 0.160855
0, 0.183583, 0.225, 0.775, 0.164239
0, 0.165372, 0.225, 0.775, 0.151625
0, 0.175824, 0.225, 0.775, 0.161086
0, 0.176059, 0.225, 0.775, 0.159201
0, 0.169892, 0.225, 0.775, 0.154911
0, 0.170581, 0.225, 0.775, 0.158198
0, 0.173666, 0.225, 0.775, 0.155447
0, 0.167817, 0.225, 0.775, 0.151747
0, 0.186762, 0.225, 0.775, 0.16766
0, 0.174184, 0.225, 0.775, 0.155029
0, 0.174579, 0.225, 0.775, 0.162577
0, 0.172703, 0.225, 0.775, 0.158866
0, 0.167447, 0.225, 0.775, 0.153764
0, 0.178268, 0.225, 0.775, 0.160328
0, 0.171139, 0.225, 0.775, 0.159657
0, 0.170687, 0.225, 0.775, 0.15872
0, 0.178882, 0.225, 0.775, 0.165797
0, 0.173416, 0.225, 0.775, 0.163222
0, 0.179366, 0.225, 0.775, 0.167537
0, 0.184781, 0.225, 0.775, 0.164639
0, 0.185264, 0.23, 0.77, 0.170073
0, 0.181744, 0.23, 0.77, 0.163831
0, 0.181459, 0.23, 0.77, 0.168167
0, 0.183002, 0.23, 0.77, 0.167121
0, 0.182021, 0.23, 0.77, 0.161788
0, 0.184642, 0.23, 0.77, 0.170527
0, 0.194503, 0.23, 0.77, 0.177806
0, 0.18115, 0.23, 0.77, 0.169055
0, 0.181614, 0.23, 0.77, 0.16562
0, 0.173938, 0.23, 0.77, 0.165628
0, 0.177385, 0.23, 0.77, 0.164955
0, 0.186247, 0.23, 0.77, 0.170079
0, 0.188843, 0.23, 0.77, 0.172256
0, 0.173512, 0.23, 0.77, 0.15856
0, 0.178733, 0.23, 0.77, 0.167628
0, 0.178738, 0.23, 0.77, 0.165979
0, 0.189739, 0.23, 0.77, 0.17294
0, 0.186438, 0.23, 0.77, 0.170097
0, 0.188513, 0.23, 0.77, 0.175667
0, 0.181715, 0.23, 0.77, 0.169851
0, 0.176849, 0.23, 0.77, 0.162125
0, 0.184749, 0.23, 0.77, 0.171215
0, 0.177605, 0.23, 0.77, 0.164595
0, 0.185712, 0.23, 0.77, 0.168298
0, 0.170715, 0.23, 0.77, 0.160758
0, 0.194214, 0.235, 0.765, 0.177583
0, 0.183978, 0.235, 0.765, 0.172645
0, 0.181394, 0.235, 0.765, 0.168601
0, 0.187507, 0.235, 0.765, 0.175247
0, 0.187116, 0.235, 0.765, 0.174426
0, 0.182386, 0.235, 0.765, 0.164867
0, 0.194745, 0.235, 0.765, 0.177415
0, 0.188512, 0.235, 0.765, 0.17523
0, 0.181631, 0.235, 0.765, 0.168563
0, 0.185358, 0.235, 0.765, 0.171876
0, 0.193474, 0.235, 0.765, 0.175749
0, 0.187386, 0.235, 0.765, 0.172595
0, 0.19156, 0.235, 0.765, 0.175572
0, 0.190169, 0.235, 0.765, 0.172859
0, 0.193716, 0.235, 0.765, 0.175036
0, 0.190568, 0.235, 0.765, 0.172159
0, 0.189619, 0.235, 0.765, 0.180161
0, 0.183168, 0.235, 0.765, 0.166345
0, 0.189386, 0.235, 0.765, 0.176762
0, 0.197398, 0.235, 0.765, 0.179618
0, 0.188377, 0.235, 0.765, 0.170782
0, 0.179466, 0.235, 0.765, 0.169881
0, 0.194007, 0.235, 0.765, 0.180062
0, 0.180949, 0.235, 0.765, 0.171047
0, 0.189848, 0.235, 0.765, 0.176949
0, 0.192198, 0.24, 0.76, 0.178775
0, 0.204107, 0.24, 0.76, 0.184889
0, 0.1972, 0.24, 0.76, 0.179971
0, 0.197603, 0.24, 0.76, 0.18555
0, 0.197973, 0.24, 0.76, 0.185778
0, 0.205574, 0.24, 0.76, 0.185239
0, 0.191354, 0.24, 0.76, 0.177088
0, 0.201728, 0.24, 0.76, 0.18687
0, 0.197657, 0.24, 0.76, 0.18081
0, 0.198204, 0.24, 0.76, 0.182521
0, 0.194811, 0.24, 0.76, 0.181829
0, 0.198487, 0.24, 0.76, 0.184503
0, 0.187035, 0.24, 0.76, 0.175938
0, 0.194642, 0.24, 0.76, 0.179633
0, 0.188916, 0.24, 0.76, 0.175029
0, 0.181083, 0.24, 0.76, 0.170908
0, 0.205961, 0.24, 0.76, 0.184852
0, 0.19826, 0.24, 0.76, 0.183299
0, 0.191366, 0.24, 0.76, 0.176363
0, 0.201286, 0.24, 0.76, 0.185762
0, 0.203055, 0.24, 0.76, 0.181444
0, 0.192091, 0.24, 0.76, 0.180354
0, 0.197269, 0.24, 0.76, 0.182946
0, 0.195963, 0.24, 0.76, 0.181115
0, 0.198582, 0.24, 0.76, 0.186275
0, 0.193995, 0.245, 0.755, 0.177545
0, 0.207486, 0.245, 0.755, 0.188443
0, 0.210161, 0.245, 0.755, 0.193347
0, 0.218444, 0.245, 0.755, 0.201161
0, 0.201417, 0.245, 0.755, 0.185627
0, 0.197678, 0.245, 0.755, 0.189427
0, 0.197831, 0.245, 0.755, 0.183823
0, 0.200928, 0.245, 0.755, 0.189268
0, 0.200015, 0.245, 0.755, 0.188627
0, 0.212379, 0.245, 0.755, 0.194097
0, 0.204345, 0.245, 0.755, 0.191224
0, 0.211167, 0.245, 0.755, 0.193431
0, 0.203183, 0.245, 0.755, 0.189415
0, 0.199062, 0.245, 0.755, 0.184978
0, 0.215092, 0.245, 0.755, 0.202085
0, 0.209387, 0.245, 0.755, 0.19664
0, 0.199101, 0.245, 0.755, 0.18302
0, 0.207442, 0.245, 0.755, 0.185059
0, 0.198461, 0.245, 0.755, 0.180845
0, 0.190054, 0.245, 0.755, 0.186472
0, 0.201215, 0.245, 0.755, 0.185464
0, 0.20584, 0.245, 0.755, 0.188649
0, 0.209916, 0.245, 0.755, 0.196266
0, 0.197451, 0.245, 0.755, 0.188478
0, 0.200252, 0.245, 0.755, 0.187508
0, 0.204644, 0.25, 0.75, 0.189877
0, 0.209429, 0.25, 0.75, 0.193717
0, 0.220176, 0.25, 0.75, 0.206795
0, 0.211039, 0.25, 0.75, 0.19412
0, 0.213154, 0.25, 0.75, 0.194483
0, 0.217116, 0.25, 0.75, 0.196196
0, 0.206904, 0.25, 0.75, 0.190581
0, 0.216061, 0.25, 0.75, 0.202336
0, 0.20274, 0.25, 0.75, 0.189931
0, 0.204058, 0.25, 0.75, 0.190041
0, 0.219812, 0.25, 0.75, 0.200597
0, 0.211079, 0.25, 0.75, 0.195846
0, 0.207839, 0.25, 0.75, 0.193554
0, 0.204501, 0.25, 0.75, 0.187325
0, 0.20678, 0.25, 0.75, 0.191999
0, 0.204009, 0.25, 0.75, 0.187958
0, 0.209324, 0.25, 0.75, 0.190936
0, 0.207417, 0.25, 0.75, 0.192155
0, 0.201181, 0.25, 0.75, 0.188193
0, 0.203634, 0.25, 0.75, 0.191392
0, 0.213006, 0.25, 0.75, 0.195786
0, 0.220413, 0.25, 0.75, 0.197495
0, 0.213796, 0.25, 0.75, 0.200495
0, 0.206559, 0.25, 0.75, 0.192561
0, 0.211807, 0.25, 0.75, 0.19658
0, 0.226658, 0.255, 0.745, 0.204778
0, 0.221933, 0.255, 0.745, 0.20679
0, 0.217618, 0.255, 0.745, 0.199249
0, 0.217065, 0.255, 0.745, 0.201816
0, 0.224604, 0.255, 0.745, 0.204466
0, 0.209764, 0.255, 0.745, 0.197494
0, 0.224055, 0.255, 0.745, 0.205787
0, 0.21727, 0.255, 0.745, 0.198575
0, 0.226088, 0.255, 0.745, 0.209064
0, 0.216432, 0.255, 0.745, 0.202348
0, 0.212912, 0.255, 0.745, 0.199988
0, 0.2076, 0.255, 0.745, 0.194929
0, 0.220515, 0.255, 0.745, 0.206342
0, 0.219898, 0.255, 0.745, 0.198771
0, 0.220409, 0.255, 0.745, 0.203117
0, 0.220531, 0.255, 0.745, 0.206202
0, 0.222295, 0.255, 0.745, 0.20429
0, 0.226352, 0.255, 0.745, 0.205402
0, 0.215505, 0.255, 0.745, 0.199233
0, 0.208963, 0.255, 0.745, 0.196787
0, 0.217744, 0.255, 0.745, 0.204665
0, 0.209864, 0.255, 0.745, 0.202094
0, 0.217091, 0.255, 0.745, 0.203201
0, 0.207919, 0.255, 0.745, 0.197078
0, 0.222445, 0.255, 0.745, 0.206298
0, 0.228537, 0.26, 0.74, 0.212544
0, 0.21985, 0.26, 0.74, 0.206848
0, 0.22412, 0.26, 0.74, 0.209825
0, 0.212069, 0.26, 0.74, 0.198814
0, 0.229465, 0.26, 0.74, 0.212499
0, 0.220046, 0.26, 0.74, 0.208247
0, 0.219656, 0.26, 0.74, 0.206458
0, 0.223438, 0.26, 0.74, 0.206383
0, 0.224334, 0.26, 0.74, 0.208625
0, 0.226144, 0.26, 0.74, 0.206819
0, 0.229118, 0.26, 0.74, 0.213414
0, 0.227392, 0.26, 0.74, 0.215649
0, 0.219469, 0.26, 0.74, 0.209165
0, 0.226635, 0.26, 0.74, 0.210098
0, 0.223418, 0.26, 0.74, 0.209608
0, 0.227511, 0.26, 0.74, 0.211326
0, 0.236323, 0.26, 0.74, 0.222326
0, 0.223369, 0.26, 0.74, 0.206756
0, 0.216649, 0.26, 0.74, 0.199716
0, 0.21816, 0.26, 0.74, 0.203059
0, 0.216962, 0.26, 0.74, 0.203466
0, 0.226561, 0.26, 0.74, 0.213135
0, 0.231674, 0.26, 0.74, 0.215248
0, 0.225642, 0.26, 0.74, 0.211078
0, 0.220139, 0.26, 0.74, 0.20782
0, 0.234465, 0.265, 0.735, 0.21722
0, 0.239775, 0.265, 0.735, 0.219343
0, 0.238618, 0.265, 0.735, 0.220435
0, 0.232383, 0.265, 0.735, 0.219136
0, 0.223401, 0.265, 0.735, 0.212227
0, 0.227971, 0.265, 0.735, 0.211763
0, 0.229267, 0.265, 0.735, 0.212915
0, 0.23617, 0.265, 0.735, 0.218321
0, 0.232978, 0.265, 0.735, 0.214189
0, 0.249961, 0.265, 0.735, 0.224992
0, 0.226901, 0.265, 0.735, 0.208695
0, 0.233438, 0.265, 0.735, 0.222005
0, 0.237804, 0.265, 0.735, 0.219579
0, 0.235416, 0.265, 0.735, 0.219606
0, 0.231765, 0.265, 0.735, 0.21572
0, 0.252235, 0.265, 0.735, 0.227905
0, 0.221853, 0.265, 0.735, 0.216719
0, 0.248612, 0.265, 0.735, 0.22565
0, 0.238534, 0.265, 0.735, 0.223654
0, 0.23797, 0.265, 0.735, 0.22502
0, 0.230068, 0.265, 0.735, 0.212924
0, 0.233463, 0.265, 0.735, 0.213835
0, 0.239176, 0.265, 0.735, 0.222084
0, 0.233994, 0.265, 0.735, 0.219895
0, 0.232433, 0.265, 0.735, 0.212895
0, 0.252928, 0.27, 0.73, 0.233034
0, 0.257793, 0.27, 0.73, 0.236179
0, 0.237322, 0.27, 0.73, 0.22109
0, 0.250105, 0.27, 0.73, 0.228107
0, 0.24603, 0.27, 0.73, 0.229785
0, 0.25333, 0.27, 0.73, 0.233761
0, 0.255431, 0.27, 0.73, 0.234314
0, 0.244518, 0.27, 0.73, 0.22482
0, 0.251088, 0.27, 0.73, 0.227869
0, 0.237919, 0.27, 0.73, 0.220713
0, 0.245402, 0.27, 0.73, 0.229371
0, 0.232907, 0.27, 0.73, 0.219947
0, 0.23936, 0.27, 0.73, 0.219882
0, 0.242582, 0.27, 0.73, 0.224103
0, 0.236263, 0.27, 0.73, 0.218835
0, 0.248057, 0.27, 0.73, 0.23212
0, 0.239025, 0.27, 0.73, 0.220329
0, 0.243153, 0.27, 0.73, 0.22186
0, 0.233391, 0.27, 0.73, 0.219466
0, 0.245308, 0.27, 0.73, 0.228084
0, 0.24262, 0.27, 0.73, 0.227881
0, 0.235812, 0.27, 0.73, 0.221892
0, 0.239001, 0.27, 0.73, 0.217862
0, 0.240584, 0.27, 0.73, 0.220821
0, 0.250753, 0.27, 0.73, 0.234488
0, 0.247365, 0.275, 0.725, 0.23367
0, 0.263493, 0.275, 0.725, 0.243031
0, 0.243162, 0.275, 0.725, 0.229558
0, 0.245767, 0.275, 0.725, 0.227119
0, 0.246468, 0.275, 0.725, 0.230557
0, 0.24073, 0.275, 0.725, 0.227587
0, 0.247633, 0.275, 0.725, 0.2288
0, 0.257321, 0.275, 0.725, 0.238546
0, 0.246389, 0.275, 0.725, 0.234887
0, 0.249007, 0.275, 0.725, 0.228374
0, 0.252846, 0.275, 0.725, 0.237714
0, 0.245199, 0.275, 0.725, 0.227669
0, 0.25762, 0.275, 0.725, 0.23378
0, 0.250304, 0.275, 0.725, 0.234791
0, 0.248089, 0.275, 0.725, 0.234983
0, 0.269898, 0.275, 0.725, 0.245122
0, 0.256546, 0.275, 0.725, 0.237958
0, 0.2541, 0.275, 0.725, 0.236764
0, 0.233791, 0.275, 0.725, 0.221717
0, 0.246806, 0.275, 0.725, 0.227099
0, 0.256779, 0.275, 0.725, 0.239314
0, 0.248973, 0.275, 0.725, 0.232143
0, 0.249051, 0.275, 0.725, 0.233238
0, 0.253717, 0.275, 0.725, 0.235218
0, 0.249921, 0.275, 0.725, 0.237121
0, 0.269568, 0.28, 0.72, 0.247419
0, 0.249088, 0.28, 0.72, 0.232628
0, 0.259938, 0.28, 0.72, 0.242745
0, 0.262314, 0.28, 0.72, 0.242972
0, 0.256113, 0.28, 0.72, 0.239764
0, 0.25157, 0.28, 0.72, 0.234578
0, 0.251178, 0.28, 0.72, 0.231756
0, 0.252237, 0.28, 0.72, 0.234792
0, 0.263629, 0.28, 0.72, 0.251083
0, 0.262483, 0.28, 0.72, 0.242892
0, 0.265586, 0.28, 0.72, 0.245563
0, 0.254231, 0.28, 0.72, 0.240378
0, 0.271707, 0.28, 0.72, 0.253408
0, 0.260997, 0.28, 0.72, 0.252011
0, 0.258581, 0.28, 0.72, 0.240305
0, 0.253461, 0.28, 0.72, 0.23927
0, 0.254358, 0.28, 0.72, 0.238944
0, 0.264732, 0.28, 0.72, 0.245886
0, 0.265471, 0.28, 0.72, 0.240401
0, 0.261031, 0.28, 0.72, 0.244467
0, 0.252791, 0.28, 0.72, 0.238134
0, 0.269948, 0.28, 0.72, 0.24532
0, 0.245392, 0.28, 0.72, 0.232526
0, 0.266699, 0.28, 0.72, 0.247017
0, 0.274743, 0.28, 0.72, 0.258261
0, 0.261142, 0.285, 0.715, 0.24469
0, 0.26075, 0.285, 0.715, 0.241164
0, 0.259521, 0.285, 0.715, 0.240876
0, 0.264162, 0.285, 0.715, 0.240936
0, 0.256062, 0.285, 0.715, 0.24012
0, 0.279788, 0.285, 0.715, 0.259429
0, 0.264258, 0.285, 0.715, 0.249844
0, 0.26909, 0.285, 0.715, 0.247845
0, 0.26444, 0.285, 0.715, 0.250506
0, 0.268322, 0.285, 0.715, 0.247246
0, 0.2784, 0.285, 0.715, 0.253358
0, 0.266785, 0.285, 0.715, 0.24806
0, 0.263967, 0.285, 0.715, 0.245181
0, 0.274257, 0.285, 0.715, 0.256008
0, 0.264435, 0.285, 0.715, 0.25035
0, 0.27995, 0.285, 0.715, 0.25674
0, 0.261211, 0.285, 0.715, 0.245441
0, 0.273073, 0.285, 0.715, 0.25635
0, 0.265601, 0.285, 0.715, 0.249953
0, 0.260792, 0.285, 0.715, 0.245211
0, 0.277505, 0.285, 0.715, 0.25767
0, 0.274111, 0.285, 0.715, 0.253141
0, 0.265309, 0.285, 0.715, 0.251768
0, 0.268187, 0.285, 0.715, 0.252961
0, 0.266108, 0.285, 0.715, 0.252261
0, 0.27121, 0.29, 0.71, 0.25389
0, 0.285142, 0.29, 0.71, 0.267748
0, 0.279041, 0.29, 0.71, 0.26339
0, 0.279498, 0.29, 0.71, 0.26374
0, 0.281731, 0.29, 0.71, 0.265189
0, 0.271636, 0.29, 0.71, 0.258841
0, 0.283134, 0.29, 0.71, 0.262162
0, 0.265685, 0.29, 0.71, 0.251361
0, 0.286202, 0.29, 0.71, 0.267071
0, 0.275699, 0.29, 0.71, 0.258122
0, 0.26102, 0.29, 0.71, 0.24882
0, 0.289664, 0.29, 0.71, 0.272051
0, 0.276243, 0.29, 0.71, 0.2595
0, 0.288734, 0.29, 0.71, 0.26709
0, 0.27568, 0.29, 0.71, 0.260322
0, 0.286044, 0.29, 0.71, 0.260979
0, 0.28501, 0.29, 0.71, 0.257752
0, 0.279835, 0.29, 0.71, 0.264223
0, 0.274334, 0.29, 0.71, 0.25815
0, 0.287302, 0.29, 0.71, 0.267442
0, 0.2632, 0.29, 0.71, 0.247895
0, 0.290578, 0.29, 0.71, 0.266498
0, 0.290069, 0.29, 0.71, 0.268572
0, 0.275418, 0.29, 0.71, 0.257898
0, 0.284607, 0.29, 0.71, 0.267495
0, 0.28793, 0.295, 0.705, 0.268951
0, 0.286742, 0.295, 0.705, 0.271702
0, 0.29303, 0.295, 0.705, 0.2702
0, 0.281122, 0.295, 0.705, 0.263144
0, 0.282083, 0.295, 0.705, 0.264756
0, 0.294703, 0.295, 0.705, 0.277672
0, 0.282454, 0.295, 0.705, 0.266279
0, 0.274589, 0.295, 0.705, 0.25965
0, 0.294735, 0.295, 0.705, 0.272462
0, 0.286641, 0.295, 0.705, 0.268441
0, 0.280019, 0.295, 0.705, 0.262295
0, 0.288755, 0.295, 0.705, 0.271224
0, 0.297944, 0.295, 0.705, 0.28298
0, 0.28982, 0.295, 0.705, 0.269087
0, 0.288444, 0.295, 0.705, 0.269583
0, 0.284071, 0.295, 0.705, 0.261914
0, 0.28114, 0.295, 0.705, 0.262618
0, 0.287694, 0.295, 0.705, 0.267995
0, 0.284492, 0.295, 0.705, 0.262133
0, 0.280421, 0.295, 0.705, 0.265232
0, 0.275899, 0.295, 0.705, 0.260582
0, 0.26694, 0.295, 0.705, 0.252076
0, 0.271906, 0.295, 0.705, 0.25539
0, 0.291852, 0.295, 0.705, 0.272575
0, 0.283357, 0.295, 0.705, 0.266329
0, 0.301398, 0.3, 0.7, 0.280753
0, 0.304, 0.3, 0.7, 0.283319
0, 0.294724, 0.3, 0.7, 0.283471
0, 0.281658, 0.3, 0.7, 0.259804
0, 0.289521, 0.3, 0.7, 0.269321
0, 0.282792, 0.3, 0.7, 0.266977
0, 0.298781, 0.3, 0.7, 0.281582
0, 0.294149, 0.3, 0.7, 0.272101
0, 0.298505, 0.3, 0.7, 0.280864
0, 0.297188, 0.3, 0.7, 0.27601
0, 0.284366, 0.3, 0.7, 0.269725
0, 0.278111, 0.3, 0.7, 0.264678
0, 0.296781, 0.3, 0.7, 0.276887
0, 0.308332, 0.3, 0.7, 0.289154
0, 0.294175, 0.3, 0.7, 0.276759
0, 0.297704, 0.3, 0.7, 0.283614
0, 0.299657, 0.3, 0.7, 0.27567
0, 0.288414, 0.3, 0.7, 0.275515
0, 0.301185, 0.3, 0.7, 0.279434
0, 0.27823, 0.3, 0.7, 0.266878
0, 0.290432, 0.3, 0.7, 0.272774
0, 0.292105, 0.3, 0.7, 0.273601
0, 0.291261, 0.3, 0.7, 0.274565
0, 0.292287, 0.3, 0.7, 0.274696
0, 0.298166, 0.3, 0.7, 0.279361
0, 0.306432, 0.305, 0.695, 0.28795
0, 0.316199, 0.305, 0.695, 0.29411
0, 0.301313, 0.305, 0.695, 0.283208
0, 0.290445, 0.305, 0.695, 0.27805
0, 0.29936, 0.305, 0.695, 0.282223
0, 0.308996, 0.305, 0.695, 0.289383
0, 0.288771, 0.305, 0.695, 0.271699
0, 0.306982, 0.305, 0.695, 0.289455
0, 0.312903, 0.305, 0.695, 0.28867
0, 0.30597, 0.305, 0.695, 0.285796
0, 0.289985, 0.305, 0.695, 0.279586
0, 0.313935, 0.305, 0.695, 0.290742
0, 0.304156, 0.305, 0.695, 0.282429
0, 0.295948, 0.305, 0.695, 0.280227
0, 0.302673, 0.305, 0.695, 0.283411
0, 0.296031, 0.305, 0.695, 0.278863
0, 0.307252, 0.305, 0.695, 0.288201
0, 0.303575, 0.305, 0.695, 0.284962
0, 0.321696, 0.305, 0.695, 0.29511
0, 0.312741, 0.305, 0.695, 0.291436
0, 0.293093, 0.305, 0.695, 0.271561
0, 0.296574, 0.305, 0.695, 0.281173
0, 0.293142, 0.305, 0.695, 0.281373
0, 0.307474, 0.305, 0.695, 0.289795
0, 0.299847, 0.305, 0.695, 0.286557
0, 0.323398, 0.31, 0.69, 0.299532
0, 0.324545, 0.31, 0.69, 0.301285
0, 0.311593, 0.31, 0.69, 0.296434
0, 0.312924, 0.31, 0.69, 0.295481
0, 0.305622, 0.31, 0.69, 0.295178
0, 0.312649, 0.31, 0.69, 0.292733
0, 0.310587, 0.31, 0.69, 0.291297
0, 0.305498, 0.31, 0.69, 0.285099
0, 0.310634, 0.31, 0.69, 0.291508
0, 0.310983, 0.31, 0.69, 0.291385
0, 0.306709, 0.31, 0.69, 0.290236
0, 0.31116, 0.31, 0.69, 0.28859
0, 0.314896, 0.31, 0.69, 0.293054
0, 0.311919, 0.31, 0.69, 0.293393
0, 0.315278, 0.31, 0.69, 0.295762
0, 0.309271, 0.31, 0.69, 0.285951
0, 0.309514, 0.31, 0.69, 0.298771
0, 0.315743, 0.31, 0.69, 0.299241
0, 0.311963, 0.31, 0.69, 0.294542
0, 0.310675, 0.31, 0.69, 0.294784
0, 0.303534, 0.31, 0.69, 0.286155
0, 0.321696, 0.31, 0.69, 0.300868
0, 0.312833, 0.31, 0.69, 0.290063
0, 0.31484, 0.31, 0.69, 0.295831
0, 0.309474, 0.31, 0.69, 0.290674
0, 0.320658, 0.315, 0.685, 0.300823
0, 0.326378, 0.315, 0.685, 0.304164
0, 0.323623, 0.315, 0.685, 0.308469
0, 0.325816, 0.315, 0.685, 0.302451
0, 0.312603, 0.315, 0.685, 0.291362
0, 0.330146, 0.315, 0.685, 0.308684
0, 0.310525, 0.315, 0.685, 0.298234
0, 0.326681, 0.315, 0.685, 0.304461
0, 0.330826, 0.315, 0.685, 0.306107
0, 0.307183, 0.315, 0.685, 0.293116
0, 0.325696, 0.315, 0.685, 0.304135
0, 0.328996, 0.315, 0.685, 0.309425
0, 0.310732, 0.315, 0.685, 0.299179
0, 0.328205, 0.315, 0.685, 0.303892
0, 0.311506, 0.315, 0.685, 0.294245
0, 0.309642, 0.315, 0.685, 0.291621
0, 0.323982, 0.315, 0.685, 0.306969
0, 0.320747, 0.315, 0.685, 0.300351
0, 0.333071, 0.315, 0.685, 0.307256
0, 0.32164, 0.315, 0.685, 0.30196
0, 0.32279, 0.315, 0.685, 0.301051
0, 0.326193, 0.315, 0.685, 0.310537
0, 0.315309, 0.315, 0.685, 0.297404
0, 0.312638, 0.315, 0.685, 0.294463
0, 0.333857, 0.315, 0.685, 0.315874
0, 0.317741, 0.32, 0.68, 0.300116
0, 0.32501, 0.32, 0.68, 0.307173
0, 0.321157, 0.32, 0.68, 0.305031
0, 0.327188, 0.32, 0.68, 0.314731
0, 0.325837, 0.32, 0.68, 0.312859
0, 0.324564, 0.32, 0.68, 0.312328
0, 0.337865, 0.32, 0.68, 0.313819
0, 0.33091, 0.32, 0.68, 0.307129
0, 0.329343, 0.32, 0.68, 0.301509
0, 0.338341, 0.32, 0.68, 0.313666
0, 0.328393, 0.32, 0.68, 0.311283
0, 0.325763, 0.32, 0.68, 0.308787
0, 0.330595, 0.32, 0.68, 0.317254
0, 0.330434, 0.32, 0.68, 0.312447
0, 0.326886, 0.32, 0.68, 0.306161
0, 0.333449, 0.32, 0.68, 0.309831
0, 0.32435, 0.32, 0.68, 0.306155
0, 0.336362, 0.32, 0.68, 0.312561
0, 0.331512, 0.32, 0.68, 0.311233
0, 0.332478, 0.32, 0.68, 0.313613
0, 0.335523, 0.32, 0.68, 0.320465
0, 0.325603, 0.32, 0.68, 0.305331
0, 0.347135, 0.32, 0.68, 0.325744
0, 0.324643, 0.32, 0.68, 0.303726
0, 0.331841, 0.32, 0.68, 0.314308
0, 0.345608, 0.325, 0.675, 0.32382
0, 0.346828, 0.325, 0.675, 0.328304
0, 0.339237, 0.325, 0.675, 0.317363
0, 0.331305, 0.325, 0.675, 0.316457
0, 0.350719, 0.325, 0.675, 0.324881
0, 0.340773, 0.325, 0.675, 0.31596
0, 0.341289, 0.325, 0.675, 0.320888
0, 0.334808, 0.325, 0.675, 0.320264
0, 0.334308, 0.325, 0.675, 0.315438
0, 0.335603, 0.325, 0.675, 0.31788
0, 0.33287, 0.325, 0.675, 0.312646
0, 0.337822, 0.325, 0.675, 0.316347
0, 0.327422, 0.325, 0.675, 0.310967
0, 0.348516, 0.325, 0.675, 0.326105
0, 0.331691, 0.325, 0.675, 0.315877
0, 0.337675, 0.325, 0.675, 0.319237
0, 0.358984, 0.325, 0.675, 0.336747
0, 0.33953, 0.325, 0.675, 0.315807
0, 0.338884, 0.325, 0.675, 0.324687
0, 0.340884, 0.325, 0.675, 0.324135
0, 0.356571, 0.325, 0.675, 0.332402
0, 0.336385, 0.325, 0.675, 0.324252
0, 0.336258, 0.325, 0.675, 0.31453
0, 0.3388, 0.325, 0.675, 0.317912
0, 0.327354, 0.325, 0.675, 0.316793
0, 0.351844, 0.33, 0.67, 0.330294
0, 0.353951, 0.33, 0.67, 0.331982
0, 0.343625, 0.33, 0.67, 0.326359
0, 0.355554, 0.33, 0.67, 0.33226
0, 0.35169, 0.33, 0.67, 0.335161
0, 0.347938, 0.33, 0.67, 0.334534
0, 0.344657, 0.33, 0.67, 0.326252
0, 0.355822, 0.33, 0.67, 0.334949
0, 0.353646, 0.33, 0.67, 0.33115
0, 0.350412, 0.33, 0.67, 0.328924
0, 0.353676, 0.33, 0.67, 0.331487
0, 0.359008, 0.33, 0.67, 0.333048
0, 0.346091, 0.33, 0.67, 0.324536
0, 0.364203, 0.33, 0.67, 0.337698
0, 0.33011, 0.33, 0.67, 0.316496
0, 0.344957, 0.33, 0.67, 0.326122
0, 0.358658, 0.33, 0.67, 0.338338
0, 0.36477, 0.33, 0.67, 0.34041
0, 0.347036, 0.33, 0.67, 0.327335
0, 0.338346, 0.33, 0.67, 0.323481
0, 0.351886, 0.33, 0.67, 0.334372
0, 0.346064, 0.33, 0.67, 0.329703
0, 0.339231, 0.33, 0.67, 0.322293
0, 0.340597, 0.33, 0.67, 0.323738
0, 0.353754, 0.33, 0.67, 0.334862
0, 0.347517, 0.335, 0.665, 0.331367
0, 0.363698, 0.335, 0.665, 0.343895
0, 0.366215, 0.335, 0.665, 0.341711
0, 0.352172, 0.335, 0.665, 0.328859
0, 0.364354, 0.335, 0.665, 0.34118
0, 0.354362, 0.335, 0.665, 0.332149
0, 0.356575, 0.335, 0.665, 0.332039
0, 0.36264, 0.335, 0.665, 0.340693
0, 0.355275, 0.335, 0.665, 0.338729
0, 0.36828, 0.335, 0.665, 0.342231
0, 0.367352, 0.335, 0.665, 0.348274
0, 0.372243, 0.335, 0.665, 0.343509
0, 0.367015, 0.335, 0.665, 0.34542
0, 0.357601, 0.335, 0.665, 0.344953
0, 0.354015, 0.335, 0.665, 0.332634
0, 0.36131, 0.335, 0.665, 0.336197
0, 0.360572, 0.335, 0.665, 0.345376
0, 0.357942, 0.335, 0.665, 0.341224
0, 0.366285, 0.335, 0.665, 0.3456
0, 0.34233, 0.335, 0.665, 0.328445
0, 0.363816, 0.335, 0.665, 0.348352
0, 0.362868, 0.335, 0.665, 0.345011
0, 0.364254, 0.335, 0.665, 0.342193
0, 0.357631, 0.335, 0.665, 0.338602
0, 0.346121, 0.335, 0.665, 0.326521
0, 0.369488, 0.34, 0.66, 0.348731
0, 0.373603, 0.34, 0.66, 0.35803
0, 0.367315, 0.34, 0.66, 0.348833
0, 0.380769, 0.34, 0.66, 0.352691
0, 0.361468, 0.34, 0.66, 0.350971
0, 0.367389, 0.34, 0.66, 0.351316
0, 0.375964, 0.34, 0.66, 0.357185
0, 0.355121, 0.34, 0.66, 0.34053
0, 0.356569, 0.34, 0.66, 0.333009
0, 0.372711, 0.34, 0.66, 0.355143
0, 0.370401, 0.34, 0.66, 0.354828
0, 0.382227, 0.34, 0.66, 0.362227
0, 0.364578, 0.34, 0.66, 0.344491
0, 0.369894, 0.34, 0.66, 0.349611
0, 0.379375, 0.34, 0.66, 0.356583
0, 0.374725, 0.34, 0.66, 0.354699
0, 0.368874, 0.34, 0.66, 0.348107
0, 0.37793, 0.34, 0.66, 0.357682
0, 0.381668, 0.34, 0.66, 0.352711
0, 0.387398, 0.34, 0.66, 0.365038
0, 0.381024, 0.34, 0.66, 0.35694
0, 0.362444, 0.34, 0.66, 0.339098
0, 0.366698, 0.34, 0.66, 0.348455
0, 0.370695, 0.34, 0.66, 0.354214
0, 0.358868, 0.34, 0.66, 0.345579
0, 0.377029, 0.345, 0.655, 0.355412
0, 0.364033, 0.345, 0.655, 0.348433
0, 0.36642, 0.345, 0.655, 0.349286
0, 0.387693, 0.345, 0.655, 0.366423
0, 0.390175, 0.345, 0.655, 0.364161
0, 0.380642, 0.345, 0.655, 0.360199
0, 0.372599, 0.345, 0.655, 0.350729
0, 0.38851, 0.345, 0.655, 0.367982
0, 0.394385, 0.345, 0.655, 0.37092
0, 0.382234, 0.345, 0.655, 0.359471
0, 0.380667, 0.345, 0.655, 0.356855
0, 0.37998, 0.345, 0.655, 0.3672
0, 0.384623, 0.345, 0.655, 0.369168
0, 0.381237, 0.345, 0.655, 0.360085
0, 0.383133, 0.345, 0.655, 0.369997
0, 0.379263, 0.345, 0.655, 0.357542
0, 0.37951, 0.345, 0.655, 0.360443
0, 0.374518, 0.345, 0.655, 0.35479
0, 0.385304, 0.345, 0.655, 0.359539
0, 0.378441, 0.345, 0.655, 0.363763
0, 0.36489, 0.345, 0.655, 0.349856
0, 0.37385, 0.345, 0.655, 0.350562
0, 0.383314, 0.345, 0.655, 0.363066
0, 0.377531, 0.345, 0.655, 0.35602
0, 0.372861, 0.345, 0.655, 0.358337
0, 0.395433, 0.35, 0.65, 0.373192
0, 0.380135, 0.35, 0.65, 0.362327
0, 0.382961, 0.35, 0.65, 0.364195
0, 0.387537, 0.35, 0.65, 0.367442
0, 0.386886, 0.35, 0.65, 0.365345
0, 0.404469, 0.35, 0.65, 0.377402
0, 0.399541, 0.35, 0.65, 0.379308
0, 0.403842, 0.35, 0.65, 0.379487
0, 0.383668, 0.35, 0.65, 0.359602
0, 0.386005, 0.35, 0.65, 0.366291
0, 0.405696, 0.35, 0.65, 0.378848
0, 0.397568, 0.35, 0.65, 0.37789
0, 0.413697, 0.35, 0.65, 0.378576
0, 0.397732, 0.35, 0.65, 0.376626
0, 0.389083, 0.35, 0.65, 0.37024
0, 0.401659, 0.35, 0.65, 0.380639
0, 0.395638, 0.35, 0.65, 0.37741
0, 0.381605, 0.35, 0.65, 0.366371
0, 0.394496, 0.35, 0.65, 0.377008
0, 0.386616, 0.35, 0.65, 0.370734
0, 0.404347, 0.35, 0.65, 0.381392
0, 0.395131, 0.35, 0.65, 0.374615
0, 0.40217, 0.35, 0.65, 0.381921
0, 0.385081, 0.35, 0.65, 0.36535
0, 0.399505, 0.35, 0.65, 0.376648
0, 0.413461, 0.355, 0.645, 0.395544
0, 0.394257, 0.355, 0.645, 0.373266
0, 0.405922, 0.355, 0.645, 0.389887
0, 0.407677, 0.355, 0.645, 0.387413
0, 0.399095, 0.355, 0.645, 0.374413
0, 0.397807, 0.355, 0.645, 0.378904
0, 0.412618, 0.355, 0.645, 0.389386
0, 0.400577, 0.355, 0.645, 0.376604
0, 0.401392, 0.355, 0.645, 0.383759
0, 0.408756, 0.355, 0.645, 0.387243
0, 0.417069, 0.355, 0.645, 0.38884
0, 0.401279, 0.355, 0.645, 0.380994
0, 0.406754, 0.355, 0.645, 0.383799
0, 0.403688, 0.355, 0.645, 0.385733
0, 0.408491, 0.355, 0.645, 0.387772
0, 0.394772, 0.355, 0.645, 0.380937
0, 0.400374, 0.355, 0.645, 0.380342
0, 0.393858, 0.355, 0.645, 0.376144
0, 0.39706, 0.355, 0.645, 0.374859
0, 0.388655, 0.355, 0.645, 0.370092
0, 0.414354, 0.355, 0.645, 0.386529
0, 0.404571, 0.355, 0.645, 0.383198
0, 0.397959, 0.355, 0.645, 0.374036
0, 0.407086, 0.355, 0.645, 0.391508
0, 0.391075, 0.355, 0.645, 0.37415
0, 0.423581, 0.36, 0.64, 0.402809
0, 0.423934, 0.36, 0.64, 0.397589
0, 0.428819, 0.36, 0.64, 0.399784
0, 0.4165, 0.36, 0.64, 0.396687
0, 0.417362, 0.36, 0.64, 0.393654
0, 0.399536, 0.36, 0.64, 0.382088
0, 0.416676, 0.36, 0.64, 0.391521
0, 0.39934, 0.36, 0.64, 0.378664
0, 0.407146, 0.36, 0.64, 0.387624
0, 0.420512, 0.36, 0.64, 0.395125
0, 0.422892, 0.36, 0.64, 0.398451
0, 0.427636, 0.36, 0.64, 0.400163
0, 0.413246, 0.36, 0.64, 0.394779
0, 0.410684, 0.36, 0.64, 0.395774
0, 0.423029, 0.36, 0.64, 0.400856
0, 0.417463, 0.36, 0.64, 0.398676
0, 0.414107, 0.36, 0.64, 0.394724
0, 0.417419, 0.36, 0.64, 0.392271
0, 0.423801, 0.36, 0.64, 0.394003
0, 0.407854, 0.36, 0.64, 0.390391
0, 0.409324, 0.36, 0.64, 0.390978
0, 0.410952, 0.36, 0.64, 0.392726
0, 0.412783, 0.36, 0.64, 0.398382
0, 0.425092, 0.36, 0.64, 0.397934
0, 0.401511, 0.36, 0.64, 0.385966
0, 0.434941, 0.365, 0.635, 0.407296
0, 0.403677, 0.365, 0.635, 0.390625
0, 0.422597, 0.365, 0.635, 0.398229
0, 0.431431, 0.365, 0.635, 0.403899
0, 0.432012, 0.365, 0.635, 0.405574
0, 0.413606, 0.365, 0.635, 0.395509
0, 0.433782, 0.365, 0.635, 0.412839
0, 0.424655, 0.365, 0.635, 0.408627
0, 0.446646, 0.365, 0.635, 0.422571
0, 0.429618, 0.365, 0.635, 0.405905
0, 0.421297, 0.365, 0.635, 0.405862
0, 0.438699, 0.365, 0.635, 0.413076
0, 0.425593, 0.365, 0.635, 0.404485
0, 0.420523, 0.365, 0.635, 0.401393
0, 0.422702, 0.365, 0.635, 0.402291
0, 0.40994, 0.365, 0.635, 0.394576
0, 0.425995, 0.365, 0.635, 0.414839
0, 0.433805, 0.365, 0.635, 0.408557
0, 0.42315, 0.365, 0.635, 0.404747
0, 0.420979, 0.365, 0.635, 0.399311
0, 0.436902, 0.365, 0.635, 0.414576
0, 0.440161, 0.365, 0.635, 0.419364
0, 0.426931, 0.365, 0.635, 0.403431
0, 0.434945, 0.365, 0.635, 0.409593
0, 0.431302, 0.365, 0.635, 0.403214
0, 0.441848, 0.37, 0.63, 0.420453
0, 0.448026, 0.37, 0.63, 0.421542
0, 0.426221, 0.37, 0.63, 0.40764
0, 0.446322, 0.37, 0.63, 0.419997
0, 0.435868, 0.37, 0.63, 0.41757
0, 0.419832, 0.37, 0.63, 0.399095
0, 0.423261, 0.37, 0.63, 0.408446
0, 0.430907, 0.37, 0.63, 0.411016
0, 0.435316, 0.37, 0.63, 0.415018
0, 0.444363, 0.37, 0.63, 0.417641
0, 0.442389, 0.37, 0.63, 0.41213
0, 0.441848, 0.37, 0.63, 0.419868
0, 0.418883, 0.37, 0.63, 0.398253
0, 0.438096, 0.37, 0.63, 0.416545
0, 0.444026, 0.37, 0.63, 0.420577
0, 0.443771, 0.37, 0.63, 0.420551
0, 0.433459, 0.37, 0.63, 0.405074
0, 0.427274, 0.37, 0.63, 0.404149
0, 0.434808, 0.37, 0.63, 0.41325
0, 0.422445, 0.37, 0.63, 0.401069
0, 0.431496, 0.37, 0.63, 0.410984
0, 0.427306, 0.37, 0.63, 0.413204
0, 0.418392, 0.37, 0.63, 0.401308
0, 0.44102, 0.37, 0.63, 0.417122
0, 0.437501, 0.37, 0.63, 0.412103
0, 0.453164, 0.375, 0.625, 0.431001
0, 0.46799, 0.375, 0.625, 0.440806
0, 0.459356, 0.375, 0.625, 0.434762
0, 0.445682, 0.375, 0.625, 0.417505
0, 0.46909, 0.375, 0.625, 0.435424
0, 0.443105, 0.375, 0.625, 0.42593
0, 0.464754, 0.375, 0.625, 0.434273
0, 0.45759, 0.375, 0.625, 0.431423
0, 0.455343, 0.375, 0.625, 0.426103
0, 0.441098, 0.375, 0.625, 0.421936
0, 0.451132, 0.375, 0.625, 0.432225
0, 0.443694, 0.375, 0.625, 0.420427
0, 0.429414, 0.375, 0.625, 0.407433
0, 0.45511, 0.375, 0.625, 0.43457
0, 0.436093, 0.375, 0.625, 0.414771
0, 0.456304, 0.375, 0.625, 0.432036
0, 0.44558, 0.375, 0.625, 0.425
0, 0.462302, 0.375, 0.625, 0.443252
0, 0.440718, 0.375, 0.625, 0.423216
0, 0.444042, 0.375, 0.625, 0.419399
0, 0.450982, 0.375, 0.625, 0.422883
0, 0.466844, 0.375, 0.625, 0.444468
0, 0.450539, 0.375, 0.625, 0.421548
0, 0.43413, 0.375, 0.625, 0.417387
0, 0.447454, 0.375, 0.625, 0.424265
0, 0.44392, 0.38, 0.62, 0.426124
0, 0.463015, 0.38, 0.62, 0.438325
0, 0.458147, 0.38, 0.62, 0.434018
0, 0.450534, 0.38, 0.62, 0.436909
0, 0.458015, 0.38, 0.62, 0.431883
0, 0.439362, 0.38, 0.62, 0.419346
0, 0.475498, 0.38, 0.62, 0.44767
0, 0.451591, 0.38, 0.62, 0.429478
0, 0.459372, 0.38, 0.62, 0.444265
0, 0.453956, 0.38, 0.62, 0.429446
0, 0.453066, 0.38, 0.62, 0.434553
0, 0.447684, 0.38, 0.62, 0.428807
0, 0.467684, 0.38, 0.62, 0.439304
0, 0.460607, 0.38, 0.62, 0.436033
0, 0.466593, 0.38, 0.62, 0.442188
0, 0.470541, 0.38, 0.62, 0.444698
0, 0.468306, 0.38, 0.62, 0.43665
0, 0.465447, 0.38, 0.62, 0.4429
0, 0.467879, 0.38, 0.62, 0.43918
0, 0.461228, 0.38, 0.62, 0.434849
0, 0.471496, 0.38, 0.62, 0.449416
0, 0.459096, 0.38, 0.62, 0.439417
0, 0.451284, 0.38, 0.62, 0.426201
0, 0.444524, 0.38, 0.62, 0.420211
0, 0.446318, 0.38, 0.62, 0.423929
0, 0.473617, 0.385, 0.615, 0.448161
0, 0.463495, 0.385, 0.615, 0.443164
0, 0.472168, 0.385, 0.615, 0.451733
0, 0.478652, 0.385, 0.615, 0.458091
0, 0.47641, 0.385, 0.615, 0.453006
0, 0.479657, 0.385, 0.615, 0.459424
0, 0.461334, 0.385, 0.615, 0.438874
0, 0.478498, 0.385, 0.615, 0.452406
0, 0.462913, 0.385, 0.615, 0.446349
0, 0.473831, 0.385, 0.615, 0.450472
0, 0.476327, 0.385, 0.615, 0.452675
0, 0.455847, 0.385, 0.615, 0.435276
0, 0.455993, 0.385, 0.615, 0.439784
0, 0.473674, 0.385, 0.615, 0.451126
0, 0.453532, 0.385, 0.615, 0.430497
0, 0.464706, 0.385, 0.615, 0.446172
0, 0.492925, 0.385, 0.615, 0.461464
0, 0.482613, 0.385, 0.615, 0.453529
0, 0.49981, 0.385, 0.615, 0.472511
0, 0.469879, 0.385, 0.615, 0.442791
0, 0.456706, 0.385, 0.615, 0.434134
0, 0.474452, 0.385, 0.615, 0.451872
0, 0.480991, 0.385, 0.615, 0.465663
0, 0.461194, 0.385, 0.615, 0.437396
0, 0.474412, 0.385, 0.615, 0.45305
0, 0.480781, 0.39, 0.61, 0.464144
0, 0.498028, 0.39, 0.61, 0.466052
0, 0.48776, 0.39, 0.61, 0.463246
0, 0.492631, 0.39, 0.61, 0.469948
0, 0.472824, 0.39, 0.61, 0.44861
0, 0.512152, 0.39, 0.61, 0.479282
0, 0.496663, 0.39, 0.61, 0.471222
0, 0.489384, 0.39, 0.61, 0.462366
0, 0.474275, 0.39, 0.61, 0.451972
0, 0.483131, 0.39, 0.61, 0.462622
0, 0.492641, 0.39, 0.61, 0.470857
0, 0.479573, 0.39, 0.61, 0.460054
0, 0.478701, 0.39, 0.61, 0.46118
0, 0.479048, 0.39, 0.61, 0.456061
0, 0.490445, 0.39, 0.61, 0.459016
0, 0.472115, 0.39, 0.61, 0.458659
0, 0.468798, 0.39, 0.61, 0.446504
0, 0.47121, 0.39, 0.61, 0.449879
0, 0.494731, 0.39, 0.61, 0.46873
0, 0.494187, 0.39, 0.61, 0.470151
0, 0.505878, 0.39, 0.61, 0.474895
0, 0.495812, 0.39, 0.61, 0.469217
0, 0.495439, 0.39, 0.61, 0.473087
0, 0.49303, 0.39, 0.61, 0.473513
0, 0.491958, 0.39, 0.61, 0.46751
0, 0.508573, 0.395, 0.605, 0.482882
0, 0.500249, 0.395, 0.605, 0.473559
0, 0.493522, 0.395, 0.605, 0.465961
0, 0.504415, 0.395, 0.605, 0.474862
0, 0.480556, 0.395, 0.605, 0.461603
0, 0.510428, 0.395, 0.605, 0.479209
0, 0.497928, 0.395, 0.605, 0.478239
0, 0.496024, 0.395, 0.605, 0.476079
0, 0.483405, 0.395, 0.605, 0.462756
0, 0.47235, 0.395, 0.605, 0.448879
0, 0.487451, 0.395, 0.605, 0.468307
0, 0.498552, 0.395, 0.605, 0.474018
0, 0.498276, 0.395, 0.605, 0.477015
0, 0.49362, 0.395, 0.605, 0.472488
0, 0.491197, 0.395, 0.605, 0.467726
0, 0.524071, 0.395, 0.605, 0.496085
0, 0.465144, 0.395, 0.605, 0.448508
0, 0.507585, 0.395, 0.605, 0.490522
0, 0.510319, 0.395, 0.605, 0.483446
0, 0.497172, 0.395, 0.605, 0.468713
0, 0.486203, 0.395, 0.605, 0.467073
0, 0.489099, 0.395, 0.605, 0.471896
0, 0.481231, 0.395, 0.605, 0.456659
0, 0.492857, 0.395, 0.605, 0.47629
0, 0.486769, 0.395, 0.605, 0.473279
0, 0.495614, 0.4, 0.6, 0.472317
0, 0.505991, 0.4, 0.6, 0.485523
0, 0.515537, 0.4, 0.6, 0.486615
0, 0.504967, 0.4, 0.6, 0.488266
0, 0.522393, 0.4, 0.6, 0.499156
0, 0.51904, 0.4, 0.6, 0.490061
0, 0.525095, 0.4, 0.6, 0.495743
0, 0.524253, 0.4, 0.6, 0.50229
0, 0.521096, 0.4, 0.6, 0.492139
0, 0.527422, 0.4, 0.6, 0.498775
0, 0.488913, 0.4, 0.6, 0.466119
0, 0.53727, 0.4, 0.6, 0.505192
0, 0.51321, 0.4, 0.6, 0.490691
0, 0.519978, 0.4, 0.6, 0.489757
0, 0.514021, 0.4, 0.6, 0.498347
0, 0.518856, 0.4, 0.6, 0.49224
0, 0.503057, 0.4, 0.6, 0.479387
0, 0.527126, 0.4, 0.6, 0.502307
0, 0.523937, 0.4, 0.6, 0.491269
0, 0.504916, 0.4, 0.6, 0.484452
0, 0.531395, 0.4, 0.6, 0.499032
0, 0.506503, 0.4, 0.6, 0.481876
0, 0.500796, 0.4, 0.6, 0.476913
0, 0.497653, 0.4, 0.6, 0.475405
0, 0.518558, 0.4, 0.6, 0.494881
0, 0.528212, 0.405, 0.595, 0.504214
0, 0.552805, 0.405, 0.595, 0.525081
0, 0.519336, 0.405, 0.595, 0.496074
0, 0.529307, 0.405, 0.595, 0.507586
0, 0.523236, 0.405, 0.595, 0.494405
0, 0.542747, 0.405, 0.595, 0.519191
0, 0.538444, 0.405, 0.595, 0.511235
0, 0.522981, 0.405, 0.595, 0.501035
0, 0.514472, 0.405, 0.595, 0.485676
0, 0.522774, 0.405, 0.595, 0.49235
0, 0.517912, 0.405, 0.595, 0.495453
0, 0.509591, 0.405, 0.595, 0.486948
0, 0.536065, 0.405, 0.595, 0.508799
0, 0.527926, 0.405, 0.595, 0.501142
0, 0.535007, 0.405, 0.595, 0.514013
0, 0.527627, 0.405, 0.595, 0.500532
0, 0.518446, 0.405, 0.595, 0.497909
0, 0.526703, 0.405, 0.595, 0.500177
0, 0.503947, 0.405, 0.595, 0.488305
0, 0.526343, 0.405, 0.595, 0.496524
0, 0.520616, 0.405, 0.595, 0.501323
0, 0.528054, 0.405, 0.595, 0.501479
0, 0.527797, 0.405, 0.595, 0.504163
0, 0.531801, 0.405, 0.595, 0.506585
0, 0.526246, 0.405, 0.595, 0.5045
0, 0.548328, 0.41, 0.59, 0.518408
0, 0.522724, 0.41, 0.59, 0.498854
0, 0.52619, 0.41, 0.59, 0.500857
0, 0.54335, 0.41, 0.59, 0.529688
0, 0.533146, 0.41, 0.59, 0.51214
0, 0.554283, 0.41, 0.59, 0.528041
0, 0.535291, 0.41, 0.59, 0.507946
0, 0.538057, 0.41, 0.59, 0.507616
0, 0.569022, 0.41, 0.59, 0.546639
0, 0.531682, 0.41, 0.59, 0.509333
0, 0.548056, 0.41, 0.59, 0.511736
0, 0.528663, 0.41, 0.59, 0.512957
0, 0.522192, 0.41, 0.59, 0.497768
0, 0.5452, 0.41, 0.59, 0.517346
0, 0.541426, 0.41, 0.59, 0.50901
0, 0.52955, 0.41, 0.59, 0.511514
0, 0.552844, 0.41, 0.59, 0.526892
0, 0.538064, 0.41, 0.59, 0.514488
0, 0.538476, 0.41, 0.59, 0.515577
0, 0.536897, 0.41, 0.59, 0.514073
0, 0.536052, 0.41, 0.59, 0.509719
0, 0.547883, 0.41, 0.59, 0.523377
0, 0.560489, 0.41, 0.59, 0.533577
0, 0.541766, 0.41, 0.59, 0.519087
0, 0.524999, 0.41, 0.59, 0.501724
0, 0.572484, 0.415, 0.585, 0.546188
0, 0.546327, 0.415, 0.585, 0.521394
0, 0.556805, 0.415, 0.585, 0.535149
0, 0.57034, 0.415, 0.585, 0.540979
0, 0.575628, 0.415, 0.585, 0.54925
0, 0.55911, 0.415, 0.585, 0.530152
0, 0.566281, 0.415, 0.585, 0.537022
0, 0.532006, 0.415, 0.585, 0.510307
0, 0.528771, 0.415, 0.585, 0.508857
0, 0.563738, 0.415, 0.585, 0.534779
0, 0.559936, 0.415, 0.585, 0.52902
0, 0.564572, 0.415, 0.585, 0.533884
0, 0.564314, 0.415, 0.585, 0.533065
0, 0.548479, 0.415, 0.585, 0.522154
0, 0.551695, 0.415, 0.585, 0.52078
0, 0.548208, 0.415, 0.585, 0.525469
0, 0.585917, 0.415, 0.585, 0.553959
0, 0.570215, 0.415, 0.585, 0.540354
0, 0.55603, 0.415, 0.585, 0.524903
0, 0.568895, 0.415, 0.585, 0.539259
0, 0.559984, 0.415, 0.585, 0.5409
0, 0.570173, 0.415, 0.585, 0.545168
0, 0.547182, 0.415, 0.585, 0.522914
0, 0.530301, 0.415, 0.585, 0.507537
0, 0.546496, 0.415, 0.585, 0.525038
0, 0.564413, 0.42, 0.58, 0.534381
0, 0.578126, 0.42, 0.58, 0.555893
0, 0.539344, 0.42, 0.58, 0.515834
0, 0.565212, 0.42, 0.58, 0.538289
0, 0.570464, 0.42, 0.58, 0.549263
0, 0.587285, 0.42, 0.58, 0.5569
0, 0.581853, 0.42, 0.58, 0.546296
0, 0.586734, 0.42, 0.58, 0.553914
0, 0.552782, 0.42, 0.58, 0.531584
0, 0.591163, 0.42, 0.58, 0.561056
0, 0.5585, 0.42, 0.58, 0.539758
0, 0.570807, 0.42, 0.58, 0.535694
0, 0.596839, 0.42, 0.58, 0.568719
0, 0.57747, 0.42, 0.58, 0.547286
0, 0.574914, 0.42, 0.58, 0.548157
0, 0.58613, 0.42, 0.58, 0.547656
0, 0.570468, 0.42, 0.58, 0.547008
0, 0.567802, 0.42, 0.58, 0.54023
0, 0.581566, 0.42, 0.58, 0.547631
0, 0.592082, 0.42, 0.58, 0.561527
0, 0.554515, 0.42, 0.58, 0.532984
0, 0.573719, 0.42, 0.58, 0.546766
0, 0.569236, 0.42, 0.58, 0.543502
0, 0.56318, 0.42, 0.58, 0.544217
0, 0.576278, 0.42, 0.58, 0.550292
0, 0.623544, 0.425, 0.575, 0.591539
0, 0.598448, 0.425, 0.575, 0.568638
0, 0.604613, 0.425, 0.575, 0.57706
0, 0.591231, 0.425, 0.575, 0.555046
0, 0.583579, 0.425, 0.575, 0.552957
0, 0.587792, 0.425, 0.575, 0.557289
0, 0.588694, 0.425, 0.575, 0.558468
0, 0.588378, 0.425, 0.575, 0.558966
0, 0.58895, 0.425, 0.575, 0.565049
0, 0.597665, 0.425, 0.575, 0.574075
0, 0.5732, 0.425, 0.575, 0.541615
0, 0.568905, 0.425, 0.575, 0.548447
0, 0.594514, 0.425, 0.575, 0.563643
0, 0.573653, 0.425, 0.575, 0.539993
0, 0.604668, 0.425, 0.575, 0.571843
0, 0.578772, 0.425, 0.575, 0.555957
0, 0.594029, 0.425, 0.575, 0.567106
0, 0.57181, 0.425, 0.575, 0.544756
0, 0.613284, 0.425, 0.575, 0.582159
0, 0.57914, 0.425, 0.575, 0.548511
0, 0.589561, 0.425, 0.575, 0.56477
0, 0.608313, 0.425, 0.575, 0.572683
0, 0.593497, 0.425, 0.575, 0.562583
0, 0.61804, 0.425, 0.575, 0.586604
0, 0.560659, 0.425, 0.575, 0.537409
0, 0.604541, 0.43, 0.57, 0.573986
0, 0.591763, 0.43, 0.57, 0.56416
0, 0.591981, 0.43, 0.57, 0.56703
0, 0.617207, 0.43, 0.57, 0.582051
0, 0.59638, 0.43, 0.57, 0.569141
0, 0.58221, 0.43, 0.57, 0.558505
0, 0.639787, 0.43, 0.57, 0.601564
0, 0.610266, 0.43, 0.57, 0.58784
0, 0.584463, 0.43, 0.57, 0.554371
0, 0.58691, 0.43, 0.57, 0.555939
0, 0.614722, 0.43, 0.57, 0.585346
0, 0.61954, 0.43, 0.57, 0.591754
0, 0.625073, 0.43, 0.57, 0.59026
0, 0.603069, 0.43, 0.57, 0.57795
0, 0.630732, 0.43, 0.57, 0.599655
0, 0.58619, 0.43, 0.57, 0.563788
0, 0.593902, 0.43, 0.57, 0.564216
0, 0.610588, 0.43, 0.57, 0.579524
0, 0.604113, 0.43, 0.57, 0.57634
0, 0.604032, 0.43, 0.57, 0.577499
0, 0.631661, 0.43, 0.57, 0.599256
0, 0.634579, 0.43, 0.57, 0.59721
0, 0.618958, 0.43, 0.57, 0.590952
0, 0.603736, 0.43, 0.57, 0.576961
0, 0.610429, 0.43, 0.57, 0.586349
0, 0.636224, 0.435, 0.565, 0.606485
0, 0.639774, 0.435, 0.565, 0.604332
0, 0.601921, 0.435, 0.565, 0.572039
0, 0.60547, 0.435, 0.565, 0.572444
0, 0.62829, 0.435, 0.565, 0.597099
0, 0.628852, 0.435, 0.565, 0.591793
0, 0.614006, 0.435, 0.565, 0.58084
0, 0.599967, 0.435, 0.565, 0.580454
0, 0.633501, 0.435, 0.565, 0.601767
0, 0.626468, 0.435, 0.565, 0.604662
0, 0.63189, 0.435, 0.565, 0.602776
0, 0.629235, 0.435, 0.565, 0.600344
0, 0.63507, 0.435, 0.565, 0.596495
0, 0.610718, 0.435, 0.565, 0.577012
0, 0.639214, 0.435, 0.565, 0.610953
0, 0.626178, 0.435, 0.565, 0.601323
0, 0.630056, 0.435, 0.565, 0.595365
0, 0.641435, 0.435, 0.565, 0.612345
0, 0.637326, 0.435, 0.565, 0.610064
0, 0.631587, 0.435, 0.565, 0.592441
0, 0.628932, 0.435, 0.565, 0.599504
0, 0.618638, 0.435, 0.565, 0.582855
0, 0.622232, 0.435, 0.565, 0.592673
0, 0.635878, 0.435, 0.565, 0.601036
0, 0.633666, 0.435, 0.565, 0.600262
0, 0.649966, 0.44, 0.56, 0.622982
0, 0.664551, 0.44, 0.56, 0.629733
0, 0.622415, 0.44, 0.56, 0.597687
0, 0.65507, 0.44, 0.56, 0.619364
0, 0.643183, 0.44, 0.56, 0.603188
0, 0.637537, 0.44, 0.56, 0.603711
0, 0.659739, 0.44, 0.56, 0.627272
0, 0.619785, 0.44, 0.56, 0.596919
0, 0.638922, 0.44, 0.56, 0.60756
0, 0.641886, 0.44, 0.56, 0.61236
0, 0.66722, 0.44, 0.56, 0.630613
0, 0.648502, 0.44, 0.56, 0.61549
0, 0.666106, 0.44, 0.56, 0.629435
0, 0.630248, 0.44, 0.56, 0.595578
0, 0.63476, 0.44, 0.56, 0.607839
0, 0.622008, 0.44, 0.56, 0.592183
0, 0.643761, 0.44, 0.56, 0.620687
0, 0.640037, 0.44, 0.56, 0.607882
0, 0.656796, 0.44, 0.56, 0.623261
0, 0.65229, 0.44, 0.56, 0.620647
0, 0.630192, 0.44, 0.56, 0.600629
0, 0.631542, 0.44, 0.56, 0.606986
0, 0.645423, 0.44, 0.56, 0.620399
0, 0.670844, 0.44, 0.56, 0.643847
0, 0.62993, 0.44, 0.56, 0.605145
0, 0.6934, 0.445, 0.555, 0.660216
0, 0.643401, 0.445, 0.555, 0.615832
0, 0.657292, 0.445, 0.555, 0.627491
0, 0.641495, 0.445, 0.555, 0.615629
0, 0.673464, 0.445, 0.555, 0.634891
0, 0.657501, 0.445, 0.555, 0.626684
0, 0.662056, 0.445, 0.555, 0.630483
0, 0.657007, 0.445, 0.555, 0.631288
0, 0.633662, 0.445, 0.555, 0.602945
0, 0.67262, 0.445, 0.555, 0.63975
0, 0.677875, 0.445, 0.555, 0.640812
0, 0.680329, 0.445, 0.555, 0.651554
0, 0.656481, 0.445, 0.555, 0.632471
0, 0.650385, 0.445, 0.555, 0.622585
0, 0.656295, 0.445, 0.555, 0.626175
0, 0.660522, 0.445, 0.555, 0.624838
0, 0.688816, 0.445, 0.555, 0.648425
0, 0.651359, 0.445, 0.555, 0.61954
0, 0.679437, 0.445, 0.555, 0.645071
0, 0.682232, 0.445, 0.555, 0.649059
0, 0.675756, 0.445, 0.555, 0.6373
0, 0.642882, 0.445, 0.555, 0.616582
0, 0.655405, 0.445, 0.555, 0.621891
0, 0.648041, 0.445, 0.555, 0.610345
0, 0.669971, 0.445, 0.555, 0.635883
0, 0.70131, 0.45, 0.55, 0.666166
0, 0.708008, 0.45, 0.55, 0.66767
0, 0.697633, 0.45, 0.55, 0.668503
0, 0.71198, 0.45, 0.55, 0.683132
0, 0.682631, 0.45, 0.55, 0.651528
0, 0.687044, 0.45, 0.55, 0.656487
0, 0.683052, 0.45, 0.55, 0.653076
0, 0.682696, 0.45, 0.55, 0.647059
0, 0.667131, 0.45, 0.55, 0.638356
0, 0.695725, 0.45, 0.55, 0.656171
0, 0.64725, 0.45, 0.55, 0.624143
0, 0.6955, 0.45, 0.55, 0.653983
0, 0.671552, 0.45, 0.55, 0.647771
0, 0.675486, 0.45, 0.55, 0.652171
0, 0.677966, 0.45, 0.55, 0.649899
0, 0.69269, 0.45, 0.55, 0.660247
0, 0.66134, 0.45, 0.55, 0.633796
0, 0.68516, 0.45, 0.55, 0.652524
0, 0.688777, 0.45, 0.55, 0.651026
0, 0.678632, 0.45, 0.55, 0.649313
0, 0.645579, 0.45, 0.55, 0.614946
0, 0.699927, 0.45, 0.55, 0.669217
0, 0.697828, 0.45, 0.55, 0.659323
0, 0.710895, 0.45, 0.55, 0.677805
0, 0.701477, 0.45, 0.55, 0.666199
0, 0.724676, 0.455, 0.545, 0.689069
0, 0.695939, 0.455, 0.545, 0.662165
0, 0.665151, 0.455, 0.545, 0.638206
0, 0.712732, 0.455, 0.545, 0.673558
0, 0.709197, 0.455, 0.545, 0.681531
0, 0.716004, 0.455, 0.545, 0.680911
0, 0.725933, 0.455, 0.545, 0.693021
0, 0.710695, 0.455, 0.545, 0.669156
0, 0.708299, 0.455, 0.545, 0.66868
0, 0.739288, 0.455, 0.545, 0.698643
0, 0.726894, 0.455, 0.545, 0.692092
0, 0.696806, 0.455, 0.545, 0.662069
0, 0.738527, 0.455, 0.545, 0.700647
0, 0.717284, 0.455, 0.545, 0.683182
0, 0.735542, 0.455, 0.545, 0.701536
0, 0.687874, 0.455, 0.545, 0.656388
0, 0.731046, 0.455, 0.545, 0.698358
0, 0.711041, 0.455, 0.545, 0.680732
0, 0.72583, 0.455, 0.545, 0.691621
0, 0.724954, 0.455, 0.545, 0.693382
0, 0.711742, 0.455, 0.545, 0.678081
0, 0.697036, 0.455, 0.545, 0.667531
0, 0.727729, 0.455, 0.545, 0.686766
0, 0.686664, 0.455, 0.545, 0.657025
0, 0.720728, 0.455, 0.545, 0.685042
0, 0.706965, 0.46, 0.54, 0.671612
0, 0.735736, 0.46, 0.54, 0.702716
0, 0.714862, 0.46, 0.54, 0.687911
0, 0.754597, 0.46, 0.54, 0.720831
0, 0.707125, 0.46, 0.54, 0.671483
0, 0.722564, 0.46, 0.54, 0.69139
0, 0.725897, 0.46, 0.54, 0.694429
0, 0.680568, 0.46, 0.54, 0.663155
0, 0.737615, 0.46, 0.54, 0.708456
0, 0.726406, 0.46, 0.54, 0.691785
0, 0.720092, 0.46, 0.54, 0.683005
0, 0.724638, 0.46, 0.54, 0.686414
0, 0.740104, 0.46, 0.54, 0.700121
0, 0.784723, 0.46, 0.54, 0.752984
0, 0.726185, 0.46, 0.54, 0.691544
0, 0.734085, 0.46, 0.54, 0.704569
0, 0.737351, 0.46, 0.54, 0.700644
0, 0.714253, 0.46, 0.54, 0.687047
0, 0.727688, 0.46, 0.54, 0.693037
0, 0.719128, 0.46, 0.54, 0.684042
0, 0.746246, 0.46, 0.54, 0.707985
0, 0.746621, 0.46, 0.54, 0.711841
0, 0.717661, 0.46, 0.54, 0.68478
0, 0.732027, 0.46, 0.54, 0.697363
0, 0.73241, 0.46, 0.54, 0.696429
0, 0.768267, 0.465, 0.535, 0.736401
0, 0.755396, 0.465, 0.535, 0.720413
0, 0.758765, 0.465, 0.535, 0.722933
0, 0.761524, 0.465, 0.535, 0.727821
0, 0.741285, 0.465, 0.535, 0.712169
0, 0.759561, 0.465, 0.535, 0.728191
0, 0.766938, 0.465, 0.535, 0.733824
0, 0.739738, 0.465, 0.535, 0.709724
0, 0.705097, 0.465, 0.535, 0.675848
0, 0.738863, 0.465, 0.535, 0.701313
0, 0.789935, 0.465, 0.535, 0.760171
0, 0.767921, 0.465, 0.535, 0.733133
0, 0.747893, 0.465, 0.535, 0.712111
0, 0.724888, 0.465, 0.535, 0.699121
0, 0.736427, 0.465, 0.535, 0.706631
0, 0.768488, 0.465, 0.535, 0.73357
0, 0.764846, 0.465, 0.535, 0.726244
0, 0.773861, 0.465, 0.535, 0.739681
0, 0.74939, 0.465, 0.535, 0.715016
0, 0.78315, 0.465, 0.535, 0.747141
0, 0.751064, 0.465, 0.535, 0.725658
0, 0.794729, 0.465, 0.535, 0.75838
0, 0.776916, 0.465, 0.535, 0.750379
0, 0.773615, 0.465, 0.535, 0.738482
0, 0.723739, 0.465, 0.535, 0.695697
0, 0.774143, 0.47, 0.53, 0.738143
0, 0.788444, 0.47, 0.53, 0.756005
0, 0.767313, 0.47, 0.53, 0.736084
0, 0.77539, 0.47, 0.53, 0.745897
0, 0.769544, 0.47, 0.53, 0.738685
0, 0.752317, 0.47, 0.53, 0.722997
0, 0.77262, 0.47, 0.53, 0.746881
0, 0.769566, 0.47, 0.53, 0.740404
0, 0.779744, 0.47, 0.53, 0.749389
0, 0.801715, 0.47, 0.53, 0.777335
0, 0.787844, 0.47, 0.53, 0.75644
0, 0.780767, 0.47, 0.53, 0.745545
0, 0.749974, 0.47, 0.53, 0.720602
0, 0.779203, 0.47, 0.53, 0.740278
0, 0.747559, 0.47, 0.53, 0.714028
0, 0.774495, 0.47, 0.53, 0.742368
0, 0.76768, 0.47, 0.53, 0.731746
0, 0.76355, 0.47, 0.53, 0.737055
0, 0.801894, 0.47, 0.53, 0.768822
0, 0.775785, 0.47, 0.53, 0.747175
0, 0.745613, 0.47, 0.53, 0.721649
0, 0.800835, 0.47, 0.53, 0.766348
0, 0.781233, 0.47, 0.53, 0.748698
0, 0.806176, 0.47, 0.53, 0.781993
0, 0.835757, 0.47, 0.53, 0.801788
0, 0.806876, 0.475, 0.525, 0.779492
0, 0.811692, 0.475, 0.525, 0.781512
0, 0.801681, 0.475, 0.525, 0.770653
0, 0.834458, 0.475, 0.525, 0.803702
0, 0.831952, 0.475, 0.525, 0.799687
0, 0.840906, 0.475, 0.525, 0.816264
0, 0.820413, 0.475, 0.525, 0.790851
0, 0.797786, 0.475, 0.525, 0.759608
0, 0.800285, 0.475, 0.525, 0.768354
0, 0.810933, 0.475, 0.525, 0.778563
0, 0.818782, 0.475, 0.525, 0.782333
0, 0.795141, 0.475, 0.525, 0.761937
0, 0.857578, 0.475, 0.525, 0.826398
0, 0.820012, 0.475, 0.525, 0.791023
0, 0.841509, 0.475, 0.525, 0.81338
0, 0.825951, 0.475, 0.525, 0.794365
0, 0.765461, 0.475, 0.525, 0.731009
0, 0.770519, 0.475, 0.525, 0.7465
0, 0.802577, 0.475, 0.525, 0.77429
0, 0.876595, 0.475, 0.525, 0.84893
0, 0.792743, 0.475, 0.525, 0.760748
0, 0.860241, 0.475, 0.525, 0.838718
0, 0.795974, 0.475, 0.525, 0.766453
0, 0.808881, 0.475, 0.525, 0.778618
0, 0.81431, 0.475, 0.525, 0.777316
0, 0.8466, 0.48, 0.52, 0.817187
0, 0.848579, 0.48, 0.52, 0.818921
0, 0.831703, 0.48, 0.52, 0.797916
0, 0.854754, 0.48, 0.52, 0.82182
0, 0.845922, 0.48, 0.52, 0.814427
0, 0.808176, 0.48, 0.52, 0.77388
0, 0.822092, 0.48, 0.52, 0.791746
0, 0.85869, 0.48, 0.52, 0.829878
0, 0.837594, 0.48, 0.52, 0.800737
0, 0.838528, 0.48, 0.52, 0.808868
0, 0.818887, 0.48, 0.52, 0.788687
0, 0.823951, 0.48, 0.52, 0.792593
0, 0.876803, 0.48, 0.52, 0.845678
0, 0.869717, 0.48, 0.52, 0.841104
0, 0.818828, 0.48, 0.52, 0.785524
0, 0.880341, 0.48, 0.52, 0.854568
0, 0.831388, 0.48, 0.52, 0.802968
0, 0.835158, 0.48, 0.52, 0.805709
0, 0.822588, 0.48, 0.52, 0.794456
0, 0.820093, 0.48, 0.52, 0.791342
0, 0.878376, 0.48, 0.52, 0.856356
0, 0.875973, 0.48, 0.52, 0.84683
0, 0.815577, 0.48, 0.52, 0.7903
0, 0.847352, 0.48, 0.52, 0.820432
0, 0.832583, 0.48, 0.52, 0.805063
0, 0.847248, 0.485, 0.515, 0.821824
0, 0.891151, 0.485, 0.515, 0.866162
0, 0.891025, 0.485, 0.515, 0.867209
0, 0.883877, 0.485, 0.515, 0.866307
0, 0.876318, 0.485, 0.515, 0.850112
0, 0.842899, 0.485, 0.515, 0.813537
0, 0.859905, 0.485, 0.515, 0.836194
0, 0.856877, 0.485, 0.515, 0.826218
0, 0.900206, 0.485, 0.515, 0.874328
0, 0.866096, 0.485, 0.515, 0.845365
0, 0.836125, 0.485, 0.515, 0.808874
0, 0.869748, 0.485, 0.515, 0.847611
0, 0.868643, 0.485, 0.515, 0.839394
0, 0.88227, 0.485, 0.515, 0.856445
0, 0.808299, 0.485, 0.515, 0.780868
0, 0.872876, 0.485, 0.515, 0.845595
0, 0.831602, 0.485, 0.515, 0.803776
0, 0.853744, 0.485, 0.515, 0.825705
0, 0.921894, 0.485, 0.515, 0.89924
0, 0.883913, 0.485, 0.515, 0.859427
0, 0.877456, 0.485, 0.515, 0.856937
0, 0.889492, 0.485, 0.515, 0.867952
0, 0.825349, 0.485, 0.515, 0.795772
0, 0.894764, 0.485, 0.515, 0.870167
0, 0.873952, 0.485, 0.515, 0.846029
0, 0.911641, 0.49, 0.51, 0.890595
0, 0.920112, 0.49, 0.51, 0.899656
0, 0.959889, 0.49, 0.51, 0.951982
0, 0.906999, 0.49, 0.51, 0.88687
0, 0.923668, 0.49, 0.51, 0.905077
0, 0.921184, 0.49, 0.51, 0.902207
0, 0.840663, 0.49, 0.51, 0.816043
0, 0.912497, 0.49, 0.51, 0.896222
0, 0.904977, 0.49, 0.51, 0.881078
0, 0.856871, 0.49, 0.51, 0.831744
0, 0.897965, 0.49, 0.51, 0.874875
0, 0.899858, 0.49, 0.51, 0.877704
0, 0.908458, 0.49, 0.51, 0.892987
0, 0.896386, 0.49, 0.51, 0.871392
0, 0.911217, 0.49, 0.51, 0.89122
0, 0.938566, 0.49, 0.51, 0.919564
0, 0.882176, 0.49, 0.51, 0.850516
0, 0.933852, 0.49, 0.51, 0.919098
0, 0.911365, 0.49, 0.51, 0.888818
0, 0.938199, 0.49, 0.51, 0.915011
0, 0.936013, 0.49, 0.51, 0.913756
0, 0.898517, 0.49, 0.51, 0.877973
0, 0.909205, 0.49, 0.51, 0.886819
0, 0.892372, 0.49, 0.51, 0.870616
0, 0.913378, 0.49, 0.51, 0.891471
0, 0.978187, 0.495, 0.505, 0.9729
0, 0.919574, 0.495, 0.505, 0.895193
0, 0.918643, 0.495, 0.505, 0.90363
0, 0.90123, 0.495, 0.505, 0.877834
0, 0.9774, 0.495, 0.505, 0.971336
0, 0.945193, 0.495, 0.505, 0.927775
0, 0.936472, 0.495, 0.505, 0.918135
0, 0.940988, 0.495, 0.505, 0.930254
0, 0.964385, 0.495, 0.505, 0.951869
0, 0.963504, 0.495, 0.505, 0.951036
0, 0.924587, 0.495, 0.505, 0.905506
0, 0.904536, 0.495, 0.505, 0.886822
0, 0.942618, 0.495, 0.505, 0.926135
0, 0.921863, 0.495, 0.505, 0.900195
0, 0.930439, 0.495, 0.505, 0.913409
0, 0.953825, 0.495, 0.505, 0.941877
0, 0.96236, 0.495, 0.505, 0.952684
0, 0.918276, 0.495, 0.505, 0.899611
0, 0.936314, 0.495, 0.505, 0.922202
0, 0.953613, 0.495, 0.505, 0.939698
0, 0.931431, 0.495, 0.505, 0.911876
0, 0.986903, 0.495, 0.505, 0.980786
0, 0.906643, 0.495, 0.505, 0.882113
0, 0.934998, 0.495, 0.505, 0.917773
0, 0.931736, 0.495, 0.505, 0.912437
0, 0.985213, 0.5, 0.5, 0.97844
0, 0.969711, 0.5, 0.5, 0.958949
0, 0.987291, 0.5, 0.5, 0.9833
0, 0.913091, 0.5, 0.5, 0.890323
0, 0.98075, 0.5, 0.5, 0.975847
0, 0.931244, 0.5, 0.5, 0.915366
0, 0.994412, 0.5, 0.5, 0.99367
0, 0.992647, 0.5, 0.5, 0.990159
0, 0.946792, 0.5, 0.5, 0.933671
0, 0.963114, 0.5, 0.5, 0.954755
0, 0.964574, 0.5, 0.5, 0.958786
0, 0.999301, 0.5, 0.5, 0.998906
0, 0.98078, 0.5, 0.5, 0.975266
0, 0.984495, 0.5, 0.5, 0.979277
0, 0.989603, 0.5, 0.5, 0.985432
0, 0.948909, 0.5, 0.5, 0.937518
0, 0.985034, 0.5, 0.5, 0.9805
0, 0.977293, 0.5, 0.5, 0.970833
0, 0.973085, 0.5, 0.5, 0.967392
0, 0.99494, 0.5, 0.5, 0.994172
0, 0.988228, 0.5, 0.5, 0.98574
0, 0.998142, 0.5, 0.5, 0.997425
0, 0.913948, 0.5, 0.5, 0.897281
0, 0.9796, 0.5, 0.5, 0.976585
0, 0.981529, 0.5, 0.5, 0.972325
0, 0.998218, 0.505, 0.495, 0.997371
0, 0.990867, 0.505, 0.495, 0.98943
0, 0.984537, 0.505, 0.495, 0.980548
0, 0.994143, 0.505, 0.495, 0.993592
0, 0.997093, 0.505, 0.495, 0.997024
0, 0.955378, 0.505, 0.495, 0.942961
0, 0.989377, 0.505, 0.495, 0.985177
0, 0.950921, 0.505, 0.495, 0.939284
0, 0.994725, 0.505, 0.495, 0.994095
0, 0.992024, 0.505, 0.495, 0.989761
0, 0.970581, 0.505, 0.495, 0.963659
0, 0.993536, 0.505, 0.495, 0.991711
0, 0.995466, 0.505, 0.495, 0.994326
0, 0.992484, 0.505, 0.495, 0.988706
0, 0.988222, 0.505, 0.495, 0.983664
0, 0.99785, 0.505, 0.495, 0.997413
0, 0.99985, 0.505, 0.495, 0.9995
0, 0.999298, 0.505, 0.495, 0.999315
0, 0.994381, 0.505, 0.495, 0.993884
0, 0.999874, 0.505, 0.495, 0.999803
0, 0.989373, 0.505, 0.495, 0.986792
0, 0.996248, 0.505, 0.495, 0.994233
0, 0.999345, 0.505, 0.495, 0.999104
0, 0.982218, 0.505, 0.495, 0.976465
0, 0.974381, 0.505, 0.495, 0.965692
0.25, 0.00117801, 0.005, 0.995, 0.00105464
0.25, 0.00154929, 0.005, 0.995, 0.0015061
0.25, 0.00102174, 0.005, 0.995, 0.00111207
0.25, 0.000886565, 0.005, 0.995, 0.00109984
0.25, 0.00149719, 0.005, 0.995, 0.00115462
0.25, 0.00224014, 0.005, 0.995, 0.00185995
0.25, 0.00103107, 0.005, 0.995, 0.000962805
0.25, 0.00154327, 0.005, 0.995, 0.00152307
0.25, 0.000863568, 0.005, 0.995, 0.00120573
0.25, 0.00079899, 0.005, 0.995, 0.00107247
0.25, 0.00133325, 0.005, 0.995, 0.00139804
0.25, 0.00108648, 0.005, 0.995, 0.00119261
0.25, 0.00118147, 0.005, 0.995, 0.00142146
0.25, 0.00182148, 0.005, 0.995, 0.00175149
0.25, 0.00142081, 0.005, 0.995, 0.00160208
0.25, 0.00133818, 0.005, 0.995, 0.00101266
0.25, 0.00136917, 0.005, 0.995, 0.0014559
0.25, 0.0011191, 0.005, 0.995, 0.00166373
0.25, 0.0014479, 0.005, 0.995, 0.00146509
0.25, 0.00175048, 0.005, 0.995, 0.00156061
0.25, 0.00139174, 0.005, 0.995, 0.00115213
0.25, 0.00094627, 0.005, 0.995, 0.00131739
0.25, 0.000500966, 0.005, 0.995, 0.000595327
0.25, 0.00149164, 0.005, 0.995, 0.0018564
0.25, 0.00144226, 0.005, 0.995, 0.00147313
0.25, 0.00316359, 0.01, 0.99, 0.00325286
0.25, 0.00305639, 0.01, 0.99, 0.00318294
0.25, 0.00321929, 0.01, 0.99, 0.0030244
0.25, 0.00307533, 0.01, 0.99, 0.00316583
0.25, 0.00325129, 0.01, 0.99, 0.00282486
0.25, 0.00259545, 0.01, 0.99, 0.00238785
0.25, 0.00269548, 0.01, 0.99, 0.00288243
0.25, 0.00193672, 0.01, 0.99, 0.00197328
0.25, 0.00336961, 0.01, 0.99, 0.00306764
0.25, 0.00351359, 0.01, 0.99, 0.00288345
0.25, 0.00371693, 0.01, 0.99, 0.00297741
0.25, 0.00313773, 0.01, 0.99, 0.00320268
0.25, 0.00163429, 0.01, 0.99, 0.002032
0.25, 0.00256616, 0.01, 0.99, 0.00232429
0.25, 0.00292268, 0.01, 0.99, 0.00317749
0.25, 0.00318575, 0.01, 0.99, 0.0033298
0.25, 0.00251586, 0.01, 0.99, 0.00220861
0.25, 0.00338856, 0.01, 0.99, 0.0030791
0.25, 0.00249421, 0.01, 0.99, 0.00248227
0.25, 0.00297984, 0.01, 0.99, 0.00335349
0.25, 0.0025892, 0.01, 0.99, 0.00266144
0.25, 0.00258095, 0.01, 0.99, 0.00198584
0.25, 0.00226394, 0.01, 0.99, 0.0022022
0.25, 0.00291564, 0.01, 0.99, 0.00274837
0.25, 0.00235906, 0.01, 0.99, 0.00286328
0.25, 0.00410914, 0.015, 0.985, 0.00424335
0.25, 0.00365442, 0.015, 0.985, 0.00463686
0.25, 0.00495133, 0.015, 0.985, 0.0047403
0.25, 0.00474626, 0.015, 0.985, 0.00501151
0.25, 0.00462648, 0.015, 0.985, 0.0042328
0.25, 0.00578647, 0.015, 0.985, 0.00581692
0.25, 0.00471429, 0.015, 0.985, 0.0043408
0.25, 0.00504651, 0.015, 0.985, 0.00453873
0.25, 0.00364635, 0.015, 0.985, 0.00423621
0.25, 0.00373955, 0.015, 0.985, 0.00382582
0.25, 0.00412263, 0.015, 0.985, 0.00389144
0.25, 0.00490169, 0.015, 0.985, 0.00451273
0.25, 0.00486765, 0.015, 0.985, 0.00476504
0.25, 0.00395469, 0.015, 0.985, 0.00375749
0.25, 0.00397725, 0.015, 0.985, 0.00421127
0.25, 0.00393284, 0.015, 0.985, 0.00412004
0.25, 0.00491579, 0.015, 0.985, 0.00421074
0.25, 0.00613457, 0.015, 0.985, 0.00477497
0.25, 0.00321157, 0.015, 0.985, 0.00384654
0.25, 0.0038164, 0.015, 0.985, 0.00325253
0.25, 0.00435502, 0.015, 0.985, 0.00491149
0.25, 0.00382837, 0.015, 0.985, 0.00439039
0.25, 0.00397928, 0.015, 0.985, 0.00431801
0.25, 0.00507347, 0.015, 0.985, 0.00454454
0.25, 0.00449884, 0.015, 0.985, 0.00480794
0.25, 0.00480177, 0.02, 0.98, 0.0051435
0.25, 0.00592164, 0.02, 0.98, 0.00604798
0.25, 0.00621644, 0.02, 0.98, 0.00575767
0.25, 0.00684007, 0.02, 0.98, 0.00624009
0.25, 0.00613115, 0.02, 0.98, 0.00555159
0.25, 0.0050372, 0.02, 0.98, 0.00604261
0.25, 0.00794493, 0.02, 0.98, 0.00697364
0.25, 0.00590579, 0.02, 0.98, 0.00555752
0.25, 0.00782545, 0.02, 0.98, 0.00738727
0.25, 0.00556735, 0.02, 0.98, 0.00595056
0.25, 0.00653295, 0.02, 0.98, 0.00707148
0.25, 0.00645833, 0.02, 0.98, 0.00573313
0.25, 0.0071165, 0.02, 0.98, 0.00615432
0.25, 0.00607659, 0.02, 0.98, 0.00573604
0.25, 0.00575246, 0.02, 0.98, 0.00531621
0.25, 0.00850193, 0.02, 0.98, 0.0064083
0.25, 0.00445738, 0.02, 0.98, 0.00430816
0.25, 0.00761775, 0.02, 0.98, 0.0062321
0.25, 0.00779848, 0.02, 0.98, 0.00655837
0.25, 0.00544905, 0.02, 0.98, 0.0061741
0.25, 0.00789371, 0.02, 0.98, 0.00746538
0.25, 0.00561836, 0.02, 0.98, 0.00599355
0.25, 0.00809527, 0.02, 0.98, 0.00763281
0.25, 0.00569183, 0.02, 0.98, 0.0052436
0.25, 0.00716141, 0.02, 0.98, 0.00683829
0.25, 0.00807297, 0.025, 0.975, 0.0076927
0.25, 0.00717035, 0.025, 0.975, 0.0065942
0.25, 0.00934325, 0.025, 0.975, 0.00900202
0.25, 0.00702584, 0.025, 0.975, 0.00702636
0.25, 0.00745105, 0.025, 0.975, 0.00768556
0.25, 0.00871019, 0.025, 0.975, 0.00765759
0.25, 0.00720186, 0.025, 0.975, 0.00706569
0.25, 0.00739233, 0.025, 0.975, 0.00797197
0.25, 0.00775623, 0.025, 0.975, 0.00869118
0.25, 0.00887377, 0.025, 0.975, 0.00829187
0.25, 0.00708339, 0.025, 0.975, 0.00726083
0.25, 0.00893465, 0.025, 0.975, 0.00777869
0.25, 0.00792204, 0.025, 0.975, 0.00737063
0.25, 0.00962369, 0.025, 0.975, 0.00902022
0.25, 0.00943871, 0.025, 0.975, 0.00802387
0.25, 0.0101099, 0.025, 0.975, 0.00924348
0.25, 0.00608605, 0.025, 0.975, 0.00675885
0.25, 0.0102178, 0.025, 0.975, 0.00884501
0.25, 0.00697754, 0.025, 0.975, 0.00756017
0.25, 0.00855594, 0.025, 0.975, 0.00844433
0.25, 0.00873362, 0.025, 0.975, 0.0087563
0.25, 0.00777693, 0.025, 0.975, 0.00710205
0.25, 0.00899659, 0.025, 0.975, 0.00978584
0.25, 0.00836033, 0.025, 0.975, 0.00805328
0.25, 0.00843204, 0.025, 0.975, 0.00784454
0.25, 0.0101949, 0.03, 0.97, 0.00978877
0.25, 0.0116093, 0.03, 0.97, 0.0107792
0.25, 0.01305, 0.03, 0.97, 0.0127955
0.25, 0.00949043, 0.03, 0.97, 0.0092228
0.25, 0.0117072, 0.03, 0.97, 0.0110656
0.25, 0.012012, 0.03, 0.97, 0.0109685
0.25, 0.0104104, 0.03, 0.97, 0.0102105
0.25, 0.0099568, 0.03, 0.97, 0.00922674
0.25, 0.0139647, 0.03, 0.97, 0.0113619
0.25, 0.0101005, 0.03, 0.97, 0.0111243
0.25, 0.0116987, 0.03, 0.97, 0.0105738
0.25, 0.0107991, 0.03, 0.97, 0.0107666
0.25, 0.0116094, 0.03, 0.97, 0.0112638
0.25, 0.0120432, 0.03, 0.97, 0.0110956
0.25, 0.0107302, 0.03, 0.97, 0.00987756
0.25, 0.0103862, 0.03, 0.97, 0.00986909
0.25, 0.010562, 0.03, 0.97, 0.00971074
0.25, 0.0116894, 0.03, 0.97, 0.0106851
0.25, 0.0115222, 0.03, 0.97, 0.0109816
0.25, 0.0128145, 0.03, 0.97, 0.0109884
0.25, 0.00896749, 0.03, 0.97, 0.00981947
0.25, 0.0128358, 0.03, 0.97, 0.0111954
0.25, 0.011218, 0.03, 0.97, 0.0103738
0.25, 0.00892401, 0.03, 0.97, 0.00804777
0.25, 0.0112041, 0.03, 0.97, 0.0101119
0.25, 0.0140717, 0.035, 0.965, 0.0135423
0.25, 0.0100997, 0.035, 0.965, 0.0105637
0.25, 0.0157029, 0.035, 0.965, 0.0138017
0.25, 0.0153096, 0.035, 0.965, 0.01376
0.25, 0.0149233, 0.035, 0.965, 0.0131497
0.25, 0.0119072, 0.035, 0.965, 0.0128992
0.25, 0.0128443, 0.035, 0.965, 0.0119544
0.25, 0.0131347, 0.035, 0.965, 0.012161
0.25, 0.0118705, 0.035, 0.965, 0.011775
0.25, 0.0137378, 0.035, 0.965, 0.0131186
0.25, 0.0118062, 0.035, 0.965, 0.0122014
0.25, 0.0147835, 0.035, 0.965, 0.0133001
0.25, 0.0145614, 0.035, 0.965, 0.0140631
0.25, 0.0112558, 0.035, 0.965, 0.011739
0.25, 0.0121437, 0.035, 0.965, 0.0113381
0.25, 0.0131834, 0.035, 0.965, 0.0118067
0.25, 0.0119755, 0.035, 0.965, 0.0112267
0.25, 0.0140051, 0.035, 0.965, 0.0131736
0.25, 0.0139328, 0.035, 0.965, 0.0131545
0.25, 0.0138741, 0.035, 0.965, 0.0135303
0.25, 0.0151757, 0.035, 0.965, 0.014585
0.25, 0.0140421, 0.035, 0.965, 0.0130307
0.25, 0.0141626, 0.035, 0.965, 0.0134211
0.25, 0.0133637, 0.035, 0.965, 0.013145
0.25, 0.0132691, 0.035, 0.965, 0.011718
0.25, 0.0166797, 0.04, 0.96, 0.0145951
0.25, 0.0153711, 0.04, 0.96, 0.0143874
0.25, 0.0188437, 0.04, 0.96, 0.0161047
0.25, 0.0145118, 0.04, 0.96, 0.0146098
0.25, 0.0164134, 0.04, 0.96, 0.0156729
0.25, 0.0138772, 0.04, 0.96, 0.0137734
0.25, 0.01595, 0.04, 0.96, 0.0152248
0.25, 0.0159743, 0.04, 0.96, 0.0159594
0.25, 0.0161813, 0.04, 0.96, 0.015897
0.25, 0.0143072, 0.04, 0.96, 0.0132177
0.25, 0.017533, 0.04, 0.96, 0.0169262
0.25, 0.0133666, 0.04, 0.96, 0.0130871
0.25, 0.0151855, 0.04, 0.96, 0.0150281
0.25, 0.0159366, 0.04, 0.96, 0.0134973
0.25, 0.0116652, 0.04, 0.96, 0.0136464
0.25, 0.0145784, 0.04, 0.96, 0.014209
0.25, 0.0159876, 0.04, 0.96, 0.0152711
0.25, 0.0173998, 0.04, 0.96, 0.0161031
0.25, 0.0138852, 0.04, 0.96, 0.0125557
0.25, 0.0158109, 0.04, 0.96, 0.01454
0.25, 0.0188763, 0.04, 0.96, 0.0165134
0.25, 0.0166939, 0.04, 0.96, 0.014217
0.25, 0.0134165, 0.04, 0.96, 0.0129972
0.25, 0.0179361, 0.04, 0.96, 0.0160104
0.25, 0.0148756, 0.04, 0.96, 0.0135693
0.25, 0.0176192, 0.045, 0.955, 0.0168019
0.25, 0.0174439, 0.045, 0.955, 0.0169153
0.25, 0.0168994, 0.045, 0.955, 0.0172095
0.25, 0.0186851, 0.045, 0.955, 0.017531
0.25, 0.0177178, 0.045, 0.955, 0.0168787
0.25, 0.0172228, 0.045, 0.955, 0.0162666
0.25, 0.0232237, 0.045, 0.955, 0.0209897
0.25, 0.0178294, 0.045, 0.955, 0.0181366
0.25, 0.0218637, 0.045, 0.955, 0.0190353
0.25, 0.0179896, 0.045, 0.955, 0.0168133
0.25, 0.0201185, 0.045, 0.955, 0.0177176
0.25, 0.0207567, 0.045, 0.955, 0.0195335
0.25, 0.0166183, 0.045, 0.955, 0.0162423
0.25, 0.0159976, 0.045, 0.955, 0.0160406
0.25, 0.0182944, 0.045, 0.955, 0.0178137
0.25, 0.0155139, 0.045, 0.955, 0.0156709
0.25, 0.0186245, 0.045, 0.955, 0.0172467
0.25, 0.0163639, 0.045, 0.955, 0.0155907
0.25, 0.0158401, 0.045, 0.955, 0.0147203
0.25, 0.0192339, 0.045, 0.955, 0.015585
0.25, 0.0190098, 0.045, 0.955, 0.0167915
0.25, 0.0156501, 0.045, 0.955, 0.0168163
0.25, 0.0196216, 0.045, 0.955, 0.0178858
0.25, 0.0189646, 0.045, 0.955, 0.0195114
0.25, 0.0186606, 0.045, 0.955, 0.0160986
0.25, 0.0200385, 0.05, 0.95, 0.0190066
0.25, 0.0188954, 0.05, 0.95, 0.0187724
0.25, 0.0177261, 0.05, 0.95, 0.0182064
0.25, 0.0222343, 0.05, 0.95, 0.0219124
0.25, 0.0211373, 0.05, 0.95, 0.0212989
0.25, 0.0242297, 0.05, 0.95, 0.0203491
0.25, 0.0221629, 0.05, 0.95, 0.0212192
0.25, 0.0201182, 0.05, 0.95, 0.0188451
0.25, 0.0219763, 0.05, 0.95, 0.020882
0.25, 0.0223788, 0.05, 0.95, 0.0219517
0.25, 0.0201182, 0.05, 0.95, 0.0202265
0.25, 0.0237546, 0.05, 0.95, 0.0200042
0.25, 0.0211254, 0.05, 0.95, 0.0190952
0.25, 0.0223518, 0.05, 0.95, 0.0201031
0.25, 0.0228523, 0.05, 0.95, 0.0212911
0.25, 0.0218652, 0.05, 0.95, 0.0213932
0.25, 0.0196631, 0.05, 0.95, 0.018505
0.25, 0.0205271, 0.05, 0.95, 0.0182038
0.25, 0.0220966, 0.05, 0.95, 0.0198098
0.25, 0.0199331, 0.05, 0.95, 0.0188876
0.25, 0.0222101, 0.05, 0.95, 0.0206907
0.25, 0.0209087, 0.05, 0.95, 0.0179024
0.25, 0.0191802, 0.05, 0.95, 0.018693
0.25, 0.0203486, 0.05, 0.95, 0.0187725
0.25, 0.0206026, 0.05, 0.95, 0.0190182
0.25, 0.0238092, 0.055, 0.945, 0.0211558
0.25, 0.0225513, 0.055, 0.945, 0.0228846
0.25, 0.0250993, 0.055, 0.945, 0.0223307
0.25, 0.0224705, 0.055, 0.945, 0.0220608
0.25, 0.0256059, 0.055, 0.945, 0.0227189
0.25, 0.0261785, 0.055, 0.945, 0.0233628
0.25, 0.025894, 0.055, 0.945, 0.0232373
0.25, 0.0217685, 0.055, 0.945, 0.019616
0.25, 0.0245554, 0.055, 0.945, 0.0237467
0.25, 0.0248786, 0.055, 0.945, 0.0231963
0.25, 0.0228318, 0.055, 0.945, 0.0222622
0.25, 0.0254643, 0.055, 0.945, 0.0227832
0.25, 0.0235793, 0.055, 0.945, 0.0227657
0.25, 0.0225752, 0.055, 0.945, 0.0219143
0.25, 0.0259853, 0.055, 0.945, 0.0224013
0.25, 0.02352, 0.055, 0.945, 0.021939
0.25, 0.0234094, 0.055, 0.945, 0.022316
0.25, 0.0231697, 0.055, 0.945, 0.021195
0.25, 0.0239659, 0.055, 0.945, 0.0216915
0.25, 0.0241027, 0.055, 0.945, 0.0234725
0.25, 0.0235433, 0.055, 0.945, 0.0221255
0.25, 0.0256776, 0.055, 0.945, 0.0244451
0.25, 0.0234256, 0.055, 0.945, 0.0205429
0.25, 0.0220028, 0.055, 0.945, 0.0196985
0.25, 0.0221728, 0.055, 0.945, 0.0219821
0.25, 0.0265987, 0.06, 0.94, 0.0248291
0.25, 0.0298976, 0.06, 0.94, 0.026772
0.25, 0.0257091, 0.06, 0.94, 0.024043
0.25, 0.0299118, 0.06, 0.94, 0.0271465
0.25, 0.029685, 0.06, 0.94, 0.0266242
0.25, 0.0263357, 0.06, 0.94, 0.0235867
0.25, 0.0263876, 0.06, 0.94, 0.0254942
0.25, 0.0287861, 0.06, 0.94, 0.0262797
0.25, 0.0274924, 0.06, 0.94, 0.0251755
0.25, 0.0249053, 0.06, 0.94, 0.0249271
0.25, 0.0255398, 0.06, 0.94, 0.0243402
0.25, 0.0263761, 0.06, 0.94, 0.0241842
0.25, 0.0286475, 0.06, 0.94, 0.0258392
0.25, 0.028196, 0.06, 0.94, 0.024855
0.25, 0.0274362, 0.06, 0.94, 0.0271606
0.25, 0.026105, 0.06, 0.94, 0.0239222
0.25, 0.0310374, 0.06, 0.94, 0.0270858
0.25, 0.0265532, 0.06, 0.94, 0.0266624
0.25, 0.0280679, 0.06, 0.94, 0.0249182
0.25, 0.0240623, 0.06, 0.94, 0.0244042
0.25, 0.0280674, 0.06, 0.94, 0.0248798
0.25, 0.0284963, 0.06, 0.94, 0.0265842
0.25, 0.027649, 0.06, 0.94, 0.0245919
0.25, 0.0261724, 0.06, 0.94, 0.0242185
0.25, 0.0279871, 0.06, 0.94, 0.0263554
0.25, 0.0316284, 0.065, 0.935, 0.0268857
0.25, 0.0330843, 0.065, 0.935, 0.0289048
0.25, 0.0300874, 0.065, 0.935, 0.0277793
0.25, 0.0310788, 0.065, 0.935, 0.0276217
0.25, 0.0305897, 0.065, 0.935, 0.026727
0.25, 0.0326193, 0.065, 0.935, 0.0285201
0.25, 0.0282762, 0.065, 0.935, 0.0270712
0.25, 0.0298286, 0.065, 0.935, 0.027722
0.25, 0.0302932, 0.065, 0.935, 0.0285851
0.25, 0.0297257, 0.065, 0.935, 0.0274206
0.25, 0.028071, 0.065, 0.935, 0.0267399
0.25, 0.0334057, 0.065, 0.935, 0.0289623
0.25, 0.0318493, 0.065, 0.935, 0.0285684
0.25, 0.0298298, 0.065, 0.935, 0.0291406
0.25, 0.031291, 0.065, 0.935, 0.0293357
0.25, 0.0296467, 0.065, 0.935, 0.0262829
0.25, 0.0302102, 0.065, 0.935, 0.0290971
0.25, 0.0294238, 0.065, 0.935, 0.0278412
0.25, 0.0310081, 0.065, 0.935, 0.0278696
0.25, 0.0272203, 0.065, 0.935, 0.0269364
0.25, 0.0313628, 0.065, 0.935, 0.0288599
0.25, 0.0311131, 0.065, 0.935, 0.0298949
0.25, 0.0275676, 0.065, 0.935, 0.0265194
0.25, 0.0285802, 0.065, 0.935, 0.02743
0.25, 0.030754, 0.065, 0.935, 0.0279783
0.25, 0.0336053, 0.07, 0.93, 0.0302934
0.25, 0.0317923, 0.07, 0.93, 0.030476
0.25, 0.0318188, 0.07, 0.93, 0.0316862
0.25, 0.0352287, 0.07, 0.93, 0.0324749
0.25, 0.0317419, 0.07, 0.93, 0.0318444
0.25, 0.0338623, 0.07, 0.93, 0.0307142
0.25, 0.0334044, 0.07, 0.93, 0.0294351
0.25, 0.0320923, 0.07, 0.93, 0.0301588
0.25, 0.0376699, 0.07, 0.93, 0.0344553
0.25, 0.0320565, 0.07, 0.93, 0.028861
0.25, 0.0349956, 0.07, 0.93, 0.0320506
0.25, 0.0334289, 0.07, 0.93, 0.0327755
0.25, 0.0359481, 0.07, 0.93, 0.0329887
0.25, 0.0330847, 0.07, 0.93, 0.0297651
0.25, 0.032204, 0.07, 0.93, 0.0292513
0.25, 0.0324263, 0.07, 0.93, 0.031403
0.25, 0.0352206, 0.07, 0.93, 0.0329286
0.25, 0.0382787, 0.07, 0.93, 0.0340505
0.25, 0.0328468, 0.07, 0.93, 0.0319987
0.25, 0.0334423, 0.07, 0.93, 0.0302317
0.25, 0.0341035, 0.07, 0.93, 0.0334982
0.25, 0.0357021, 0.07, 0.93, 0.0321741
0.25, 0.0331724, 0.07, 0.93, 0.031889
0.25, 0.0322458, 0.07, 0.93, 0.0313904
0.25, 0.0344261, 0.07, 0.93, 0.0312735
0.25, 0.0355472, 0.075, 0.925, 0.0334382
0.25, 0.0362631, 0.075, 0.925, 0.0351529
0.25, 0.0339079, 0.075, 0.925, 0.0324707
0.25, 0.037962, 0.075, 0.925, 0.035503
0.25, 0.0390698, 0.075, 0.925, 0.0361177
0.25, 0.0401631, 0.075, 0.925, 0.0359381
0.25, 0.0367588, 0.075, 0.925, 0.0343409
0.25, 0.038248, 0.075, 0.925, 0.0331439
0.25, 0.0317149, 0.075, 0.925, 0.0305101
0.25, 0.0385681, 0.075, 0.925, 0.0357219
0.25, 0.0365666, 0.075, 0.925, 0.0324131
0.25, 0.0390041, 0.075, 0.925, 0.0371484
0.25, 0.0368789, 0.075, 0.925, 0.0323917
0.25, 0.0402979, 0.075, 0.925, 0.0368545
0.25, 0.0357374, 0.075, 0.925, 0.0339711
0.25, 0.0393678, 0.075, 0.925, 0.0355373
0.25, 0.0355751, 0.075, 0.925, 0.0341392
0.25, 0.0350176, 0.075, 0.925, 0.0348473
0.25, 0.0369035, 0.075, 0.925, 0.0351992
0.25, 0.0362729, 0.075, 0.925, 0.0334457
0.25, 0.0387797, 0.075, 0.925, 0.0385866
0.25, 0.0379496, 0.075, 0.925, 0.0348022
0.25, 0.0332593, 0.075, 0.925, 0.0327502
0.25, 0.0340747, 0.075, 0.925, 0.0349243
0.25, 0.0391001, 0.075, 0.925, 0.0357803
0.25, 0.0431271, 0.08, 0.92, 0.0395116
0.25, 0.0454323, 0.08, 0.92, 0.0414176
0.25, 0.0364325, 0.08, 0.92, 0.0360444
0.25, 0.0451685, 0.08, 0.92, 0.0423928
0.25, 0.0393329, 0.08, 0.92, 0.0367659
0.25, 0.0423004, 0.08, 0.92, 0.0391271
0.25, 0.0415192, 0.08, 0.92, 0.0406284
0.25, 0.0413476, 0.08, 0.92, 0.0371171
0.25, 0.0381374, 0.08, 0.92, 0.0371751
0.25, 0.0403507, 0.08, 0.92, 0.0394539
0.25, 0.0392281, 0.08, 0.92, 0.036038
0.25, 0.035251, 0.08, 0.92, 0.0366158
0.25, 0.0415209, 0.08, 0.92, 0.0388549
0.25, 0.0411417, 0.08, 0.92, 0.0375379
0.25, 0.0404894, 0.08, 0.92, 0.038891
0.25, 0.0381377, 0.08, 0.92, 0.0365573
0.25, 0.0411053, 0.08, 0.92, 0.0382811
0.25, 0.0417478, 0.08, 0.92, 0.0397194
0.25, 0.0404665, 0.08, 0.92, 0.0357943
0.25, 0.03998, 0.08, 0.92, 0.0350896
0.25, 0.0407926, 0.08, 0.92, 0.0374566
0.25, 0.0430018, 0.08, 0.92, 0.0390722
0.25, 0.0410138, 0.08, 0.92, 0.0395592
0.25, 0.0415789, 0.08, 0.92, 0.0362823
0.25, 0.0382892, 0.08, 0.92, 0.0353193
0.25, 0.0449512, 0.085, 0.915, 0.0419376
0.25, 0.0465384, 0.085, 0.915, 0.0415535
0.25, 0.0468861, 0.085, 0.915, 0.0436088
0.25, 0.0457618, 0.085, 0.915, 0.0430182
0.25, 0.0433152, 0.085, 0.915, 0.0403549
0.25, 0.043044, 0.085, 0.915, 0.0408021
0.25, 0.0401941, 0.085, 0.915, 0.0386473
0.25, 0.0438144, 0.085, 0.915, 0.0398037
0.25, 0.0435433, 0.085, 0.915, 0.0397969
0.25, 0.0487078, 0.085, 0.915, 0.0443976
0.25, 0.0462094, 0.085, 0.915, 0.0440634
0.25, 0.0418857, 0.085, 0.915, 0.0410663
0.25, 0.0458293, 0.085, 0.915, 0.0425348
0.25, 0.0431846, 0.085, 0.915, 0.0411061
0.25, 0.0405045, 0.085, 0.915, 0.0383915
0.25, 0.0507838, 0.085, 0.915, 0.0450936
0.25, 0.0440754, 0.085, 0.915, 0.0410864
0.25, 0.0428349, 0.085, 0.915, 0.0400621
0.25, 0.0401481, 0.085, 0.915, 0.0399439
0.25, 0.0455582, 0.085, 0.915, 0.0422322
0.25, 0.0451903, 0.085, 0.915, 0.0413263
0.25, 0.0448078, 0.085, 0.915, 0.0421777
0.25, 0.0445657, 0.085, 0.915, 0.0421456
0.25, 0.046666, 0.085, 0.915, 0.0411208
0.25, 0.0426553, 0.085, 0.915, 0.0402721
0.25, 0.0535448, 0.09, 0.91, 0.0490901
0.25, 0.0515788, 0.09, 0.91, 0.0466634
0.25, 0.0473456, 0.09, 0.91, 0.0440057
0.25, 0.0480591, 0.09, 0.91, 0.0447046
0.25, 0.0523249, 0.09, 0.91, 0.0480898
0.25, 0.048881, 0.09, 0.91, 0.0446254
0.25, 0.0498785, 0.09, 0.91, 0.0469725
0.25, 0.0490315, 0.09, 0.91, 0.0425257
0.25, 0.0485122, 0.09, 0.91, 0.0450182
0.25, 0.0467878, 0.09, 0.91, 0.0448408
0.25, 0.048312, 0.09, 0.91, 0.0455896
0.25, 0.046678, 0.09, 0.91, 0.0448193
0.25, 0.0519903, 0.09, 0.91, 0.0473002
0.25, 0.0456116, 0.09, 0.91, 0.043483
0.25, 0.0489671, 0.09, 0.91, 0.044919
0.25, 0.0532726, 0.09, 0.91, 0.0485283
0.25, 0.0487964, 0.09, 0.91, 0.04619
0.25, 0.04907, 0.09, 0.91, 0.0469473
0.25, 0.0478085, 0.09, 0.91, 0.0440863
0.25, 0.0463874, 0.09, 0.91, 0.0444981
0.25, 0.0493238, 0.09, 0.91, 0.0448839
0.25, 0.049277, 0.09, 0.91, 0.0465002
0.25, 0.0469429, 0.09, 0.91, 0.0439186
0.25, 0.0472276, 0.09, 0.91, 0.0459153
0.25, 0.0457647, 0.09, 0.91, 0.045374
0.25, 0.0507452, 0.095, 0.905, 0.047729
0.25, 0.0575865, 0.095, 0.905, 0.0523171
0.25, 0.0493723, 0.095, 0.905, 0.0441606
0.25, 0.053155, 0.095, 0.905, 0.0502631
0.25, 0.0510118, 0.095, 0.905, 0.0480127
0.25, 0.0514076, 0.095, 0.905, 0.0473786
0.25, 0.0499541, 0.095, 0.905, 0.0474907
0.25, 0.0579129, 0.095, 0.905, 0.0536248
0.25, 0.0554433, 0.095, 0.905, 0.0516475
0.25, 0.057898, 0.095, 0.905, 0.0526487
0.25, 0.0535413, 0.095, 0.905, 0.0486017
0.25, 0.0517947, 0.095, 0.905, 0.0493023
0.25, 0.0504313, 0.095, 0.905, 0.0472664
0.25, 0.0503516, 0.095, 0.905, 0.0474321
0.25, 0.0548545, 0.095, 0.905, 0.0507952
0.25, 0.0526944, 0.095, 0.905, 0.0492763
0.25, 0.0535921, 0.095, 0.905, 0.0486002
0.25, 0.0587021, 0.095, 0.905, 0.0523422
0.25, 0.0578964, 0.095, 0.905, 0.0517459
0.25, 0.0508465, 0.095, 0.905, 0.0502103
0.25, 0.0491637, 0.095, 0.905, 0.0465946
0.25, 0.0502356, 0.095, 0.905, 0.0469415
0.25, 0.05456, 0.095, 0.905, 0.048158
0.25, 0.0510483, 0.095, 0.905, 0.0485699
0.25, 0.0523111, 0.095, 0.905, 0.0487486
0.25, 0.0596614, 0.1, 0.9, 0.0558024
0.25, 0.0592738, 0.1, 0.9, 0.0555616
0.25, 0.0561112, 0.1, 0.9, 0.0534936
0.25, 0.0625038, 0.1, 0.9, 0.0573273
0.25, 0.0583456, 0.1, 0.9, 0.0532419
0.25, 0.0594222, 0.1, 0.9, 0.0561707
0.25, 0.058349, 0.1, 0.9, 0.0549954
0.25, 0.0560021, 0.1, 0.9, 0.0518052
0.25, 0.0491788, 0.1, 0.9, 0.0465728
0.25, 0.0565873, 0.1, 0.9, 0.0517933
0.25, 0.05711, 0.1, 0.9, 0.0531633
0.25, 0.0556702, 0.1, 0.9, 0.0531921
0.25, 0.0553629, 0.1, 0.9, 0.0546139
0.25, 0.0592206, 0.1, 0.9, 0.0530852
0.25, 0.059912, 0.1, 0.9, 0.052537
0.25, 0.0610787, 0.1, 0.9, 0.0550499
0.25, 0.0531537, 0.1, 0.9, 0.0527478
0.25, 0.05566, 0.1, 0.9, 0.0518946
0.25, 0.0543052, 0.1, 0.9, 0.0519617
0.25, 0.0574883, 0.1, 0.9, 0.0524115
0.25, 0.0574952, 0.1, 0.9, 0.0521854
0.25, 0.05878, 0.1, 0.9, 0.053217
0.25, 0.0606957, 0.1, 0.9, 0.0553394
0.25, 0.0561623, 0.1, 0.9, 0.055679
0.25, 0.0588379, 0.1, 0.9, 0.0538436
0.25, 0.0595316, 0.105, 0.895, 0.0574025
0.25, 0.062868, 0.105, 0.895, 0.0590493
0.25, 0.0602177, 0.105, 0.895, 0.0556748
0.25, 0.0597055, 0.105, 0.895, 0.0569057
0.25, 0.0621254, 0.105, 0.895, 0.0585982
0.25, 0.0617562, 0.105, 0.895, 0.0586697
0.25, 0.063573, 0.105, 0.895, 0.0559687
0.25, 0.0667843, 0.105, 0.895, 0.0604988
0.25, 0.0591362, 0.105, 0.895, 0.0559044
0.25, 0.0664413, 0.105, 0.895, 0.0593405
0.25, 0.0590658, 0.105, 0.895, 0.0548888
0.25, 0.062042, 0.105, 0.895, 0.0565663
0.25, 0.0607677, 0.105, 0.895, 0.0573491
0.25, 0.0589585, 0.105, 0.895, 0.0566549
0.25, 0.0661836, 0.105, 0.895, 0.060223
0.25, 0.0579458, 0.105, 0.895, 0.0545054
0.25, 0.0619061, 0.105, 0.895, 0.0554679
0.25, 0.0621988, 0.105, 0.895, 0.0565749
0.25, 0.0622223, 0.105, 0.895, 0.0553769
0.25, 0.0609288, 0.105, 0.895, 0.0564953
0.25, 0.0645023, 0.105, 0.895, 0.0568331
0.25, 0.062391, 0.105, 0.895, 0.0570483
0.25, 0.0613916, 0.105, 0.895, 0.057188
0.25, 0.0570033, 0.105, 0.895, 0.0534569
0.25, 0.0693753, 0.105, 0.895, 0.0606774
0.25, 0.0674318, 0.11, 0.89, 0.0615182
0.25, 0.0612219, 0.11, 0.89, 0.0564525
0.25, 0.0641549, 0.11, 0.89, 0.0613918
0.25, 0.0626893, 0.11, 0.89, 0.0589756
0.25, 0.0666506, 0.11, 0.89, 0.0603677
0.25, 0.0679366, 0.11, 0.89, 0.0604365
0.25, 0.0662896, 0.11, 0.89, 0.0601264
0.25, 0.0653698, 0.11, 0.89, 0.0619102
0.25, 0.0668925, 0.11, 0.89, 0.0609749
0.25, 0.0690612, 0.11, 0.89, 0.0614001
0.25, 0.0645679, 0.11, 0.89, 0.0598763
0.25, 0.0625356, 0.11, 0.89, 0.0630616
0.25, 0.0636136, 0.11, 0.89, 0.0589874
0.25, 0.0677779, 0.11, 0.89, 0.0606077
0.25, 0.0635601, 0.11, 0.89, 0.0603718
0.25, 0.0655885, 0.11, 0.89, 0.0612347
0.25, 0.0685656, 0.11, 0.89, 0.0636188
0.25, 0.0690021, 0.11, 0.89, 0.0636011
0.25, 0.0645336, 0.11, 0.89, 0.0612088
0.25, 0.061476, 0.11, 0.89, 0.0608401
0.25, 0.0657745, 0.11, 0.89, 0.060157
0.25, 0.0618259, 0.11, 0.89, 0.0584145
0.25, 0.065847, 0.11, 0.89, 0.062954
0.25, 0.065375, 0.11, 0.89, 0.0584287
0.25, 0.0692641, 0.11, 0.89, 0.0631115
0.25, 0.0638055, 0.115, 0.885, 0.0630586
0.25, 0.0668994, 0.115, 0.885, 0.0648004
0.25, 0.0750483, 0.115, 0.885, 0.0673436
0.25, 0.0673168, 0.115, 0.885, 0.0620282
0.25, 0.0700124, 0.115, 0.885, 0.0613071
0.25, 0.0722417, 0.115, 0.885, 0.0664078
0.25, 0.0703601, 0.115, 0.885, 0.0647163
0.25, 0.072904, 0.115, 0.885, 0.0678534
0.25, 0.0674285, 0.115, 0.885, 0.0634001
0.25, 0.0696662, 0.115, 0.885, 0.0658735
0.25, 0.0688169, 0.115, 0.885, 0.061459
0.25, 0.0664135, 0.115, 0.885, 0.062866
0.25, 0.0662532, 0.115, 0.885, 0.0601783
0.25, 0.0714811, 0.115, 0.885, 0.0645037
0.25, 0.071464, 0.115, 0.885, 0.0660367
0.25, 0.0703452, 0.115, 0.885, 0.063196
0.25, 0.0720017, 0.115, 0.885, 0.0659974
0.25, 0.0711889, 0.115, 0.885, 0.0651643
0.25, 0.0659257, 0.115, 0.885, 0.061997
0.25, 0.0683783, 0.115, 0.885, 0.0635966
0.25, 0.0712697, 0.115, 0.885, 0.0647366
0.25, 0.0684161, 0.115, 0.885, 0.0642446
0.25, 0.0680315, 0.115, 0.885, 0.0645108
0.25, 0.0671192, 0.115, 0.885, 0.0655829
0.25, 0.0736272, 0.115, 0.885, 0.068727
0.25, 0.078884, 0.12, 0.88, 0.0731762
0.25, 0.0792807, 0.12, 0.88, 0.0739193
0.25, 0.0766424, 0.12, 0.88, 0.0725077
0.25, 0.0717087, 0.12, 0.88, 0.0644638
0.25, 0.0720952, 0.12, 0.88, 0.0675548
0.25, 0.0760463, 0.12, 0.88, 0.0734007
0.25, 0.0762337, 0.12, 0.88, 0.0694944
0.25, 0.0719722, 0.12, 0.88, 0.0662886
0.25, 0.0754912, 0.12, 0.88, 0.0699479
0.25, 0.0766303, 0.12, 0.88, 0.0718223
0.25, 0.0718836, 0.12, 0.88, 0.0671658
0.25, 0.0666583, 0.12, 0.88, 0.0633787
0.25, 0.0768746, 0.12, 0.88, 0.0712097
0.25, 0.0707135, 0.12, 0.88, 0.0664047
0.25, 0.0744883, 0.12, 0.88, 0.0694589
0.25, 0.0684464, 0.12, 0.88, 0.0651364
0.25, 0.071497, 0.12, 0.88, 0.0674534
0.25, 0.0734929, 0.12, 0.88, 0.0699595
0.25, 0.0738527, 0.12, 0.88, 0.0680769
0.25, 0.0720696, 0.12, 0.88, 0.0669197
0.25, 0.0758436, 0.12, 0.88, 0.0699858
0.25, 0.0699845, 0.12, 0.88, 0.0685825
0.25, 0.079728, 0.12, 0.88, 0.0731855
0.25, 0.0742319, 0.12, 0.88, 0.0706981
0.25, 0.0701598, 0.12, 0.88, 0.0680549
0.25, 0.079932, 0.125, 0.875, 0.0730515
0.25, 0.077839, 0.125, 0.875, 0.0726091
0.25, 0.0792342, 0.125, 0.875, 0.0730375
0.25, 0.0726863, 0.125, 0.875, 0.0701039
0.25, 0.0800225, 0.125, 0.875, 0.0750788
0.25, 0.0765026, 0.125, 0.875, 0.0727546
0.25, 0.0736384, 0.125, 0.875, 0.0711881
0.25, 0.0753357, 0.125, 0.875, 0.070244
0.25, 0.0816077, 0.125, 0.875, 0.0758137
0.25, 0.0819858, 0.125, 0.875, 0.0775151
0.25, 0.0801878, 0.125, 0.875, 0.0738274
0.25, 0.0731127, 0.125, 0.875, 0.0716087
0.25, 0.0817949, 0.125, 0.875, 0.0753652
0.25, 0.08128, 0.125, 0.875, 0.0733735
0.25, 0.0806657, 0.125, 0.875, 0.0750378
0.25, 0.0813451, 0.125, 0.875, 0.0742784
0.25, 0.0782051, 0.125, 0.875, 0.0746676
0.25, 0.0801569, 0.125, 0.875, 0.0754886
0.25, 0.078157, 0.125, 0.875, 0.0729323
0.25, 0.0865681, 0.125, 0.875, 0.0778219
0.25, 0.0734879, 0.125, 0.875, 0.0709688
0.25, 0.0761888, 0.125, 0.875, 0.0702891
0.25, 0.0809563, 0.125, 0.875, 0.0746144
0.25, 0.0828434, 0.125, 0.875, 0.0748535
0.25, 0.0795767, 0.125, 0.875, 0.0736093
0.25, 0.0870736, 0.13, 0.87, 0.0791919
0.25, 0.0800774, 0.13, 0.87, 0.0730776
0.25, 0.086435, 0.13, 0.87, 0.0804483
0.25, 0.0857308, 0.13, 0.87, 0.0830325
0.25, 0.0820717, 0.13, 0.87, 0.0758389
0.25, 0.0807559, 0.13, 0.87, 0.0755218
0.25, 0.0883072, 0.13, 0.87, 0.0814485
0.25, 0.0774314, 0.13, 0.87, 0.0721868
0.25, 0.0883739, 0.13, 0.87, 0.0814691
0.25, 0.0862696, 0.13, 0.87, 0.081476
0.25, 0.0855445, 0.13, 0.87, 0.0803522
0.25, 0.085396, 0.13, 0.87, 0.0803978
0.25, 0.0877287, 0.13, 0.87, 0.0813063
0.25, 0.0847955, 0.13, 0.87, 0.0798443
0.25, 0.0837448, 0.13, 0.87, 0.0757995
0.25, 0.0791566, 0.13, 0.87, 0.0752346
0.25, 0.0896406, 0.13, 0.87, 0.0820887
0.25, 0.0808424, 0.13, 0.87, 0.0762157
0.25, 0.0833232, 0.13, 0.87, 0.0773756
0.25, 0.0867422, 0.13, 0.87, 0.0811591
0.25, 0.0881917, 0.13, 0.87, 0.0833426
0.25, 0.0845498, 0.13, 0.87, 0.0781414
0.25, 0.0789581, 0.13, 0.87, 0.0744304
0.25, 0.0837959, 0.13, 0.87, 0.0783852
0.25, 0.0887467, 0.13, 0.87, 0.0840606
0.25, 0.0926019, 0.135, 0.865, 0.084894
0.25, 0.0863413, 0.135, 0.865, 0.0819563
0.25, 0.0929261, 0.135, 0.865, 0.0885956
0.25, 0.0932461, 0.135, 0.865, 0.0843067
0.25, 0.0869635, 0.135, 0.865, 0.0820615
0.25, 0.0913369, 0.135, 0.865, 0.084122
0.25, 0.0869736, 0.135, 0.865, 0.0786949
0.25, 0.0894012, 0.135, 0.865, 0.0832688
0.25, 0.0872506, 0.135, 0.865, 0.078184
0.25, 0.0900111, 0.135, 0.865, 0.0849888
0.25, 0.0880603, 0.135, 0.865, 0.0825683
0.25, 0.0884053, 0.135, 0.865, 0.0818641
0.25, 0.0856654, 0.135, 0.865, 0.0814418
0.25, 0.0903266, 0.135, 0.865, 0.082577
0.25, 0.0858812, 0.135, 0.865, 0.081394
0.25, 0.0907521, 0.135, 0.865, 0.0842046
0.25, 0.0909008, 0.135, 0.865, 0.0827809
0.25, 0.0928774, 0.135, 0.865, 0.0859876
0.25, 0.0941723, 0.135, 0.865, 0.0887827
0.25, 0.0867892, 0.135, 0.865, 0.0857656
0.25, 0.0846806, 0.135, 0.865, 0.0796137
0.25, 0.0927218, 0.135, 0.865, 0.0868927
0.25, 0.086665, 0.135, 0.865, 0.0811006
0.25, 0.0907557, 0.135, 0.865, 0.0850746
0.25, 0.0826738, 0.135, 0.865, 0.0816508
0.25, 0.0964566, 0.14, 0.86, 0.0903472
0.25, 0.0954136, 0.14, 0.86, 0.0881544
0.25, 0.0921001, 0.14, 0.86, 0.0842388
0.25, 0.0926996, 0.14, 0.86, 0.0864518
0.25, 0.0950426, 0.14, 0.86, 0.0887879
0.25, 0.0953291, 0.14, 0.86, 0.088974
0.25, 0.091357, 0.14, 0.86, 0.0807232
0.25, 0.0894207, 0.14, 0.86, 0.0872807
0.25, 0.0894598, 0.14, 0.86, 0.0851913
0.25, 0.0959288, 0.14, 0.86, 0.0905439
0.25, 0.0919756, 0.14, 0.86, 0.0864844
0.25, 0.0953821, 0.14, 0.86, 0.0930401
0.25, 0.0956832, 0.14, 0.86, 0.0871353
0.25, 0.089637, 0.14, 0.86, 0.0838807
0.25, 0.0958466, 0.14, 0.86, 0.0897814
0.25, 0.096381, 0.14, 0.86, 0.0871812
0.25, 0.0956649, 0.14, 0.86, 0.0893446
0.25, 0.094185, 0.14, 0.86, 0.0876886
0.25, 0.0937679, 0.14, 0.86, 0.0853521
0.25, 0.0957542, 0.14, 0.86, 0.091214
0.25, 0.0939514, 0.14, 0.86, 0.0864385
0.25, 0.0960838, 0.14, 0.86, 0.0884976
0.25, 0.0901161, 0.14, 0.86, 0.0835586
0.25, 0.0961692, 0.14, 0.86, 0.0888728
0.25, 0.0941328, 0.14, 0.86, 0.089521
0.25, 0.110458, 0.145, 0.855, 0.102237
0.25, 0.0987015, 0.145, 0.855, 0.0925958
0.25, 0.0964863, 0.145, 0.855, 0.089982
0.25, 0.0995592, 0.145, 0.855, 0.094772
0.25, 0.0992152, 0.145, 0.855, 0.0925758
0.25, 0.0951328, 0.145, 0.855, 0.0927417
0.25, 0.0968615, 0.145, 0.855, 0.0903891
0.25, 0.103756, 0.145, 0.855, 0.0939102
0.25, 0.0931041, 0.145, 0.855, 0.0879544
0.25, 0.0969826, 0.145, 0.855, 0.0908371
0.25, 0.0941081, 0.145, 0.855, 0.0903152
0.25, 0.101195, 0.145, 0.855, 0.0948212
0.25, 0.0999709, 0.145, 0.855, 0.0942803
0.25, 0.105616, 0.145, 0.855, 0.097576
0.25, 0.0942685, 0.145, 0.855, 0.0894076
0.25, 0.0942388, 0.145, 0.855, 0.0907131
0.25, 0.0881784, 0.145, 0.855, 0.0868654
0.25, 0.0985535, 0.145, 0.855, 0.0943073
0.25, 0.0967239, 0.145, 0.855, 0.0922939
0.25, 0.105138, 0.145, 0.855, 0.0920764
0.25, 0.0953075, 0.145, 0.855, 0.0888636
0.25, 0.0972727, 0.145, 0.855, 0.0908731
0.25, 0.108281, 0.145, 0.855, 0.0989302
0.25, 0.0967841, 0.145, 0.855, 0.0889682
0.25, 0.0985038, 0.145, 0.855, 0.0928383
0.25, 0.101648, 0.15, 0.85, 0.0945777
0.25, 0.101785, 0.15, 0.85, 0.0961917
0.25, 0.105843, 0.15, 0.85, 0.098312
0.25, 0.104785, 0.15, 0.85, 0.0979959
0.25, 0.0975788, 0.15, 0.85, 0.0931072
0.25, 0.11106, 0.15, 0.85, 0.102593
0.25, 0.108581, 0.15, 0.85, 0.100803
0.25, 0.0999451, 0.15, 0.85, 0.0939136
0.25, 0.0996146, 0.15, 0.85, 0.0946616
0.25, 0.109031, 0.15, 0.85, 0.102453
0.25, 0.106626, 0.15, 0.85, 0.097491
0.25, 0.102779, 0.15, 0.85, 0.0968674
0.25, 0.105167, 0.15, 0.85, 0.0959129
0.25, 0.10747, 0.15, 0.85, 0.0976138
0.25, 0.102019, 0.15, 0.85, 0.09697
0.25, 0.1062, 0.15, 0.85, 0.0978958
0.25, 0.109237, 0.15, 0.85, 0.1002
0.25, 0.100379, 0.15, 0.85, 0.0949963
0.25, 0.10563, 0.15, 0.85, 0.0996082
0.25, 0.104485, 0.15, 0.85, 0.0961024
0.25, 0.100594, 0.15, 0.85, 0.0954233
0.25, 0.107809, 0.15, 0.85, 0.0994625
0.25, 0.105265, 0.15, 0.85, 0.0985335
0.25, 0.106667, 0.15, 0.85, 0.0997994
0.25, 0.107001, 0.15, 0.85, 0.0982561
0.25, 0.110313, 0.155, 0.845, 0.10287
0.25, 0.110397, 0.155, 0.845, 0.104542
0.25, 0.112004, 0.155, 0.845, 0.108474
0.25, 0.112421, 0.155, 0.845, 0.100931
0.25, 0.10767, 0.155, 0.845, 0.101285
0.25, 0.107073, 0.155, 0.845, 0.0999886
0.25, 0.109461, 0.155, 0.845, 0.102449
0.25, 0.104475, 0.155, 0.845, 0.100317
0.25, 0.110198, 0.155, 0.845, 0.10418
0.25, 0.108831, 0.155, 0.845, 0.103089
0.25, 0.111978, 0.155, 0.845, 0.106867
0.25, 0.114529, 0.155, 0.845, 0.104455
0.25, 0.109778, 0.155, 0.845, 0.105115
0.25, 0.105207, 0.155, 0.845, 0.100091
0.25, 0.112434, 0.155, 0.845, 0.104093
0.25, 0.112073, 0.155, 0.845, 0.102681
0.25, 0.114976, 0.155, 0.845, 0.103482
0.25, 0.107403, 0.155, 0.845, 0.0993411
0.25, 0.108255, 0.155, 0.845, 0.102027
0.25, 0.112629, 0.155, 0.845, 0.104948
0.25, 0.109572, 0.155, 0.845, 0.102532
0.25, 0.106517, 0.155, 0.845, 0.100595
0.25, 0.113029, 0.155, 0.845, 0.103954
0.25, 0.109494, 0.155, 0.845, 0.103697
0.25, 0.111637, 0.155, 0.845, 0.106002
0.25, 0.117173, 0.16, 0.84, 0.110543
0.25, 0.111165, 0.16, 0.84, 0.103272
0.25, 0.113695, 0.16, 0.84, 0.106702
0.25, 0.114155, 0.16, 0.84, 0.108498
0.25, 0.116824, 0.16, 0.84, 0.105961
0.25, 0.111224, 0.16, 0.84, 0.104831
0.25, 0.119345, 0.16, 0.84, 0.111143
0.25, 0.111786, 0.16, 0.84, 0.104321
0.25, 0.111153, 0.16, 0.84, 0.105727
0.25, 0.119261, 0.16, 0.84, 0.108751
0.25, 0.113447, 0.16, 0.84, 0.105753
0.25, 0.121771, 0.16, 0.84, 0.113956
0.25, 0.110821, 0.16, 0.84, 0.104269
0.25, 0.109401, 0.16, 0.84, 0.105095
0.25, 0.119357, 0.16, 0.84, 0.109171
0.25, 0.116991, 0.16, 0.84, 0.109915
0.25, 0.110987, 0.16, 0.84, 0.103784
0.25, 0.110742, 0.16, 0.84, 0.104794
0.25, 0.115441, 0.16, 0.84, 0.107479
0.25, 0.111699, 0.16, 0.84, 0.106558
0.25, 0.116048, 0.16, 0.84, 0.109573
0.25, 0.109274, 0.16, 0.84, 0.101943
0.25, 0.115275, 0.16, 0.84, 0.108151
0.25, 0.109998, 0.16, 0.84, 0.105418
0.25, 0.111074, 0.16, 0.84, 0.104809
0.25, 0.114584, 0.165, 0.835, 0.107235
0.25, 0.121656, 0.165, 0.835, 0.110744
0.25, 0.125111, 0.165, 0.835, 0.11575
0.25, 0.123491, 0.165, 0.835, 0.115977
0.25, 0.120237, 0.165, 0.835, 0.114656
0.25, 0.119433, 0.165, 0.835, 0.113136
0.25, 0.115212, 0.165, 0.835, 0.109452
0.25, 0.12691, 0.165, 0.835, 0.114224
0.25, 0.122506, 0.165, 0.835, 0.115508
0.25, 0.124914, 0.165, 0.835, 0.113646
0.25, 0.127031, 0.165, 0.835, 0.121609
0.25, 0.115138, 0.165, 0.835, 0.108022
0.25, 0.120301, 0.165, 0.835, 0.113461
0.25, 0.123824, 0.165, 0.835, 0.111595
0.25, 0.118262, 0.165, 0.835, 0.111675
0.25, 0.122038, 0.165, 0.835, 0.115365
0.25, 0.123957, 0.165, 0.835, 0.113711
0.25, 0.114889, 0.165, 0.835, 0.107866
0.25, 0.118706, 0.165, 0.835, 0.111137
0.25, 0.114632, 0.165, 0.835, 0.107397
0.25, 0.126078, 0.165, 0.835, 0.113473
0.25, 0.118257, 0.165, 0.835, 0.110034
0.25, 0.125393, 0.165, 0.835, 0.116861
0.25, 0.127189, 0.165, 0.835, 0.11866
0.25, 0.119412, 0.165, 0.835, 0.112514
0.25, 0.126607, 0.17, 0.83, 0.12081
0.25, 0.125563, 0.17, 0.83, 0.118918
0.25, 0.12399, 0.17, 0.83, 0.115951
0.25, 0.1296, 0.17, 0.83, 0.117116
0.25, 0.127975, 0.17, 0.83, 0.119201
0.25, 0.124051, 0.17, 0.83, 0.118918
0.25, 0.12252, 0.17, 0.83, 0.117031
0.25, 0.129506, 0.17, 0.83, 0.119349
0.25, 0.127092, 0.17, 0.83, 0.119746
0.25, 0.11673, 0.17, 0.83, 0.11204
0.25, 0.131019, 0.17, 0.83, 0.119416
0.25, 0.125929, 0.17, 0.83, 0.119164
0.25, 0.128621, 0.17, 0.83, 0.116471
0.25, 0.129713, 0.17, 0.83, 0.119626
0.25, 0.12321, 0.17, 0.83, 0.117086
0.25, 0.132706, 0.17, 0.83, 0.125892
0.25, 0.129277, 0.17, 0.83, 0.119467
0.25, 0.123416, 0.17, 0.83, 0.117044
0.25, 0.130137, 0.17, 0.83, 0.118552
0.25, 0.130955, 0.17, 0.83, 0.125761
0.25, 0.129813, 0.17, 0.83, 0.116762
0.25, 0.125289, 0.17, 0.83, 0.118437
0.25, 0.127821, 0.17, 0.83, 0.120416
0.25, 0.119924, 0.17, 0.83, 0.113276
0.25, 0.125924, 0.17, 0.83, 0.119185
0.25, 0.130073, 0.175, 0.825, 0.126099
0.25, 0.137907, 0.175, 0.825, 0.12979
0.25, 0.138131, 0.175, 0.825, 0.12862
0.25, 0.133055, 0.175, 0.825, 0.124156
0.25, 0.128052, 0.175, 0.825, 0.118368
0.25, 0.132093, 0.175, 0.825, 0.124377
0.25, 0.12978, 0.175, 0.825, 0.122328
0.25, 0.124461, 0.175, 0.825, 0.120803
0.25, 0.122528, 0.175, 0.825, 0.115547
0.25, 0.130864, 0.175, 0.825, 0.120121
0.25, 0.135067, 0.175, 0.825, 0.123358
0.25, 0.135104, 0.175, 0.825, 0.125268
0.25, 0.137674, 0.175, 0.825, 0.128394
0.25, 0.132062, 0.175, 0.825, 0.125115
0.25, 0.129374, 0.175, 0.825, 0.122144
0.25, 0.131172, 0.175, 0.825, 0.125122
0.25, 0.130979, 0.175, 0.825, 0.122316
0.25, 0.135583, 0.175, 0.825, 0.123575
0.25, 0.130483, 0.175, 0.825, 0.121161
0.25, 0.131446, 0.175, 0.825, 0.12354
0.25, 0.135105, 0.175, 0.825, 0.124877
0.25, 0.137941, 0.175, 0.825, 0.1276
0.25, 0.134475, 0.175, 0.825, 0.12446
0.25, 0.127066, 0.175, 0.825, 0.120409
0.25, 0.131673, 0.175, 0.825, 0.122849
0.25, 0.13692, 0.18, 0.82, 0.128968
0.25, 0.139134, 0.18, 0.82, 0.129638
0.25, 0.139807, 0.18, 0.82, 0.128943
0.25, 0.139973, 0.18, 0.82, 0.132835
0.25, 0.136009, 0.18, 0.82, 0.126618
0.25, 0.13829, 0.18, 0.82, 0.129521
0.25, 0.1352, 0.18, 0.82, 0.126917
0.25, 0.137873, 0.18, 0.82, 0.132711
0.25, 0.133589, 0.18, 0.82, 0.128411
0.25, 0.13928, 0.18, 0.82, 0.12973
0.25, 0.133286, 0.18, 0.82, 0.129512
0.25, 0.137642, 0.18, 0.82, 0.132971
0.25, 0.133832, 0.18, 0.82, 0.131113
0.25, 0.138797, 0.18, 0.82, 0.131187
0.25, 0.141894, 0.18, 0.82, 0.133691
0.25, 0.14195, 0.18, 0.82, 0.133024
0.25, 0.136767, 0.18, 0.82, 0.130323
0.25, 0.125298, 0.18, 0.82, 0.123036
0.25, 0.137858, 0.18, 0.82, 0.130063
0.25, 0.132011, 0.18, 0.82, 0.124015
0.25, 0.141824, 0.18, 0.82, 0.136868
0.25, 0.135542, 0.18, 0.82, 0.129923
0.25, 0.133769, 0.18, 0.82, 0.1266
0.25, 0.143477, 0.18, 0.82, 0.133368
0.25, 0.131727, 0.18, 0.82, 0.124568
0.25, 0.158577, 0.185, 0.815, 0.14294
0.25, 0.14611, 0.185, 0.815, 0.137254
0.25, 0.145896, 0.185, 0.815, 0.136752
0.25, 0.135145, 0.185, 0.815, 0.124251
0.25, 0.143812, 0.185, 0.815, 0.133418
0.25, 0.14405, 0.185, 0.815, 0.135222
0.25, 0.138796, 0.185, 0.815, 0.134634
0.25, 0.140377, 0.185, 0.815, 0.134743
0.25, 0.146968, 0.185, 0.815, 0.133217
0.25, 0.14526, 0.185, 0.815, 0.138535
0.25, 0.147888, 0.185, 0.815, 0.134342
0.25, 0.138248, 0.185, 0.815, 0.133779
0.25, 0.144801, 0.185, 0.815, 0.133753
0.25, 0.150021, 0.185, 0.815, 0.136574
0.25, 0.148963, 0.185, 0.815, 0.137156
0.25, 0.145517, 0.185, 0.815, 0.134914
0.25, 0.139813, 0.185, 0.815, 0.13136
0.25, 0.144994, 0.185, 0.815, 0.137003
0.25, 0.133458, 0.185, 0.815, 0.12963
0.25, 0.142908, 0.185, 0.815, 0.136755
0.25, 0.151786, 0.185, 0.815, 0.14432
0.25, 0.138956, 0.185, 0.815, 0.132775
0.25, 0.140172, 0.185, 0.815, 0.128138
0.25, 0.140392, 0.185, 0.815, 0.135513
0.25, 0.14525, 0.185, 0.815, 0.135031
0.25, 0.153599, 0.19, 0.81, 0.142949
0.25, 0.151889, 0.19, 0.81, 0.147804
0.25, 0.152738, 0.19, 0.81, 0.140627
0.25, 0.146898, 0.19, 0.81, 0.140701
0.25, 0.151404, 0.19, 0.81, 0.141418
0.25, 0.156868, 0.19, 0.81, 0.145068
0.25, 0.15254, 0.19, 0.81, 0.145068
0.25, 0.150246, 0.19, 0.81, 0.142009
0.25, 0.140238, 0.19, 0.81, 0.133449
0.25, 0.154759, 0.19, 0.81, 0.144487
0.25, 0.144307, 0.19, 0.81, 0.139287
0.25, 0.150422, 0.19, 0.81, 0.139536
0.25, 0.153157, 0.19, 0.81, 0.146767
0.25, 0.152961, 0.19, 0.81, 0.141234
0.25, 0.147587, 0.19, 0.81, 0.139278
0.25, 0.145595, 0.19, 0.81, 0.140523
0.25, 0.140979, 0.19, 0.81, 0.136641
0.25, 0.146843, 0.19, 0.81, 0.142606
0.25, 0.15324, 0.19, 0.81, 0.14393
0.25, 0.149114, 0.19, 0.81, 0.141674
0.25, 0.149701, 0.19, 0.81, 0.140983
0.25, 0.145017, 0.19, 0.81, 0.141727
0.25, 0.15275, 0.19, 0.81, 0.143548
0.25, 0.150065, 0.19, 0.81, 0.143099
0.25, 0.147165, 0.19, 0.81, 0.141429
0.25, 0.158742, 0.195, 0.805, 0.151091
0.25, 0.150852, 0.195, 0.805, 0.143379
0.25, 0.158827, 0.195, 0.805, 0.150254
0.25, 0.150156, 0.195, 0.805, 0.147
0.25, 0.158258, 0.195, 0.805, 0.153277
0.25, 0.150133, 0.195, 0.805, 0.142691
0.25, 0.152201, 0.195, 0.805, 0.148168
0.25, 0.160764, 0.195, 0.805, 0.154527
0.25, 0.152198, 0.195, 0.805, 0.145749
0.25, 0.15777, 0.195, 0.805, 0.14531
0.25, 0.156701, 0.195, 0.805, 0.148742
0.25, 0.163068, 0.195, 0.805, 0.153483
0.25, 0.164814, 0.195, 0.805, 0.151191
0.25, 0.158506, 0.195, 0.805, 0.150757
0.25, 0.151762, 0.195, 0.805, 0.144102
0.25, 0.15516, 0.195, 0.805, 0.146602
0.25, 0.157055, 0.195, 0.805, 0.1468
0.25, 0.159766, 0.195, 0.805, 0.14905
0.25, 0.16032, 0.195, 0.805, 0.151704
0.25, 0.168034, 0.195, 0.805, 0.154278
0.25, 0.160335, 0.195, 0.805, 0.148735
0.25, 0.154002, 0.195, 0.805, 0.144651
0.25, 0.158479, 0.195, 0.805, 0.149217
0.25, 0.159822, 0.195, 0.805, 0.153747
0.25, 0.158637, 0.195, 0.805, 0.14898
0.25, 0.157297, 0.2, 0.8, 0.150744
0.25, 0.165284, 0.2, 0.8, 0.153593
0.25, 0.15729, 0.2, 0.8, 0.150145
0.25, 0.158614, 0.2, 0.8, 0.14997
0.25, 0.170154, 0.2, 0.8, 0.158154
0.25, 0.164713, 0.2, 0.8, 0.157867
0.25, 0.159735, 0.2, 0.8, 0.154134
0.25, 0.158721, 0.2, 0.8, 0.150233
0.25, 0.161436, 0.2, 0.8, 0.151932
0.25, 0.163621, 0.2, 0.8, 0.155706
0.25, 0.167168, 0.2, 0.8, 0.15996
0.25, 0.161251, 0.2, 0.8, 0.152778
0.25, 0.163229, 0.2, 0.8, 0.155657
0.25, 0.158105, 0.2, 0.8, 0.148986
0.25, 0.164921, 0.2, 0.8, 0.152951
0.25, 0.165299, 0.2, 0.8, 0.154488
0.25, 0.165411, 0.2, 0.8, 0.153773
0.25, 0.15708, 0.2, 0.8, 0.152069
0.25, 0.16665, 0.2, 0.8, 0.15558
0.25, 0.167061, 0.2, 0.8, 0.157154
0.25, 0.161354, 0.2, 0.8, 0.153528
0.25, 0.159298, 0.2, 0.8, 0.154012
0.25, 0.155856, 0.2, 0.8, 0.14938
0.25, 0.172203, 0.2, 0.8, 0.16044
0.25, 0.160266, 0.2, 0.8, 0.150215
0.25, 0.17118, 0.205, 0.795, 0.157232
0.25, 0.162709, 0.205, 0.795, 0.152385
0.25, 0.164984, 0.205, 0.795, 0.159998
0.25, 0.175488, 0.205, 0.795, 0.163183
0.25, 0.174757, 0.205, 0.795, 0.164486
0.25, 0.163483, 0.205, 0.795, 0.151506
0.25, 0.172748, 0.205, 0.795, 0.160998
0.25, 0.170542, 0.205, 0.795, 0.159661
0.25, 0.172557, 0.205, 0.795, 0.163714
0.25, 0.17253, 0.205, 0.795, 0.163462
0.25, 0.176493, 0.205, 0.795, 0.16392
0.25, 0.170749, 0.205, 0.795, 0.160447
0.25, 0.164634, 0.205, 0.795, 0.151611
0.25, 0.167174, 0.205, 0.795, 0.160142
0.25, 0.168462, 0.205, 0.795, 0.159232
0.25, 0.161, 0.205, 0.795, 0.154268
0.25, 0.170354, 0.205, 0.795, 0.160959
0.25, 0.168753, 0.205, 0.795, 0.161391
0.25, 0.164016, 0.205, 0.795, 0.157995
0.25, 0.162552, 0.205, 0.795, 0.155589
0.25, 0.16909, 0.205, 0.795, 0.159679
0.25, 0.173912, 0.205, 0.795, 0.159279
0.25, 0.166446, 0.205, 0.795, 0.15755
0.25, 0.171843, 0.205, 0.795, 0.158323
0.25, 0.182245, 0.205, 0.795, 0.169022
0.25, 0.173447, 0.21, 0.79, 0.165018
0.25, 0.167048, 0.21, 0.79, 0.157861
0.25, 0.183896, 0.21, 0.79, 0.166085
0.25, 0.1645, 0.21, 0.79, 0.159772
0.25, 0.177856, 0.21, 0.79, 0.167304
0.25, 0.17531, 0.21, 0.79, 0.164531
0.25, 0.169364, 0.21, 0.79, 0.158902
0.25, 0.17786, 0.21, 0.79, 0.165838
0.25, 0.169779, 0.21, 0.79, 0.161491
0.25, 0.178597, 0.21, 0.79, 0.16884
0.25, 0.171825, 0.21, 0.79, 0.162568
0.25, 0.175499, 0.21, 0.79, 0.166163
0.25, 0.174647, 0.21, 0.79, 0.165111
0.25, 0.181309, 0.21, 0.79, 0.165848
0.25, 0.175359, 0.21, 0.79, 0.164004
0.25, 0.181394, 0.21, 0.79, 0.168844
0.25, 0.168497, 0.21, 0.79, 0.162582
0.25, 0.167921, 0.21, 0.79, 0.162896
0.25, 0.169562, 0.21, 0.79, 0.163043
0.25, 0.169202, 0.21, 0.79, 0.163422
0.25, 0.191722, 0.21, 0.79, 0.17676
0.25, 0.175091, 0.21, 0.79, 0.168141
0.25, 0.175907, 0.21, 0.79, 0.164892
0.25, 0.166336, 0.21, 0.79, 0.158046
0.25, 0.178712, 0.21, 0.79, 0.164544
0.25, 0.195626, 0.215, 0.785, 0.177665
0.25, 0.179039, 0.215, 0.785, 0.172124
0.25, 0.172928, 0.215, 0.785, 0.164746
0.25, 0.175217, 0.215, 0.785, 0.169213
0.25, 0.184008, 0.215, 0.785, 0.174405
0.25, 0.173028, 0.215, 0.785, 0.167117
0.25, 0.178136, 0.215, 0.785, 0.169266
0.25, 0.180051, 0.215, 0.785, 0.169558
0.25, 0.181503, 0.215, 0.785, 0.173091
0.25, 0.182817, 0.215, 0.785, 0.173542
0.25, 0.17383, 0.215, 0.785, 0.168625
0.25, 0.188695, 0.215, 0.785, 0.176421
0.25, 0.188437, 0.215, 0.785, 0.174046
0.25, 0.183224, 0.215, 0.785, 0.173538
0.25, 0.17908, 0.215, 0.785, 0.171245
0.25, 0.187199, 0.215, 0.785, 0.174926
0.25, 0.187706, 0.215, 0.785, 0.174725
0.25, 0.178851, 0.215, 0.785, 0.172367
0.25, 0.1878, 0.215, 0.785, 0.175816
0.25, 0.177336, 0.215, 0.785, 0.170432
0.25, 0.179231, 0.215, 0.785, 0.169448
0.25, 0.180417, 0.215, 0.785, 0.168467
0.25, 0.187166, 0.215, 0.785, 0.176659
0.25, 0.175725, 0.215, 0.785, 0.168946
0.25, 0.182344, 0.215, 0.785, 0.174861
0.25, 0.195741, 0.22, 0.78, 0.185846
0.25, 0.185193, 0.22, 0.78, 0.175544
0.25, 0.184166, 0.22, 0.78, 0.170201
0.25, 0.190288, 0.22, 0.78, 0.180834
0.25, 0.18989, 0.22, 0.78, 0.177146
0.25, 0.18479, 0.22, 0.78, 0.176356
0.25, 0.187447, 0.22, 0.78, 0.1773
0.25, 0.192713, 0.22, 0.78, 0.180615
0.25, 0.191459, 0.22, 0.78, 0.181564
0.25, 0.196237, 0.22, 0.78, 0.187888
0.25, 0.190035, 0.22, 0.78, 0.180235
0.25, 0.183166, 0.22, 0.78, 0.17542
0.25, 0.199102, 0.22, 0.78, 0.186647
0.25, 0.190589, 0.22, 0.78, 0.184633
0.25, 0.182369, 0.22, 0.78, 0.173747
0.25, 0.195805, 0.22, 0.78, 0.178454
0.25, 0.182435, 0.22, 0.78, 0.176467
0.25, 0.187869, 0.22, 0.78, 0.180672
0.25, 0.189405, 0.22, 0.78, 0.177936
0.25, 0.183292, 0.22, 0.78, 0.174171
0.25, 0.189191, 0.22, 0.78, 0.178436
0.25, 0.186819, 0.22, 0.78, 0.180203
0.25, 0.187805, 0.22, 0.78, 0.185732
0.25, 0.192432, 0.22, 0.78, 0.178269
0.25, 0.188241, 0.22, 0.78, 0.178464
0.25, 0.192682, 0.225, 0.775, 0.185864
0.25, 0.192403, 0.225, 0.775, 0.182547
0.25, 0.201398, 0.225, 0.775, 0.189996
0.25, 0.189721, 0.225, 0.775, 0.180297
0.25, 0.187504, 0.225, 0.775, 0.181878
0.25, 0.196076, 0.225, 0.775, 0.186261
0.25, 0.205511, 0.225, 0.775, 0.186676
0.25, 0.198248, 0.225, 0.775, 0.18942
0.25, 0.199387, 0.225, 0.775, 0.188415
0.25, 0.199326, 0.225, 0.775, 0.185647
0.25, 0.197637, 0.225, 0.775, 0.188538
0.25, 0.188605, 0.225, 0.775, 0.179297
0.25, 0.205217, 0.225, 0.775, 0.192776
0.25, 0.196935, 0.225, 0.775, 0.1883
0.25, 0.195827, 0.225, 0.775, 0.185552
0.25, 0.200127, 0.225, 0.775, 0.194015
0.25, 0.205138, 0.225, 0.775, 0.193435
0.25, 0.189201, 0.225, 0.775, 0.181802
0.25, 0.186318, 0.225, 0.775, 0.176
0.25, 0.196186, 0.225, 0.775, 0.183704
0.25, 0.199674, 0.225, 0.775, 0.189139
0.25, 0.207759, 0.225, 0.775, 0.193576
0.25, 0.198833, 0.225, 0.775, 0.190422
0.25, 0.199821, 0.225, 0.775, 0.188872
0.25, 0.19855, 0.225, 0.775, 0.18678
0.25, 0.205637, 0.23, 0.77, 0.194933
0.25, 0.212476, 0.23, 0.77, 0.195344
0.25, 0.195461, 0.23, 0.77, 0.192124
0.25, 0.198712, 0.23, 0.77, 0.190845
0.25, 0.199339, 0.23, 0.77, 0.190126
0.25, 0.202182, 0.23, 0.77, 0.194286
0.25, 0.194821, 0.23, 0.77, 0.189173
0.25, 0.19542, 0.23, 0.77, 0.191334
0.25, 0.202065, 0.23, 0.77, 0.190187
0.25, 0.203543, 0.23, 0.77, 0.196415
0.25, 0.196701, 0.23, 0.77, 0.189763
0.25, 0.199203, 0.23, 0.77, 0.187045
0.25, 0.199027, 0.23, 0.77, 0.188611
0.25, 0.200631, 0.23, 0.77, 0.193315
0.25, 0.198909, 0.23, 0.77, 0.187515
0.25, 0.201834, 0.23, 0.77, 0.192217
0.25, 0.198653, 0.23, 0.77, 0.188631
0.25, 0.202576, 0.23, 0.77, 0.192725
0.25, 0.206604, 0.23, 0.77, 0.192625
0.25, 0.209158, 0.23, 0.77, 0.19854
0.25, 0.194432, 0.23, 0.77, 0.18937
0.25, 0.193437, 0.23, 0.77, 0.184107
0.25, 0.197584, 0.23, 0.77, 0.188525
0.25, 0.196858, 0.23, 0.77, 0.193329
0.25, 0.201256, 0.23, 0.77, 0.191511
0.25, 0.206127, 0.235, 0.765, 0.199951
0.25, 0.204556, 0.235, 0.765, 0.194198
0.25, 0.211512, 0.235, 0.765, 0.202392
0.25, 0.216704, 0.235, 0.765, 0.208611
0.25, 0.207361, 0.235, 0.765, 0.1984
0.25, 0.208561, 0.235, 0.765, 0.201682
0.25, 0.202845, 0.235, 0.765, 0.192051
0.25, 0.213185, 0.235, 0.765, 0.204003
0.25, 0.204422, 0.235, 0.765, 0.200024
0.25, 0.218062, 0.235, 0.765, 0.202924
0.25, 0.21216, 0.235, 0.765, 0.205599
0.25, 0.20374, 0.235, 0.765, 0.199855
0.25, 0.214648, 0.235, 0.765, 0.197875
0.25, 0.220473, 0.235, 0.765, 0.20897
0.25, 0.19285, 0.235, 0.765, 0.187858
0.25, 0.22017, 0.235, 0.765, 0.215215
0.25, 0.213876, 0.235, 0.765, 0.198229
0.25, 0.207768, 0.235, 0.765, 0.193387
0.25, 0.204427, 0.235, 0.765, 0.195038
0.25, 0.215701, 0.235, 0.765, 0.201272
0.25, 0.205685, 0.235, 0.765, 0.19875
0.25, 0.218695, 0.235, 0.765, 0.205205
0.25, 0.203101, 0.235, 0.765, 0.19838
0.25, 0.206173, 0.235, 0.765, 0.196847
0.25, 0.208866, 0.235, 0.765, 0.197775
0.25, 0.213064, 0.24, 0.76, 0.20483
0.25, 0.218868, 0.24, 0.76, 0.2054
0.25, 0.218373, 0.24, 0.76, 0.210113
0.25, 0.219358, 0.24, 0.76, 0.206159
0.25, 0.224013, 0.24, 0.76, 0.208599
0.25, 0.214232, 0.24, 0.76, 0.202356
0.25, 0.216645, 0.24, 0.76, 0.204101
0.25, 0.216486, 0.24, 0.76, 0.205799
0.25, 0.217422, 0.24, 0.76, 0.207523
0.25, 0.211164, 0.24, 0.76, 0.203018
0.25, 0.219975, 0.24, 0.76, 0.209301
0.25, 0.216454, 0.24, 0.76, 0.202318
0.25, 0.216964, 0.24, 0.76, 0.203079
0.25, 0.216383, 0.24, 0.76, 0.20567
0.25, 0.222515, 0.24, 0.76, 0.210729
0.25, 0.213363, 0.24, 0.76, 0.204239
0.25, 0.216465, 0.24, 0.76, 0.205221
0.25, 0.216854, 0.24, 0.76, 0.205729
0.25, 0.213873, 0.24, 0.76, 0.206696
0.25, 0.212112, 0.24, 0.76, 0.20344
0.25, 0.224206, 0.24, 0.76, 0.208854
0.25, 0.225851, 0.24, 0.76, 0.212775
0.25, 0.222858, 0.24, 0.76, 0.213473
0.25, 0.211262, 0.24, 0.76, 0.20323
0.25, 0.221307, 0.24, 0.76, 0.208869
0.25, 0.226916, 0.245, 0.755, 0.213824
0.25, 0.222853, 0.245, 0.755, 0.210348
0.25, 0.233109, 0.245, 0.755, 0.222862
0.25, 0.228823, 0.245, 0.755, 0.215255
0.25, 0.224163, 0.245, 0.755, 0.21551
0.25, 0.218473, 0.245, 0.755, 0.206215
0.25, 0.224, 0.245, 0.755, 0.215006
0.25, 0.221416, 0.245, 0.755, 0.210827
0.25, 0.226376, 0.245, 0.755, 0.214237
0.25, 0.223269, 0.245, 0.755, 0.213542
0.25, 0.219929, 0.245, 0.755, 0.21209
0.25, 0.221545, 0.245, 0.755, 0.213469
0.25, 0.217928, 0.245, 0.755, 0.208374
0.25, 0.229428, 0.245, 0.755, 0.213891
0.25, 0.223913, 0.245, 0.755, 0.21579
0.25, 0.232069, 0.245, 0.755, 0.218577
0.25, 0.222433, 0.245, 0.755, 0.206293
0.25, 0.229904, 0.245, 0.755, 0.216955
0.25, 0.226635, 0.245, 0.755, 0.216155
0.25, 0.216513, 0.245, 0.755, 0.205518
0.25, 0.213864, 0.245, 0.755, 0.206573
0.25, 0.226736, 0.245, 0.755, 0.212797
0.25, 0.230299, 0.245, 0.755, 0.225936
0.25, 0.230663, 0.245, 0.755, 0.218003
0.25, 0.226416, 0.245, 0.755, 0.212185
0.25, 0.235079, 0.25, 0.75, 0.220848
0.25, 0.228677, 0.25, 0.75, 0.218984
0.25, 0.231958, 0.25, 0.75, 0.220929
0.25, 0.22014, 0.25, 0.75, 0.210024
0.25, 0.226346, 0.25, 0.75, 0.217357
0.25, 0.225001, 0.25, 0.75, 0.214838
0.25, 0.226741, 0.25, 0.75, 0.217699
0.25, 0.230225, 0.25, 0.75, 0.221577
0.25, 0.233155, 0.25, 0.75, 0.215488
0.25, 0.237792, 0.25, 0.75, 0.225523
0.25, 0.236734, 0.25, 0.75, 0.222567
0.25, 0.227412, 0.25, 0.75, 0.216129
0.25, 0.244212, 0.25, 0.75, 0.232018
0.25, 0.239072, 0.25, 0.75, 0.22354
0.25, 0.230243, 0.25, 0.75, 0.220381
0.25, 0.229379, 0.25, 0.75, 0.219665
0.25, 0.234317, 0.25, 0.75, 0.219929
0.25, 0.223994, 0.25, 0.75, 0.215708
0.25, 0.222505, 0.25, 0.75, 0.212803
0.25, 0.233377, 0.25, 0.75, 0.224528
0.25, 0.237162, 0.25, 0.75, 0.222494
0.25, 0.239414, 0.25, 0.75, 0.222986
0.25, 0.223247, 0.25, 0.75, 0.216304
0.25, 0.238473, 0.25, 0.75, 0.22701
0.25, 0.229785, 0.25, 0.75, 0.219672
0.25, 0.244957, 0.255, 0.745, 0.234835
0.25, 0.241232, 0.255, 0.745, 0.231738
0.25, 0.236194, 0.255, 0.745, 0.226499
0.25, 0.234662, 0.255, 0.745, 0.222351
0.25, 0.241361, 0.255, 0.745, 0.229998
0.25, 0.222591, 0.255, 0.745, 0.217673
0.25, 0.235889, 0.255, 0.745, 0.225112
0.25, 0.240395, 0.255, 0.745, 0.227959
0.25, 0.235746, 0.255, 0.745, 0.227989
0.25, 0.246668, 0.255, 0.745, 0.23558
0.25, 0.239073, 0.255, 0.745, 0.23017
0.25, 0.228291, 0.255, 0.745, 0.226512
0.25, 0.236654, 0.255, 0.745, 0.226605
0.25, 0.233796, 0.255, 0.745, 0.219095
0.25, 0.24434, 0.255, 0.745, 0.231746
0.25, 0.242327, 0.255, 0.745, 0.228883
0.25, 0.248308, 0.255, 0.745, 0.232063
0.25, 0.238533, 0.255, 0.745, 0.226089
0.25, 0.253825, 0.255, 0.745, 0.238584
0.25, 0.232674, 0.255, 0.745, 0.223874
0.25, 0.240851, 0.255, 0.745, 0.227626
0.25, 0.230855, 0.255, 0.745, 0.22667
0.25, 0.230336, 0.255, 0.745, 0.220731
0.25, 0.241395, 0.255, 0.745, 0.23194
0.25, 0.245942, 0.255, 0.745, 0.230107
0.25, 0.243803, 0.26, 0.74, 0.23669
0.25, 0.249733, 0.26, 0.74, 0.23299
0.25, 0.247039, 0.26, 0.74, 0.235797
0.25, 0.244554, 0.26, 0.74, 0.234303
0.25, 0.236941, 0.26, 0.74, 0.23222
0.25, 0.24713, 0.26, 0.74, 0.239113
0.25, 0.235449, 0.26, 0.74, 0.226495
0.25, 0.24903, 0.26, 0.74, 0.239956
0.25, 0.24861, 0.26, 0.74, 0.236501
0.25, 0.247087, 0.26, 0.74, 0.233971
0.25, 0.247067, 0.26, 0.74, 0.235411
0.25, 0.246135, 0.26, 0.74, 0.234791
0.25, 0.248997, 0.26, 0.74, 0.238899
0.25, 0.245152, 0.26, 0.74, 0.234292
0.25, 0.240988, 0.26, 0.74, 0.227911
0.25, 0.251391, 0.26, 0.74, 0.237687
0.25, 0.251294, 0.26, 0.74, 0.237555
0.25, 0.246403, 0.26, 0.74, 0.231022
0.25, 0.246954, 0.26, 0.74, 0.236253
0.25, 0.248339, 0.26, 0.74, 0.235734
0.25, 0.246461, 0.26, 0.74, 0.231246
0.25, 0.249517, 0.26, 0.74, 0.236756
0.25, 0.240361, 0.26, 0.74, 0.228917
0.25, 0.242562, 0.26, 0.74, 0.228577
0.25, 0.251277, 0.26, 0.74, 0.239085
0.25, 0.248415, 0.265, 0.735, 0.239479
0.25, 0.256736, 0.265, 0.735, 0.242899
0.25, 0.276675, 0.265, 0.735, 0.258582
0.25, 0.243018, 0.265, 0.735, 0.232474
0.25, 0.253472, 0.265, 0.735, 0.244101
0.25, 0.254973, 0.265, 0.735, 0.246942
0.25, 0.252065, 0.265, 0.735, 0.238429
0.25, 0.273926, 0.265, 0.735, 0.251008
0.25, 0.242713, 0.265, 0.735, 0.236618
0.25, 0.263357, 0.265, 0.735, 0.249556
0.25, 0.263485, 0.265, 0.735, 0.249043
0.25, 0.255283, 0.265, 0.735, 0.241853
0.25, 0.263858, 0.265, 0.735, 0.254782
0.25, 0.246383, 0.265, 0.735, 0.240511
0.25, 0.258352, 0.265, 0.735, 0.250843
0.25, 0.252507, 0.265, 0.735, 0.246291
0.25, 0.253845, 0.265, 0.735, 0.240505
0.25, 0.238001, 0.265, 0.735, 0.229811
0.25, 0.240011, 0.265, 0.735, 0.232782
0.25, 0.251794, 0.265, 0.735, 0.237801
0.25, 0.247448, 0.265, 0.735, 0.238506
0.25, 0.253621, 0.265, 0.735, 0.238848
0.25, 0.260588, 0.265, 0.735, 0.246948
0.25, 0.2558, 0.265, 0.735, 0.247924
0.25, 0.243755, 0.265, 0.735, 0.230513
0.25, 0.258367, 0.27, 0.73, 0.250062
0.25, 0.265195, 0.27, 0.73, 0.2508
0.25, 0.258847, 0.27, 0.73, 0.249627
0.25, 0.269709, 0.27, 0.73, 0.251957
0.25, 0.270149, 0.27, 0.73, 0.255829
0.25, 0.251501, 0.27, 0.73, 0.244299
0.25, 0.270039, 0.27, 0.73, 0.260295
0.25, 0.269557, 0.27, 0.73, 0.251741
0.25, 0.262816, 0.27, 0.73, 0.244511
0.25, 0.260036, 0.27, 0.73, 0.244985
0.25, 0.273525, 0.27, 0.73, 0.259632
0.25, 0.258936, 0.27, 0.73, 0.244425
0.25, 0.246804, 0.27, 0.73, 0.239121
0.25, 0.267012, 0.27, 0.73, 0.258032
0.25, 0.260849, 0.27, 0.73, 0.249186
0.25, 0.257511, 0.27, 0.73, 0.246312
0.25, 0.270954, 0.27, 0.73, 0.258303
0.25, 0.256803, 0.27, 0.73, 0.246219
0.25, 0.262772, 0.27, 0.73, 0.250905
0.25, 0.266793, 0.27, 0.73, 0.254087
0.25, 0.265478, 0.27, 0.73, 0.253344
0.25, 0.265514, 0.27, 0.73, 0.252943
0.25, 0.271982, 0.27, 0.73, 0.253466
0.25, 0.271496, 0.27, 0.73, 0.256764
0.25, 0.265303, 0.27, 0.73, 0.257409
0.25, 0.251251, 0.275, 0.725, 0.247318
0.25, 0.274835, 0.275, 0.725, 0.261278
0.25, 0.272416, 0.275, 0.725, 0.261086
0.25, 0.264138, 0.275, 0.725, 0.25383
0.25, 0.267852, 0.275, 0.725, 0.255986
0.25, 0.2676, 0.275, 0.725, 0.258749
0.25, 0.27724, 0.275, 0.725, 0.260166
0.25, 0.272921, 0.275, 0.725, 0.257339
0.25, 0.271528, 0.275, 0.725, 0.255685
0.25, 0.27919, 0.275, 0.725, 0.271565
0.25, 0.264328, 0.275, 0.725, 0.253409
0.25, 0.266659, 0.275, 0.725, 0.255525
0.25, 0.267284, 0.275, 0.725, 0.259687
0.25, 0.261193, 0.275, 0.725, 0.252838
0.25, 0.271783, 0.275, 0.725, 0.25895
0.25, 0.271364, 0.275, 0.725, 0.262188
0.25, 0.270001, 0.275, 0.725, 0.256278
0.25, 0.258897, 0.275, 0.725, 0.250473
0.25, 0.265016, 0.275, 0.725, 0.251874
0.25, 0.281761, 0.275, 0.725, 0.267836
0.25, 0.264137, 0.275, 0.725, 0.253337
0.25, 0.268816, 0.275, 0.725, 0.253675
0.25, 0.271133, 0.275, 0.725, 0.264247
0.25, 0.271895, 0.275, 0.725, 0.25987
0.25, 0.268785, 0.275, 0.725, 0.252701
0.25, 0.280699, 0.28, 0.72, 0.264952
0.25, 0.283307, 0.28, 0.72, 0.265387
0.25, 0.282496, 0.28, 0.72, 0.267724
0.25, 0.264494, 0.28, 0.72, 0.258069
0.25, 0.27747, 0.28, 0.72, 0.269572
0.25, 0.277915, 0.28, 0.72, 0.26397
0.25, 0.278599, 0.28, 0.72, 0.263549
0.25, 0.278638, 0.28, 0.72, 0.261685
0.25, 0.287253, 0.28, 0.72, 0.273233
0.25, 0.28887, 0.28, 0.72, 0.271078
0.25, 0.282179, 0.28, 0.72, 0.269796
0.25, 0.270619, 0.28, 0.72, 0.263016
0.25, 0.283747, 0.28, 0.72, 0.270206
0.25, 0.276322, 0.28, 0.72, 0.263928
0.25, 0.272458, 0.28, 0.72, 0.26081
0.25, 0.278002, 0.28, 0.72, 0.261494
0.25, 0.283971, 0.28, 0.72, 0.267795
0.25, 0.273846, 0.28, 0.72, 0.265824
0.25, 0.281269, 0.28, 0.72, 0.26946
0.25, 0.277944, 0.28, 0.72, 0.263701
0.25, 0.27953, 0.28, 0.72, 0.270049
0.25, 0.28251, 0.28, 0.72, 0.268083
0.25, 0.271462, 0.28, 0.72, 0.263855
0.25, 0.269275, 0.28, 0.72, 0.257009
0.25, 0.28023, 0.28, 0.72, 0.270309
0.25, 0.277684, 0.285, 0.715, 0.269683
0.25, 0.282267, 0.285, 0.715, 0.274623
0.25, 0.281949, 0.285, 0.715, 0.271053
0.25, 0.297628, 0.285, 0.715, 0.279746
0.25, 0.279132, 0.285, 0.715, 0.271087
0.25, 0.296493, 0.285, 0.715, 0.280334
0.25, 0.286811, 0.285, 0.715, 0.271212
0.25, 0.287637, 0.285, 0.715, 0.273826
0.25, 0.285711, 0.285, 0.715, 0.278726
0.25, 0.297518, 0.285, 0.715, 0.278189
0.25, 0.290951, 0.285, 0.715, 0.276731
0.25, 0.299124, 0.285, 0.715, 0.284539
0.25, 0.293556, 0.285, 0.715, 0.276255
0.25, 0.287691, 0.285, 0.715, 0.270666
0.25, 0.279069, 0.285, 0.715, 0.26973
0.25, 0.288948, 0.285, 0.715, 0.277334
0.25, 0.293573, 0.285, 0.715, 0.284138
0.25, 0.279389, 0.285, 0.715, 0.270564
0.25, 0.288962, 0.285, 0.715, 0.278258
0.25, 0.283856, 0.285, 0.715, 0.268066
0.25, 0.287767, 0.285, 0.715, 0.278372
0.25, 0.288672, 0.285, 0.715, 0.273198
0.25, 0.304571, 0.285, 0.715, 0.287821
0.25, 0.287736, 0.285, 0.715, 0.274291
0.25, 0.284082, 0.285, 0.715, 0.273363
0.25, 0.297268, 0.29, 0.71, 0.280291
0.25, 0.289109, 0.29, 0.71, 0.280698
0.25, 0.287953, 0.29, 0.71, 0.274264
0.25, 0.301918, 0.29, 0.71, 0.293637
0.25, 0.293339, 0.29, 0.71, 0.281361
0.25, 0.304788, 0.29, 0.71, 0.288624
0.25, 0.29982, 0.29, 0.71, 0.282939
0.25, 0.296195, 0.29, 0.71, 0.279985
0.25, 0.298842, 0.29, 0.71, 0.287716
0.25, 0.30446, 0.29, 0.71, 0.284369
0.25, 0.303134, 0.29, 0.71, 0.285885
0.25, 0.293403, 0.29, 0.71, 0.28019
0.25, 0.296165, 0.29, 0.71, 0.285651
0.25, 0.305355, 0.29, 0.71, 0.290068
0.25, 0.297264, 0.29, 0.71, 0.284476
0.25, 0.309736, 0.29, 0.71, 0.290652
0.25, 0.29425, 0.29, 0.71, 0.281444
0.25, 0.297266, 0.29, 0.71, 0.275535
0.25, 0.296292, 0.29, 0.71, 0.28364
0.25, 0.302074, 0.29, 0.71, 0.285087
0.25, 0.29814, 0.29, 0.71, 0.283099
0.25, 0.292754, 0.29, 0.71, 0.283053
0.25, 0.299293, 0.29, 0.71, 0.286952
0.25, 0.285449, 0.29, 0.71, 0.274472
0.25, 0.30618, 0.29, 0.71, 0.288266
0.25, 0.310438, 0.295, 0.705, 0.294764
0.25, 0.305455, 0.295, 0.705, 0.296625
0.25, 0.304345, 0.295, 0.705, 0.290861
0.25, 0.297511, 0.295, 0.705, 0.282857
0.25, 0.314459, 0.295, 0.705, 0.301161
0.25, 0.297626, 0.295, 0.705, 0.287548
0.25, 0.291703, 0.295, 0.705, 0.28556
0.25, 0.301516, 0.295, 0.705, 0.286367
0.25, 0.311294, 0.295, 0.705, 0.296764
0.25, 0.302251, 0.295, 0.705, 0.293373
0.25, 0.300106, 0.295, 0.705, 0.286849
0.25, 0.304189, 0.295, 0.705, 0.291329
0.25, 0.287447, 0.295, 0.705, 0.279915
0.25, 0.304923, 0.295, 0.705, 0.298084
0.25, 0.301602, 0.295, 0.705, 0.287649
0.25, 0.303531, 0.295, 0.705, 0.291437
0.25, 0.303374, 0.295, 0.705, 0.291456
0.25, 0.297057, 0.295, 0.705, 0.285964
0.25, 0.295856, 0.295, 0.705, 0.284848
0.25, 0.305954, 0.295, 0.705, 0.291319
0.25, 0.296972, 0.295, 0.705, 0.285218
0.25, 0.30042, 0.295, 0.705, 0.29066
0.25, 0.315403, 0.295, 0.705, 0.304229
0.25, 0.302472, 0.295, 0.705, 0.292112
0.25, 0.305547, 0.295, 0.705, 0.296301
0.25, 0.319048, 0.3, 0.7, 0.307155
0.25, 0.308123, 0.3, 0.7, 0.300988
0.25, 0.308486, 0.3, 0.7, 0.297434
0.25, 0.314694, 0.3, 0.7, 0.304323
0.25, 0.314957, 0.3, 0.7, 0.301043
0.25, 0.304275, 0.3, 0.7, 0.294121
0.25, 0.296191, 0.3, 0.7, 0.291451
0.25, 0.310345, 0.3, 0.7, 0.294932
0.25, 0.312971, 0.3, 0.7, 0.300724
0.25, 0.324797, 0.3, 0.7, 0.314018
0.25, 0.323169, 0.3, 0.7, 0.312178
0.25, 0.299821, 0.3, 0.7, 0.291754
0.25, 0.324411, 0.3, 0.7, 0.306388
0.25, 0.298588, 0.3, 0.7, 0.286204
0.25, 0.305514, 0.3, 0.7, 0.296763
0.25, 0.302323, 0.3, 0.7, 0.289821
0.25, 0.308156, 0.3, 0.7, 0.295749
0.25, 0.316547, 0.3, 0.7, 0.303381
0.25, 0.305407, 0.3, 0.7, 0.293092
0.25, 0.304513, 0.3, 0.7, 0.29342
0.25, 0.307158, 0.3, 0.7, 0.295847
0.25, 0.321966, 0.3, 0.7, 0.307826
0.25, 0.313753, 0.3, 0.7, 0.30784
0.25, 0.305993, 0.3, 0.7, 0.294456
0.25, 0.299685, 0.3, 0.7, 0.293818
0.25, 0.347298, 0.305, 0.695, 0.324966
0.25, 0.305089, 0.305, 0.695, 0.29394
0.25, 0.314076, 0.305, 0.695, 0.300919
0.25, 0.331576, 0.305, 0.695, 0.315954
0.25, 0.32433, 0.305, 0.695, 0.312265
0.25, 0.316877, 0.305, 0.695, 0.301373
0.25, 0.331119, 0.305, 0.695, 0.320193
0.25, 0.328952, 0.305, 0.695, 0.313509
0.25, 0.331219, 0.305, 0.695, 0.316841
0.25, 0.312456, 0.305, 0.695, 0.298563
0.25, 0.316012, 0.305, 0.695, 0.301158
0.25, 0.321189, 0.305, 0.695, 0.305287
0.25, 0.313745, 0.305, 0.695, 0.301956
0.25, 0.330947, 0.305, 0.695, 0.318488
0.25, 0.318789, 0.305, 0.695, 0.305245
0.25, 0.326128, 0.305, 0.695, 0.309547
0.25, 0.322035, 0.305, 0.695, 0.311223
0.25, 0.315797, 0.305, 0.695, 0.307892
0.25, 0.322222, 0.305, 0.695, 0.309795
0.25, 0.312439, 0.305, 0.695, 0.302788
0.25, 0.311422, 0.305, 0.695, 0.300198
0.25, 0.333055, 0.305, 0.695, 0.316875
0.25, 0.321328, 0.305, 0.695, 0.310172
0.25, 0.322317, 0.305, 0.695, 0.309068
0.25, 0.314099, 0.305, 0.695, 0.306
0.25, 0.338362, 0.31, 0.69, 0.321472
0.25, 0.315258, 0.31, 0.69, 0.307167
0.25, 0.320575, 0.31, 0.69, 0.308478
0.25, 0.347079, 0.31, 0.69, 0.327105
0.25, 0.338982, 0.31, 0.69, 0.324381
0.25, 0.333312, 0.31, 0.69, 0.322184
0.25, 0.337648, 0.31, 0.69, 0.324898
0.25, 0.341431, 0.31, 0.69, 0.325083
0.25, 0.328672, 0.31, 0.69, 0.311287
0.25, 0.330764, 0.31, 0.69, 0.314938
0.25, 0.333765, 0.31, 0.69, 0.313677
0.25, 0.322829, 0.31, 0.69, 0.311068
0.25, 0.322336, 0.31, 0.69, 0.314981
0.25, 0.342273, 0.31, 0.69, 0.325441
0.25, 0.333106, 0.31, 0.69, 0.323737
0.25, 0.331416, 0.31, 0.69, 0.317005
0.25, 0.340956, 0.31, 0.69, 0.331766
0.25, 0.3268, 0.31, 0.69, 0.312504
0.25, 0.336843, 0.31, 0.69, 0.320875
0.25, 0.352761, 0.31, 0.69, 0.332622
0.25, 0.323229, 0.31, 0.69, 0.30657
0.25, 0.321186, 0.31, 0.69, 0.314679
0.25, 0.330013, 0.31, 0.69, 0.321932
0.25, 0.336584, 0.31, 0.69, 0.317578
0.25, 0.324402, 0.31, 0.69, 0.312689
0.25, 0.344743, 0.315, 0.685, 0.32911
0.25, 0.35392, 0.315, 0.685, 0.337388
0.25, 0.337356, 0.315, 0.685, 0.326271
0.25, 0.331536, 0.315, 0.685, 0.322207
0.25, 0.333086, 0.315, 0.685, 0.327487
0.25, 0.338182, 0.315, 0.685, 0.325497
0.25, 0.345351, 0.315, 0.685, 0.327395
0.25, 0.344176, 0.315, 0.685, 0.330825
0.25, 0.352935, 0.315, 0.685, 0.340374
0.25, 0.346189, 0.315, 0.685, 0.328957
0.25, 0.332245, 0.315, 0.685, 0.322523
0.25, 0.329056, 0.315, 0.685, 0.314654
0.25, 0.349561, 0.315, 0.685, 0.335446
0.25, 0.330121, 0.315, 0.685, 0.321103
0.25, 0.335093, 0.315, 0.685, 0.325908
0.25, 0.341885, 0.315, 0.685, 0.331292
0.25, 0.345618, 0.315, 0.685, 0.333745
0.25, 0.343003, 0.315, 0.685, 0.328559
0.25, 0.323161, 0.315, 0.685, 0.316017
0.25, 0.339408, 0.315, 0.685, 0.327676
0.25, 0.337065, 0.315, 0.685, 0.318875
0.25, 0.334512, 0.315, 0.685, 0.319088
0.25, 0.333328, 0.315, 0.685, 0.317574
0.25, 0.350488, 0.315, 0.685, 0.335526
0.25, 0.338362, 0.315, 0.685, 0.326454
0.25, 0.349171, 0.32, 0.68, 0.335823
0.25, 0.340435, 0.32, 0.68, 0.327445
0.25, 0.340743, 0.32, 0.68, 0.32985
0.25, 0.35262, 0.32, 0.68, 0.343648
0.25, 0.352238, 0.32, 0.68, 0.342263
0.25, 0.33553, 0.32, 0.68, 0.325073
0.25, 0.339207, 0.32, 0.68, 0.32902
0.25, 0.348636, 0.32, 0.68, 0.340499
0.25, 0.345179, 0.32, 0.68, 0.330264
0.25, 0.348909, 0.32, 0.68, 0.334721
0.25, 0.34847, 0.32, 0.68, 0.336565
0.25, 0.357573, 0.32, 0.68, 0.340959
0.25, 0.344439, 0.32, 0.68, 0.331325
0.25, 0.345561, 0.32, 0.68, 0.330589
0.25, 0.341582, 0.32, 0.68, 0.331012
0.25, 0.339222, 0.32, 0.68, 0.325091
0.25, 0.349235, 0.32, 0.68, 0.33288
0.25, 0.34937, 0.32, 0.68, 0.337556
0.25, 0.355013, 0.32, 0.68, 0.341277
0.25, 0.35792, 0.32, 0.68, 0.340444
0.25, 0.35503, 0.32, 0.68, 0.338631
0.25, 0.352163, 0.32, 0.68, 0.338029
0.25, 0.353129, 0.32, 0.68, 0.344447
0.25, 0.349053, 0.32, 0.68, 0.339179
0.25, 0.350002, 0.32, 0.68, 0.331539
0.25, 0.348512, 0.325, 0.675, 0.340227
0.25, 0.357984, 0.325, 0.675, 0.346986
0.25, 0.35274, 0.325, 0.675, 0.345663
0.25, 0.353024, 0.325, 0.675, 0.340532
0.25, 0.349963, 0.325, 0.675, 0.337717
0.25, 0.34226, 0.325, 0.675, 0.330397
0.25, 0.358043, 0.325, 0.675, 0.345311
0.25, 0.341431, 0.325, 0.675, 0.337938
0.25, 0.355332, 0.325, 0.675, 0.34585
0.25, 0.369629, 0.325, 0.675, 0.349817
0.25, 0.357499, 0.325, 0.675, 0.34693
0.25, 0.358953, 0.325, 0.675, 0.343452
0.25, 0.352621, 0.325, 0.675, 0.334662
0.25, 0.348792, 0.325, 0.675, 0.339931
0.25, 0.347562, 0.325, 0.675, 0.336925
0.25, 0.354946, 0.325, 0.675, 0.343994
0.25, 0.353937, 0.325, 0.675, 0.341663
0.25, 0.365627, 0.325, 0.675, 0.347304
0.25, 0.350783, 0.325, 0.675, 0.336791
0.25, 0.355695, 0.325, 0.675, 0.341812
0.25, 0.358689, 0.325, 0.675, 0.346096
0.25, 0.348407, 0.325, 0.675, 0.334517
0.25, 0.368939, 0.325, 0.675, 0.353041
0.25, 0.359374, 0.325, 0.675, 0.345237
0.25, 0.363484, 0.325, 0.675, 0.344104
0.25, 0.359372, 0.33, 0.67, 0.343999
0.25, 0.375408, 0.33, 0.67, 0.358802
0.25, 0.366995, 0.33, 0.67, 0.358242
0.25, 0.378839, 0.33, 0.67, 0.365969
0.25, 0.374627, 0.33, 0.67, 0.36229
0.25, 0.365514, 0.33, 0.67, 0.345782
0.25, 0.356866, 0.33, 0.67, 0.349638
0.25, 0.370157, 0.33, 0.67, 0.356533
0.25, 0.352525, 0.33, 0.67, 0.346888
0.25, 0.368538, 0.33, 0.67, 0.356115
0.25, 0.375518, 0.33, 0.67, 0.35879
0.25, 0.368871, 0.33, 0.67, 0.358612
0.25, 0.361947, 0.33, 0.67, 0.34839
0.25, 0.360962, 0.33, 0.67, 0.351298
0.25, 0.356358, 0.33, 0.67, 0.346731
0.25, 0.371003, 0.33, 0.67, 0.353443
0.25, 0.352062, 0.33, 0.67, 0.343992
0.25, 0.364792, 0.33, 0.67, 0.35313
0.25, 0.366807, 0.33, 0.67, 0.352914
0.25, 0.348233, 0.33, 0.67, 0.342363
0.25, 0.347876, 0.33, 0.67, 0.337838
0.25, 0.379426, 0.33, 0.67, 0.355598
0.25, 0.356152, 0.33, 0.67, 0.340664
0.25, 0.357973, 0.33, 0.67, 0.349023
0.25, 0.358771, 0.33, 0.67, 0.351591
0.25, 0.365964, 0.335, 0.665, 0.357757
0.25, 0.386863, 0.335, 0.665, 0.370395
0.25, 0.385083, 0.335, 0.665, 0.371578
0.25, 0.37963, 0.335, 0.665, 0.364366
0.25, 0.376344, 0.335, 0.665, 0.358253
0.25, 0.373907, 0.335, 0.665, 0.360042
0.25, 0.401658, 0.335, 0.665, 0.377778
0.25, 0.390426, 0.335, 0.665, 0.372449
0.25, 0.373229, 0.335, 0.665, 0.363426
0.25, 0.377361, 0.335, 0.665, 0.369959
0.25, 0.386816, 0.335, 0.665, 0.370672
0.25, 0.374114, 0.335, 0.665, 0.360404
0.25, 0.360152, 0.335, 0.665, 0.356751
0.25, 0.377981, 0.335, 0.665, 0.369383
0.25, 0.369751, 0.335, 0.665, 0.354426
0.25, 0.372553, 0.335, 0.665, 0.358605
0.25, 0.368497, 0.335, 0.665, 0.355385
0.25, 0.37862, 0.335, 0.665, 0.365228
0.25, 0.389935, 0.335, 0.665, 0.368223
0.25, 0.381578, 0.335, 0.665, 0.373431
0.25, 0.389037, 0.335, 0.665, 0.376666
0.25, 0.370986, 0.335, 0.665, 0.358297
0.25, 0.369218, 0.335, 0.665, 0.355646
0.25, 0.377307, 0.335, 0.665, 0.36753
0.25, 0.373801, 0.335, 0.665, 0.354782
0.25, 0.397076, 0.34, 0.66, 0.378076
0.25, 0.381836, 0.34, 0.66, 0.364605
0.25, 0.3926, 0.34, 0.66, 0.379201
0.25, 0.366747, 0.34, 0.66, 0.362062
0.25, 0.392456, 0.34, 0.66, 0.38
0.25, 0.38442, 0.34, 0.66, 0.367386
0.25, 0.378436, 0.34, 0.66, 0.364607
0.25, 0.40739, 0.34, 0.66, 0.386913
0.25, 0.381081, 0.34, 0.66, 0.367945
0.25, 0.383085, 0.34, 0.66, 0.377839
0.25, 0.382849, 0.34, 0.66, 0.366792
0.25, 0.39575, 0.34, 0.66, 0.379416
0.25, 0.381702, 0.34, 0.66, 0.365961
0.25, 0.380117, 0.34, 0.66, 0.362403
0.25, 0.387262, 0.34, 0.66, 0.368366
0.25, 0.382205, 0.34, 0.66, 0.362179
0.25, 0.375377, 0.34, 0.66, 0.367163
0.25, 0.387944, 0.34, 0.66, 0.371588
0.25, 0.380518, 0.34, 0.66, 0.37024
0.25, 0.385795, 0.34, 0.66, 0.374403
0.25, 0.377582, 0.34, 0.66, 0.367359
0.25, 0.401334, 0.34, 0.66, 0.375687
0.25, 0.396275, 0.34, 0.66, 0.380996
0.25, 0.387191, 0.34, 0.66, 0.37019
0.25, 0.39938, 0.34, 0.66, 0.378942
0.25, 0.395463, 0.345, 0.655, 0.383593
0.25, 0.394193, 0.345, 0.655, 0.385997
0.25, 0.393606, 0.345, 0.655, 0.38351
0.25, 0.391281, 0.345, 0.655, 0.379315
0.25, 0.404728, 0.345, 0.655, 0.387282
0.25, 0.392869, 0.345, 0.655, 0.371272
0.25, 0.405544, 0.345, 0.655, 0.389645
0.25, 0.398095, 0.345, 0.655, 0.39165
0.25, 0.388175, 0.345, 0.655, 0.375091
0.25, 0.38947, 0.345, 0.655, 0.384318
0.25, 0.416877, 0.345, 0.655, 0.40054
0.25, 0.395832, 0.345, 0.655, 0.380001
0.25, 0.389386, 0.345, 0.655, 0.37374
0.25, 0.393933, 0.345, 0.655, 0.381557
0.25, 0.392049, 0.345, 0.655, 0.370696
0.25, 0.398686, 0.345, 0.655, 0.385863
0.25, 0.395503, 0.345, 0.655, 0.380219
0.25, 0.404458, 0.345, 0.655, 0.393095
0.25, 0.404817, 0.345, 0.655, 0.387367
0.25, 0.400979, 0.345, 0.655, 0.387839
0.25, 0.409068, 0.345, 0.655, 0.392167
0.25, 0.399779, 0.345, 0.655, 0.385566
0.25, 0.386252, 0.345, 0.655, 0.371595
0.25, 0.394733, 0.345, 0.655, 0.382024
0.25, 0.378532, 0.345, 0.655, 0.364609
0.25, 0.404489, 0.35, 0.65, 0.390536
0.25, 0.389468, 0.35, 0.65, 0.381028
0.25, 0.399593, 0.35, 0.65, 0.385399
0.25, 0.423786, 0.35, 0.65, 0.404278
0.25, 0.400895, 0.35, 0.65, 0.386054
0.25, 0.427257, 0.35, 0.65, 0.403686
0.25, 0.405345, 0.35, 0.65, 0.396133
0.25, 0.415959, 0.35, 0.65, 0.404494
0.25, 0.408679, 0.35, 0.65, 0.39074
0.25, 0.401113, 0.35, 0.65, 0.388739
0.25, 0.389995, 0.35, 0.65, 0.379326
0.25, 0.416226, 0.35, 0.65, 0.400757
0.25, 0.392843, 0.35, 0.65, 0.380865
0.25, 0.416234, 0.35, 0.65, 0.401691
0.25, 0.383329, 0.35, 0.65, 0.377458
0.25, 0.415827, 0.35, 0.65, 0.397684
0.25, 0.396518, 0.35, 0.65, 0.385247
0.25, 0.409942, 0.35, 0.65, 0.393799
0.25, 0.38445, 0.35, 0.65, 0.375617
0.25, 0.418254, 0.35, 0.65, 0.404776
0.25, 0.402353, 0.35, 0.65, 0.390289
0.25, 0.417446, 0.35, 0.65, 0.400027
0.25, 0.393076, 0.35, 0.65, 0.382912
0.25, 0.391149, 0.35, 0.65, 0.384176
0.25, 0.41785, 0.35, 0.65, 0.397967
0.25, 0.409473, 0.355, 0.645, 0.397038
0.25, 0.423501, 0.355, 0.645, 0.405324
0.25, 0.421839, 0.355, 0.645, 0.411105
0.25, 0.433736, 0.355, 0.645, 0.415374
0.25, 0.417137, 0.355, 0.645, 0.401184
0.25, 0.411124, 0.355, 0.645, 0.396356
0.25, 0.410027, 0.355, 0.645, 0.400904
0.25, 0.410057, 0.355, 0.645, 0.394138
0.25, 0.408834, 0.355, 0.645, 0.396123
0.25, 0.410156, 0.355, 0.645, 0.393732
0.25, 0.422329, 0.355, 0.645, 0.408169
0.25, 0.423668, 0.355, 0.645, 0.403261
0.25, 0.418401, 0.355, 0.645, 0.405913
0.25, 0.413509, 0.355, 0.645, 0.404456
0.25, 0.421859, 0.355, 0.645, 0.404508
0.25, 0.432036, 0.355, 0.645, 0.42016
0.25, 0.415449, 0.355, 0.645, 0.399606
0.25, 0.429064, 0.355, 0.645, 0.413549
0.25, 0.401947, 0.355, 0.645, 0.396103
0.25, 0.420008, 0.355, 0.645, 0.409586
0.25, 0.431667, 0.355, 0.645, 0.418156
0.25, 0.426264, 0.355, 0.645, 0.40289
0.25, 0.430308, 0.355, 0.645, 0.404741
0.25, 0.424252, 0.355, 0.645, 0.403986
0.25, 0.413081, 0.355, 0.645, 0.398638
0.25, 0.424413, 0.36, 0.64, 0.413162
0.25, 0.425676, 0.36, 0.64, 0.411474
0.25, 0.434504, 0.36, 0.64, 0.411515
0.25, 0.441065, 0.36, 0.64, 0.424949
0.25, 0.439292, 0.36, 0.64, 0.425226
0.25, 0.41382, 0.36, 0.64, 0.401453
0.25, 0.424871, 0.36, 0.64, 0.41427
0.25, 0.418132, 0.36, 0.64, 0.406335
0.25, 0.435543, 0.36, 0.64, 0.415346
0.25, 0.427838, 0.36, 0.64, 0.414519
0.25, 0.429063, 0.36, 0.64, 0.412732
0.25, 0.437388, 0.36, 0.64, 0.418816
0.25, 0.422611, 0.36, 0.64, 0.409606
0.25, 0.432346, 0.36, 0.64, 0.417382
0.25, 0.42971, 0.36, 0.64, 0.41209
0.25, 0.426041, 0.36, 0.64, 0.417732
0.25, 0.438328, 0.36, 0.64, 0.422491
0.25, 0.425084, 0.36, 0.64, 0.412695
0.25, 0.426652, 0.36, 0.64, 0.409633
0.25, 0.419255, 0.36, 0.64, 0.403447
0.25, 0.419341, 0.36, 0.64, 0.397719
0.25, 0.414105, 0.36, 0.64, 0.406167
0.25, 0.427328, 0.36, 0.64, 0.411512
0.25, 0.428205, 0.36, 0.64, 0.414992
0.25, 0.42279, 0.36, 0.64, 0.414318
0.25, 0.431356, 0.365, 0.635, 0.417534
0.25, 0.432147, 0.365, 0.635, 0.41598
0.25, 0.428617, 0.365, 0.635, 0.422031
0.25, 0.424801, 0.365, 0.635, 0.407676
0.25, 0.4373, 0.365, 0.635, 0.422871
0.25, 0.432362, 0.365, 0.635, 0.418181
0.25, 0.441249, 0.365, 0.635, 0.424123
0.25, 0.448768, 0.365, 0.635, 0.434536
0.25, 0.436236, 0.365, 0.635, 0.421969
0.25, 0.426641, 0.365, 0.635, 0.412019
0.25, 0.444622, 0.365, 0.635, 0.426379
0.25, 0.43103, 0.365, 0.635, 0.42376
0.25, 0.444843, 0.365, 0.635, 0.427781
0.25, 0.440848, 0.365, 0.635, 0.421983
0.25, 0.438048, 0.365, 0.635, 0.424093
0.25, 0.428008, 0.365, 0.635, 0.419555
0.25, 0.442207, 0.365, 0.635, 0.431931
0.25, 0.441161, 0.365, 0.635, 0.425499
0.25, 0.439558, 0.365, 0.635, 0.421629
0.25, 0.437802, 0.365, 0.635, 0.422484
0.25, 0.424864, 0.365, 0.635, 0.414723
0.25, 0.442144, 0.365, 0.635, 0.428882
0.25, 0.434609, 0.365, 0.635, 0.418893
0.25, 0.441588, 0.365, 0.635, 0.422308
0.25, 0.446811, 0.365, 0.635, 0.425714
0.25, 0.458331, 0.37, 0.63, 0.437487
0.25, 0.444962, 0.37, 0.63, 0.433443
0.25, 0.458259, 0.37, 0.63, 0.440319
0.25, 0.44985, 0.37, 0.63, 0.440931
0.25, 0.432406, 0.37, 0.63, 0.427386
0.25, 0.458601, 0.37, 0.63, 0.438131
0.25, 0.468567, 0.37, 0.63, 0.445036
0.25, 0.448653, 0.37, 0.63, 0.434954
0.25, 0.443989, 0.37, 0.63, 0.432751
0.25, 0.451772, 0.37, 0.63, 0.433568
0.25, 0.446697, 0.37, 0.63, 0.432392
0.25, 0.441449, 0.37, 0.63, 0.428649
0.25, 0.450539, 0.37, 0.63, 0.439873
0.25, 0.453387, 0.37, 0.63, 0.431733
0.25, 0.453961, 0.37, 0.63, 0.439101
0.25, 0.451978, 0.37, 0.63, 0.434264
0.25, 0.443961, 0.37, 0.63, 0.424049
0.25, 0.446838, 0.37, 0.63, 0.432577
0.25, 0.438954, 0.37, 0.63, 0.428376
0.25, 0.455395, 0.37, 0.63, 0.432175
0.25, 0.461233, 0.37, 0.63, 0.439791
0.25, 0.465096, 0.37, 0.63, 0.445095
0.25, 0.447381, 0.37, 0.63, 0.431759
0.25, 0.449835, 0.37, 0.63, 0.437035
0.25, 0.453156, 0.37, 0.63, 0.439957
0.25, 0.463684, 0.375, 0.625, 0.451809
0.25, 0.44808, 0.375, 0.625, 0.439433
0.25, 0.476172, 0.375, 0.625, 0.45409
0.25, 0.471209, 0.375, 0.625, 0.457552
0.25, 0.474408, 0.375, 0.625, 0.4544
0.25, 0.470223, 0.375, 0.625, 0.457918
0.25, 0.462818, 0.375, 0.625, 0.442209
0.25, 0.464008, 0.375, 0.625, 0.448904
0.25, 0.463626, 0.375, 0.625, 0.445505
0.25, 0.478578, 0.375, 0.625, 0.458776
0.25, 0.469861, 0.375, 0.625, 0.443294
0.25, 0.462495, 0.375, 0.625, 0.445808
0.25, 0.452153, 0.375, 0.625, 0.435071
0.25, 0.458124, 0.375, 0.625, 0.44091
0.25, 0.472175, 0.375, 0.625, 0.455467
0.25, 0.463631, 0.375, 0.625, 0.447352
0.25, 0.474264, 0.375, 0.625, 0.450317
0.25, 0.461827, 0.375, 0.625, 0.444739
0.25, 0.460366, 0.375, 0.625, 0.444986
0.25, 0.472366, 0.375, 0.625, 0.45279
0.25, 0.450275, 0.375, 0.625, 0.439995
0.25, 0.471324, 0.375, 0.625, 0.455558
0.25, 0.462842, 0.375, 0.625, 0.446736
0.25, 0.45294, 0.375, 0.625, 0.445887
0.25, 0.460962, 0.375, 0.625, 0.43924
0.25, 0.453236, 0.38, 0.62, 0.43929
0.25, 0.478367, 0.38, 0.62, 0.466653
0.25, 0.471466, 0.38, 0.62, 0.448379
0.25, 0.459525, 0.38, 0.62, 0.449727
0.25, 0.464824, 0.38, 0.62, 0.446169
0.25, 0.470586, 0.38, 0.62, 0.454886
0.25, 0.48157, 0.38, 0.62, 0.464607
0.25, 0.479845, 0.38, 0.62, 0.459344
0.25, 0.476764, 0.38, 0.62, 0.456922
0.25, 0.469389, 0.38, 0.62, 0.461091
0.25, 0.463874, 0.38, 0.62, 0.446367
0.25, 0.472008, 0.38, 0.62, 0.452908
0.25, 0.472866, 0.38, 0.62, 0.449904
0.25, 0.476784, 0.38, 0.62, 0.458511
0.25, 0.477526, 0.38, 0.62, 0.461635
0.25, 0.467948, 0.38, 0.62, 0.451405
0.25, 0.463166, 0.38, 0.62, 0.451336
0.25, 0.468875, 0.38, 0.62, 0.452174
0.25, 0.470058, 0.38, 0.62, 0.457015
0.25, 0.479702, 0.38, 0.62, 0.460157
0.25, 0.486829, 0.38, 0.62, 0.465678
0.25, 0.458367, 0.38, 0.62, 0.445789
0.25, 0.474743, 0.38, 0.62, 0.459132
0.25, 0.472523, 0.38, 0.62, 0.454328
0.25, 0.47144, 0.38, 0.62, 0.45215
0.25, 0.477308, 0.385, 0.615, 0.460141
0.25, 0.490832, 0.385, 0.615, 0.47465
0.25, 0.488395, 0.385, 0.615, 0.46984
0.25, 0.494174, 0.385, 0.615, 0.479255
0.25, 0.486778, 0.385, 0.615, 0.469415
0.25, 0.480469, 0.385, 0.615, 0.469079
0.25, 0.487733, 0.385, 0.615, 0.471611
0.25, 0.478777, 0.385, 0.615, 0.459012
0.25, 0.474035, 0.385, 0.615, 0.460511
0.25, 0.472377, 0.385, 0.615, 0.457524
0.25, 0.484138, 0.385, 0.615, 0.464392
0.25, 0.47952, 0.385, 0.615, 0.465782
0.25, 0.486417, 0.385, 0.615, 0.466307
0.25, 0.470003, 0.385, 0.615, 0.452051
0.25, 0.479662, 0.385, 0.615, 0.465822
0.25, 0.499078, 0.385, 0.615, 0.474348
0.25, 0.461673, 0.385, 0.615, 0.447236
0.25, 0.491542, 0.385, 0.615, 0.47223
0.25, 0.47222, 0.385, 0.615, 0.451227
0.25, 0.480848, 0.385, 0.615, 0.458869
0.25, 0.496993, 0.385, 0.615, 0.47765
0.25, 0.469118, 0.385, 0.615, 0.453072
0.25, 0.487206, 0.385, 0.615, 0.469721
0.25, 0.490518, 0.385, 0.615, 0.470415
0.25, 0.481071, 0.385, 0.615, 0.46129
0.25, 0.503937, 0.39, 0.61, 0.488515
0.25, 0.494651, 0.39, 0.61, 0.473861
0.25, 0.516422, 0.39, 0.61, 0.492225
0.25, 0.494361, 0.39, 0.61, 0.479986
0.25, 0.50314, 0.39, 0.61, 0.481127
0.25, 0.509437, 0.39, 0.61, 0.486638
0.25, 0.488507, 0.39, 0.61, 0.476095
0.25, 0.490061, 0.39, 0.61, 0.474815
0.25, 0.501544, 0.39, 0.61, 0.482889
0.25, 0.504003, 0.39, 0.61, 0.483668
0.25, 0.502594, 0.39, 0.61, 0.48306
0.25, 0.495954, 0.39, 0.61, 0.484241
0.25, 0.499682, 0.39, 0.61, 0.483844
0.25, 0.5122, 0.39, 0.61, 0.489773
0.25, 0.484808, 0.39, 0.61, 0.470811
0.25, 0.490887, 0.39, 0.61, 0.474122
0.25, 0.494523, 0.39, 0.61, 0.475396
0.25, 0.497991, 0.39, 0.61, 0.478429
0.25, 0.489912, 0.39, 0.61, 0.476994
0.25, 0.494484, 0.39, 0.61, 0.476917
0.25, 0.500542, 0.39, 0.61, 0.481211
0.25, 0.498888, 0.39, 0.61, 0.47929
0.25, 0.493491, 0.39, 0.61, 0.474045
0.25, 0.48043, 0.39, 0.61, 0.462491
0.25, 0.489156, 0.39, 0.61, 0.462536
0.25, 0.523399, 0.395, 0.605, 0.502724
0.25, 0.513939, 0.395, 0.605, 0.499373
0.25, 0.504739, 0.395, 0.605, 0.486813
0.25, 0.511328, 0.395, 0.605, 0.488008
0.25, 0.507084, 0.395, 0.605, 0.491833
0.25, 0.496368, 0.395, 0.605, 0.477581
0.25, 0.497099, 0.395, 0.605, 0.486358
0.25, 0.514331, 0.395, 0.605, 0.495371
0.25, 0.511778, 0.395, 0.605, 0.497957
0.25, 0.526054, 0.395, 0.605, 0.506596
0.25, 0.497006, 0.395, 0.605, 0.480064
0.25, 0.520758, 0.395, 0.605, 0.498181
0.25, 0.499651, 0.395, 0.605, 0.475154
0.25, 0.52751, 0.395, 0.605, 0.505508
0.25, 0.517169, 0.395, 0.605, 0.496165
0.25, 0.502705, 0.395, 0.605, 0.487745
0.25, 0.503154, 0.395, 0.605, 0.487144
0.25, 0.484189, 0.395, 0.605, 0.472334
0.25, 0.505767, 0.395, 0.605, 0.483412
0.25, 0.497106, 0.395, 0.605, 0.486527
0.25, 0.510237, 0.395, 0.605, 0.489678
0.25, 0.513233, 0.395, 0.605, 0.495017
0.25, 0.525632, 0.395, 0.605, 0.503693
0.25, 0.494171, 0.395, 0.605, 0.478526
0.25, 0.508758, 0.395, 0.605, 0.489104
0.25, 0.5226, 0.4, 0.6, 0.502989
0.25, 0.526329, 0.4, 0.6, 0.507703
0.25, 0.522402, 0.4, 0.6, 0.499289
0.25, 0.517011, 0.4, 0.6, 0.497774
0.25, 0.529575, 0.4, 0.6, 0.503659
0.25, 0.524217, 0.4, 0.6, 0.512152
0.25, 0.514631, 0.4, 0.6, 0.49478
0.25, 0.513246, 0.4, 0.6, 0.50337
0.25, 0.51202, 0.4, 0.6, 0.500384
0.25, 0.526753, 0.4, 0.6, 0.502045
0.25, 0.522706, 0.4, 0.6, 0.498262
0.25, 0.535169, 0.4, 0.6, 0.515876
0.25, 0.505772, 0.4, 0.6, 0.492239
0.25, 0.529715, 0.4, 0.6, 0.509285
0.25, 0.538048, 0.4, 0.6, 0.514839
0.25, 0.525472, 0.4, 0.6, 0.506783
0.25, 0.530903, 0.4, 0.6, 0.50709
0.25, 0.531543, 0.4, 0.6, 0.505604
0.25, 0.528824, 0.4, 0.6, 0.506942
0.25, 0.541538, 0.4, 0.6, 0.52744
0.25, 0.528628, 0.4, 0.6, 0.506693
0.25, 0.532519, 0.4, 0.6, 0.510556
0.25, 0.515511, 0.4, 0.6, 0.495506
0.25, 0.532495, 0.4, 0.6, 0.508517
0.25, 0.523039, 0.4, 0.6, 0.50075
0.25, 0.54854, 0.405, 0.595, 0.534833
0.25, 0.533913, 0.405, 0.595, 0.515656
0.25, 0.54014, 0.405, 0.595, 0.516326
0.25, 0.535673, 0.405, 0.595, 0.51358
0.25, 0.534094, 0.405, 0.595, 0.514789
0.25, 0.562198, 0.405, 0.595, 0.539555
0.25, 0.5499, 0.405, 0.595, 0.523572
0.25, 0.522281, 0.405, 0.595, 0.509088
0.25, 0.533224, 0.405, 0.595, 0.516566
0.25, 0.544417, 0.405, 0.595, 0.527649
0.25, 0.551173, 0.405, 0.595, 0.524731
0.25, 0.544979, 0.405, 0.595, 0.527364
0.25, 0.527786, 0.405, 0.595, 0.513184
0.25, 0.525498, 0.405, 0.595, 0.50612
0.25, 0.547576, 0.405, 0.595, 0.525138
0.25, 0.568565, 0.405, 0.595, 0.543124
0.25, 0.547906, 0.405, 0.595, 0.52004
0.25, 0.545706, 0.405, 0.595, 0.524297
0.25, 0.555446, 0.405, 0.595, 0.536374
0.25, 0.545979, 0.405, 0.595, 0.520574
0.25, 0.556811, 0.405, 0.595, 0.530576
0.25, 0.523875, 0.405, 0.595, 0.508472
0.25, 0.550492, 0.405, 0.595, 0.530401
0.25, 0.530924, 0.405, 0.595, 0.516319
0.25, 0.542837, 0.405, 0.595, 0.51969
0.25, 0.544028, 0.41, 0.59, 0.523983
0.25, 0.535134, 0.41, 0.59, 0.513667
0.25, 0.575672, 0.41, 0.59, 0.555188
0.25, 0.545874, 0.41, 0.59, 0.525188
0.25, 0.545455, 0.41, 0.59, 0.528118
0.25, 0.536288, 0.41, 0.59, 0.510726
0.25, 0.533499, 0.41, 0.59, 0.516806
0.25, 0.559032, 0.41, 0.59, 0.533941
0.25, 0.552554, 0.41, 0.59, 0.534159
0.25, 0.536677, 0.41, 0.59, 0.514668
0.25, 0.551083, 0.41, 0.59, 0.532313
0.25, 0.555711, 0.41, 0.59, 0.532307
0.25, 0.570531, 0.41, 0.59, 0.549318
0.25, 0.538425, 0.41, 0.59, 0.520654
0.25, 0.534137, 0.41, 0.59, 0.523523
0.25, 0.55292, 0.41, 0.59, 0.532335
0.25, 0.547604, 0.41, 0.59, 0.528121
0.25, 0.529932, 0.41, 0.59, 0.517701
0.25, 0.55108, 0.41, 0.59, 0.53152
0.25, 0.526052, 0.41, 0.59, 0.516977
0.25, 0.541478, 0.41, 0.59, 0.525738
0.25, 0.549955, 0.41, 0.59, 0.531525
0.25, 0.554637, 0.41, 0.59, 0.535204
0.25, 0.54075, 0.41, 0.59, 0.51717
0.25, 0.553679, 0.41, 0.59, 0.533945
0.25, 0.553194, 0.415, 0.585, 0.525071
0.25, 0.560858, 0.415, 0.585, 0.550228
0.25, 0.575948, 0.415, 0.585, 0.550542
0.25, 0.570372, 0.415, 0.585, 0.544036
0.25, 0.57409, 0.415, 0.585, 0.555904
0.25, 0.568482, 0.415, 0.585, 0.542156
0.25, 0.582825, 0.415, 0.585, 0.554791
0.25, 0.546795, 0.415, 0.585, 0.53515
0.25, 0.569745, 0.415, 0.585, 0.551229
0.25, 0.551203, 0.415, 0.585, 0.534385
0.25, 0.553311, 0.415, 0.585, 0.536245
0.25, 0.553451, 0.415, 0.585, 0.535048
0.25, 0.565265, 0.415, 0.585, 0.540844
0.25, 0.557599, 0.415, 0.585, 0.537463
0.25, 0.571807, 0.415, 0.585, 0.547177
0.25, 0.579057, 0.415, 0.585, 0.557509
0.25, 0.547628, 0.415, 0.585, 0.533309
0.25, 0.563491, 0.415, 0.585, 0.546185
0.25, 0.569652, 0.415, 0.585, 0.549113
0.25, 0.571617, 0.415, 0.585, 0.548856
0.25, 0.545328, 0.415, 0.585, 0.526621
0.25, 0.566212, 0.415, 0.585, 0.54472
0.25, 0.575474, 0.415, 0.585, 0.54431
0.25, 0.569224, 0.415, 0.585, 0.550464
0.25, 0.577094, 0.415, 0.585, 0.557461
0.25, 0.565936, 0.42, 0.58, 0.55347
0.25, 0.579367, 0.42, 0.58, 0.553745
0.25, 0.600229, 0.42, 0.58, 0.568011
0.25, 0.580667, 0.42, 0.58, 0.553425
0.25, 0.566971, 0.42, 0.58, 0.548118
0.25, 0.57953, 0.42, 0.58, 0.558272
0.25, 0.567442, 0.42, 0.58, 0.542348
0.25, 0.585343, 0.42, 0.58, 0.564855
0.25, 0.581739, 0.42, 0.58, 0.560584
0.25, 0.593618, 0.42, 0.58, 0.558049
0.25, 0.584907, 0.42, 0.58, 0.564896
0.25, 0.575427, 0.42, 0.58, 0.558471
0.25, 0.599946, 0.42, 0.58, 0.57066
0.25, 0.596449, 0.42, 0.58, 0.574005
0.25, 0.595157, 0.42, 0.58, 0.563489
0.25, 0.571406, 0.42, 0.58, 0.549135
0.25, 0.588109, 0.42, 0.58, 0.567643
0.25, 0.580808, 0.42, 0.58, 0.554689
0.25, 0.589236, 0.42, 0.58, 0.564172
0.25, 0.584431, 0.42, 0.58, 0.567092
0.25, 0.582266, 0.42, 0.58, 0.563155
0.25, 0.577796, 0.42, 0.58, 0.554505
0.25, 0.585887, 0.42, 0.58, 0.564748
0.25, 0.583663, 0.42, 0.58, 0.563171
0.25, 0.575236, 0.42, 0.58, 0.555419
0.25, 0.59571, 0.425, 0.575, 0.569926
0.25, 0.605291, 0.425, 0.575, 0.575941
0.25, 0.607115, 0.425, 0.575, 0.583959
0.25, 0.599425, 0.425, 0.575, 0.576124
0.25, 0.597684, 0.425, 0.575, 0.574041
0.25, 0.588723, 0.425, 0.575, 0.567888
0.25, 0.585526, 0.425, 0.575, 0.570569
0.25, 0.594698, 0.425, 0.575, 0.572637
0.25, 0.604502, 0.425, 0.575, 0.575819
0.25, 0.61481, 0.425, 0.575, 0.58256
0.25, 0.619606, 0.425, 0.575, 0.58925
0.25, 0.602559, 0.425, 0.575, 0.57912
0.25, 0.5773, 0.425, 0.575, 0.555678
0.25, 0.603795, 0.425, 0.575, 0.582358
0.25, 0.591865, 0.425, 0.575, 0.568615
0.25, 0.587738, 0.425, 0.575, 0.567195
0.25, 0.605353, 0.425, 0.575, 0.589166
0.25, 0.62238, 0.425, 0.575, 0.592867
0.25, 0.595267, 0.425, 0.575, 0.572204
0.25, 0.594081, 0.425, 0.575, 0.581781
0.25, 0.597779, 0.425, 0.575, 0.580043
0.25, 0.615626, 0.425, 0.575, 0.587867
0.25, 0.598641, 0.425, 0.575, 0.573822
0.25, 0.618682, 0.425, 0.575, 0.588331
0.25, 0.604294, 0.425, 0.575, 0.584302
0.25, 0.616815, 0.43, 0.57, 0.597952
0.25, 0.632177, 0.43, 0.57, 0.606748
0.25, 0.606982, 0.43, 0.57, 0.585956
0.25, 0.611282, 0.43, 0.57, 0.586215
0.25, 0.612869, 0.43, 0.57, 0.593075
0.25, 0.638701, 0.43, 0.57, 0.613225
0.25, 0.645716, 0.43, 0.57, 0.621314
0.25, 0.624245, 0.43, 0.57, 0.595905
0.25, 0.640626, 0.43, 0.57, 0.612488
0.25, 0.61459, 0.43, 0.57, 0.592401
0.25, 0.619444, 0.43, 0.57, 0.595876
0.25, 0.623325, 0.43, 0.57, 0.594158
0.25, 0.622, 0.43, 0.57, 0.599248
0.25, 0.611835, 0.43, 0.57, 0.59355
0.25, 0.624063, 0.43, 0.57, 0.60107
0.25, 0.596504, 0.43, 0.57, 0.584836
0.25, 0.636339, 0.43, 0.57, 0.606981
0.25, 0.607979, 0.43, 0.57, 0.582524
0.25, 0.610276, 0.43, 0.57, 0.587411
0.25, 0.623221, 0.43, 0.57, 0.592287
0.25, 0.626705, 0.43, 0.57, 0.60219
0.25, 0.607263, 0.43, 0.57, 0.584997
0.25, 0.621264, 0.43, 0.57, 0.594213
0.25, 0.599354, 0.43, 0.57, 0.578722
0.25, 0.613809, 0.43, 0.57, 0.593242
0.25, 0.637484, 0.435, 0.565, 0.617564
0.25, 0.620135, 0.435, 0.565, 0.593247
0.25, 0.626823, 0.435, 0.565, 0.601422
0.25, 0.625739, 0.435, 0.565, 0.602121
0.25, 0.63475, 0.435, 0.565, 0.615478
0.25, 0.63687, 0.435, 0.565, 0.614357
0.25, 0.635136, 0.435, 0.565, 0.61259
0.25, 0.617666, 0.435, 0.565, 0.599895
0.25, 0.640349, 0.435, 0.565, 0.615367
0.25, 0.653635, 0.435, 0.565, 0.626966
0.25, 0.644682, 0.435, 0.565, 0.61479
0.25, 0.669471, 0.435, 0.565, 0.644292
0.25, 0.636617, 0.435, 0.565, 0.611223
0.25, 0.626585, 0.435, 0.565, 0.602673
0.25, 0.651703, 0.435, 0.565, 0.618687
0.25, 0.648218, 0.435, 0.565, 0.621533
0.25, 0.627064, 0.435, 0.565, 0.603186
0.25, 0.636071, 0.435, 0.565, 0.611892
0.25, 0.633516, 0.435, 0.565, 0.612443
0.25, 0.653657, 0.435, 0.565, 0.625047
0.25, 0.61554, 0.435, 0.565, 0.594465
0.25, 0.617264, 0.435, 0.565, 0.594385
0.25, 0.635213, 0.435, 0.565, 0.609483
0.25, 0.62627, 0.435, 0.565, 0.602499
0.25, 0.636883, 0.435, 0.565, 0.612374
0.25, 0.655332, 0.44, 0.56, 0.630515
0.25, 0.637262, 0.44, 0.56, 0.613011
0.25, 0.672025, 0.44, 0.56, 0.645392
0.25, 0.657167, 0.44, 0.56, 0.635423
0.25, 0.670997, 0.44, 0.56, 0.639287
0.25, 0.696534, 0.44, 0.56, 0.670605
0.25, 0.663453, 0.44, 0.56, 0.631591
0.25, 0.654927, 0.44, 0.56, 0.625154
0.25, 0.629209, 0.44, 0.56, 0.606758
0.25, 0.638057, 0.44, 0.56, 0.616679
0.25, 0.638725, 0.44, 0.56, 0.61485
0.25, 0.651676, 0.44, 0.56, 0.629186
0.25, 0.647687, 0.44, 0.56, 0.618778
0.25, 0.671312, 0.44, 0.56, 0.638113
0.25, 0.662621, 0.44, 0.56, 0.641801
0.25, 0.667067, 0.44, 0.56, 0.639951
0.25, 0.651851, 0.44, 0.56, 0.625627
0.25, 0.665777, 0.44, 0.56, 0.63564
0.25, 0.651093, 0.44, 0.56, 0.628794
0.25, 0.642658, 0.44, 0.56, 0.624259
0.25, 0.65834, 0.44, 0.56, 0.636454
0.25, 0.657922, 0.44, 0.56, 0.624796
0.25, 0.642507, 0.44, 0.56, 0.613215
0.25, 0.670872, 0.44, 0.56, 0.640653
0.25, 0.652275, 0.44, 0.56, 0.632469
0.25, 0.68413, 0.445, 0.555, 0.656358
0.25, 0.647853, 0.445, 0.555, 0.625773
0.25, 0.655512, 0.445, 0.555, 0.631611
0.25, 0.670966, 0.445, 0.555, 0.638129
0.25, 0.692568, 0.445, 0.555, 0.661759
0.25, 0.693153, 0.445, 0.555, 0.660933
0.25, 0.669972, 0.445, 0.555, 0.643068
0.25, 0.684522, 0.445, 0.555, 0.66278
0.25, 0.659238, 0.445, 0.555, 0.63331
0.25, 0.660685, 0.445, 0.555, 0.637388
0.25, 0.653578, 0.445, 0.555, 0.625136
0.25, 0.63115, 0.445, 0.555, 0.6137
0.25, 0.672853, 0.445, 0.555, 0.643176
0.25, 0.648327, 0.445, 0.555, 0.627565
0.25, 0.66366, 0.445, 0.555, 0.643381
0.25, 0.678168, 0.445, 0.555, 0.645159
0.25, 0.677295, 0.445, 0.555, 0.647493
0.25, 0.679675, 0.445, 0.555, 0.6503
0.25, 0.690651, 0.445, 0.555, 0.661872
0.25, 0.689459, 0.445, 0.555, 0.660742
0.25, 0.684357, 0.445, 0.555, 0.651203
0.25, 0.668969, 0.445, 0.555, 0.645261
0.25, 0.665149, 0.445, 0.555, 0.634743
0.25, 0.685018, 0.445, 0.555, 0.656368
0.25, 0.677321, 0.445, 0.555, 0.650271
0.25, 0.712397, 0.45, 0.55, 0.680268
0.25, 0.699041, 0.45, 0.55, 0.67382
0.25, 0.715049, 0.45, 0.55, 0.685106
0.25, 0.686797, 0.45, 0.55, 0.657891
0.25, 0.701662, 0.45, 0.55, 0.670947
0.25, 0.690085, 0.45, 0.55, 0.664242
0.25, 0.687481, 0.45, 0.55, 0.663397
0.25, 0.686123, 0.45, 0.55, 0.660314
0.25, 0.674327, 0.45, 0.55, 0.641393
0.25, 0.690056, 0.45, 0.55, 0.664453
0.25, 0.71577, 0.45, 0.55, 0.682457
0.25, 0.708668, 0.45, 0.55, 0.679016
0.25, 0.707226, 0.45, 0.55, 0.667841
0.25, 0.665962, 0.45, 0.55, 0.644712
0.25, 0.685443, 0.45, 0.55, 0.659731
0.25, 0.697353, 0.45, 0.55, 0.671378
0.25, 0.706432, 0.45, 0.55, 0.677587
0.25, 0.6786, 0.45, 0.55, 0.649255
0.25, 0.687146, 0.45, 0.55, 0.652768
0.25, 0.699783, 0.45, 0.55, 0.667778
0.25, 0.698119, 0.45, 0.55, 0.675172
0.25, 0.70279, 0.45, 0.55, 0.675244
0.25, 0.705308, 0.45, 0.55, 0.672189
0.25, 0.695165, 0.45, 0.55, 0.663846
0.25, 0.718217, 0.45, 0.55, 0.687035
0.25, 0.726665, 0.455, 0.545, 0.692711
0.25, 0.726139, 0.455, 0.545, 0.694713
0.25, 0.722684, 0.455, 0.545, 0.696651
0.25, 0.705795, 0.455, 0.545, 0.685328
0.25, 0.738867, 0.455, 0.545, 0.705215
0.25, 0.698472, 0.455, 0.545, 0.668081
0.25, 0.748242, 0.455, 0.545, 0.71708
0.25, 0.713761, 0.455, 0.545, 0.681215
0.25, 0.687456, 0.455, 0.545, 0.66029
0.25, 0.728629, 0.455, 0.545, 0.688532
0.25, 0.726964, 0.455, 0.545, 0.696821
0.25, 0.708649, 0.455, 0.545, 0.683092
0.25, 0.702224, 0.455, 0.545, 0.674241
0.25, 0.719513, 0.455, 0.545, 0.688309
0.25, 0.73024, 0.455, 0.545, 0.697127
0.25, 0.69576, 0.455, 0.545, 0.674889
0.25, 0.707961, 0.455, 0.545, 0.680291
0.25, 0.691849, 0.455, 0.545, 0.667037
0.25, 0.70781, 0.455, 0.545, 0.678507
0.25, 0.716704, 0.455, 0.545, 0.687475
0.25, 0.697176, 0.455, 0.545, 0.669134
0.25, 0.738239, 0.455, 0.545, 0.69976
0.25, 0.73138, 0.455, 0.545, 0.696045
0.25, 0.72961, 0.455, 0.545, 0.698608
0.25, 0.713592, 0.455, 0.545, 0.684062
0.25, 0.707376, 0.46, 0.54, 0.683867
0.25, 0.753013, 0.46, 0.54, 0.715695
0.25, 0.748711, 0.46, 0.54, 0.720522
0.25, 0.730017, 0.46, 0.54, 0.696603
0.25, 0.713529, 0.46, 0.54, 0.691701
0.25, 0.705104, 0.46, 0.54, 0.677651
0.25, 0.742184, 0.46, 0.54, 0.710716
0.25, 0.735144, 0.46, 0.54, 0.705949
0.25, 0.738571, 0.46, 0.54, 0.71016
0.25, 0.737887, 0.46, 0.54, 0.70804
0.25, 0.721786, 0.46, 0.54, 0.690186
0.25, 0.734955, 0.46, 0.54, 0.700151
0.25, 0.761376, 0.46, 0.54, 0.730957
0.25, 0.745203, 0.46, 0.54, 0.713623
0.25, 0.747937, 0.46, 0.54, 0.714251
0.25, 0.775407, 0.46, 0.54, 0.742774
0.25, 0.718535, 0.46, 0.54, 0.691749
0.25, 0.732136, 0.46, 0.54, 0.708417
0.25, 0.737966, 0.46, 0.54, 0.707754
0.25, 0.738427, 0.46, 0.54, 0.709824
0.25, 0.756932, 0.46, 0.54, 0.721598
0.25, 0.701306, 0.46, 0.54, 0.677538
0.25, 0.751878, 0.46, 0.54, 0.720313
0.25, 0.731082, 0.46, 0.54, 0.700936
0.25, 0.797045, 0.46, 0.54, 0.760696
0.25, 0.778386, 0.465, 0.535, 0.744875
0.25, 0.763703, 0.465, 0.535, 0.730641
0.25, 0.731125, 0.465, 0.535, 0.704555
0.25, 0.777313, 0.465, 0.535, 0.752546
0.25, 0.772022, 0.465, 0.535, 0.73969
0.25, 0.79745, 0.465, 0.535, 0.767227
0.25, 0.756127, 0.465, 0.535, 0.730102
0.25, 0.788256, 0.465, 0.535, 0.757066
0.25, 0.771671, 0.465, 0.535, 0.739138
0.25, 0.743992, 0.465, 0.535, 0.719006
0.25, 0.743403, 0.465, 0.535, 0.712406
0.25, 0.778913, 0.465, 0.535, 0.752188
0.25, 0.783009, 0.465, 0.535, 0.749257
0.25, 0.769081, 0.465, 0.535, 0.742975
0.25, 0.773547, 0.465, 0.535, 0.738275
0.25, 0.748969, 0.465, 0.535, 0.722245
0.25, 0.764703, 0.465, 0.535, 0.73224
0.25, 0.763337, 0.465, 0.535, 0.73324
0.25, 0.763623, 0.465, 0.535, 0.733344
0.25, 0.767316, 0.465, 0.535, 0.738676
0.25, 0.746483, 0.465, 0.535, 0.721227
0.25, 0.822226, 0.465, 0.535, 0.787732
0.25, 0.795942, 0.465, 0.535, 0.766647
0.25, 0.762006, 0.465, 0.535, 0.735474
0.25, 0.774179, 0.465, 0.535, 0.742185
0.25, 0.77017, 0.47, 0.53, 0.742548
0.25, 0.767358, 0.47, 0.53, 0.734883
0.25, 0.812452, 0.47, 0.53, 0.779271
0.25, 0.780475, 0.47, 0.53, 0.755929
0.25, 0.772025, 0.47, 0.53, 0.749166
0.25, 0.823316, 0.47, 0.53, 0.795022
0.25, 0.74744, 0.47, 0.53, 0.723297
0.25, 0.773138, 0.47, 0.53, 0.75
0.25, 0.800331, 0.47, 0.53, 0.770101
0.25, 0.773599, 0.47, 0.53, 0.741985
0.25, 0.788443, 0.47, 0.53, 0.756201
0.25, 0.764454, 0.47, 0.53, 0.734835
0.25, 0.789158, 0.47, 0.53, 0.757304
0.25, 0.790675, 0.47, 0.53, 0.759713
0.25, 0.797776, 0.47, 0.53, 0.765241
0.25, 0.781836, 0.47, 0.53, 0.752146
0.25, 0.777762, 0.47, 0.53, 0.744846
0.25, 0.74989, 0.47, 0.53, 0.720691
0.25, 0.796472, 0.47, 0.53, 0.76214
0.25, 0.794714, 0.47, 0.53, 0.761603
0.25, 0.766076, 0.47, 0.53, 0.736945
0.25, 0.830508, 0.47, 0.53, 0.808192
0.25, 0.825718, 0.47, 0.53, 0.795556
0.25, 0.78233, 0.47, 0.53, 0.750706
0.25, 0.799611, 0.47, 0.53, 0.771948
0.25, 0.839536, 0.475, 0.525, 0.817074
0.25, 0.811896, 0.475, 0.525, 0.790357
0.25, 0.796399, 0.475, 0.525, 0.767428
0.25, 0.797137, 0.475, 0.525, 0.772984
0.25, 0.80117, 0.475, 0.525, 0.775147
0.25, 0.82011, 0.475, 0.525, 0.796027
0.25, 0.831683, 0.475, 0.525, 0.810589
0.25, 0.803529, 0.475, 0.525, 0.777468
0.25, 0.802067, 0.475, 0.525, 0.772766
0.25, 0.807367, 0.475, 0.525, 0.777368
0.25, 0.819282, 0.475, 0.525, 0.790564
0.25, 0.829016, 0.475, 0.525, 0.797637
0.25, 0.81013, 0.475, 0.525, 0.783665
0.25, 0.804583, 0.475, 0.525, 0.778317
0.25, 0.815227, 0.475, 0.525, 0.788499
0.25, 0.841653, 0.475, 0.525, 0.814209
0.25, 0.799374, 0.475, 0.525, 0.769605
0.25, 0.807886, 0.475, 0.525, 0.776262
0.25, 0.808614, 0.475, 0.525, 0.783761
0.25, 0.836841, 0.475, 0.525, 0.80739
0.25, 0.810267, 0.475, 0.525, 0.781041
0.25, 0.830518, 0.475, 0.525, 0.800996
0.25, 0.814806, 0.475, 0.525, 0.786346
0.25, 0.804375, 0.475, 0.525, 0.779868
0.25, 0.772059, 0.475, 0.525, 0.750229
0.25, 0.837022, 0.48, 0.52, 0.811043
0.25, 0.863611, 0.48, 0.52, 0.838087
0.25, 0.875078, 0.48, 0.52, 0.850317
0.25, 0.869436, 0.48, 0.52, 0.84794
0.25, 0.840513, 0.48, 0.52, 0.812748
0.25, 0.854976, 0.48, 0.52, 0.830319
0.25, 0.838487, 0.48, 0.52, 0.805656
0.25, 0.840605, 0.48, 0.52, 0.815367
0.25, 0.818041, 0.48, 0.52, 0.792021
0.25, 0.831472, 0.48, 0.52, 0.799133
0.25, 0.884967, 0.48, 0.52, 0.859386
0.25, 0.83208, 0.48, 0.52, 0.808686
0.25, 0.848671, 0.48, 0.52, 0.821382
0.25, 0.84975, 0.48, 0.52, 0.833922
0.25, 0.859936, 0.48, 0.52, 0.830337
0.25, 0.825012, 0.48, 0.52, 0.795338
0.25, 0.885261, 0.48, 0.52, 0.857194
0.25, 0.844045, 0.48, 0.52, 0.81497
0.25, 0.865056, 0.48, 0.52, 0.840527
0.25, 0.841663, 0.48, 0.52, 0.824357
0.25, 0.839653, 0.48, 0.52, 0.811185
0.25, 0.839124, 0.48, 0.52, 0.80737
0.25, 0.891935, 0.48, 0.52, 0.866177
0.25, 0.876286, 0.48, 0.52, 0.854393
0.25, 0.830014, 0.48, 0.52, 0.801888
0.25, 0.878267, 0.485, 0.515, 0.852579
0.25, 0.912295, 0.485, 0.515, 0.889458
0.25, 0.86561, 0.485, 0.515, 0.840578
0.25, 0.866941, 0.485, 0.515, 0.84461
0.25, 0.887047, 0.485, 0.515, 0.862842
0.25, 0.857567, 0.485, 0.515, 0.831405
0.25, 0.875975, 0.485, 0.515, 0.853231
0.25, 0.884885, 0.485, 0.515, 0.861926
0.25, 0.87447, 0.485, 0.515, 0.852779
0.25, 0.869381, 0.485, 0.515, 0.846549
0.25, 0.929948, 0.485, 0.515, 0.911284
0.25, 0.880059, 0.485, 0.515, 0.856743
0.25, 0.873392, 0.485, 0.515, 0.847738
0.25, 0.901321, 0.485, 0.515, 0.8797
0.25, 0.868146, 0.485, 0.515, 0.84176
0.25, 0.933969, 0.485, 0.515, 0.916938
0.25, 0.892676, 0.485, 0.515, 0.867261
0.25, 0.869893, 0.485, 0.515, 0.845683
0.25, 0.848048, 0.485, 0.515, 0.826688
0.25, 0.891024, 0.485, 0.515, 0.868393
0.25, 0.901126, 0.485, 0.515, 0.880664
0.25, 0.846691, 0.485, 0.515, 0.819026
0.25, 0.911019, 0.485, 0.515, 0.893793
0.25, 0.872889, 0.485, 0.515, 0.846147
0.25, 0.862418, 0.485, 0.515, 0.83884
0.25, 0.914375, 0.49, 0.51, 0.899124
0.25, 0.936664, 0.49, 0.51, 0.919125
0.25, 0.919371, 0.49, 0.51, 0.898063
0.25, 0.883203, 0.49, 0.51, 0.860191
0.25, 0.89537, 0.49, 0.51, 0.874389
0.25, 0.916738, 0.49, 0.51, 0.900445
0.25, 0.901188, 0.49, 0.51, 0.883938
0.25, 0.94909, 0.49, 0.51, 0.93756
0.25, 0.93536, 0.49, 0.51, 0.924808
0.25, 0.915832, 0.49, 0.51, 0.898728
0.25, 0.935651, 0.49, 0.51, 0.918871
0.25, 0.927671, 0.49, 0.51, 0.911969
0.25, 0.868729, 0.49, 0.51, 0.840167
0.25, 0.882794, 0.49, 0.51, 0.856729
0.25, 0.877121, 0.49, 0.51, 0.849117
0.25, 0.877785, 0.49, 0.51, 0.862463
0.25, 0.919786, 0.49, 0.51, 0.899238
0.25, 0.891676, 0.49, 0.51, 0.868361
0.25, 0.90464, 0.49, 0.51, 0.886541
0.25, 0.960453, 0.49, 0.51, 0.950815
0.25, 0.881696, 0.49, 0.51, 0.855001
0.25, 0.906692, 0.49, 0.51, 0.891201
0.25, 0.904637, 0.49, 0.51, 0.883106
0.25, 0.870142, 0.49, 0.51, 0.844715
0.25, 0.912949, 0.49, 0.51, 0.894668
0.25, 0.929887, 0.495, 0.505, 0.912243
0.25, 0.950452, 0.495, 0.505, 0.937084
0.25, 0.967522, 0.495, 0.505, 0.958086
0.25, 0.931747, 0.495, 0.505, 0.91543
0.25, 0.94656, 0.495, 0.505, 0.933276
0.25, 0.937245, 0.495, 0.505, 0.918042
0.25, 0.93919, 0.495, 0.505, 0.925047
0.25, 0.903277, 0.495, 0.505, 0.88463
0.25, 0.944872, 0.495, 0.505, 0.934642
0.25, 0.959916, 0.495, 0.505, 0.94891
0.25, 0.972285, 0.495, 0.505, 0.96332
0.25, 0.940344, 0.495, 0.505, 0.925042
0.25, 0.990048, 0.495, 0.505, 0.98548
0.25, 0.999989, 0.495, 0.505, 0.999899
0.25, 0.920024, 0.495, 0.505, 0.905492
0.25, 0.936022, 0.495, 0.505, 0.918791
0.25, 0.921427, 0.495, 0.505, 0.905334
0.25, 0.952821, 0.495, 0.505, 0.945136
0.25, 0.955496, 0.495, 0.505, 0.944189
0.25, 0.89355, 0.495, 0.505, 0.878328
0.25, 0.976631, 0.495, 0.505, 0.970309
0.25, 0.882126, 0.495, 0.505, 0.860724
0.25, 0.956254, 0.495, 0.505, 0.944177
0.25, 0.906537, 0.495, 0.505, 0.886976
0.25, 0.892844, 0.495, 0.505, 0.874705
0.25, 0.995427, 0.5, 0.5, 0.993569
0.25, 0.992609, 0.5, 0.5, 0.989966
0.25, 0.977333, 0.5, 0.5, 0.972482
0.25, 0.975609, 0.5, 0.5, 0.968532
0.25, 0.979002, 0.5, 0.5, 0.97104
0.25, 0.963791, 0.5, 0.5, 0.957471
0.25, 0.980642, 0.5, 0.5, 0.974155
0.25, 0.965388, 0.5, 0.5, 0.955124
0.25, 0.986863, 0.5, 0.5, 0.98174
0.25, 0.986447, 0.5, 0.5, 0.983991
0.25, 0.957158, 0.5, 0.5, 0.950076
0.25, 0.995347, 0.5, 0.5, 0.99419
0.25, 0.997533, 0.5, 0.5, 0.997057
0.25, 0.994655, 0.5, 0.5, 0.99219
0.25, 0.927621, 0.5, 0.5, 0.910351
0.25, 0.992698, 0.5, 0.5, 0.990771
0.25, 0.978002, 0.5, 0.5, 0.971769
0.25, 0.91836, 0.5, 0.5, 0.902387
0.25, 0.995071, 0.5, 0.5, 0.993453
0.25, 0.967973, 0.5, 0.5, 0.960585
0.25, 0.991483, 0.5, 0.5, 0.988522
0.25, 0.999412, 0.5, 0.5, 0.999412
0.25, 0.967797, 0.5, 0.5, 0.955447
0.25, 0.994601, 0.5, 0.5, 0.992017
0.25, 0.958174, 0.5, 0.5, 0.946632
0.25, 0.995497, 0.505, 0.495, 0.994253
0.25, 0.994877, 0.505, 0.495, 0.992963
0.25, 0.989099, 0.505, 0.495, 0.986945
0.25, 0.999319, 0.505, 0.495, 0.998535
0.25, 0.983124, 0.505, 0.495, 0.978504
0.25, 0.962522, 0.505, 0.495, 0.954435
0.25, 0.988647, 0.505, 0.495, 0.986518
0.25, 0.993521, 0.505, 0.495, 0.991367
0.25, 0.982515, 0.505, 0.495, 0.976069
0.25, 0.99461, 0.505, 0.495, 0.992478
0.25, 0.996484, 0.505, 0.495, 0.995198
0.25, 0.973693, 0.505, 0.495, 0.967318
0.25, 0.994624, 0.505, 0.495, 0.992274
0.25, 0.996746, 0.505, 0.495, 0.996285
0.25, 0.981577, 0.505, 0.495, 0.977857
0.25, 0.979348, 0.505, 0.495, 0.974394
0.25, 0.996481, 0.505, 0.495, 0.995664
0.25, 0.966416, 0.505, 0.495, 0.95621
0.25, 0.999976, 0.505, 0.495, 0.999901
0.25, 0.99274, 0.505, 0.495, 0.988316
0.25, 0.992951, 0.505, 0.495, 0.990863
0.25, 0.993085, 0.505, 0.495, 0.990172
0.25, 0.993371, 0.505, 0.495, 0.989649
0.25, 0.997092, 0.505, 0.495, 0.995679
0.25, 0.981248, 0.505, 0.495, 0.977836
0.5, 0.00280838, 0.005, 0.995, 0.00277778
0.5, 0.00272695, 0.005, 0.995, 0.00237377
0.5, 0.00220722, 0.005, 0.995, 0.00266908
0.5, 0.00275439, 0.005, 0.995, 0.00299782
0.5, 0.00293505, 0.005, 0.995, 0.00249963
0.5, 0.00282155, 0.005, 0.995, 0.00235129
0.5, 0.00287028, 0.005, 0.995, 0.00273428
0.5, 0.00352359, 0.005, 0.995, 0.0024887
0.5, 0.00300307, 0.005, 0.995, 0.00370577
0.5, 0.00294781, 0.005, 0.995, 0.00230196
0.5, 0.00213831, 0.005, 0.995, 0.00244349
0.5, 0.00304015, 0.005, 0.995, 0.00274126
0.5, 0.00334638, 0.005, 0.995, 0.00343105
0.5, 0.00225202, 0.005, 0.995, 0.00227998
0.5, 0.00346124, 0.005, 0.995, 0.00335856
0.5, 0.0031472, 0.005, 0.995, 0.00301659
0.5, 0.0029967, 0.005, 0.995, 0.00291809
0.5, 0.00224896, 0.005, 0.995, 0.00185585
0.5, 0.00233523, 0.005, 0.995, 0.00257108
0.5, 0.00298781, 0.005, 0.995, 0.00280744
0.5, 0.00256597, 0.005, 0.995, 0.00211246
0.5, 0.00179337, 0.005, 0.995, 0.0022822
0.5, 0.00286581, 0.005, 0.995, 0.00257834
0.5, 0.00260956, 0.005, 0.995, 0.00245885
0.5, 0.00274044, 0.005, 0.995, 0.00311058
0.5, 0.00514782, 0.01, 0.99, 0.00508202
0.5, 0.00541576, 0.01, 0.99, 0.00493728
0.5, 0.00560004, 0.01, 0.99, 0.00606061
0.5, 0.00446297, 0.01, 0.99, 0.00540811
0.5, 0.00523988, 0.01, 0.99, 0.00535435
0.5, 0.0060713, 0.01, 0.99, 0.00503575
0.5, 0.00427041, 0.01, 0.99, 0.0042951
0.5, 0.0054361, 0.01, 0.99, 0.00549618
0.5, 0.00518105, 0.01, 0.99, 0.00516719
0.5, 0.00488723, 0.01, 0.99, 0.00451364
0.5, 0.00386222, 0.01, 0.99, 0.00500357
0.5, 0.00531942, 0.01, 0.99, 0.00481744
0.5, 0.00413387, 0.01, 0.99, 0.00431845
0.5, 0.00430548, 0.01, 0.99, 0.00449472
0.5, 0.00521218, 0.01, 0.99, 0.00588743
0.5, 0.00534976, 0.01, 0.99, 0.00513707
0.5, 0.00524692, 0.01, 0.99, 0.00458184
0.5, 0.00524203, 0.01, 0.99, 0.00601679
0.5, 0.00579064, 0.01, 0.99, 0.00583105
0.5, 0.0063684, 0.01, 0.99, 0.00566473
0.5, 0.00472727, 0.01, 0.99, 0.00515672
0.5, 0.00556082, 0.01, 0.99, 0.004943
0.5, 0.00454244, 0.01, 0.99, 0.00418157
0.5, 0.00475665, 0.01, 0.99, 0.00438442
0.5, 0.00446334, 0.01, 0.99, 0.00529629
0.5, 0.00896614, 0.015, 0.985, 0.00866949
0.5, 0.00676621, 0.015, 0.985, 0.00756345
0.5, 0.00917245, 0.015, 0.985, 0.00763786
0.5, 0.00811702, 0.015, 0.985, 0.00746041
0.5, 0.00783165, 0.015, 0.985, 0.00884368
0.5, 0.00761629, 0.015, 0.985, 0.00700117
0.5, 0.00569845, 0.015, 0.985, 0.00654598
0.5, 0.00670011, 0.015, 0.985, 0.00728355
0.5, 0.00923692, 0.015, 0.985, 0.00920183
0.5, 0.0088225, 0.015, 0.985, 0.00829095
0.5, 0.0102178, 0.015, 0.985, 0.00900763
0.5, 0.00908443, 0.015, 0.985, 0.00915227
0.5, 0.00847773, 0.015, 0.985, 0.00811565
0.5, 0.00880215, 0.015, 0.985, 0.00826572
0.5, 0.00846675, 0.015, 0.985, 0.00806205
0.5, 0.00879417, 0.015, 0.985, 0.00869742
0.5, 0.00812365, 0.015, 0.985, 0.00794489
0.5, 0.00766151, 0.015, 0.985, 0.00716846
0.5, 0.00898514, 0.015, 0.985, 0.00843667
0.5, 0.00745316, 0.015, 0.985, 0.00763091
0.5, 0.00952315, 0.015, 0.985, 0.00893398
0.5, 0.00939736, 0.015, 0.985, 0.00921423
0.5, 0.0100687, 0.015, 0.985, 0.00888934
0.5, 0.00961315, 0.015, 0.985, 0.00893719
0.5, 0.00785758, 0.015, 0.985, 0.00785193
0.5, 0.0105166, 0.02, 0.98, 0.0100891
0.5, 0.00975763, 0.02, 0.98, 0.0100162
0.5, 0.0121392, 0.02, 0.98, 0.0119779
0.5, 0.0112895, 0.02, 0.98, 0.0113485
0.5, 0.0111064, 0.02, 0.98, 0.012383
0.5, 0.0129827, 0.02, 0.98, 0.0118017
0.5, 0.0130485, 0.02, 0.98, 0.0118878
0.5, 0.0110098, 0.02, 0.98, 0.0104215
0.5, 0.0115612, 0.02, 0.98, 0.0105483
0.5, 0.0112223, 0.02, 0.98, 0.0108635
0.5, 0.0104287, 0.02, 0.98, 0.0114596
0.5, 0.0122516, 0.02, 0.98, 0.0117892
0.5, 0.0114053, 0.02, 0.98, 0.0109215
0.5, 0.0109568, 0.02, 0.98, 0.00999439
0.5, 0.0104087, 0.02, 0.98, 0.0105417
0.5, 0.0102056, 0.02, 0.98, 0.0102386
0.5, 0.0140388, 0.02, 0.98, 0.012202
0.5, 0.0110298, 0.02, 0.98, 0.0103614
0.5, 0.0114753, 0.02, 0.98, 0.0115977
0.5, 0.0126276, 0.02, 0.98, 0.0118593
0.5, 0.010463, 0.02, 0.98, 0.0110786
0.5, 0.011226, 0.02, 0.98, 0.0111404
0.5, 0.0108892, 0.02, 0.98, 0.0115447
0.5, 0.0118604, 0.02, 0.98, 0.0115924
0.5, 0.0120176, 0.02, 0.98, 0.0114601
0.5, 0.0117724, 0.025, 0.975, 0.0120648
0.5, 0.0157984, 0.025, 0.975, 0.0158608
0.5, 0.0141183, 0.025, 0.975, 0.0147104
0.5, 0.0137956, 0.025, 0.975, 0.0134476
0.5, 0.0153453, 0.025, 0.975, 0.0149346
0.5, 0.014923, 0.025, 0.975, 0.0149449
0.5, 0.0141874, 0.025, 0.975, 0.0136139
0.5, 0.013516, 0.025, 0.975, 0.014184
0.5, 0.0160301, 0.025, 0.975, 0.0149452
0.5, 0.0139097, 0.025, 0.975, 0.0145698
0.5, 0.0123161, 0.025, 0.975, 0.0121926
0.5, 0.0155457, 0.025, 0.975, 0.0144386
0.5, 0.0157877, 0.025, 0.975, 0.0147398
0.5, 0.0130511, 0.025, 0.975, 0.0140417
0.5, 0.0148177, 0.025, 0.975, 0.0148956
0.5, 0.0150466, 0.025, 0.975, 0.0148217
0.5, 0.0145716, 0.025, 0.975, 0.0131485
0.5, 0.0134759, 0.025, 0.975, 0.013201
0.5, 0.013285, 0.025, 0.975, 0.0134596
0.5, 0.0142365, 0.025, 0.975, 0.0132923
0.5, 0.0141476, 0.025, 0.975, 0.013278
0.5, 0.0148491, 0.025, 0.975, 0.0142257
0.5, 0.0138386, 0.025, 0.975, 0.0142243
0.5, 0.0129795, 0.025, 0.975, 0.0126147
0.5, 0.0123255, 0.025, 0.975, 0.0133003
0.5, 0.0155588, 0.03, 0.97, 0.0155015
0.5, 0.0166982, 0.03, 0.97, 0.016932
0.5, 0.0192219, 0.03, 0.97, 0.0169739
0.5, 0.0181686, 0.03, 0.97, 0.017741
0.5, 0.0177276, 0.03, 0.97, 0.0174446
0.5, 0.0205122, 0.03, 0.97, 0.0192278
0.5, 0.0170548, 0.03, 0.97, 0.0176959
0.5, 0.0188865, 0.03, 0.97, 0.0172748
0.5, 0.0162308, 0.03, 0.97, 0.0170141
0.5, 0.0177684, 0.03, 0.97, 0.0176214
0.5, 0.0174508, 0.03, 0.97, 0.016943
0.5, 0.0182729, 0.03, 0.97, 0.0167222
0.5, 0.0181029, 0.03, 0.97, 0.0174064
0.5, 0.0163064, 0.03, 0.97, 0.016344
0.5, 0.0188319, 0.03, 0.97, 0.0176298
0.5, 0.0165218, 0.03, 0.97, 0.0168275
0.5, 0.0180879, 0.03, 0.97, 0.0181575
0.5, 0.0173157, 0.03, 0.97, 0.0160197
0.5, 0.0192854, 0.03, 0.97, 0.0178673
0.5, 0.0176309, 0.03, 0.97, 0.0169283
0.5, 0.0170429, 0.03, 0.97, 0.018288
0.5, 0.0166692, 0.03, 0.97, 0.0166905
0.5, 0.0183658, 0.03, 0.97, 0.0173557
0.5, 0.0185486, 0.03, 0.97, 0.0179219
0.5, 0.0160928, 0.03, 0.97, 0.0176631
0.5, 0.0211923, 0.035, 0.965, 0.0192188
0.5, 0.0176305, 0.035, 0.965, 0.0195535
0.5, 0.0198752, 0.035, 0.965, 0.0199468
0.5, 0.0219657, 0.035, 0.965, 0.021607
0.5, 0.0194181, 0.035, 0.965, 0.0189792
0.5, 0.0184715, 0.035, 0.965, 0.0185858
0.5, 0.0221514, 0.035, 0.965, 0.0205437
0.5, 0.0208212, 0.035, 0.965, 0.0191595
0.5, 0.0212699, 0.035, 0.965, 0.0213774
0.5, 0.0196284, 0.035, 0.965, 0.0198444
0.5, 0.0194328, 0.035, 0.965, 0.0188255
0.5, 0.0194946, 0.035, 0.965, 0.020342
0.5, 0.0198217, 0.035, 0.965, 0.0203189
0.5, 0.0223916, 0.035, 0.965, 0.0196804
0.5, 0.0222077, 0.035, 0.965, 0.0215176
0.5, 0.0175294, 0.035, 0.965, 0.0171476
0.5, 0.0202728, 0.035, 0.965, 0.021238
0.5, 0.0200473, 0.035, 0.965, 0.0205876
0.5, 0.0193533, 0.035, 0.965, 0.0194708
0.5, 0.0190184, 0.035, 0.965, 0.0192953
0.5, 0.0193673, 0.035, 0.965, 0.0192377
0.5, 0.021957, 0.035, 0.965, 0.0220187
0.5, 0.0183885, 0.035, 0.965, 0.0180679
0.5, 0.0234429, 0.035, 0.965, 0.0212001
0.5, 0.0196547, 0.035, 0.965, 0.0201328
0.5, 0.02277, 0.04, 0.96, 0.0228857
0.5, 0.0230543, 0.04, 0.96, 0.023125
0.5, 0.024273, 0.04, 0.96, 0.0252871
0.5, 0.0249927, 0.04, 0.96, 0.0237082
0.5, 0.0231339, 0.04, 0.96, 0.0222256
0.5, 0.0253692, 0.04, 0.96, 0.0225435
0.5, 0.0255446, 0.04, 0.96, 0.0256317
0.5, 0.0233221, 0.04, 0.96, 0.023393
0.5, 0.0234628, 0.04, 0.96, 0.0237923
0.5, 0.0247078, 0.04, 0.96, 0.0230924
0.5, 0.0250978, 0.04, 0.96, 0.0231097
0.5, 0.0222996, 0.04, 0.96, 0.0245631
0.5, 0.026315, 0.04, 0.96, 0.023495
0.5, 0.0246889, 0.04, 0.96, 0.0232271
0.5, 0.0227328, 0.04, 0.96, 0.0207921
0.5, 0.0251119, 0.04, 0.96, 0.0253681
0.5, 0.0245633, 0.04, 0.96, 0.023214
0.5, 0.0235717, 0.04, 0.96, 0.0233314
0.5, 0.024167, 0.04, 0.96, 0.0235803
0.5, 0.0272831, 0.04, 0.96, 0.0253881
0.5, 0.0231214, 0.04, 0.96, 0.0237279
0.5, 0.0239088, 0.04, 0.96, 0.0240095
0.5, 0.0234152, 0.04, 0.96, 0.0232353
0.5, 0.0242331, 0.04, 0.96, 0.0241144
0.5, 0.0228053, 0.04, 0.96, 0.0229071
0.5, 0.0281979, 0.045, 0.955, 0.0268561
0.5, 0.0255312, 0.045, 0.955, 0.0258024
0.5, 0.0290615, 0.045, 0.955, 0.0294809
0.5, 0.0223168, 0.045, 0.955, 0.0247843
0.5, 0.0267218, 0.045, 0.955, 0.0264894
0.5, 0.0276148, 0.045, 0.955, 0.0268896
0.5, 0.02989, 0.045, 0.955, 0.0285966
0.5, 0.0274187, 0.045, 0.955, 0.0281778
0.5, 0.0278452, 0.045, 0.955, 0.0258947
0.5, 0.0265957, 0.045, 0.955, 0.0254544
0.5, 0.0263708, 0.045, 0.955, 0.0273893
0.5, 0.025735, 0.045, 0.955, 0.0266729
0.5, 0.0253594, 0.045, 0.955, 0.0241977
0.5, 0.0249805, 0.045, 0.955, 0.0249151
0.5, 0.0268546, 0.045, 0.955, 0.0241276
0.5, 0.0306805, 0.045, 0.955, 0.0284768
0.5, 0.0266166, 0.045, 0.955, 0.0259338
0.5, 0.0274863, 0.045, 0.955, 0.0265102
0.5, 0.0273927, 0.045, 0.955, 0.0276131
0.5, 0.0264067, 0.045, 0.955, 0.0265913
0.5, 0.0258916, 0.045, 0.955, 0.0259189
0.5, 0.0259939, 0.045, 0.955, 0.0251866
0.5, 0.0276573, 0.045, 0.955, 0.0270681
0.5, 0.0267238, 0.045, 0.955, 0.0280393
0.5, 0.027128, 0.045, 0.955, 0.0258864
0.5, 0.0357729, 0.05, 0.95, 0.0324651
0.5, 0.0345806, 0.05, 0.95, 0.0296056
0.5, 0.0302053, 0.05, 0.95, 0.0291925
0.5, 0.0313875, 0.05, 0.95, 0.0305487
0.5, 0.0333788, 0.05, 0.95, 0.0312892
0.5, 0.0333304, 0.05, 0.95, 0.0315031
0.5, 0.0297829, 0.05, 0.95, 0.0290886
0.5, 0.0296265, 0.05, 0.95, 0.0301722
0.5, 0.0325221, 0.05, 0.95, 0.0321854
0.5, 0.0268372, 0.05, 0.95, 0.0284861
0.5, 0.0326277, 0.05, 0.95, 0.0314175
0.5, 0.0333286, 0.05, 0.95, 0.0308021
0.5, 0.031328, 0.05, 0.95, 0.0296358
0.5, 0.0274389, 0.05, 0.95, 0.0291494
0.5, 0.0344628, 0.05, 0.95, 0.0343406
0.5, 0.0288314, 0.05, 0.95, 0.0296703
0.5, 0.0344991, 0.05, 0.95, 0.0336139
0.5, 0.0339238, 0.05, 0.95, 0.031513
0.5, 0.02714, 0.05, 0.95, 0.0259985
0.5, 0.0317845, 0.05, 0.95, 0.0297694
0.5, 0.0297283, 0.05, 0.95, 0.0283069
0.5, 0.0322814, 0.05, 0.95, 0.0308825
0.5, 0.0317752, 0.05, 0.95, 0.0310539
0.5, 0.0298104, 0.05, 0.95, 0.0292179
0.5, 0.0319961, 0.05, 0.95, 0.030161
0.5, 0.0326013, 0.055, 0.945, 0.0309489
0.5, 0.0362221, 0.055, 0.945, 0.0338264
0.5, 0.0351103, 0.055, 0.945, 0.0337816
0.5, 0.0367345, 0.055, 0.945, 0.033771
0.5, 0.0356648, 0.055, 0.945, 0.0352339
0.5, 0.0357998, 0.055, 0.945, 0.0342609
0.5, 0.0361009, 0.055, 0.945, 0.0363674
0.5, 0.034423, 0.055, 0.945, 0.0321258
0.5, 0.0344341, 0.055, 0.945, 0.0345028
0.5, 0.0333838, 0.055, 0.945, 0.0332148
0.5, 0.0347803, 0.055, 0.945, 0.0350094
0.5, 0.0399929, 0.055, 0.945, 0.0363588
0.5, 0.0350266, 0.055, 0.945, 0.0341143
0.5, 0.0330725, 0.055, 0.945, 0.0338025
0.5, 0.0351761, 0.055, 0.945, 0.0341242
0.5, 0.0346329, 0.055, 0.945, 0.0334006
0.5, 0.0362427, 0.055, 0.945, 0.0338544
0.5, 0.0348921, 0.055, 0.945, 0.0329242
0.5, 0.0320464, 0.055, 0.945, 0.0309637
0.5, 0.0350123, 0.055, 0.945, 0.0348256
0.5, 0.0312039, 0.055, 0.945, 0.0319748
0.5, 0.0334785, 0.055, 0.945, 0.0328828
0.5, 0.0333462, 0.055, 0.945, 0.033279
0.5, 0.0322869, 0.055, 0.945, 0.0318327
0.5, 0.0332337, 0.055, 0.945, 0.0320215
0.5, 0.0374654, 0.06, 0.94, 0.0359981
0.5, 0.0430463, 0.06, 0.94, 0.0401133
0.5, 0.0398012, 0.06, 0.94, 0.0364878
0.5, 0.0369436, 0.06, 0.94, 0.0380466
0.5, 0.0409602, 0.06, 0.94, 0.0399412
0.5, 0.0354157, 0.06, 0.94, 0.037711
0.5, 0.0367259, 0.06, 0.94, 0.0376027
0.5, 0.0394519, 0.06, 0.94, 0.0371499
0.5, 0.0429739, 0.06, 0.94, 0.0385128
0.5, 0.0390509, 0.06, 0.94, 0.0379786
0.5, 0.0409225, 0.06, 0.94, 0.0378239
0.5, 0.041337, 0.06, 0.94, 0.0398345
0.5, 0.0410879, 0.06, 0.94, 0.040756
0.5, 0.0397682, 0.06, 0.94, 0.0376513
0.5, 0.0414786, 0.06, 0.94, 0.0393883
0.5, 0.039416, 0.06, 0.94, 0.0380415
0.5, 0.0355258, 0.06, 0.94, 0.0350374
0.5, 0.0366454, 0.06, 0.94, 0.0355111
0.5, 0.038941, 0.06, 0.94, 0.0376361
0.5, 0.036293, 0.06, 0.94, 0.0360664
0.5, 0.0401386, 0.06, 0.94, 0.0367612
0.5, 0.040918, 0.06, 0.94, 0.0395486
0.5, 0.0379729, 0.06, 0.94, 0.0376734
0.5, 0.0380355, 0.06, 0.94, 0.0366042
0.5, 0.0403746, 0.06, 0.94, 0.0389734
0.5, 0.0411521, 0.065, 0.935, 0.0400297
0.5, 0.045637, 0.065, 0.935, 0.0421097
0.5, 0.044556, 0.065, 0.935, 0.0444845
0.5, 0.048885, 0.065, 0.935, 0.0442258
0.5, 0.0413401, 0.065, 0.935, 0.0423838
0.5, 0.0453933, 0.065, 0.935, 0.0421607
0.5, 0.0397927, 0.065, 0.935, 0.0398935
0.5, 0.0389397, 0.065, 0.935, 0.0376755
0.5, 0.0403987, 0.065, 0.935, 0.0394751
0.5, 0.041992, 0.065, 0.935, 0.0420683
0.5, 0.0401804, 0.065, 0.935, 0.0394012
0.5, 0.0424924, 0.065, 0.935, 0.0425577
0.5, 0.0454348, 0.065, 0.935, 0.0429306
0.5, 0.0450199, 0.065, 0.935, 0.0428902
0.5, 0.039003, 0.065, 0.935, 0.039715
0.5, 0.0425997, 0.065, 0.935, 0.0417089
0.5, 0.0447614, 0.065, 0.935, 0.0423071
0.5, 0.0403016, 0.065, 0.935, 0.0396913
0.5, 0.0432473, 0.065, 0.935, 0.0419085
0.5, 0.0413384, 0.065, 0.935, 0.0421677
0.5, 0.0449288, 0.065, 0.935, 0.0412198
0.5, 0.0417526, 0.065, 0.935, 0.0405434
0.5, 0.0419083, 0.065, 0.935, 0.0382051
0.5, 0.041692, 0.065, 0.935, 0.0411641
0.5, 0.0437953, 0.065, 0.935, 0.0429487
0.5, 0.0486696, 0.07, 0.93, 0.0457874
0.5, 0.0479276, 0.07, 0.93, 0.0460827
0.5, 0.0448311, 0.07, 0.93, 0.0447793
0.5, 0.0481546, 0.07, 0.93, 0.0461718
0.5, 0.0447482, 0.07, 0.93, 0.0435036
0.5, 0.0437137, 0.07, 0.93, 0.0456518
0.5, 0.0473394, 0.07, 0.93, 0.0458028
0.5, 0.0498751, 0.07, 0.93, 0.0476981
0.5, 0.0451799, 0.07, 0.93, 0.0445375
0.5, 0.0461459, 0.07, 0.93, 0.0462307
0.5, 0.0471872, 0.07, 0.93, 0.0475681
0.5, 0.048769, 0.07, 0.93, 0.0477117
0.5, 0.0462473, 0.07, 0.93, 0.0458555
0.5, 0.0485421, 0.07, 0.93, 0.0446203
0.5, 0.0474394, 0.07, 0.93, 0.0471834
0.5, 0.0484823, 0.07, 0.93, 0.045457
0.5, 0.0479256, 0.07, 0.93, 0.0491041
0.5, 0.0503113, 0.07, 0.93, 0.0483871
0.5, 0.0476951, 0.07, 0.93, 0.0466862
0.5, 0.0488579, 0.07, 0.93, 0.0437398
0.5, 0.0455851, 0.07, 0.93, 0.0440288
0.5, 0.0459301, 0.07, 0.93, 0.0451413
0.5, 0.0442024, 0.07, 0.93, 0.0434643
0.5, 0.0451181, 0.07, 0.93, 0.0462603
0.5, 0.0424233, 0.07, 0.93, 0.0436569
0.5, 0.0564106, 0.075, 0.925, 0.0542886
0.5, 0.0471674, 0.075, 0.925, 0.0465667
0.5, 0.0483461, 0.075, 0.925, 0.0466692
0.5, 0.0494598, 0.075, 0.925, 0.0498145
0.5, 0.0544861, 0.075, 0.925, 0.0497794
0.5, 0.0515542, 0.075, 0.925, 0.0492969
0.5, 0.0494838, 0.075, 0.925, 0.0476497
0.5, 0.0573555, 0.075, 0.925, 0.0532035
0.5, 0.0524112, 0.075, 0.925, 0.0505425
0.5, 0.0517657, 0.075, 0.925, 0.0493029
0.5, 0.0518753, 0.075, 0.925, 0.0500322
0.5, 0.0531772, 0.075, 0.925, 0.0513796
0.5, 0.0492562, 0.075, 0.925, 0.05018
0.5, 0.0481643, 0.075, 0.925, 0.0479125
0.5, 0.0504399, 0.075, 0.925, 0.0465723
0.5, 0.0515565, 0.075, 0.925, 0.0517361
0.5, 0.0543795, 0.075, 0.925, 0.0503372
0.5, 0.0497634, 0.075, 0.925, 0.0486185
0.5, 0.054516, 0.075, 0.925, 0.0518018
0.5, 0.0541347, 0.075, 0.925, 0.0496255
0.5, 0.0484759, 0.075, 0.925, 0.0475478
0.5, 0.0541583, 0.075, 0.925, 0.0526486
0.5, 0.0532998, 0.075, 0.925, 0.0507023
0.5, 0.0522278, 0.075, 0.925, 0.0520972
0.5, 0.0519956, 0.075, 0.925, 0.0507658
0.5, 0.0575206, 0.08, 0.92, 0.0543256
0.5, 0.0536217, 0.08, 0.92, 0.0529877
0.5, 0.0561086, 0.08, 0.92, 0.0541198
0.5, 0.0528594, 0.08, 0.92, 0.0538784
0.5, 0.0555127, 0.08, 0.92, 0.0519114
0.5, 0.0545464, 0.08, 0.92, 0.0519731
0.5, 0.0511983, 0.08, 0.92, 0.0514821
0.5, 0.0538905, 0.08, 0.92, 0.0524871
0.5, 0.0550259, 0.08, 0.92, 0.0539181
0.5, 0.0582889, 0.08, 0.92, 0.0541058
0.5, 0.0546684, 0.08, 0.92, 0.0527618
0.5, 0.0561287, 0.08, 0.92, 0.0553205
0.5, 0.0568735, 0.08, 0.92, 0.0522513
0.5, 0.0574335, 0.08, 0.92, 0.0551962
0.5, 0.0549445, 0.08, 0.92, 0.0533798
0.5, 0.0557131, 0.08, 0.92, 0.0525249
0.5, 0.0530861, 0.08, 0.92, 0.0539677
0.5, 0.0589524, 0.08, 0.92, 0.0533026
0.5, 0.0579784, 0.08, 0.92, 0.0540526
0.5, 0.0559539, 0.08, 0.92, 0.0550602
0.5, 0.0559627, 0.08, 0.92, 0.0537119
0.5, 0.0542066, 0.08, 0.92, 0.0509958
0.5, 0.055476, 0.08, 0.92, 0.0547392
0.5, 0.0587287, 0.08, 0.92, 0.0560922
0.5, 0.0576291, 0.08, 0.92, 0.0572305
0.5, 0.0557863, 0.085, 0.915, 0.0538764
0.5, 0.0593757, 0.085, 0.915, 0.0558749
0.5, 0.0529985, 0.085, 0.915, 0.0545346
0.5, 0.0596933, 0.085, 0.915, 0.0565291
0.5, 0.0544595, 0.085, 0.915, 0.0536784
0.5, 0.0566444, 0.085, 0.915, 0.055869
0.5, 0.0618371, 0.085, 0.915, 0.0583275
0.5, 0.0573058, 0.085, 0.915, 0.0566501
0.5, 0.0589057, 0.085, 0.915, 0.0549313
0.5, 0.0550118, 0.085, 0.915, 0.0580729
0.5, 0.0595984, 0.085, 0.915, 0.0594075
0.5, 0.0589306, 0.085, 0.915, 0.0586499
0.5, 0.0613124, 0.085, 0.915, 0.0596434
0.5, 0.0606612, 0.085, 0.915, 0.0564056
0.5, 0.0585306, 0.085, 0.915, 0.0564329
0.5, 0.0664905, 0.085, 0.915, 0.0627837
0.5, 0.0586988, 0.085, 0.915, 0.0568453
0.5, 0.0545144, 0.085, 0.915, 0.0560718
0.5, 0.0642783, 0.085, 0.915, 0.0596798
0.5, 0.0612974, 0.085, 0.915, 0.0602403
0.5, 0.0599331, 0.085, 0.915, 0.056391
0.5, 0.0585208, 0.085, 0.915, 0.0572011
0.5, 0.0587708, 0.085, 0.915, 0.0565076
0.5, 0.0572113, 0.085, 0.915, 0.0576198
0.5, 0.0552488, 0.085, 0.915, 0.0557599
0.5, 0.0642067, 0.09, 0.91, 0.0626826
0.5, 0.0649995, 0.09, 0.91, 0.062449
0.5, 0.0678258, 0.09, 0.91, 0.0635651
0.5, 0.0630049, 0.09, 0.91, 0.0624834
0.5, 0.0645338, 0.09, 0.91, 0.0614448
0.5, 0.0619104, 0.09, 0.91, 0.0596765
0.5, 0.0618263, 0.09, 0.91, 0.0605864
0.5, 0.065432, 0.09, 0.91, 0.064324
0.5, 0.0659703, 0.09, 0.91, 0.0626221
0.5, 0.0661894, 0.09, 0.91, 0.064374
0.5, 0.064208, 0.09, 0.91, 0.0626963
0.5, 0.0663191, 0.09, 0.91, 0.0632626
0.5, 0.0567141, 0.09, 0.91, 0.0571169
0.5, 0.0682797, 0.09, 0.91, 0.0644896
0.5, 0.0697894, 0.09, 0.91, 0.0646157
0.5, 0.0605023, 0.09, 0.91, 0.0601269
0.5, 0.0697011, 0.09, 0.91, 0.0660053
0.5, 0.0668651, 0.09, 0.91, 0.0655888
0.5, 0.0592071, 0.09, 0.91, 0.060125
0.5, 0.061253, 0.09, 0.91, 0.0590513
0.5, 0.0616682, 0.09, 0.91, 0.0600398
0.5, 0.061747, 0.09, 0.91, 0.0606239
0.5, 0.0676116, 0.09, 0.91, 0.0636645
0.5, 0.0639385, 0.09, 0.91, 0.0622995
0.5, 0.0632169, 0.09, 0.91, 0.0647209
0.5, 0.0669948, 0.095, 0.905, 0.0658263
0.5, 0.067037, 0.095, 0.905, 0.0640105
0.5, 0.061056, 0.095, 0.905, 0.0598698
0.5, 0.0667428, 0.095, 0.905, 0.0634929
0.5, 0.0693357, 0.095, 0.905, 0.0656618
0.5, 0.0699443, 0.095, 0.905, 0.0685569
0.5, 0.0657346, 0.095, 0.905, 0.0638217
0.5, 0.0676315, 0.095, 0.905, 0.0638912
0.5, 0.0745437, 0.095, 0.905, 0.0716819
0.5, 0.0691265, 0.095, 0.905, 0.0670765
0.5, 0.0687024, 0.095, 0.905, 0.0647851
0.5, 0.0691282, 0.095, 0.905, 0.0664612
0.5, 0.0671904, 0.095, 0.905, 0.0645474
0.5, 0.0708452, 0.095, 0.905, 0.0693906
0.5, 0.070874, 0.095, 0.905, 0.0668797
0.5, 0.0661213, 0.095, 0.905, 0.0652339
0.5, 0.068093, 0.095, 0.905, 0.0679349
0.5, 0.0662551, 0.095, 0.905, 0.0669338
0.5, 0.0689546, 0.095, 0.905, 0.0690684
0.5, 0.0638801, 0.095, 0.905, 0.0641361
0.5, 0.0703009, 0.095, 0.905, 0.0687874
0.5, 0.0690025, 0.095, 0.905, 0.0637167
0.5, 0.0649276, 0.095, 0.905, 0.0634138
0.5, 0.0636715, 0.095, 0.905, 0.0646454
0.5, 0.0690286, 0.095, 0.905, 0.0645091
0.5, 0.0745472, 0.1, 0.9, 0.0723395
0.5, 0.0745446, 0.1, 0.9, 0.0697445
0.5, 0.0752435, 0.1, 0.9, 0.0707115
0.5, 0.0717278, 0.1, 0.9, 0.0697572
0.5, 0.0782123, 0.1, 0.9, 0.0747928
0.5, 0.0770107, 0.1, 0.9, 0.0698077
0.5, 0.0776065, 0.1, 0.9, 0.073357
0.5, 0.0730812, 0.1, 0.9, 0.073203
0.5, 0.0709277, 0.1, 0.9, 0.0721531
0.5, 0.0704735, 0.1, 0.9, 0.0662801
0.5, 0.0751674, 0.1, 0.9, 0.0717423
0.5, 0.0726144, 0.1, 0.9, 0.0682263
0.5, 0.0764525, 0.1, 0.9, 0.070776
0.5, 0.0718307, 0.1, 0.9, 0.0689806
0.5, 0.0740253, 0.1, 0.9, 0.0722325
0.5, 0.0753029, 0.1, 0.9, 0.0699874
0.5, 0.0731407, 0.1, 0.9, 0.0698409
0.5, 0.0676224, 0.1, 0.9, 0.069315
0.5, 0.0670869, 0.1, 0.9, 0.0672867
0.5, 0.0714395, 0.1, 0.9, 0.0717251
0.5, 0.0715874, 0.1, 0.9, 0.0696768
0.5, 0.0740247, 0.1, 0.9, 0.0693985
0.5, 0.0675, 0.1, 0.9, 0.0686716
0.5, 0.071023, 0.1, 0.9, 0.0675028
0.5, 0.0699348, 0.1, 0.9, 0.0693717
0.5, 0.0716377, 0.105, 0.895, 0.0694812
0.5, 0.0764306, 0.105, 0.895, 0.0731562
0.5, 0.0865108, 0.105, 0.895, 0.0841841
0.5, 0.0754295, 0.105, 0.895, 0.0752046
0.5, 0.0778032, 0.105, 0.895, 0.0758987
0.5, 0.0721824, 0.105, 0.895, 0.0701918
0.5, 0.0792834, 0.105, 0.895, 0.0766032
0.5, 0.0773327, 0.105, 0.895, 0.0756437
0.5, 0.0787464, 0.105, 0.895, 0.0766925
0.5, 0.0770959, 0.105, 0.895, 0.0764488
0.5, 0.0719571, 0.105, 0.895, 0.0703543
0.5, 0.0788034, 0.105, 0.895, 0.0733648
0.5, 0.0741278, 0.105, 0.895, 0.075052
0.5, 0.0790326, 0.105, 0.895, 0.0783506
0.5, 0.0768885, 0.105, 0.895, 0.0739617
0.5, 0.0718196, 0.105, 0.895, 0.0714168
0.5, 0.076272, 0.105, 0.895, 0.0759875
0.5, 0.0771969, 0.105, 0.895, 0.0731855
0.5, 0.0842744, 0.105, 0.895, 0.0793031
0.5, 0.0804794, 0.105, 0.895, 0.0771595
0.5, 0.0718906, 0.105, 0.895, 0.0698499
0.5, 0.078396, 0.105, 0.895, 0.0763061
0.5, 0.0755521, 0.105, 0.895, 0.0739365
0.5, 0.0725943, 0.105, 0.895, 0.0729138
0.5, 0.0772479, 0.105, 0.895, 0.074445
0.5, 0.0900262, 0.11, 0.89, 0.0844213
0.5, 0.0907174, 0.11, 0.89, 0.084949
0.5, 0.0770081, 0.11, 0.89, 0.0744849
0.5, 0.079908, 0.11, 0.89, 0.0775488
0.5, 0.0882533, 0.11, 0.89, 0.0842309
0.5, 0.0816023, 0.11, 0.89, 0.0760703
0.5, 0.0877439, 0.11, 0.89, 0.0826299
0.5, 0.082874, 0.11, 0.89, 0.0782952
0.5, 0.0814239, 0.11, 0.89, 0.0841946
0.5, 0.0823154, 0.11, 0.89, 0.0808015
0.5, 0.0751268, 0.11, 0.89, 0.0745074
0.5, 0.085417, 0.11, 0.89, 0.0796508
0.5, 0.0823757, 0.11, 0.89, 0.0773715
0.5, 0.081234, 0.11, 0.89, 0.0826396
0.5, 0.0781712, 0.11, 0.89, 0.0768936
0.5, 0.0808505, 0.11, 0.89, 0.0802609
0.5, 0.0848841, 0.11, 0.89, 0.0789879
0.5, 0.0844083, 0.11, 0.89, 0.082442
0.5, 0.0845811, 0.11, 0.89, 0.0824674
0.5, 0.0862864, 0.11, 0.89, 0.0809781
0.5, 0.0833362, 0.11, 0.89, 0.0762117
0.5, 0.0842047, 0.11, 0.89, 0.0808142
0.5, 0.0792546, 0.11, 0.89, 0.0818652
0.5, 0.0840972, 0.11, 0.89, 0.0806292
0.5, 0.0809282, 0.11, 0.89, 0.0786936
0.5, 0.0942872, 0.115, 0.885, 0.0867102
0.5, 0.0844273, 0.115, 0.885, 0.0805206
0.5, 0.0911687, 0.115, 0.885, 0.0901145
0.5, 0.0843806, 0.115, 0.885, 0.0804042
0.5, 0.0924259, 0.115, 0.885, 0.0888076
0.5, 0.0975081, 0.115, 0.885, 0.0908688
0.5, 0.0878558, 0.115, 0.885, 0.0856567
0.5, 0.0883391, 0.115, 0.885, 0.0843615
0.5, 0.087844, 0.115, 0.885, 0.0834261
0.5, 0.0874757, 0.115, 0.885, 0.0861326
0.5, 0.0858409, 0.115, 0.885, 0.0823595
0.5, 0.0913678, 0.115, 0.885, 0.0858469
0.5, 0.0862826, 0.115, 0.885, 0.0854971
0.5, 0.087638, 0.115, 0.885, 0.084463
0.5, 0.0891209, 0.115, 0.885, 0.0826455
0.5, 0.0872674, 0.115, 0.885, 0.0861675
0.5, 0.0912218, 0.115, 0.885, 0.0862424
0.5, 0.091209, 0.115, 0.885, 0.0887378
0.5, 0.0896444, 0.115, 0.885, 0.0830885
0.5, 0.0855393, 0.115, 0.885, 0.0810275
0.5, 0.0934226, 0.115, 0.885, 0.0887079
0.5, 0.0863743, 0.115, 0.885, 0.0842684
0.5, 0.0850335, 0.115, 0.885, 0.082876
0.5, 0.0876185, 0.115, 0.885, 0.0840703
0.5, 0.0877721, 0.115, 0.885, 0.0849767
0.5, 0.088035, 0.12, 0.88, 0.0861321
0.5, 0.0923339, 0.12, 0.88, 0.0885735
0.5, 0.0940206, 0.12, 0.88, 0.0893103
0.5, 0.0897694, 0.12, 0.88, 0.0916938
0.5, 0.0960123, 0.12, 0.88, 0.0916167
0.5, 0.094879, 0.12, 0.88, 0.0875792
0.5, 0.0963549, 0.12, 0.88, 0.0919203
0.5, 0.0941725, 0.12, 0.88, 0.0903917
0.5, 0.0881416, 0.12, 0.88, 0.0851794
0.5, 0.0915069, 0.12, 0.88, 0.0881215
0.5, 0.0954415, 0.12, 0.88, 0.0910209
0.5, 0.0965422, 0.12, 0.88, 0.0906684
0.5, 0.0976673, 0.12, 0.88, 0.0898536
0.5, 0.0974597, 0.12, 0.88, 0.093904
0.5, 0.100193, 0.12, 0.88, 0.0956454
0.5, 0.0989414, 0.12, 0.88, 0.0951111
0.5, 0.0958741, 0.12, 0.88, 0.0919705
0.5, 0.0917123, 0.12, 0.88, 0.0878269
0.5, 0.0980615, 0.12, 0.88, 0.0944925
0.5, 0.09163, 0.12, 0.88, 0.0889447
0.5, 0.094184, 0.12, 0.88, 0.0874099
0.5, 0.0957679, 0.12, 0.88, 0.0929468
0.5, 0.0905081, 0.12, 0.88, 0.0869565
0.5, 0.090093, 0.12, 0.88, 0.0862969
0.5, 0.0915172, 0.12, 0.88, 0.0901174
0.5, 0.0957799, 0.125, 0.875, 0.0892699
0.5, 0.100203, 0.125, 0.875, 0.0956555
0.5, 0.0991818, 0.125, 0.875, 0.0966973
0.5, 0.0957317, 0.125, 0.875, 0.0949746
0.5, 0.0969152, 0.125, 0.875, 0.0942778
0.5, 0.0952477, 0.125, 0.875, 0.0927163
0.5, 0.0982772, 0.125, 0.875, 0.0951114
0.5, 0.0990998, 0.125, 0.875, 0.0960743
0.5, 0.104173, 0.125, 0.875, 0.0976509
0.5, 0.0970847, 0.125, 0.875, 0.0959438
0.5, 0.0964638, 0.125, 0.875, 0.0949532
0.5, 0.100062, 0.125, 0.875, 0.0953656
0.5, 0.0980321, 0.125, 0.875, 0.0961796
0.5, 0.0980581, 0.125, 0.875, 0.0952802
0.5, 0.0960071, 0.125, 0.875, 0.0912877
0.5, 0.110792, 0.125, 0.875, 0.102558
0.5, 0.101456, 0.125, 0.875, 0.0991151
0.5, 0.102037, 0.125, 0.875, 0.0971307
0.5, 0.102312, 0.125, 0.875, 0.0980381
0.5, 0.0902282, 0.125, 0.875, 0.087987
0.5, 0.0980197, 0.125, 0.875, 0.0957714
0.5, 0.0989163, 0.125, 0.875, 0.0974583
0.5, 0.0956478, 0.125, 0.875, 0.0944343
0.5, 0.0942149, 0.125, 0.875, 0.0880538
0.5, 0.0967234, 0.125, 0.875, 0.0930643
0.5, 0.0989751, 0.13, 0.87, 0.0965694
0.5, 0.103809, 0.13, 0.87, 0.0994512
0.5, 0.100971, 0.13, 0.87, 0.0972362
0.5, 0.0969238, 0.13, 0.87, 0.0950354
0.5, 0.102444, 0.13, 0.87, 0.0993363
0.5, 0.104107, 0.13, 0.87, 0.0997441
0.5, 0.105835, 0.13, 0.87, 0.100753
0.5, 0.104273, 0.13, 0.87, 0.100664
0.5, 0.101947, 0.13, 0.87, 0.0991843
0.5, 0.101503, 0.13, 0.87, 0.103889
0.5, 0.102888, 0.13, 0.87, 0.0968347
0.5, 0.100517, 0.13, 0.87, 0.0980195
0.5, 0.0992309, 0.13, 0.87, 0.0955239
0.5, 0.102733, 0.13, 0.87, 0.0971285
0.5, 0.101307, 0.13, 0.87, 0.0987703
0.5, 0.106914, 0.13, 0.87, 0.100931
0.5, 0.100924, 0.13, 0.87, 0.101649
0.5, 0.0993902, 0.13, 0.87, 0.0957991
0.5, 0.109059, 0.13, 0.87, 0.102205
0.5, 0.100241, 0.13, 0.87, 0.0997015
0.5, 0.100761, 0.13, 0.87, 0.0951127
0.5, 0.105745, 0.13, 0.87, 0.102297
0.5, 0.105233, 0.13, 0.87, 0.0995239
0.5, 0.103023, 0.13, 0.87, 0.0985048
0.5, 0.104262, 0.13, 0.87, 0.103319
0.5, 0.111006, 0.135, 0.865, 0.107813
0.5, 0.110249, 0.135, 0.865, 0.105838
0.5, 0.108516, 0.135, 0.865, 0.106747
0.5, 0.107334, 0.135, 0.865, 0.106439
0.5, 0.103921, 0.135, 0.865, 0.105181
0.5, 0.108608, 0.135, 0.865, 0.102098
0.5, 0.108033, 0.135, 0.865, 0.102593
0.5, 0.107347, 0.135, 0.865, 0.103599
0.5, 0.102806, 0.135, 0.865, 0.0999445
0.5, 0.113947, 0.135, 0.865, 0.109306
0.5, 0.116967, 0.135, 0.865, 0.107637
0.5, 0.108903, 0.135, 0.865, 0.10374
0.5, 0.110922, 0.135, 0.865, 0.105447
0.5, 0.106321, 0.135, 0.865, 0.103744
0.5, 0.109483, 0.135, 0.865, 0.104159
0.5, 0.107415, 0.135, 0.865, 0.10182
0.5, 0.107834, 0.135, 0.865, 0.103168
0.5, 0.110988, 0.135, 0.865, 0.105637
0.5, 0.112889, 0.135, 0.865, 0.105043
0.5, 0.105395, 0.135, 0.865, 0.09986
0.5, 0.113168, 0.135, 0.865, 0.106845
0.5, 0.105463, 0.135, 0.865, 0.107853
0.5, 0.110429, 0.135, 0.865, 0.106658
0.5, 0.10874, 0.135, 0.865, 0.10256
0.5, 0.106235, 0.135, 0.865, 0.105119
0.5, 0.112978, 0.14, 0.86, 0.108864
0.5, 0.11471, 0.14, 0.86, 0.110374
0.5, 0.107025, 0.14, 0.86, 0.105599
0.5, 0.110548, 0.14, 0.86, 0.106806
0.5, 0.111943, 0.14, 0.86, 0.10798
0.5, 0.12129, 0.14, 0.86, 0.112464
0.5, 0.11777, 0.14, 0.86, 0.10751
0.5, 0.112551, 0.14, 0.86, 0.111772
0.5, 0.109992, 0.14, 0.86, 0.107865
0.5, 0.109793, 0.14, 0.86, 0.108328
0.5, 0.113056, 0.14, 0.86, 0.1082
0.5, 0.11793, 0.14, 0.86, 0.110774
0.5, 0.112225, 0.14, 0.86, 0.110209
0.5, 0.111771, 0.14, 0.86, 0.11066
0.5, 0.117573, 0.14, 0.86, 0.113724
0.5, 0.109546, 0.14, 0.86, 0.107654
0.5, 0.111523, 0.14, 0.86, 0.106076
0.5, 0.111652, 0.14, 0.86, 0.10941
0.5, 0.114237, 0.14, 0.86, 0.110357
0.5, 0.107302, 0.14, 0.86, 0.105889
0.5, 0.116654, 0.14, 0.86, 0.108931
0.5, 0.117594, 0.14, 0.86, 0.113795
0.5, 0.121095, 0.14, 0.86, 0.112149
0.5, 0.112734, 0.14, 0.86, 0.110122
0.5, 0.114057, 0.14, 0.86, 0.111408
0.5, 0.11721, 0.145, 0.855, 0.118798
0.5, 0.119087, 0.145, 0.855, 0.114441
0.5, 0.11568, 0.145, 0.855, 0.11128
0.5, 0.114664, 0.145, 0.855, 0.110366
0.5, 0.117196, 0.145, 0.855, 0.11416
0.5, 0.116756, 0.145, 0.855, 0.109341
0.5, 0.126938, 0.145, 0.855, 0.117392
0.5, 0.110681, 0.145, 0.855, 0.110456
0.5, 0.122703, 0.145, 0.855, 0.117018
0.5, 0.113791, 0.145, 0.855, 0.113653
0.5, 0.121485, 0.145, 0.855, 0.115249
0.5, 0.119917, 0.145, 0.855, 0.114483
0.5, 0.121468, 0.145, 0.855, 0.115954
0.5, 0.12098, 0.145, 0.855, 0.116254
0.5, 0.11722, 0.145, 0.855, 0.115596
0.5, 0.11019, 0.145, 0.855, 0.108015
0.5, 0.129367, 0.145, 0.855, 0.120009
0.5, 0.121777, 0.145, 0.855, 0.116744
0.5, 0.118905, 0.145, 0.855, 0.114641
0.5, 0.121758, 0.145, 0.855, 0.116753
0.5, 0.118485, 0.145, 0.855, 0.111674
0.5, 0.122175, 0.145, 0.855, 0.115611
0.5, 0.117271, 0.145, 0.855, 0.112903
0.5, 0.127686, 0.145, 0.855, 0.118076
0.5, 0.12005, 0.145, 0.855, 0.113476
0.5, 0.122499, 0.15, 0.85, 0.12089
0.5, 0.124887, 0.15, 0.85, 0.121426
0.5, 0.119856, 0.15, 0.85, 0.11792
0.5, 0.126981, 0.15, 0.85, 0.120009
0.5, 0.132611, 0.15, 0.85, 0.122729
0.5, 0.126378, 0.15, 0.85, 0.123
0.5, 0.122714, 0.15, 0.85, 0.116088
0.5, 0.116066, 0.15, 0.85, 0.115454
0.5, 0.122107, 0.15, 0.85, 0.116306
0.5, 0.120924, 0.15, 0.85, 0.119607
0.5, 0.125926, 0.15, 0.85, 0.12176
0.5, 0.121615, 0.15, 0.85, 0.116839
0.5, 0.119138, 0.15, 0.85, 0.121106
0.5, 0.124591, 0.15, 0.85, 0.117949
0.5, 0.124666, 0.15, 0.85, 0.12003
0.5, 0.125284, 0.15, 0.85, 0.121872
0.5, 0.135282, 0.15, 0.85, 0.12327
0.5, 0.117816, 0.15, 0.85, 0.117481
0.5, 0.11783, 0.15, 0.85, 0.116021
0.5, 0.121673, 0.15, 0.85, 0.117321
0.5, 0.128321, 0.15, 0.85, 0.120803
0.5, 0.120588, 0.15, 0.85, 0.114933
0.5, 0.128586, 0.15, 0.85, 0.12495
0.5, 0.129412, 0.15, 0.85, 0.121283
0.5, 0.12558, 0.15, 0.85, 0.123106
0.5, 0.133161, 0.155, 0.845, 0.12849
0.5, 0.124068, 0.155, 0.845, 0.121489
0.5, 0.133615, 0.155, 0.845, 0.125021
0.5, 0.138554, 0.155, 0.845, 0.132347
0.5, 0.129152, 0.155, 0.845, 0.125669
0.5, 0.130583, 0.155, 0.845, 0.130224
0.5, 0.130334, 0.155, 0.845, 0.126335
0.5, 0.127095, 0.155, 0.845, 0.122598
0.5, 0.125398, 0.155, 0.845, 0.123213
0.5, 0.131823, 0.155, 0.845, 0.12792
0.5, 0.127221, 0.155, 0.845, 0.125771
0.5, 0.134666, 0.155, 0.845, 0.127871
0.5, 0.129011, 0.155, 0.845, 0.127552
0.5, 0.136544, 0.155, 0.845, 0.129083
0.5, 0.129366, 0.155, 0.845, 0.126504
0.5, 0.13099, 0.155, 0.845, 0.129152
0.5, 0.128845, 0.155, 0.845, 0.123285
0.5, 0.12867, 0.155, 0.845, 0.124
0.5, 0.134095, 0.155, 0.845, 0.125654
0.5, 0.119619, 0.155, 0.845, 0.120847
0.5, 0.128197, 0.155, 0.845, 0.124059
0.5, 0.132399, 0.155, 0.845, 0.127246
0.5, 0.128869, 0.155, 0.845, 0.123326
0.5, 0.135803, 0.155, 0.845, 0.128553
0.5, 0.127511, 0.155, 0.845, 0.123262
0.5, 0.130158, 0.16, 0.84, 0.129968
0.5, 0.128511, 0.16, 0.84, 0.125552
0.5, 0.134296, 0.16, 0.84, 0.129512
0.5, 0.130655, 0.16, 0.84, 0.128164
0.5, 0.13855, 0.16, 0.84, 0.134572
0.5, 0.138102, 0.16, 0.84, 0.131487
0.5, 0.125146, 0.16, 0.84, 0.123306
0.5, 0.140081, 0.16, 0.84, 0.132701
0.5, 0.142094, 0.16, 0.84, 0.13432
0.5, 0.136278, 0.16, 0.84, 0.130164
0.5, 0.136209, 0.16, 0.84, 0.13236
0.5, 0.132502, 0.16, 0.84, 0.133537
0.5, 0.133734, 0.16, 0.84, 0.127822
0.5, 0.134642, 0.16, 0.84, 0.128217
0.5, 0.134647, 0.16, 0.84, 0.131951
0.5, 0.142261, 0.16, 0.84, 0.13506
0.5, 0.129507, 0.16, 0.84, 0.129217
0.5, 0.126594, 0.16, 0.84, 0.128666
0.5, 0.124997, 0.16, 0.84, 0.123946
0.5, 0.134491, 0.16, 0.84, 0.132724
0.5, 0.135216, 0.16, 0.84, 0.132874
0.5, 0.147254, 0.16, 0.84, 0.138296
0.5, 0.13706, 0.16, 0.84, 0.134028
0.5, 0.132683, 0.16, 0.84, 0.129012
0.5, 0.134378, 0.16, 0.84, 0.127508
0.5, 0.144114, 0.165, 0.835, 0.134546
0.5, 0.142125, 0.165, 0.835, 0.139667
0.5, 0.135142, 0.165, 0.835, 0.13182
0.5, 0.137512, 0.165, 0.835, 0.132264
0.5, 0.141308, 0.165, 0.835, 0.135857
0.5, 0.140503, 0.165, 0.835, 0.136674
0.5, 0.140113, 0.165, 0.835, 0.1351
0.5, 0.147379, 0.165, 0.835, 0.142353
0.5, 0.141686, 0.165, 0.835, 0.137551
0.5, 0.146582, 0.165, 0.835, 0.139841
0.5, 0.136746, 0.165, 0.835, 0.136509
0.5, 0.138742, 0.165, 0.835, 0.132686
0.5, 0.131412, 0.165, 0.835, 0.12824
0.5, 0.139525, 0.165, 0.835, 0.133547
0.5, 0.145493, 0.165, 0.835, 0.139564
0.5, 0.143188, 0.165, 0.835, 0.1358
0.5, 0.141021, 0.165, 0.835, 0.138392
0.5, 0.143705, 0.165, 0.835, 0.135523
0.5, 0.145686, 0.165, 0.835, 0.139116
0.5, 0.140272, 0.165, 0.835, 0.136605
0.5, 0.138147, 0.165, 0.835, 0.133021
0.5, 0.145181, 0.165, 0.835, 0.138635
0.5, 0.1424, 0.165, 0.835, 0.14346
0.5, 0.143281, 0.165, 0.835, 0.13782
0.5, 0.151116, 0.165, 0.835, 0.146291
0.5, 0.146965, 0.17, 0.83, 0.142546
0.5, 0.143722, 0.17, 0.83, 0.139589
0.5, 0.144164, 0.17, 0.83, 0.13806
0.5, 0.15055, 0.17, 0.83, 0.142529
0.5, 0.147741, 0.17, 0.83, 0.144376
0.5, 0.150111, 0.17, 0.83, 0.142354
0.5, 0.14912, 0.17, 0.83, 0.140312
0.5, 0.143874, 0.17, 0.83, 0.142751
0.5, 0.145055, 0.17, 0.83, 0.140805
0.5, 0.151322, 0.17, 0.83, 0.146881
0.5, 0.147467, 0.17, 0.83, 0.140109
0.5, 0.14472, 0.17, 0.83, 0.140964
0.5, 0.148116, 0.17, 0.83, 0.145026
0.5, 0.148275, 0.17, 0.83, 0.141716
0.5, 0.150077, 0.17, 0.83, 0.145531
0.5, 0.149058, 0.17, 0.83, 0.145732
0.5, 0.146715, 0.17, 0.83, 0.140595
0.5, 0.148539, 0.17, 0.83, 0.142128
0.5, 0.151761, 0.17, 0.83, 0.142307
0.5, 0.151089, 0.17, 0.83, 0.146607
0.5, 0.145702, 0.17, 0.83, 0.142783
0.5, 0.155237, 0.17, 0.83, 0.146021
0.5, 0.154477, 0.17, 0.83, 0.14693
0.5, 0.150943, 0.17, 0.83, 0.14842
0.5, 0.151636, 0.17, 0.83, 0.14761
0.5, 0.157078, 0.175, 0.825, 0.145595
0.5, 0.15675, 0.175, 0.825, 0.149622
0.5, 0.158107, 0.175, 0.825, 0.156681
0.5, 0.153822, 0.175, 0.825, 0.146326
0.5, 0.157549, 0.175, 0.825, 0.152797
0.5, 0.153174, 0.175, 0.825, 0.145391
0.5, 0.150916, 0.175, 0.825, 0.145939
0.5, 0.151335, 0.175, 0.825, 0.148682
0.5, 0.146483, 0.175, 0.825, 0.144122
0.5, 0.149525, 0.175, 0.825, 0.146529
0.5, 0.154246, 0.175, 0.825, 0.1511
0.5, 0.157448, 0.175, 0.825, 0.154271
0.5, 0.155131, 0.175, 0.825, 0.151742
0.5, 0.146499, 0.175, 0.825, 0.145256
0.5, 0.144968, 0.175, 0.825, 0.142286
0.5, 0.15688, 0.175, 0.825, 0.148127
0.5, 0.157132, 0.175, 0.825, 0.14624
0.5, 0.152946, 0.175, 0.825, 0.151478
0.5, 0.157447, 0.175, 0.825, 0.146243
0.5, 0.154787, 0.175, 0.825, 0.147392
0.5, 0.156678, 0.175, 0.825, 0.15225
0.5, 0.154344, 0.175, 0.825, 0.146562
0.5, 0.156322, 0.175, 0.825, 0.150866
0.5, 0.157295, 0.175, 0.825, 0.149618
0.5, 0.153262, 0.175, 0.825, 0.144964
0.5, 0.160791, 0.18, 0.82, 0.153948
0.5, 0.168305, 0.18, 0.82, 0.161409
0.5, 0.162807, 0.18, 0.82, 0.157956
0.5, 0.15865, 0.18, 0.82, 0.154581
0.5, 0.165313, 0.18, 0.82, 0.160685
0.5, 0.159074, 0.18, 0.82, 0.152999
0.5, 0.160386, 0.18, 0.82, 0.155665
0.5, 0.163405, 0.18, 0.82, 0.15759
0.5, 0.158337, 0.18, 0.82, 0.155268
0.5, 0.156661, 0.18, 0.82, 0.152658
0.5, 0.161976, 0.18, 0.82, 0.155218
0.5, 0.156959, 0.18, 0.82, 0.152882
0.5, 0.164244, 0.18, 0.82, 0.158025
0.5, 0.163546, 0.18, 0.82, 0.15282
0.5, 0.153636, 0.18, 0.82, 0.148739
0.5, 0.158472, 0.18, 0.82, 0.154854
0.5, 0.158666, 0.18, 0.82, 0.157734
0.5, 0.159524, 0.18, 0.82, 0.15662
0.5, 0.166319, 0.18, 0.82, 0.156572
0.5, 0.163021, 0.18, 0.82, 0.160166
0.5, 0.151561, 0.18, 0.82, 0.149583
0.5, 0.161446, 0.18, 0.82, 0.157135
0.5, 0.162066, 0.18, 0.82, 0.163277
0.5, 0.163446, 0.18, 0.82, 0.15728
0.5, 0.159124, 0.18, 0.82, 0.155074
0.5, 0.169882, 0.185, 0.815, 0.163671
0.5, 0.157887, 0.185, 0.815, 0.150189
0.5, 0.171126, 0.185, 0.815, 0.161373
0.5, 0.165712, 0.185, 0.815, 0.161433
0.5, 0.158798, 0.185, 0.815, 0.156578
0.5, 0.16533, 0.185, 0.815, 0.157046
0.5, 0.156297, 0.185, 0.815, 0.1571
0.5, 0.170261, 0.185, 0.815, 0.162215
0.5, 0.162089, 0.185, 0.815, 0.157537
0.5, 0.164786, 0.185, 0.815, 0.159724
0.5, 0.169178, 0.185, 0.815, 0.162723
0.5, 0.164604, 0.185, 0.815, 0.160359
0.5, 0.169177, 0.185, 0.815, 0.164959
0.5, 0.160172, 0.185, 0.815, 0.158183
0.5, 0.162433, 0.185, 0.815, 0.159094
0.5, 0.170718, 0.185, 0.815, 0.159998
0.5, 0.164442, 0.185, 0.815, 0.157929
0.5, 0.170639, 0.185, 0.815, 0.163246
0.5, 0.169659, 0.185, 0.815, 0.163723
0.5, 0.161938, 0.185, 0.815, 0.156881
0.5, 0.171011, 0.185, 0.815, 0.163937
0.5, 0.171937, 0.185, 0.815, 0.163111
0.5, 0.159439, 0.185, 0.815, 0.154942
0.5, 0.161395, 0.185, 0.815, 0.158543
0.5, 0.164971, 0.185, 0.815, 0.161237
0.5, 0.181719, 0.19, 0.81, 0.171767
0.5, 0.175901, 0.19, 0.81, 0.167114
0.5, 0.169319, 0.19, 0.81, 0.169144
0.5, 0.167995, 0.19, 0.81, 0.163111
0.5, 0.172667, 0.19, 0.81, 0.17098
0.5, 0.169895, 0.19, 0.81, 0.167056
0.5, 0.171033, 0.19, 0.81, 0.168466
0.5, 0.163934, 0.19, 0.81, 0.163728
0.5, 0.171759, 0.19, 0.81, 0.163167
0.5, 0.170601, 0.19, 0.81, 0.169004
0.5, 0.171615, 0.19, 0.81, 0.169328
0.5, 0.167715, 0.19, 0.81, 0.161122
0.5, 0.170213, 0.19, 0.81, 0.16607
0.5, 0.166879, 0.19, 0.81, 0.167115
0.5, 0.164006, 0.19, 0.81, 0.160884
0.5, 0.175127, 0.19, 0.81, 0.167122
0.5, 0.167779, 0.19, 0.81, 0.162277
0.5, 0.170703, 0.19, 0.81, 0.165327
0.5, 0.171992, 0.19, 0.81, 0.168183
0.5, 0.165892, 0.19, 0.81, 0.162345
0.5, 0.176626, 0.19, 0.81, 0.172117
0.5, 0.170581, 0.19, 0.81, 0.164633
0.5, 0.160165, 0.19, 0.81, 0.152896
0.5, 0.167501, 0.19, 0.81, 0.164598
0.5, 0.169521, 0.19, 0.81, 0.163034
0.5, 0.172122, 0.195, 0.805, 0.172582
0.5, 0.174616, 0.195, 0.805, 0.170915
0.5, 0.179364, 0.195, 0.805, 0.176474
0.5, 0.179657, 0.195, 0.805, 0.180592
0.5, 0.169869, 0.195, 0.805, 0.172288
0.5, 0.181696, 0.195, 0.805, 0.176498
0.5, 0.187359, 0.195, 0.805, 0.177748
0.5, 0.176715, 0.195, 0.805, 0.173255
0.5, 0.176274, 0.195, 0.805, 0.171351
0.5, 0.173635, 0.195, 0.805, 0.169023
0.5, 0.178873, 0.195, 0.805, 0.174931
0.5, 0.170941, 0.195, 0.805, 0.165886
0.5, 0.17579, 0.195, 0.805, 0.167768
0.5, 0.176576, 0.195, 0.805, 0.172176
0.5, 0.176644, 0.195, 0.805, 0.170863
0.5, 0.188086, 0.195, 0.805, 0.182112
0.5, 0.179569, 0.195, 0.805, 0.173977
0.5, 0.18127, 0.195, 0.805, 0.176806
0.5, 0.176025, 0.195, 0.805, 0.166785
0.5, 0.174531, 0.195, 0.805, 0.171486
0.5, 0.180213, 0.195, 0.805, 0.173094
0.5, 0.175238, 0.195, 0.805, 0.172935
0.5, 0.181678, 0.195, 0.805, 0.17327
0.5, 0.178199, 0.195, 0.805, 0.171014
0.5, 0.176448, 0.195, 0.805, 0.171195
0.5, 0.186761, 0.2, 0.8, 0.17772
0.5, 0.180541, 0.2, 0.8, 0.174683
0.5, 0.176497, 0.2, 0.8, 0.173643
0.5, 0.184924, 0.2, 0.8, 0.181792
0.5, 0.191949, 0.2, 0.8, 0.185886
0.5, 0.181972, 0.2, 0.8, 0.178164
0.5, 0.180241, 0.2, 0.8, 0.174153
0.5, 0.178091, 0.2, 0.8, 0.177124
0.5, 0.177777, 0.2, 0.8, 0.171055
0.5, 0.183475, 0.2, 0.8, 0.183157
0.5, 0.184092, 0.2, 0.8, 0.182772
0.5, 0.175751, 0.2, 0.8, 0.173821
0.5, 0.18529, 0.2, 0.8, 0.176814
0.5, 0.180649, 0.2, 0.8, 0.178634
0.5, 0.187461, 0.2, 0.8, 0.184029
0.5, 0.187308, 0.2, 0.8, 0.181813
0.5, 0.183206, 0.2, 0.8, 0.175494
0.5, 0.182094, 0.2, 0.8, 0.1766
0.5, 0.185026, 0.2, 0.8, 0.179872
0.5, 0.183819, 0.2, 0.8, 0.175491
0.5, 0.183716, 0.2, 0.8, 0.182767
0.5, 0.179621, 0.2, 0.8, 0.174161
0.5, 0.187221, 0.2, 0.8, 0.180346
0.5, 0.178454, 0.2, 0.8, 0.172371
0.5, 0.184829, 0.2, 0.8, 0.179411
0.5, 0.190863, 0.205, 0.795, 0.182414
0.5, 0.187391, 0.205, 0.795, 0.185487
0.5, 0.197637, 0.205, 0.795, 0.188003
0.5, 0.194204, 0.205, 0.795, 0.188533
0.5, 0.192407, 0.205, 0.795, 0.185595
0.5, 0.186483, 0.205, 0.795, 0.185359
0.5, 0.197662, 0.205, 0.795, 0.19027
0.5, 0.19819, 0.205, 0.795, 0.187267
0.5, 0.185842, 0.205, 0.795, 0.186948
0.5, 0.201527, 0.205, 0.795, 0.193584
0.5, 0.194245, 0.205, 0.795, 0.190754
0.5, 0.188977, 0.205, 0.795, 0.185986
0.5, 0.198743, 0.205, 0.795, 0.193988
0.5, 0.188798, 0.205, 0.795, 0.183775
0.5, 0.186628, 0.205, 0.795, 0.184942
0.5, 0.190858, 0.205, 0.795, 0.183557
0.5, 0.188394, 0.205, 0.795, 0.185745
0.5, 0.183272, 0.205, 0.795, 0.17945
0.5, 0.196097, 0.205, 0.795, 0.187091
0.5, 0.186274, 0.205, 0.795, 0.186671
0.5, 0.19349, 0.205, 0.795, 0.184667
0.5, 0.187333, 0.205, 0.795, 0.184777
0.5, 0.19685, 0.205, 0.795, 0.192832
0.5, 0.198752, 0.205, 0.795, 0.195454
0.5, 0.186431, 0.205, 0.795, 0.180713
0.5, 0.206917, 0.21, 0.79, 0.200094
0.5, 0.198497, 0.21, 0.79, 0.195136
0.5, 0.200527, 0.21, 0.79, 0.195575
0.5, 0.197103, 0.21, 0.79, 0.190707
0.5, 0.204338, 0.21, 0.79, 0.20019
0.5, 0.200171, 0.21, 0.79, 0.195834
0.5, 0.202027, 0.21, 0.79, 0.18967
0.5, 0.197701, 0.21, 0.79, 0.194978
0.5, 0.194307, 0.21, 0.79, 0.193598
0.5, 0.197453, 0.21, 0.79, 0.19208
0.5, 0.189985, 0.21, 0.79, 0.189435
0.5, 0.204293, 0.21, 0.79, 0.197674
0.5, 0.201083, 0.21, 0.79, 0.193641
0.5, 0.190984, 0.21, 0.79, 0.187181
0.5, 0.188367, 0.21, 0.79, 0.190634
0.5, 0.1911, 0.21, 0.79, 0.187555
0.5, 0.202566, 0.21, 0.79, 0.199562
0.5, 0.192111, 0.21, 0.79, 0.185346
0.5, 0.196663, 0.21, 0.79, 0.192144
0.5, 0.195742, 0.21, 0.79, 0.193537
0.5, 0.197008, 0.21, 0.79, 0.193805
0.5, 0.201285, 0.21, 0.79, 0.195254
0.5, 0.200102, 0.21, 0.79, 0.195799
0.5, 0.197039, 0.21, 0.79, 0.195116
0.5, 0.201365, 0.21, 0.79, 0.191798
0.5, 0.207197, 0.215, 0.785, 0.203794
0.5, 0.205538, 0.215, 0.785, 0.198597
0.5, 0.202099, 0.215, 0.785, 0.199095
0.5, 0.196777, 0.215, 0.785, 0.194473
0.5, 0.207623, 0.215, 0.785, 0.201373
0.5, 0.203744, 0.215, 0.785, 0.1969
0.5, 0.202422, 0.215, 0.785, 0.192634
0.5, 0.205225, 0.215, 0.785, 0.20038
0.5, 0.203202, 0.215, 0.785, 0.199846
0.5, 0.213094, 0.215, 0.785, 0.206255
0.5, 0.203494, 0.215, 0.785, 0.195745
0.5, 0.204016, 0.215, 0.785, 0.196759
0.5, 0.198649, 0.215, 0.785, 0.191542
0.5, 0.200468, 0.215, 0.785, 0.194062
0.5, 0.202704, 0.215, 0.785, 0.19717
0.5, 0.205966, 0.215, 0.785, 0.200203
0.5, 0.199199, 0.215, 0.785, 0.194826
0.5, 0.200363, 0.215, 0.785, 0.198502
0.5, 0.197723, 0.215, 0.785, 0.196353
0.5, 0.20104, 0.215, 0.785, 0.19648
0.5, 0.200101, 0.215, 0.785, 0.196441
0.5, 0.196042, 0.215, 0.785, 0.193472
0.5, 0.197524, 0.215, 0.785, 0.196374
0.5, 0.203417, 0.215, 0.785, 0.200107
0.5, 0.198995, 0.215, 0.785, 0.196755
0.5, 0.208841, 0.22, 0.78, 0.20298
0.5, 0.211699, 0.22, 0.78, 0.206979
0.5, 0.208984, 0.22, 0.78, 0.204668
0.5, 0.207762, 0.22, 0.78, 0.201117
0.5, 0.205098, 0.22, 0.78, 0.206065
0.5, 0.20876, 0.22, 0.78, 0.200282
0.5, 0.209466, 0.22, 0.78, 0.205411
0.5, 0.215831, 0.22, 0.78, 0.20745
0.5, 0.213367, 0.22, 0.78, 0.208885
0.5, 0.200712, 0.22, 0.78, 0.203349
0.5, 0.206697, 0.22, 0.78, 0.201608
0.5, 0.206877, 0.22, 0.78, 0.204972
0.5, 0.211344, 0.22, 0.78, 0.208111
0.5, 0.216301, 0.22, 0.78, 0.212032
0.5, 0.21072, 0.22, 0.78, 0.209285
0.5, 0.214574, 0.22, 0.78, 0.205732
0.5, 0.210055, 0.22, 0.78, 0.205691
0.5, 0.213742, 0.22, 0.78, 0.210812
0.5, 0.213932, 0.22, 0.78, 0.211236
0.5, 0.209583, 0.22, 0.78, 0.206845
0.5, 0.203177, 0.22, 0.78, 0.200562
0.5, 0.204477, 0.22, 0.78, 0.201316
0.5, 0.207149, 0.22, 0.78, 0.2002
0.5, 0.208384, 0.22, 0.78, 0.199352
0.5, 0.209028, 0.22, 0.78, 0.201503
0.5, 0.214534, 0.225, 0.775, 0.20918
0.5, 0.207801, 0.225, 0.775, 0.206627
0.5, 0.214929, 0.225, 0.775, 0.206375
0.5, 0.227373, 0.225, 0.775, 0.216281
0.5, 0.2167, 0.225, 0.775, 0.213531
0.5, 0.212977, 0.225, 0.775, 0.211507
0.5, 0.213844, 0.225, 0.775, 0.203845
0.5, 0.218393, 0.225, 0.775, 0.208838
0.5, 0.211797, 0.225, 0.775, 0.205678
0.5, 0.21684, 0.225, 0.775, 0.210198
0.5, 0.221234, 0.225, 0.775, 0.213774
0.5, 0.216678, 0.225, 0.775, 0.210994
0.5, 0.219274, 0.225, 0.775, 0.211891
0.5, 0.215535, 0.225, 0.775, 0.208715
0.5, 0.211231, 0.225, 0.775, 0.207876
0.5, 0.222026, 0.225, 0.775, 0.212484
0.5, 0.220695, 0.225, 0.775, 0.212928
0.5, 0.224408, 0.225, 0.775, 0.21402
0.5, 0.218269, 0.225, 0.775, 0.21605
0.5, 0.213704, 0.225, 0.775, 0.207541
0.5, 0.223742, 0.225, 0.775, 0.2148
0.5, 0.216829, 0.225, 0.775, 0.214286
0.5, 0.217923, 0.225, 0.775, 0.215361
0.5, 0.206164, 0.225, 0.775, 0.207963
0.5, 0.211425, 0.225, 0.775, 0.212573
0.5, 0.217242, 0.23, 0.77, 0.214178
0.5, 0.229898, 0.23, 0.77, 0.222482
0.5, 0.21993, 0.23, 0.77, 0.215848
0.5, 0.228506, 0.23, 0.77, 0.224951
0.5, 0.228751, 0.23, 0.77, 0.220699
0.5, 0.232887, 0.23, 0.77, 0.223012
0.5, 0.226868, 0.23, 0.77, 0.222605
0.5, 0.224604, 0.23, 0.77, 0.217614
0.5, 0.225143, 0.23, 0.77, 0.222512
0.5, 0.219769, 0.23, 0.77, 0.215517
0.5, 0.231093, 0.23, 0.77, 0.227563
0.5, 0.233175, 0.23, 0.77, 0.226044
0.5, 0.227785, 0.23, 0.77, 0.220936
0.5, 0.221863, 0.23, 0.77, 0.217748
0.5, 0.226125, 0.23, 0.77, 0.217526
0.5, 0.224296, 0.23, 0.77, 0.218112
0.5, 0.230305, 0.23, 0.77, 0.224206
0.5, 0.221737, 0.23, 0.77, 0.219425
0.5, 0.226825, 0.23, 0.77, 0.222576
0.5, 0.223058, 0.23, 0.77, 0.216822
0.5, 0.228456, 0.23, 0.77, 0.220692
0.5, 0.230109, 0.23, 0.77, 0.22163
0.5, 0.226411, 0.23, 0.77, 0.214315
0.5, 0.222082, 0.23, 0.77, 0.214647
0.5, 0.226378, 0.23, 0.77, 0.22012
0.5, 0.237016, 0.235, 0.765, 0.232063
0.5, 0.225077, 0.235, 0.765, 0.221123
0.5, 0.225322, 0.235, 0.765, 0.218673
0.5, 0.214765, 0.235, 0.765, 0.214056
0.5, 0.229067, 0.235, 0.765, 0.227802
0.5, 0.222045, 0.235, 0.765, 0.218554
0.5, 0.236577, 0.235, 0.765, 0.229522
0.5, 0.24033, 0.235, 0.765, 0.234167
0.5, 0.233504, 0.235, 0.765, 0.227911
0.5, 0.222361, 0.235, 0.765, 0.216532
0.5, 0.231648, 0.235, 0.765, 0.226434
0.5, 0.22414, 0.235, 0.765, 0.21935
0.5, 0.226845, 0.235, 0.765, 0.224272
0.5, 0.225004, 0.235, 0.765, 0.219773
0.5, 0.224208, 0.235, 0.765, 0.217074
0.5, 0.223594, 0.235, 0.765, 0.218061
0.5, 0.244018, 0.235, 0.765, 0.234242
0.5, 0.231376, 0.235, 0.765, 0.216652
0.5, 0.24149, 0.235, 0.765, 0.233827
0.5, 0.241351, 0.235, 0.765, 0.23557
0.5, 0.235113, 0.235, 0.765, 0.224739
0.5, 0.235238, 0.235, 0.765, 0.227821
0.5, 0.233395, 0.235, 0.765, 0.226502
0.5, 0.227199, 0.235, 0.765, 0.224875
0.5, 0.231503, 0.235, 0.765, 0.228732
0.5, 0.238637, 0.24, 0.76, 0.234481
0.5, 0.240723, 0.24, 0.76, 0.236035
0.5, 0.239543, 0.24, 0.76, 0.236337
0.5, 0.249516, 0.24, 0.76, 0.24181
0.5, 0.232045, 0.24, 0.76, 0.228815
0.5, 0.239996, 0.24, 0.76, 0.230278
0.5, 0.24253, 0.24, 0.76, 0.231604
0.5, 0.237492, 0.24, 0.76, 0.232216
0.5, 0.236453, 0.24, 0.76, 0.2268
0.5, 0.244318, 0.24, 0.76, 0.235355
0.5, 0.24381, 0.24, 0.76, 0.238496
0.5, 0.22743, 0.24, 0.76, 0.223943
0.5, 0.244629, 0.24, 0.76, 0.234157
0.5, 0.238295, 0.24, 0.76, 0.231968
0.5, 0.229067, 0.24, 0.76, 0.229733
0.5, 0.239012, 0.24, 0.76, 0.230454
0.5, 0.230128, 0.24, 0.76, 0.23006
0.5, 0.236856, 0.24, 0.76, 0.229616
0.5, 0.239713, 0.24, 0.76, 0.234286
0.5, 0.229774, 0.24, 0.76, 0.227597
0.5, 0.236249, 0.24, 0.76, 0.228798
0.5, 0.244499, 0.24, 0.76, 0.234824
0.5, 0.2354, 0.24, 0.76, 0.231333
0.5, 0.233132, 0.24, 0.76, 0.227506
0.5, 0.240787, 0.24, 0.76, 0.230598
0.5, 0.253682, 0.245, 0.755, 0.245728
0.5, 0.237057, 0.245, 0.755, 0.232064
0.5, 0.246366, 0.245, 0.755, 0.24023
0.5, 0.246901, 0.245, 0.755, 0.239301
0.5, 0.239535, 0.245, 0.755, 0.23528
0.5, 0.248618, 0.245, 0.755, 0.237705
0.5, 0.234878, 0.245, 0.755, 0.231273
0.5, 0.246288, 0.245, 0.755, 0.236316
0.5, 0.243685, 0.245, 0.755, 0.239508
0.5, 0.248605, 0.245, 0.755, 0.244846
0.5, 0.250862, 0.245, 0.755, 0.244952
0.5, 0.255204, 0.245, 0.755, 0.24627
0.5, 0.2467, 0.245, 0.755, 0.245181
0.5, 0.245148, 0.245, 0.755, 0.23961
0.5, 0.241811, 0.245, 0.755, 0.234657
0.5, 0.23599, 0.245, 0.755, 0.23164
0.5, 0.249318, 0.245, 0.755, 0.246442
0.5, 0.252133, 0.245, 0.755, 0.246862
0.5, 0.237186, 0.245, 0.755, 0.232395
0.5, 0.250355, 0.245, 0.755, 0.241313
0.5, 0.249482, 0.245, 0.755, 0.244887
0.5, 0.246894, 0.245, 0.755, 0.244573
0.5, 0.242458, 0.245, 0.755, 0.236319
0.5, 0.250396, 0.245, 0.755, 0.244122
0.5, 0.244948, 0.245, 0.755, 0.242675
0.5, 0.258974, 0.25, 0.75, 0.252855
0.5, 0.252883, 0.25, 0.75, 0.249542
0.5, 0.255609, 0.25, 0.75, 0.249876
0.5, 0.250865, 0.25, 0.75, 0.249864
0.5, 0.245676, 0.25, 0.75, 0.244774
0.5, 0.256835, 0.25, 0.75, 0.243852
0.5, 0.252846, 0.25, 0.75, 0.243964
0.5, 0.255081, 0.25, 0.75, 0.249371
0.5, 0.241207, 0.25, 0.75, 0.237047
0.5, 0.251597, 0.25, 0.75, 0.247715
0.5, 0.259134, 0.25, 0.75, 0.253461
0.5, 0.258064, 0.25, 0.75, 0.251914
0.5, 0.255498, 0.25, 0.75, 0.249816
0.5, 0.246144, 0.25, 0.75, 0.244372
0.5, 0.242076, 0.25, 0.75, 0.240432
0.5, 0.252409, 0.25, 0.75, 0.250031
0.5, 0.250182, 0.25, 0.75, 0.240968
0.5, 0.255205, 0.25, 0.75, 0.247705
0.5, 0.244757, 0.25, 0.75, 0.247168
0.5, 0.249994, 0.25, 0.75, 0.246421
0.5, 0.253696, 0.25, 0.75, 0.243935
0.5, 0.245976, 0.25, 0.75, 0.243072
0.5, 0.255575, 0.25, 0.75, 0.249032
0.5, 0.252535, 0.25, 0.75, 0.249047
0.5, 0.260827, 0.25, 0.75, 0.248053
0.5, 0.256913, 0.255, 0.745, 0.250809
0.5, 0.262093, 0.255, 0.745, 0.259663
0.5, 0.26019, 0.255, 0.745, 0.253248
0.5, 0.257595, 0.255, 0.745, 0.252382
0.5, 0.264153, 0.255, 0.745, 0.25861
0.5, 0.266621, 0.255, 0.745, 0.255048
0.5, 0.256221, 0.255, 0.745, 0.249691
0.5, 0.260329, 0.255, 0.745, 0.257625
0.5, 0.261296, 0.255, 0.745, 0.252139
0.5, 0.252456, 0.255, 0.745, 0.245358
0.5, 0.248091, 0.255, 0.745, 0.24849
0.5, 0.263392, 0.255, 0.745, 0.256035
0.5, 0.24746, 0.255, 0.745, 0.244449
0.5, 0.260607, 0.255, 0.745, 0.255101
0.5, 0.254066, 0.255, 0.745, 0.24707
0.5, 0.260437, 0.255, 0.745, 0.257614
0.5, 0.262895, 0.255, 0.745, 0.255038
0.5, 0.269816, 0.255, 0.745, 0.263969
0.5, 0.243586, 0.255, 0.745, 0.245505
0.5, 0.260515, 0.255, 0.745, 0.253018
0.5, 0.263614, 0.255, 0.745, 0.251012
0.5, 0.261323, 0.255, 0.745, 0.255718
0.5, 0.253605, 0.255, 0.745, 0.248496
0.5, 0.257026, 0.255, 0.745, 0.254158
0.5, 0.260525, 0.255, 0.745, 0.255629
0.5, 0.263875, 0.26, 0.74, 0.260241
0.5, 0.268288, 0.26, 0.74, 0.260201
0.5, 0.266981, 0.26, 0.74, 0.263476
0.5, 0.265192, 0.26, 0.74, 0.258388
0.5, 0.258204, 0.26, 0.74, 0.248887
0.5, 0.278081, 0.26, 0.74, 0.267416
0.5, 0.277185, 0.26, 0.74, 0.271269
0.5, 0.259887, 0.26, 0.74, 0.263479
0.5, 0.268215, 0.26, 0.74, 0.262758
0.5, 0.259377, 0.26, 0.74, 0.252413
0.5, 0.259364, 0.26, 0.74, 0.252765
0.5, 0.26873, 0.26, 0.74, 0.261035
0.5, 0.272128, 0.26, 0.74, 0.264771
0.5, 0.270981, 0.26, 0.74, 0.259007
0.5, 0.263219, 0.26, 0.74, 0.262489
0.5, 0.275058, 0.26, 0.74, 0.264993
0.5, 0.268255, 0.26, 0.74, 0.260951
0.5, 0.286251, 0.26, 0.74, 0.271761
0.5, 0.257552, 0.26, 0.74, 0.250184
0.5, 0.26361, 0.26, 0.74, 0.256288
0.5, 0.265372, 0.26, 0.74, 0.264368
0.5, 0.274776, 0.26, 0.74, 0.268685
0.5, 0.266826, 0.26, 0.74, 0.26189
0.5, 0.268529, 0.26, 0.74, 0.262579
0.5, 0.265399, 0.26, 0.74, 0.25561
0.5, 0.274108, 0.265, 0.735, 0.266391
0.5, 0.264012, 0.265, 0.735, 0.260232
0.5, 0.275727, 0.265, 0.735, 0.267369
0.5, 0.264102, 0.265, 0.735, 0.261902
0.5, 0.26715, 0.265, 0.735, 0.261388
0.5, 0.268196, 0.265, 0.735, 0.259264
0.5, 0.273019, 0.265, 0.735, 0.269581
0.5, 0.267275, 0.265, 0.735, 0.26468
0.5, 0.281231, 0.265, 0.735, 0.270508
0.5, 0.2692, 0.265, 0.735, 0.265158
0.5, 0.282359, 0.265, 0.735, 0.271945
0.5, 0.266795, 0.265, 0.735, 0.261348
0.5, 0.268379, 0.265, 0.735, 0.2653
0.5, 0.273789, 0.265, 0.735, 0.265302
0.5, 0.278496, 0.265, 0.735, 0.268279
0.5, 0.264387, 0.265, 0.735, 0.258687
0.5, 0.276854, 0.265, 0.735, 0.274616
0.5, 0.271746, 0.265, 0.735, 0.267057
0.5, 0.283961, 0.265, 0.735, 0.272492
0.5, 0.280514, 0.265, 0.735, 0.272817
0.5, 0.282917, 0.265, 0.735, 0.276303
0.5, 0.277754, 0.265, 0.735, 0.273453
0.5, 0.274621, 0.265, 0.735, 0.268007
0.5, 0.272766, 0.265, 0.735, 0.267592
0.5, 0.284313, 0.265, 0.735, 0.27423
0.5, 0.283605, 0.27, 0.73, 0.280458
0.5, 0.297248, 0.27, 0.73, 0.288268
0.5, 0.279373, 0.27, 0.73, 0.269925
0.5, 0.275164, 0.27, 0.73, 0.275148
0.5, 0.292579, 0.27, 0.73, 0.281867
0.5, 0.296204, 0.27, 0.73, 0.286111
0.5, 0.285895, 0.27, 0.73, 0.27586
0.5, 0.285119, 0.27, 0.73, 0.278747
0.5, 0.276827, 0.27, 0.73, 0.271927
0.5, 0.283128, 0.27, 0.73, 0.274267
0.5, 0.278938, 0.27, 0.73, 0.277706
0.5, 0.282858, 0.27, 0.73, 0.280175
0.5, 0.283186, 0.27, 0.73, 0.274209
0.5, 0.280247, 0.27, 0.73, 0.27266
0.5, 0.285771, 0.27, 0.73, 0.280373
0.5, 0.289123, 0.27, 0.73, 0.282536
0.5, 0.277842, 0.27, 0.73, 0.276718
0.5, 0.283212, 0.27, 0.73, 0.277719
0.5, 0.284696, 0.27, 0.73, 0.282307
0.5, 0.283707, 0.27, 0.73, 0.275088
0.5, 0.279566, 0.27, 0.73, 0.275536
0.5, 0.283203, 0.27, 0.73, 0.274811
0.5, 0.278768, 0.27, 0.73, 0.270765
0.5, 0.270622, 0.27, 0.73, 0.266515
0.5, 0.282529, 0.27, 0.73, 0.280372
0.5, 0.293252, 0.275, 0.725, 0.289853
0.5, 0.29002, 0.275, 0.725, 0.283532
0.5, 0.285485, 0.275, 0.725, 0.282866
0.5, 0.287163, 0.275, 0.725, 0.281913
0.5, 0.292976, 0.275, 0.725, 0.290012
0.5, 0.282805, 0.275, 0.725, 0.284005
0.5, 0.281571, 0.275, 0.725, 0.281197
0.5, 0.283642, 0.275, 0.725, 0.280772
0.5, 0.297483, 0.275, 0.725, 0.291716
0.5, 0.288957, 0.275, 0.725, 0.285009
0.5, 0.289886, 0.275, 0.725, 0.289085
0.5, 0.280034, 0.275, 0.725, 0.283326
0.5, 0.279262, 0.275, 0.725, 0.278143
0.5, 0.29509, 0.275, 0.725, 0.287437
0.5, 0.290041, 0.275, 0.725, 0.285343
0.5, 0.291669, 0.275, 0.725, 0.281922
0.5, 0.288467, 0.275, 0.725, 0.281832
0.5, 0.288084, 0.275, 0.725, 0.28059
0.5, 0.287341, 0.275, 0.725, 0.277871
0.5, 0.290462, 0.275, 0.725, 0.288098
0.5, 0.291971, 0.275, 0.725, 0.282739
0.5, 0.30248, 0.275, 0.725, 0.291181
0.5, 0.286686, 0.275, 0.725, 0.28133
0.5, 0.282456, 0.275, 0.725, 0.277003
0.5, 0.296328, 0.275, 0.725, 0.284246
0.5, 0.302276, 0.28, 0.72, 0.293234
0.5, 0.302697, 0.28, 0.72, 0.290345
0.5, 0.286925, 0.28, 0.72, 0.285341
0.5, 0.29102, 0.28, 0.72, 0.283277
0.5, 0.292773, 0.28, 0.72, 0.286014
0.5, 0.291515, 0.28, 0.72, 0.284875
0.5, 0.296551, 0.28, 0.72, 0.286979
0.5, 0.305412, 0.28, 0.72, 0.293306
0.5, 0.303226, 0.28, 0.72, 0.294228
0.5, 0.299264, 0.28, 0.72, 0.285164
0.5, 0.295987, 0.28, 0.72, 0.293351
0.5, 0.307519, 0.28, 0.72, 0.296218
0.5, 0.310033, 0.28, 0.72, 0.298456
0.5, 0.294821, 0.28, 0.72, 0.288918
0.5, 0.304829, 0.28, 0.72, 0.295572
0.5, 0.294551, 0.28, 0.72, 0.291032
0.5, 0.310244, 0.28, 0.72, 0.298738
0.5, 0.314377, 0.28, 0.72, 0.300186
0.5, 0.304715, 0.28, 0.72, 0.296466
0.5, 0.29617, 0.28, 0.72, 0.290881
0.5, 0.299179, 0.28, 0.72, 0.294427
0.5, 0.300374, 0.28, 0.72, 0.29401
0.5, 0.300612, 0.28, 0.72, 0.289406
0.5, 0.300763, 0.28, 0.72, 0.291902
0.5, 0.300585, 0.28, 0.72, 0.298237
0.5, 0.304836, 0.285, 0.715, 0.300943
0.5, 0.305342, 0.285, 0.715, 0.301436
0.5, 0.3207, 0.285, 0.715, 0.306865
0.5, 0.299628, 0.285, 0.715, 0.296454
0.5, 0.31157, 0.285, 0.715, 0.304253
0.5, 0.308875, 0.285, 0.715, 0.302006
0.5, 0.304005, 0.285, 0.715, 0.297552
0.5, 0.293824, 0.285, 0.715, 0.289867
0.5, 0.305419, 0.285, 0.715, 0.300696
0.5, 0.311144, 0.285, 0.715, 0.307444
0.5, 0.301307, 0.285, 0.715, 0.29568
0.5, 0.313811, 0.285, 0.715, 0.307586
0.5, 0.302538, 0.285, 0.715, 0.303281
0.5, 0.309627, 0.285, 0.715, 0.301606
0.5, 0.306423, 0.285, 0.715, 0.301977
0.5, 0.302954, 0.285, 0.715, 0.296957
0.5, 0.29418, 0.285, 0.715, 0.290843
0.5, 0.308789, 0.285, 0.715, 0.303699
0.5, 0.305232, 0.285, 0.715, 0.300799
0.5, 0.310351, 0.285, 0.715, 0.302984
0.5, 0.302731, 0.285, 0.715, 0.299292
0.5, 0.306782, 0.285, 0.715, 0.298937
0.5, 0.316076, 0.285, 0.715, 0.304918
0.5, 0.302109, 0.285, 0.715, 0.293806
0.5, 0.308432, 0.285, 0.715, 0.296898
0.5, 0.311442, 0.29, 0.71, 0.304876
0.5, 0.318844, 0.29, 0.71, 0.30979
0.5, 0.311789, 0.29, 0.71, 0.303761
0.5, 0.30646, 0.29, 0.71, 0.300152
0.5, 0.317778, 0.29, 0.71, 0.3143
0.5, 0.314481, 0.29, 0.71, 0.309054
0.5, 0.314294, 0.29, 0.71, 0.307814
0.5, 0.316916, 0.29, 0.71, 0.309242
0.5, 0.321363, 0.29, 0.71, 0.313019
0.5, 0.304819, 0.29, 0.71, 0.301048
0.5, 0.313902, 0.29, 0.71, 0.312067
0.5, 0.309827, 0.29, 0.71, 0.307822
0.5, 0.318602, 0.29, 0.71, 0.312018
0.5, 0.318684, 0.29, 0.71, 0.309334
0.5, 0.311678, 0.29, 0.71, 0.302553
0.5, 0.317423, 0.29, 0.71, 0.303343
0.5, 0.31204, 0.29, 0.71, 0.310789
0.5, 0.311392, 0.29, 0.71, 0.304378
0.5, 0.315353, 0.29, 0.71, 0.305119
0.5, 0.30656, 0.29, 0.71, 0.300408
0.5, 0.319149, 0.29, 0.71, 0.311464
0.5, 0.309156, 0.29, 0.71, 0.300158
0.5, 0.311957, 0.29, 0.71, 0.306694
0.5, 0.302096, 0.29, 0.71, 0.304199
0.5, 0.317741, 0.29, 0.71, 0.310951
0.5, 0.318125, 0.295, 0.705, 0.317491
0.5, 0.31568, 0.295, 0.705, 0.313378
0.5, 0.325518, 0.295, 0.705, 0.31782
0.5, 0.32251, 0.295, 0.705, 0.315857
0.5, 0.320051, 0.295, 0.705, 0.320284
0.5, 0.335064, 0.295, 0.705, 0.32678
0.5, 0.320452, 0.295, 0.705, 0.312945
0.5, 0.313931, 0.295, 0.705, 0.314858
0.5, 0.324318, 0.295, 0.705, 0.318345
0.5, 0.317756, 0.295, 0.705, 0.315077
0.5, 0.325261, 0.295, 0.705, 0.315406
0.5, 0.321584, 0.295, 0.705, 0.319424
0.5, 0.313626, 0.295, 0.705, 0.312185
0.5, 0.322726, 0.295, 0.705, 0.31694
0.5, 0.313093, 0.295, 0.705, 0.307104
0.5, 0.326479, 0.295, 0.705, 0.3232
0.5, 0.332447, 0.295, 0.705, 0.320358
0.5, 0.316874, 0.295, 0.705, 0.303046
0.5, 0.323602, 0.295, 0.705, 0.324619
0.5, 0.319059, 0.295, 0.705, 0.311496
0.5, 0.31939, 0.295, 0.705, 0.318917
0.5, 0.33241, 0.295, 0.705, 0.318819
0.5, 0.311005, 0.295, 0.705, 0.3067
0.5, 0.324276, 0.295, 0.705, 0.31963
0.5, 0.332841, 0.295, 0.705, 0.324717
0.5, 0.337089, 0.3, 0.7, 0.334395
0.5, 0.332847, 0.3, 0.7, 0.319387
0.5, 0.330991, 0.3, 0.7, 0.324104
0.5, 0.332644, 0.3, 0.7, 0.32392
0.5, 0.334685, 0.3, 0.7, 0.329145
0.5, 0.341064, 0.3, 0.7, 0.324409
0.5, 0.340628, 0.3, 0.7, 0.330129
0.5, 0.341029, 0.3, 0.7, 0.326207
0.5, 0.321287, 0.3, 0.7, 0.31811
0.5, 0.325004, 0.3, 0.7, 0.321549
0.5, 0.323568, 0.3, 0.7, 0.317996
0.5, 0.336383, 0.3, 0.7, 0.329951
0.5, 0.325985, 0.3, 0.7, 0.325398
0.5, 0.336919, 0.3, 0.7, 0.326283
0.5, 0.322784, 0.3, 0.7, 0.316678
0.5, 0.329692, 0.3, 0.7, 0.32149
0.5, 0.317965, 0.3, 0.7, 0.31576
0.5, 0.334773, 0.3, 0.7, 0.325443
0.5, 0.328676, 0.3, 0.7, 0.326789
0.5, 0.323342, 0.3, 0.7, 0.317666
0.5, 0.332745, 0.3, 0.7, 0.330191
0.5, 0.334516, 0.3, 0.7, 0.331594
0.5, 0.318831, 0.3, 0.7, 0.318188
0.5, 0.332429, 0.3, 0.7, 0.324992
0.5, 0.334582, 0.3, 0.7, 0.321832
0.5, 0.340232, 0.305, 0.695, 0.332354
0.5, 0.345829, 0.305, 0.695, 0.336987
0.5, 0.33781, 0.305, 0.695, 0.327042
0.5, 0.344318, 0.305, 0.695, 0.337519
0.5, 0.340868, 0.305, 0.695, 0.335275
0.5, 0.339517, 0.305, 0.695, 0.334592
0.5, 0.344509, 0.305, 0.695, 0.331013
0.5, 0.334032, 0.305, 0.695, 0.325097
0.5, 0.344908, 0.305, 0.695, 0.335253
0.5, 0.338807, 0.305, 0.695, 0.332371
0.5, 0.333601, 0.305, 0.695, 0.334165
0.5, 0.351873, 0.305, 0.695, 0.335908
0.5, 0.333762, 0.305, 0.695, 0.332136
0.5, 0.344922, 0.305, 0.695, 0.34511
0.5, 0.342484, 0.305, 0.695, 0.336156
0.5, 0.346137, 0.305, 0.695, 0.338262
0.5, 0.327032, 0.305, 0.695, 0.32515
0.5, 0.342976, 0.305, 0.695, 0.338578
0.5, 0.333695, 0.305, 0.695, 0.330305
0.5, 0.337784, 0.305, 0.695, 0.330579
0.5, 0.34189, 0.305, 0.695, 0.331827
0.5, 0.337392, 0.305, 0.695, 0.326025
0.5, 0.341618, 0.305, 0.695, 0.331647
0.5, 0.34667, 0.305, 0.695, 0.342187
0.5, 0.347795, 0.305, 0.695, 0.336224
0.5, 0.349172, 0.31, 0.69, 0.34628
0.5, 0.345855, 0.31, 0.69, 0.342288
0.5, 0.341714, 0.31, 0.69, 0.335126
0.5, 0.343789, 0.31, 0.69, 0.340014
0.5, 0.34653, 0.31, 0.69, 0.340301
0.5, 0.353555, 0.31, 0.69, 0.340726
0.5, 0.349494, 0.31, 0.69, 0.340468
0.5, 0.343278, 0.31, 0.69, 0.338067
0.5, 0.339748, 0.31, 0.69, 0.334779
0.5, 0.342729, 0.31, 0.69, 0.337618
0.5, 0.347224, 0.31, 0.69, 0.337289
0.5, 0.34761, 0.31, 0.69, 0.341048
0.5, 0.352914, 0.31, 0.69, 0.341645
0.5, 0.348078, 0.31, 0.69, 0.336586
0.5, 0.363651, 0.31, 0.69, 0.353659
0.5, 0.357158, 0.31, 0.69, 0.344064
0.5, 0.355813, 0.31, 0.69, 0.348768
0.5, 0.346242, 0.31, 0.69, 0.344275
0.5, 0.339551, 0.31, 0.69, 0.33306
0.5, 0.351623, 0.31, 0.69, 0.346668
0.5, 0.35342, 0.31, 0.69, 0.33993
0.5, 0.353338, 0.31, 0.69, 0.343068
0.5, 0.361209, 0.31, 0.69, 0.349114
0.5, 0.348093, 0.31, 0.69, 0.341097
0.5, 0.358477, 0.31, 0.69, 0.35205
0.5, 0.353689, 0.315, 0.685, 0.340619
0.5, 0.352817, 0.315, 0.685, 0.345173
0.5, 0.351376, 0.315, 0.685, 0.34239
0.5, 0.345836, 0.315, 0.685, 0.340794
0.5, 0.375722, 0.315, 0.685, 0.367706
0.5, 0.35437, 0.315, 0.685, 0.344696
0.5, 0.363044, 0.315, 0.685, 0.356267
0.5, 0.358651, 0.315, 0.685, 0.355736
0.5, 0.350528, 0.315, 0.685, 0.351923
0.5, 0.359809, 0.315, 0.685, 0.347666
0.5, 0.347415, 0.315, 0.685, 0.341466
0.5, 0.357847, 0.315, 0.685, 0.357762
0.5, 0.358801, 0.315, 0.685, 0.345956
0.5, 0.360424, 0.315, 0.685, 0.356254
0.5, 0.343836, 0.315, 0.685, 0.341946
0.5, 0.347, 0.315, 0.685, 0.338234
0.5, 0.359961, 0.315, 0.685, 0.352892
0.5, 0.364644, 0.315, 0.685, 0.359692
0.5, 0.350829, 0.315, 0.685, 0.343299
0.5, 0.361794, 0.315, 0.685, 0.351849
0.5, 0.357279, 0.315, 0.685, 0.352169
0.5, 0.349431, 0.315, 0.685, 0.342855
0.5, 0.360516, 0.315, 0.685, 0.344988
0.5, 0.369543, 0.315, 0.685, 0.357613
0.5, 0.339539, 0.315, 0.685, 0.332359
0.5, 0.39202, 0.32, 0.68, 0.380784
0.5, 0.363567, 0.32, 0.68, 0.352837
0.5, 0.383475, 0.32, 0.68, 0.373017
0.5, 0.353224, 0.32, 0.68, 0.348202
0.5, 0.376982, 0.32, 0.68, 0.362448
0.5, 0.37014, 0.32, 0.68, 0.364177
0.5, 0.362092, 0.32, 0.68, 0.350107
0.5, 0.361474, 0.32, 0.68, 0.357395
0.5, 0.361267, 0.32, 0.68, 0.355589
0.5, 0.357369, 0.32, 0.68, 0.353951
0.5, 0.366086, 0.32, 0.68, 0.35819
0.5, 0.363114, 0.32, 0.68, 0.353575
0.5, 0.368818, 0.32, 0.68, 0.357602
0.5, 0.365953, 0.32, 0.68, 0.35746
0.5, 0.357074, 0.32, 0.68, 0.35491
0.5, 0.370947, 0.32, 0.68, 0.364218
0.5, 0.359466, 0.32, 0.68, 0.351119
0.5, 0.350213, 0.32, 0.68, 0.345382
0.5, 0.369234, 0.32, 0.68, 0.366975
0.5, 0.369077, 0.32, 0.68, 0.362593
0.5, 0.369083, 0.32, 0.68, 0.363595
0.5, 0.381248, 0.32, 0.68, 0.372459
0.5, 0.367288, 0.32, 0.68, 0.355028
0.5, 0.363187, 0.32, 0.68, 0.350806
0.5, 0.370703, 0.32, 0.68, 0.361222
0.5, 0.380254, 0.325, 0.675, 0.372141
0.5, 0.365547, 0.325, 0.675, 0.368938
0.5, 0.380312, 0.325, 0.675, 0.375817
0.5, 0.37685, 0.325, 0.675, 0.366511
0.5, 0.370579, 0.325, 0.675, 0.357492
0.5, 0.374372, 0.325, 0.675, 0.367518
0.5, 0.377854, 0.325, 0.675, 0.373059
0.5, 0.366015, 0.325, 0.675, 0.359995
0.5, 0.37371, 0.325, 0.675, 0.363335
0.5, 0.363205, 0.325, 0.675, 0.356217
0.5, 0.356491, 0.325, 0.675, 0.35244
0.5, 0.367882, 0.325, 0.675, 0.365487
0.5, 0.369596, 0.325, 0.675, 0.364691
0.5, 0.386446, 0.325, 0.675, 0.379762
0.5, 0.377177, 0.325, 0.675, 0.369793
0.5, 0.374057, 0.325, 0.675, 0.366615
0.5, 0.370335, 0.325, 0.675, 0.365497
0.5, 0.382726, 0.325, 0.675, 0.371613
0.5, 0.382042, 0.325, 0.675, 0.368828
0.5, 0.383542, 0.325, 0.675, 0.371669
0.5, 0.371126, 0.325, 0.675, 0.36765
0.5, 0.364552, 0.325, 0.675, 0.364313
0.5, 0.373829, 0.325, 0.675, 0.367884
0.5, 0.369766, 0.325, 0.675, 0.357591
0.5, 0.368192, 0.325, 0.675, 0.361375
0.5, 0.382786, 0.33, 0.67, 0.376068
0.5, 0.400613, 0.33, 0.67, 0.383256
0.5, 0.384679, 0.33, 0.67, 0.372475
0.5, 0.391044, 0.33, 0.67, 0.379984
0.5, 0.398225, 0.33, 0.67, 0.390442
0.5, 0.389511, 0.33, 0.67, 0.381254
0.5, 0.385011, 0.33, 0.67, 0.376975
0.5, 0.378497, 0.33, 0.67, 0.369314
0.5, 0.38191, 0.33, 0.67, 0.37163
0.5, 0.37119, 0.33, 0.67, 0.369283
0.5, 0.390285, 0.33, 0.67, 0.378587
0.5, 0.375859, 0.33, 0.67, 0.370651
0.5, 0.388054, 0.33, 0.67, 0.380025
0.5, 0.392643, 0.33, 0.67, 0.38619
0.5, 0.389809, 0.33, 0.67, 0.382024
0.5, 0.388543, 0.33, 0.67, 0.384681
0.5, 0.391798, 0.33, 0.67, 0.386794
0.5, 0.396319, 0.33, 0.67, 0.38147
0.5, 0.384519, 0.33, 0.67, 0.37715
0.5, 0.393506, 0.33, 0.67, 0.38716
0.5, 0.37047, 0.33, 0.67, 0.372909
0.5, 0.374519, 0.33, 0.67, 0.36582
0.5, 0.390839, 0.33, 0.67, 0.378287
0.5, 0.379693, 0.33, 0.67, 0.371858
0.5, 0.37106, 0.33, 0.67, 0.36859
0.5, 0.392759, 0.335, 0.665, 0.382945
0.5, 0.392857, 0.335, 0.665, 0.388794
0.5, 0.398036, 0.335, 0.665, 0.389041
0.5, 0.396586, 0.335, 0.665, 0.393333
0.5, 0.393186, 0.335, 0.665, 0.38533
0.5, 0.375142, 0.335, 0.665, 0.37282
0.5, 0.402969, 0.335, 0.665, 0.390926
0.5, 0.395447, 0.335, 0.665, 0.383406
0.5, 0.402129, 0.335, 0.665, 0.401281
0.5, 0.398377, 0.335, 0.665, 0.388773
0.5, 0.40268, 0.335, 0.665, 0.391615
0.5, 0.387876, 0.335, 0.665, 0.383572
0.5, 0.410601, 0.335, 0.665, 0.397414
0.5, 0.391765, 0.335, 0.665, 0.389803
0.5, 0.389907, 0.335, 0.665, 0.38732
0.5, 0.396482, 0.335, 0.665, 0.388588
0.5, 0.392037, 0.335, 0.665, 0.393685
0.5, 0.383344, 0.335, 0.665, 0.376038
0.5, 0.403618, 0.335, 0.665, 0.392902
0.5, 0.388779, 0.335, 0.665, 0.385925
0.5, 0.397737, 0.335, 0.665, 0.389076
0.5, 0.390327, 0.335, 0.665, 0.384953
0.5, 0.401107, 0.335, 0.665, 0.384314
0.5, 0.399784, 0.335, 0.665, 0.395254
0.5, 0.40151, 0.335, 0.665, 0.395022
0.5, 0.385179, 0.34, 0.66, 0.385093
0.5, 0.401796, 0.34, 0.66, 0.388333
0.5, 0.417868, 0.34, 0.66, 0.398877
0.5, 0.398858, 0.34, 0.66, 0.391633
0.5, 0.394539, 0.34, 0.66, 0.382976
0.5, 0.406643, 0.34, 0.66, 0.396956
0.5, 0.409053, 0.34, 0.66, 0.400093
0.5, 0.409764, 0.34, 0.66, 0.406788
0.5, 0.402752, 0.34, 0.66, 0.397365
0.5, 0.393417, 0.34, 0.66, 0.38727
0.5, 0.398451, 0.34, 0.66, 0.394209
0.5, 0.403086, 0.34, 0.66, 0.395731
0.5, 0.400097, 0.34, 0.66, 0.394939
0.5, 0.394887, 0.34, 0.66, 0.394488
0.5, 0.395693, 0.34, 0.66, 0.387243
0.5, 0.413088, 0.34, 0.66, 0.402713
0.5, 0.390323, 0.34, 0.66, 0.388078
0.5, 0.39642, 0.34, 0.66, 0.390692
0.5, 0.400282, 0.34, 0.66, 0.391287
0.5, 0.395515, 0.34, 0.66, 0.394218
0.5, 0.406026, 0.34, 0.66, 0.399817
0.5, 0.40308, 0.34, 0.66, 0.39363
0.5, 0.42202, 0.34, 0.66, 0.414283
0.5, 0.398897, 0.34, 0.66, 0.389425
0.5, 0.407768, 0.34, 0.66, 0.39714
0.5, 0.423649, 0.345, 0.655, 0.413707
0.5, 0.406706, 0.345, 0.655, 0.405
0.5, 0.425093, 0.345, 0.655, 0.414201
0.5, 0.420509, 0.345, 0.655, 0.411493
0.5, 0.417912, 0.345, 0.655, 0.402977
0.5, 0.433691, 0.345, 0.655, 0.41571
0.5, 0.416068, 0.345, 0.655, 0.408438
0.5, 0.417697, 0.345, 0.655, 0.40693
0.5, 0.422126, 0.345, 0.655, 0.418006
0.5, 0.41893, 0.345, 0.655, 0.410312
0.5, 0.422083, 0.345, 0.655, 0.413406
0.5, 0.427118, 0.345, 0.655, 0.410265
0.5, 0.424099, 0.345, 0.655, 0.416166
0.5, 0.405107, 0.345, 0.655, 0.395408
0.5, 0.414357, 0.345, 0.655, 0.407402
0.5, 0.407227, 0.345, 0.655, 0.40714
0.5, 0.409891, 0.345, 0.655, 0.398646
0.5, 0.418464, 0.345, 0.655, 0.4121
0.5, 0.416056, 0.345, 0.655, 0.403784
0.5, 0.411023, 0.345, 0.655, 0.409046
0.5, 0.414022, 0.345, 0.655, 0.402621
0.5, 0.410597, 0.345, 0.655, 0.401818
0.5, 0.415425, 0.345, 0.655, 0.405256
0.5, 0.411263, 0.345, 0.655, 0.400224
0.5, 0.416934, 0.345, 0.655, 0.41049
0.5, 0.418586, 0.35, 0.65, 0.414682
0.5, 0.407686, 0.35, 0.65, 0.406854
0.5, 0.410015, 0.35, 0.65, 0.402249
0.5, 0.414079, 0.35, 0.65, 0.410187
0.5, 0.428434, 0.35, 0.65, 0.420517
0.5, 0.420818, 0.35, 0.65, 0.413082
0.5, 0.406209, 0.35, 0.65, 0.401952
0.5, 0.437358, 0.35, 0.65, 0.425327
0.5, 0.433394, 0.35, 0.65, 0.423388
0.5, 0.415627, 0.35, 0.65, 0.412494
0.5, 0.439563, 0.35, 0.65, 0.422976
0.5, 0.423696, 0.35, 0.65, 0.415976
0.5, 0.423741, 0.35, 0.65, 0.414549
0.5, 0.421803, 0.35, 0.65, 0.416323
0.5, 0.428663, 0.35, 0.65, 0.418866
0.5, 0.410578, 0.35, 0.65, 0.397749
0.5, 0.421077, 0.35, 0.65, 0.411186
0.5, 0.424028, 0.35, 0.65, 0.414454
0.5, 0.418854, 0.35, 0.65, 0.406518
0.5, 0.432579, 0.35, 0.65, 0.417486
0.5, 0.41011, 0.35, 0.65, 0.407814
0.5, 0.414227, 0.35, 0.65, 0.407233
0.5, 0.420346, 0.35, 0.65, 0.416739
0.5, 0.421281, 0.35, 0.65, 0.414577
0.5, 0.415885, 0.35, 0.65, 0.409403
0.5, 0.436557, 0.355, 0.645, 0.425777
0.5, 0.429404, 0.355, 0.645, 0.423113
0.5, 0.44165, 0.355, 0.645, 0.432456
0.5, 0.426483, 0.355, 0.645, 0.421109
0.5, 0.442472, 0.355, 0.645, 0.426415
0.5, 0.44105, 0.355, 0.645, 0.432858
0.5, 0.425367, 0.355, 0.645, 0.42099
0.5, 0.439763, 0.355, 0.645, 0.436258
0.5, 0.431945, 0.355, 0.645, 0.429009
0.5, 0.445244, 0.355, 0.645, 0.431615
0.5, 0.429749, 0.355, 0.645, 0.422395
0.5, 0.442217, 0.355, 0.645, 0.433616
0.5, 0.43399, 0.355, 0.645, 0.425267
0.5, 0.440778, 0.355, 0.645, 0.42991
0.5, 0.435574, 0.355, 0.645, 0.426668
0.5, 0.421494, 0.355, 0.645, 0.413811
0.5, 0.428723, 0.355, 0.645, 0.422369
0.5, 0.438177, 0.355, 0.645, 0.433376
0.5, 0.444271, 0.355, 0.645, 0.436524
0.5, 0.45448, 0.355, 0.645, 0.437247
0.5, 0.430341, 0.355, 0.645, 0.423061
0.5, 0.446358, 0.355, 0.645, 0.434962
0.5, 0.445919, 0.355, 0.645, 0.433208
0.5, 0.448003, 0.355, 0.645, 0.438958
0.5, 0.420171, 0.355, 0.645, 0.410547
0.5, 0.439817, 0.36, 0.64, 0.432605
0.5, 0.443961, 0.36, 0.64, 0.432198
0.5, 0.438615, 0.36, 0.64, 0.432383
0.5, 0.43433, 0.36, 0.64, 0.428127
0.5, 0.447695, 0.36, 0.64, 0.435816
0.5, 0.451093, 0.36, 0.64, 0.436582
0.5, 0.427295, 0.36, 0.64, 0.420426
0.5, 0.439926, 0.36, 0.64, 0.430267
0.5, 0.44569, 0.36, 0.64, 0.439107
0.5, 0.446731, 0.36, 0.64, 0.442646
0.5, 0.453383, 0.36, 0.64, 0.438028
0.5, 0.455543, 0.36, 0.64, 0.447541
0.5, 0.43189, 0.36, 0.64, 0.425915
0.5, 0.426586, 0.36, 0.64, 0.427113
0.5, 0.460598, 0.36, 0.64, 0.445585
0.5, 0.441953, 0.36, 0.64, 0.422634
0.5, 0.445397, 0.36, 0.64, 0.434223
0.5, 0.441417, 0.36, 0.64, 0.435511
0.5, 0.450865, 0.36, 0.64, 0.434989
0.5, 0.458279, 0.36, 0.64, 0.44306
0.5, 0.451658, 0.36, 0.64, 0.441762
0.5, 0.456512, 0.36, 0.64, 0.446245
0.5, 0.431511, 0.36, 0.64, 0.426372
0.5, 0.45233, 0.36, 0.64, 0.436217
0.5, 0.461796, 0.36, 0.64, 0.445993
0.5, 0.451936, 0.365, 0.635, 0.438698
0.5, 0.444263, 0.365, 0.635, 0.434412
0.5, 0.45784, 0.365, 0.635, 0.443801
0.5, 0.448477, 0.365, 0.635, 0.442287
0.5, 0.446493, 0.365, 0.635, 0.43653
0.5, 0.476653, 0.365, 0.635, 0.461261
0.5, 0.465727, 0.365, 0.635, 0.454676
0.5, 0.446757, 0.365, 0.635, 0.437508
0.5, 0.451576, 0.365, 0.635, 0.44003
0.5, 0.471795, 0.365, 0.635, 0.451981
0.5, 0.460129, 0.365, 0.635, 0.447699
0.5, 0.445494, 0.365, 0.635, 0.442025
0.5, 0.4518, 0.365, 0.635, 0.444355
0.5, 0.445117, 0.365, 0.635, 0.442427
0.5, 0.460969, 0.365, 0.635, 0.444069
0.5, 0.449446, 0.365, 0.635, 0.444407
0.5, 0.465808, 0.365, 0.635, 0.445276
0.5, 0.45701, 0.365, 0.635, 0.44591
0.5, 0.460256, 0.365, 0.635, 0.449111
0.5, 0.451347, 0.365, 0.635, 0.439846
0.5, 0.45933, 0.365, 0.635, 0.447424
0.5, 0.470406, 0.365, 0.635, 0.462618
0.5, 0.466758, 0.365, 0.635, 0.451915
0.5, 0.443802, 0.365, 0.635, 0.436032
0.5, 0.484898, 0.365, 0.635, 0.470544
0.5, 0.458798, 0.37, 0.63, 0.444876
0.5, 0.461437, 0.37, 0.63, 0.445899
0.5, 0.471426, 0.37, 0.63, 0.464578
0.5, 0.453199, 0.37, 0.63, 0.445632
0.5, 0.473421, 0.37, 0.63, 0.465493
0.5, 0.459332, 0.37, 0.63, 0.449905
0.5, 0.46349, 0.37, 0.63, 0.455782
0.5, 0.462179, 0.37, 0.63, 0.458057
0.5, 0.483416, 0.37, 0.63, 0.471132
0.5, 0.464421, 0.37, 0.63, 0.448096
0.5, 0.447813, 0.37, 0.63, 0.440467
0.5, 0.467878, 0.37, 0.63, 0.452095
0.5, 0.458564, 0.37, 0.63, 0.448653
0.5, 0.481139, 0.37, 0.63, 0.473544
0.5, 0.473181, 0.37, 0.63, 0.462247
0.5, 0.475206, 0.37, 0.63, 0.45547
0.5, 0.470907, 0.37, 0.63, 0.449716
0.5, 0.458861, 0.37, 0.63, 0.450346
0.5, 0.466522, 0.37, 0.63, 0.458316
0.5, 0.478465, 0.37, 0.63, 0.465235
0.5, 0.468498, 0.37, 0.63, 0.459249
0.5, 0.454416, 0.37, 0.63, 0.447906
0.5, 0.454856, 0.37, 0.63, 0.442468
0.5, 0.466135, 0.37, 0.63, 0.452986
0.5, 0.474937, 0.37, 0.63, 0.465929
0.5, 0.470238, 0.375, 0.625, 0.454132
0.5, 0.484775, 0.375, 0.625, 0.469537
0.5, 0.472897, 0.375, 0.625, 0.46157
0.5, 0.49784, 0.375, 0.625, 0.489231
0.5, 0.475631, 0.375, 0.625, 0.464186
0.5, 0.473733, 0.375, 0.625, 0.467129
0.5, 0.484392, 0.375, 0.625, 0.472103
0.5, 0.501874, 0.375, 0.625, 0.486161
0.5, 0.487059, 0.375, 0.625, 0.474045
0.5, 0.477902, 0.375, 0.625, 0.462603
0.5, 0.472376, 0.375, 0.625, 0.467017
0.5, 0.48806, 0.375, 0.625, 0.477393
0.5, 0.488967, 0.375, 0.625, 0.468401
0.5, 0.47647, 0.375, 0.625, 0.4713
0.5, 0.485344, 0.375, 0.625, 0.472875
0.5, 0.465887, 0.375, 0.625, 0.461831
0.5, 0.458757, 0.375, 0.625, 0.447283
0.5, 0.472232, 0.375, 0.625, 0.465638
0.5, 0.466833, 0.375, 0.625, 0.460394
0.5, 0.478989, 0.375, 0.625, 0.470832
0.5, 0.483025, 0.375, 0.625, 0.470596
0.5, 0.462114, 0.375, 0.625, 0.456656
0.5, 0.491091, 0.375, 0.625, 0.476096
0.5, 0.502557, 0.375, 0.625, 0.486301
0.5, 0.479178, 0.375, 0.625, 0.461989
0.5, 0.486158, 0.38, 0.62, 0.47793
0.5, 0.503234, 0.38, 0.62, 0.486496
0.5, 0.492995, 0.38, 0.62, 0.480136
0.5, 0.477799, 0.38, 0.62, 0.472924
0.5, 0.483414, 0.38, 0.62, 0.473728
0.5, 0.496229, 0.38, 0.62, 0.47805
0.5, 0.493485, 0.38, 0.62, 0.48098
0.5, 0.486307, 0.38, 0.62, 0.479689
0.5, 0.478914, 0.38, 0.62, 0.47251
0.5, 0.474446, 0.38, 0.62, 0.467555
0.5, 0.496237, 0.38, 0.62, 0.485758
0.5, 0.501803, 0.38, 0.62, 0.492987
0.5, 0.48077, 0.38, 0.62, 0.469815
0.5, 0.497518, 0.38, 0.62, 0.476786
0.5, 0.49389, 0.38, 0.62, 0.48628
0.5, 0.489264, 0.38, 0.62, 0.472548
0.5, 0.487636, 0.38, 0.62, 0.475071
0.5, 0.496059, 0.38, 0.62, 0.48174
0.5, 0.489419, 0.38, 0.62, 0.479792
0.5, 0.493674, 0.38, 0.62, 0.479001
0.5, 0.471418, 0.38, 0.62, 0.465347
0.5, 0.507982, 0.38, 0.62, 0.492192
0.5, 0.493422, 0.38, 0.62, 0.482415
0.5, 0.495234, 0.38, 0.62, 0.485917
0.5, 0.482543, 0.38, 0.62, 0.474171
0.5, 0.50091, 0.385, 0.615, 0.481929
0.5, 0.496052, 0.385, 0.615, 0.488839
0.5, 0.496691, 0.385, 0.615, 0.483875
0.5, 0.482349, 0.385, 0.615, 0.474362
0.5, 0.498398, 0.385, 0.615, 0.488204
0.5, 0.506269, 0.385, 0.615, 0.489035
0.5, 0.505274, 0.385, 0.615, 0.487154
0.5, 0.498877, 0.385, 0.615, 0.487561
0.5, 0.488795, 0.385, 0.615, 0.480607
0.5, 0.505225, 0.385, 0.615, 0.490879
0.5, 0.51376, 0.385, 0.615, 0.497406
0.5, 0.483987, 0.385, 0.615, 0.472493
0.5, 0.509284, 0.385, 0.615, 0.495564
0.5, 0.511267, 0.385, 0.615, 0.495659
0.5, 0.501113, 0.385, 0.615, 0.490844
0.5, 0.494858, 0.385, 0.615, 0.48311
0.5, 0.508481, 0.385, 0.615, 0.494571
0.5, 0.484253, 0.385, 0.615, 0.475215
0.5, 0.500945, 0.385, 0.615, 0.488424
0.5, 0.496573, 0.385, 0.615, 0.48411
0.5, 0.487791, 0.385, 0.615, 0.480019
0.5, 0.514728, 0.385, 0.615, 0.497023
0.5, 0.498566, 0.385, 0.615, 0.486357
0.5, 0.506576, 0.385, 0.615, 0.496427
0.5, 0.506387, 0.385, 0.615, 0.497123
0.5, 0.514388, 0.39, 0.61, 0.495174
0.5, 0.524856, 0.39, 0.61, 0.503124
0.5, 0.495438, 0.39, 0.61, 0.483986
0.5, 0.50041, 0.39, 0.61, 0.495226
0.5, 0.51774, 0.39, 0.61, 0.5
0.5, 0.528944, 0.39, 0.61, 0.511044
0.5, 0.507762, 0.39, 0.61, 0.491698
0.5, 0.509054, 0.39, 0.61, 0.501479
0.5, 0.493998, 0.39, 0.61, 0.485801
0.5, 0.512322, 0.39, 0.61, 0.501046
0.5, 0.532338, 0.39, 0.61, 0.514318
0.5, 0.529837, 0.39, 0.61, 0.518377
0.5, 0.51556, 0.39, 0.61, 0.505223
0.5, 0.493376, 0.39, 0.61, 0.48009
0.5, 0.511346, 0.39, 0.61, 0.502968
0.5, 0.505757, 0.39, 0.61, 0.49671
0.5, 0.526547, 0.39, 0.61, 0.506069
0.5, 0.507448, 0.39, 0.61, 0.495564
0.5, 0.514333, 0.39, 0.61, 0.500071
0.5, 0.513178, 0.39, 0.61, 0.500909
0.5, 0.515402, 0.39, 0.61, 0.497473
0.5, 0.524166, 0.39, 0.61, 0.513187
0.5, 0.508305, 0.39, 0.61, 0.489879
0.5, 0.524661, 0.39, 0.61, 0.514765
0.5, 0.514297, 0.39, 0.61, 0.501153
0.5, 0.532223, 0.395, 0.605, 0.514769
0.5, 0.547366, 0.395, 0.605, 0.532177
0.5, 0.537268, 0.395, 0.605, 0.522559
0.5, 0.517367, 0.395, 0.605, 0.505286
0.5, 0.503744, 0.395, 0.605, 0.490483
0.5, 0.524321, 0.395, 0.605, 0.509547
0.5, 0.526935, 0.395, 0.605, 0.518277
0.5, 0.520198, 0.395, 0.605, 0.508866
0.5, 0.533992, 0.395, 0.605, 0.522942
0.5, 0.528506, 0.395, 0.605, 0.50932
0.5, 0.523018, 0.395, 0.605, 0.51297
0.5, 0.546414, 0.395, 0.605, 0.526259
0.5, 0.522392, 0.395, 0.605, 0.515233
0.5, 0.54785, 0.395, 0.605, 0.530239
0.5, 0.508938, 0.395, 0.605, 0.500625
0.5, 0.52862, 0.395, 0.605, 0.511996
0.5, 0.527175, 0.395, 0.605, 0.511462
0.5, 0.548355, 0.395, 0.605, 0.530699
0.5, 0.527479, 0.395, 0.605, 0.513937
0.5, 0.53693, 0.395, 0.605, 0.518832
0.5, 0.53508, 0.395, 0.605, 0.519977
0.5, 0.537476, 0.395, 0.605, 0.517263
0.5, 0.517434, 0.395, 0.605, 0.50854
0.5, 0.536632, 0.395, 0.605, 0.524814
0.5, 0.512256, 0.395, 0.605, 0.505612
0.5, 0.547111, 0.4, 0.6, 0.525687
0.5, 0.522133, 0.4, 0.6, 0.513156
0.5, 0.538614, 0.4, 0.6, 0.52523
0.5, 0.545429, 0.4, 0.6, 0.534725
0.5, 0.55679, 0.4, 0.6, 0.535237
0.5, 0.547414, 0.4, 0.6, 0.530316
0.5, 0.544015, 0.4, 0.6, 0.530303
0.5, 0.546954, 0.4, 0.6, 0.53624
0.5, 0.558524, 0.4, 0.6, 0.538516
0.5, 0.550262, 0.4, 0.6, 0.532395
0.5, 0.531518, 0.4, 0.6, 0.518275
0.5, 0.535161, 0.4, 0.6, 0.527886
0.5, 0.536476, 0.4, 0.6, 0.518008
0.5, 0.52072, 0.4, 0.6, 0.509205
0.5, 0.545785, 0.4, 0.6, 0.526598
0.5, 0.543554, 0.4, 0.6, 0.531669
0.5, 0.543689, 0.4, 0.6, 0.534159
0.5, 0.553564, 0.4, 0.6, 0.536148
0.5, 0.535979, 0.4, 0.6, 0.518338
0.5, 0.525343, 0.4, 0.6, 0.519562
0.5, 0.546545, 0.4, 0.6, 0.537377
0.5, 0.531055, 0.4, 0.6, 0.519741
0.5, 0.545406, 0.4, 0.6, 0.529755
0.5, 0.550059, 0.4, 0.6, 0.531467
0.5, 0.53029, 0.4, 0.6, 0.52002
0.5, 0.575392, 0.405, 0.595, 0.561353
0.5, 0.55483, 0.405, 0.595, 0.533636
0.5, 0.543331, 0.405, 0.595, 0.531293
0.5, 0.541863, 0.405, 0.595, 0.526067
0.5, 0.579028, 0.405, 0.595, 0.556769
0.5, 0.563951, 0.405, 0.595, 0.548898
0.5, 0.552753, 0.405, 0.595, 0.533608
0.5, 0.540174, 0.405, 0.595, 0.524305
0.5, 0.559558, 0.405, 0.595, 0.54134
0.5, 0.549804, 0.405, 0.595, 0.53084
0.5, 0.550414, 0.405, 0.595, 0.539352
0.5, 0.537298, 0.405, 0.595, 0.531079
0.5, 0.542502, 0.405, 0.595, 0.532741
0.5, 0.556428, 0.405, 0.595, 0.541385
0.5, 0.561906, 0.405, 0.595, 0.539519
0.5, 0.539782, 0.405, 0.595, 0.525759
0.5, 0.551366, 0.405, 0.595, 0.546191
0.5, 0.529864, 0.405, 0.595, 0.520733
0.5, 0.557812, 0.405, 0.595, 0.537008
0.5, 0.571655, 0.405, 0.595, 0.54567
0.5, 0.55285, 0.405, 0.595, 0.538324
0.5, 0.545623, 0.405, 0.595, 0.52822
0.5, 0.555754, 0.405, 0.595, 0.540422
0.5, 0.552286, 0.405, 0.595, 0.536629
0.5, 0.549259, 0.405, 0.595, 0.532275
0.5, 0.568898, 0.41, 0.59, 0.556521
0.5, 0.552317, 0.41, 0.59, 0.533726
0.5, 0.573692, 0.41, 0.59, 0.552314
0.5, 0.564216, 0.41, 0.59, 0.547084
0.5, 0.583078, 0.41, 0.59, 0.576774
0.5, 0.579749, 0.41, 0.59, 0.562906
0.5, 0.565352, 0.41, 0.59, 0.548077
0.5, 0.564636, 0.41, 0.59, 0.554906
0.5, 0.559677, 0.41, 0.59, 0.540747
0.5, 0.577128, 0.41, 0.59, 0.559227
0.5, 0.57912, 0.41, 0.59, 0.562415
0.5, 0.570666, 0.41, 0.59, 0.554886
0.5, 0.574599, 0.41, 0.59, 0.551921
0.5, 0.5551, 0.41, 0.59, 0.540016
0.5, 0.552751, 0.41, 0.59, 0.541748
0.5, 0.566156, 0.41, 0.59, 0.554688
0.5, 0.57435, 0.41, 0.59, 0.56002
0.5, 0.571315, 0.41, 0.59, 0.55749
0.5, 0.56159, 0.41, 0.59, 0.543559
0.5, 0.560528, 0.41, 0.59, 0.543346
0.5, 0.563807, 0.41, 0.59, 0.549073
0.5, 0.552792, 0.41, 0.59, 0.540028
0.5, 0.556665, 0.41, 0.59, 0.544221
0.5, 0.580531, 0.41, 0.59, 0.561102
0.5, 0.559129, 0.41, 0.59, 0.54431
0.5, 0.581699, 0.415, 0.585, 0.567135
0.5, 0.577312, 0.415, 0.585, 0.558977
0.5, 0.570912, 0.415, 0.585, 0.558866
0.5, 0.581776, 0.415, 0.585, 0.56839
0.5, 0.561259, 0.415, 0.585, 0.551338
0.5, 0.580164, 0.415, 0.585, 0.561763
0.5, 0.580685, 0.415, 0.585, 0.559178
0.5, 0.572593, 0.415, 0.585, 0.556437
0.5, 0.568106, 0.415, 0.585, 0.55167
0.5, 0.591624, 0.415, 0.585, 0.568515
0.5, 0.585925, 0.415, 0.585, 0.569839
0.5, 0.587148, 0.415, 0.585, 0.575738
0.5, 0.590524, 0.415, 0.585, 0.570691
0.5, 0.593403, 0.415, 0.585, 0.574726
0.5, 0.592403, 0.415, 0.585, 0.569976
0.5, 0.577258, 0.415, 0.585, 0.561455
0.5, 0.560473, 0.415, 0.585, 0.54541
0.5, 0.582918, 0.415, 0.585, 0.563286
0.5, 0.570287, 0.415, 0.585, 0.555071
0.5, 0.594596, 0.415, 0.585, 0.567228
0.5, 0.584587, 0.415, 0.585, 0.568123
0.5, 0.597586, 0.415, 0.585, 0.583597
0.5, 0.612945, 0.415, 0.585, 0.590637
0.5, 0.589276, 0.415, 0.585, 0.568456
0.5, 0.585395, 0.415, 0.585, 0.568347
0.5, 0.587366, 0.42, 0.58, 0.565795
0.5, 0.60281, 0.42, 0.58, 0.577297
0.5, 0.571896, 0.42, 0.58, 0.555604
0.5, 0.60765, 0.42, 0.58, 0.590862
0.5, 0.588515, 0.42, 0.58, 0.575571
0.5, 0.609305, 0.42, 0.58, 0.589047
0.5, 0.602432, 0.42, 0.58, 0.580047
0.5, 0.599693, 0.42, 0.58, 0.577292
0.5, 0.595793, 0.42, 0.58, 0.577975
0.5, 0.596143, 0.42, 0.58, 0.580775
0.5, 0.599125, 0.42, 0.58, 0.583682
0.5, 0.579557, 0.42, 0.58, 0.561147
0.5, 0.584836, 0.42, 0.58, 0.571189
0.5, 0.58991, 0.42, 0.58, 0.574195
0.5, 0.589178, 0.42, 0.58, 0.572638
0.5, 0.60872, 0.42, 0.58, 0.594671
0.5, 0.592445, 0.42, 0.58, 0.577605
0.5, 0.599185, 0.42, 0.58, 0.585425
0.5, 0.589243, 0.42, 0.58, 0.578222
0.5, 0.598053, 0.42, 0.58, 0.577815
0.5, 0.620533, 0.42, 0.58, 0.592647
0.5, 0.595991, 0.42, 0.58, 0.579341
0.5, 0.58512, 0.42, 0.58, 0.563434
0.5, 0.607044, 0.42, 0.58, 0.5839
0.5, 0.604558, 0.42, 0.58, 0.593239
0.5, 0.603729, 0.425, 0.575, 0.591462
0.5, 0.593232, 0.425, 0.575, 0.582043
0.5, 0.587759, 0.425, 0.575, 0.578639
0.5, 0.609968, 0.425, 0.575, 0.589395
0.5, 0.61814, 0.425, 0.575, 0.595322
0.5, 0.61752, 0.425, 0.575, 0.596078
0.5, 0.641402, 0.425, 0.575, 0.617822
0.5, 0.603591, 0.425, 0.575, 0.586446
0.5, 0.61576, 0.425, 0.575, 0.59942
0.5, 0.625234, 0.425, 0.575, 0.600744
0.5, 0.623226, 0.425, 0.575, 0.608641
0.5, 0.616318, 0.425, 0.575, 0.592761
0.5, 0.629871, 0.425, 0.575, 0.606555
0.5, 0.618024, 0.425, 0.575, 0.595817
0.5, 0.609211, 0.425, 0.575, 0.593612
0.5, 0.613208, 0.425, 0.575, 0.589638
0.5, 0.63048, 0.425, 0.575, 0.603887
0.5, 0.592958, 0.425, 0.575, 0.582478
0.5, 0.60285, 0.425, 0.575, 0.583659
0.5, 0.615367, 0.425, 0.575, 0.603166
0.5, 0.612757, 0.425, 0.575, 0.598294
0.5, 0.586096, 0.425, 0.575, 0.572777
0.5, 0.630518, 0.425, 0.575, 0.605295
0.5, 0.620127, 0.425, 0.575, 0.594926
0.5, 0.628169, 0.425, 0.575, 0.606544
0.5, 0.614541, 0.43, 0.57, 0.598269
0.5, 0.634495, 0.43, 0.57, 0.612202
0.5, 0.632055, 0.43, 0.57, 0.607692
0.5, 0.624607, 0.43, 0.57, 0.607988
0.5, 0.618665, 0.43, 0.57, 0.601185
0.5, 0.658859, 0.43, 0.57, 0.634839
0.5, 0.62166, 0.43, 0.57, 0.60095
0.5, 0.606948, 0.43, 0.57, 0.591877
0.5, 0.630517, 0.43, 0.57, 0.611402
0.5, 0.639932, 0.43, 0.57, 0.616125
0.5, 0.643883, 0.43, 0.57, 0.617888
0.5, 0.641035, 0.43, 0.57, 0.619094
0.5, 0.619086, 0.43, 0.57, 0.596744
0.5, 0.629191, 0.43, 0.57, 0.605649
0.5, 0.639706, 0.43, 0.57, 0.625412
0.5, 0.623698, 0.43, 0.57, 0.603279
0.5, 0.656048, 0.43, 0.57, 0.627309
0.5, 0.627085, 0.43, 0.57, 0.607805
0.5, 0.618074, 0.43, 0.57, 0.606741
0.5, 0.634061, 0.43, 0.57, 0.607738
0.5, 0.650333, 0.43, 0.57, 0.621376
0.5, 0.627111, 0.43, 0.57, 0.610049
0.5, 0.635103, 0.43, 0.57, 0.617054
0.5, 0.607925, 0.43, 0.57, 0.593881
0.5, 0.632204, 0.43, 0.57, 0.616148
0.5, 0.623348, 0.435, 0.565, 0.609439
0.5, 0.644027, 0.435, 0.565, 0.621945
0.5, 0.665639, 0.435, 0.565, 0.640618
0.5, 0.653515, 0.435, 0.565, 0.628452
0.5, 0.629416, 0.435, 0.565, 0.608731
0.5, 0.660913, 0.435, 0.565, 0.638822
0.5, 0.624053, 0.435, 0.565, 0.604631
0.5, 0.674411, 0.435, 0.565, 0.64779
0.5, 0.647607, 0.435, 0.565, 0.625945
0.5, 0.64233, 0.435, 0.565, 0.62919
0.5, 0.651045, 0.435, 0.565, 0.631003
0.5, 0.641357, 0.435, 0.565, 0.621291
0.5, 0.637982, 0.435, 0.565, 0.61641
0.5, 0.619566, 0.435, 0.565, 0.610013
0.5, 0.645211, 0.435, 0.565, 0.623404
0.5, 0.625171, 0.435, 0.565, 0.607445
0.5, 0.657574, 0.435, 0.565, 0.634686
0.5, 0.64452, 0.435, 0.565, 0.627533
0.5, 0.626728, 0.435, 0.565, 0.607519
0.5, 0.625124, 0.435, 0.565, 0.604684
0.5, 0.644006, 0.435, 0.565, 0.618194
0.5, 0.660798, 0.435, 0.565, 0.635333
0.5, 0.628879, 0.435, 0.565, 0.616318
0.5, 0.656707, 0.435, 0.565, 0.630997
0.5, 0.668924, 0.435, 0.565, 0.641869
0.5, 0.669988, 0.44, 0.56, 0.644947
0.5, 0.664805, 0.44, 0.56, 0.644809
0.5, 0.697705, 0.44, 0.56, 0.672308
0.5, 0.676264, 0.44, 0.56, 0.651958
0.5, 0.668258, 0.44, 0.56, 0.643166
0.5, 0.653849, 0.44, 0.56, 0.634586
0.5, 0.669697, 0.44, 0.56, 0.645274
0.5, 0.656613, 0.44, 0.56, 0.633709
0.5, 0.669559, 0.44, 0.56, 0.6479
0.5, 0.664261, 0.44, 0.56, 0.642184
0.5, 0.684158, 0.44, 0.56, 0.651675
0.5, 0.64772, 0.44, 0.56, 0.625177
0.5, 0.663925, 0.44, 0.56, 0.643006
0.5, 0.659894, 0.44, 0.56, 0.631307
0.5, 0.682444, 0.44, 0.56, 0.658622
0.5, 0.666913, 0.44, 0.56, 0.648343
0.5, 0.638772, 0.44, 0.56, 0.61647
0.5, 0.66141, 0.44, 0.56, 0.641076
0.5, 0.664016, 0.44, 0.56, 0.636023
0.5, 0.647246, 0.44, 0.56, 0.630032
0.5, 0.656623, 0.44, 0.56, 0.63253
0.5, 0.630717, 0.44, 0.56, 0.617922
0.5, 0.69737, 0.44, 0.56, 0.673177
0.5, 0.676315, 0.44, 0.56, 0.651159
0.5, 0.639312, 0.44, 0.56, 0.623959
0.5, 0.687111, 0.445, 0.555, 0.66997
0.5, 0.695847, 0.445, 0.555, 0.674719
0.5, 0.702065, 0.445, 0.555, 0.676568
0.5, 0.676109, 0.445, 0.555, 0.652028
0.5, 0.673511, 0.445, 0.555, 0.65836
0.5, 0.694501, 0.445, 0.555, 0.67008
0.5, 0.681687, 0.445, 0.555, 0.660761
0.5, 0.719954, 0.445, 0.555, 0.690037
0.5, 0.659657, 0.445, 0.555, 0.63891
0.5, 0.662137, 0.445, 0.555, 0.639794
0.5, 0.685312, 0.445, 0.555, 0.664453
0.5, 0.681378, 0.445, 0.555, 0.665018
0.5, 0.65173, 0.445, 0.555, 0.63983
0.5, 0.680398, 0.445, 0.555, 0.656134
0.5, 0.672049, 0.445, 0.555, 0.649697
0.5, 0.684218, 0.445, 0.555, 0.658034
0.5, 0.691403, 0.445, 0.555, 0.669127
0.5, 0.710135, 0.445, 0.555, 0.685614
0.5, 0.712962, 0.445, 0.555, 0.685066
0.5, 0.696558, 0.445, 0.555, 0.67356
0.5, 0.683925, 0.445, 0.555, 0.657979
0.5, 0.691977, 0.445, 0.555, 0.668555
0.5, 0.673724, 0.445, 0.555, 0.649977
0.5, 0.681325, 0.445, 0.555, 0.658196
0.5, 0.678243, 0.445, 0.555, 0.661887
0.5, 0.713788, 0.45, 0.55, 0.685894
0.5, 0.720769, 0.45, 0.55, 0.694589
0.5, 0.693889, 0.45, 0.55, 0.676411
0.5, 0.70645, 0.45, 0.55, 0.677356
0.5, 0.703934, 0.45, 0.55, 0.681151
0.5, 0.715551, 0.45, 0.55, 0.68714
0.5, 0.715976, 0.45, 0.55, 0.688234
0.5, 0.714105, 0.45, 0.55, 0.69509
0.5, 0.710026, 0.45, 0.55, 0.687838
0.5, 0.688546, 0.45, 0.55, 0.667627
0.5, 0.687886, 0.45, 0.55, 0.663668
0.5, 0.714825, 0.45, 0.55, 0.691415
0.5, 0.71384, 0.45, 0.55, 0.688054
0.5, 0.714612, 0.45, 0.55, 0.684085
0.5, 0.728349, 0.45, 0.55, 0.69778
0.5, 0.714028, 0.45, 0.55, 0.68897
0.5, 0.732897, 0.45, 0.55, 0.706461
0.5, 0.708958, 0.45, 0.55, 0.681412
0.5, 0.710678, 0.45, 0.55, 0.684575
0.5, 0.695763, 0.45, 0.55, 0.673888
0.5, 0.688291, 0.45, 0.55, 0.657261
0.5, 0.697498, 0.45, 0.55, 0.675469
0.5, 0.680316, 0.45, 0.55, 0.656001
0.5, 0.688562, 0.45, 0.55, 0.670475
0.5, 0.702182, 0.45, 0.55, 0.679017
0.5, 0.722557, 0.455, 0.545, 0.690827
0.5, 0.728006, 0.455, 0.545, 0.705202
0.5, 0.726498, 0.455, 0.545, 0.700458
0.5, 0.767376, 0.455, 0.545, 0.743981
0.5, 0.744633, 0.455, 0.545, 0.721301
0.5, 0.727231, 0.455, 0.545, 0.703415
0.5, 0.737704, 0.455, 0.545, 0.708655
0.5, 0.713577, 0.455, 0.545, 0.692897
0.5, 0.701051, 0.455, 0.545, 0.674468
0.5, 0.703779, 0.455, 0.545, 0.679564
0.5, 0.737558, 0.455, 0.545, 0.713553
0.5, 0.727523, 0.455, 0.545, 0.702754
0.5, 0.707725, 0.455, 0.545, 0.680092
0.5, 0.742419, 0.455, 0.545, 0.716677
0.5, 0.715811, 0.455, 0.545, 0.689052
0.5, 0.716504, 0.455, 0.545, 0.695172
0.5, 0.69738, 0.455, 0.545, 0.67402
0.5, 0.740496, 0.455, 0.545, 0.709564
0.5, 0.708802, 0.455, 0.545, 0.697276
0.5, 0.752722, 0.455, 0.545, 0.723721
0.5, 0.731475, 0.455, 0.545, 0.698964
0.5, 0.719697, 0.455, 0.545, 0.701831
0.5, 0.759982, 0.455, 0.545, 0.731337
0.5, 0.70318, 0.455, 0.545, 0.676651
0.5, 0.728775, 0.455, 0.545, 0.699554
0.5, 0.756156, 0.46, 0.54, 0.733556
0.5, 0.763347, 0.46, 0.54, 0.739734
0.5, 0.704557, 0.46, 0.54, 0.680442
0.5, 0.773763, 0.46, 0.54, 0.743645
0.5, 0.731649, 0.46, 0.54, 0.708146
0.5, 0.746486, 0.46, 0.54, 0.72334
0.5, 0.741388, 0.46, 0.54, 0.722968
0.5, 0.73618, 0.46, 0.54, 0.708885
0.5, 0.76406, 0.46, 0.54, 0.733941
0.5, 0.7555, 0.46, 0.54, 0.731782
0.5, 0.790645, 0.46, 0.54, 0.761426
0.5, 0.778874, 0.46, 0.54, 0.749565
0.5, 0.729794, 0.46, 0.54, 0.705481
0.5, 0.764803, 0.46, 0.54, 0.737146
0.5, 0.774636, 0.46, 0.54, 0.746495
0.5, 0.760306, 0.46, 0.54, 0.739817
0.5, 0.749991, 0.46, 0.54, 0.729706
0.5, 0.78038, 0.46, 0.54, 0.755977
0.5, 0.748746, 0.46, 0.54, 0.72378
0.5, 0.757053, 0.46, 0.54, 0.73013
0.5, 0.757013, 0.46, 0.54, 0.726644
0.5, 0.762334, 0.46, 0.54, 0.733361
0.5, 0.756635, 0.46, 0.54, 0.730125
0.5, 0.752818, 0.46, 0.54, 0.724219
0.5, 0.718724, 0.46, 0.54, 0.692992
0.5, 0.767686, 0.465, 0.535, 0.738274
0.5, 0.782779, 0.465, 0.535, 0.75527
0.5, 0.781525, 0.465, 0.535, 0.753168
0.5, 0.784744, 0.465, 0.535, 0.74769
0.5, 0.765917, 0.465, 0.535, 0.736555
0.5, 0.758033, 0.465, 0.535, 0.733458
0.5, 0.791584, 0.465, 0.535, 0.770387
0.5, 0.789301, 0.465, 0.535, 0.762435
0.5, 0.730302, 0.465, 0.535, 0.702919
0.5, 0.706029, 0.465, 0.535, 0.689545
0.5, 0.795111, 0.465, 0.535, 0.766092
0.5, 0.774595, 0.465, 0.535, 0.749734
0.5, 0.770673, 0.465, 0.535, 0.742929
0.5, 0.789507, 0.465, 0.535, 0.757032
0.5, 0.79528, 0.465, 0.535, 0.768171
0.5, 0.757907, 0.465, 0.535, 0.726561
0.5, 0.767464, 0.465, 0.535, 0.744173
0.5, 0.789118, 0.465, 0.535, 0.75954
0.5, 0.737717, 0.465, 0.535, 0.713681
0.5, 0.752881, 0.465, 0.535, 0.727044
0.5, 0.740965, 0.465, 0.535, 0.71913
0.5, 0.777973, 0.465, 0.535, 0.756493
0.5, 0.76793, 0.465, 0.535, 0.74118
0.5, 0.757765, 0.465, 0.535, 0.73746
0.5, 0.777576, 0.465, 0.535, 0.746682
0.5, 0.830519, 0.47, 0.53, 0.804527
0.5, 0.79849, 0.47, 0.53, 0.765567
0.5, 0.793591, 0.47, 0.53, 0.774916
0.5, 0.772852, 0.47, 0.53, 0.744044
0.5, 0.843015, 0.47, 0.53, 0.815348
0.5, 0.789051, 0.47, 0.53, 0.766464
0.5, 0.805511, 0.47, 0.53, 0.772945
0.5, 0.83377, 0.47, 0.53, 0.805481
0.5, 0.799963, 0.47, 0.53, 0.768893
0.5, 0.786085, 0.47, 0.53, 0.755601
0.5, 0.808256, 0.47, 0.53, 0.784107
0.5, 0.794503, 0.47, 0.53, 0.769352
0.5, 0.815282, 0.47, 0.53, 0.787941
0.5, 0.77092, 0.47, 0.53, 0.743885
0.5, 0.796206, 0.47, 0.53, 0.769566
0.5, 0.780867, 0.47, 0.53, 0.755561
0.5, 0.817725, 0.47, 0.53, 0.789523
0.5, 0.793467, 0.47, 0.53, 0.766936
0.5, 0.826544, 0.47, 0.53, 0.805603
0.5, 0.769978, 0.47, 0.53, 0.747562
0.5, 0.79162, 0.47, 0.53, 0.765149
0.5, 0.758959, 0.47, 0.53, 0.735455
0.5, 0.785559, 0.47, 0.53, 0.760276
0.5, 0.793129, 0.47, 0.53, 0.763726
0.5, 0.804994, 0.47, 0.53, 0.777263
0.5, 0.826679, 0.475, 0.525, 0.800649
0.5, 0.821755, 0.475, 0.525, 0.797943
0.5, 0.833588, 0.475, 0.525, 0.809544
0.5, 0.799119, 0.475, 0.525, 0.7727
0.5, 0.817424, 0.475, 0.525, 0.790619
0.5, 0.860085, 0.475, 0.525, 0.842318
0.5, 0.858842, 0.475, 0.525, 0.82529
0.5, 0.829489, 0.475, 0.525, 0.800951
0.5, 0.854979, 0.475, 0.525, 0.82819
0.5, 0.818792, 0.475, 0.525, 0.791774
0.5, 0.866683, 0.475, 0.525, 0.843534
0.5, 0.846142, 0.475, 0.525, 0.817504
0.5, 0.849982, 0.475, 0.525, 0.827298
0.5, 0.844796, 0.475, 0.525, 0.817652
0.5, 0.822187, 0.475, 0.525, 0.795499
0.5, 0.826238, 0.475, 0.525, 0.811354
0.5, 0.800565, 0.475, 0.525, 0.773559
0.5, 0.820192, 0.475, 0.525, 0.797135
0.5, 0.794671, 0.475, 0.525, 0.773102
0.5, 0.819385, 0.475, 0.525, 0.796661
0.5, 0.843915, 0.475, 0.525, 0.815462
0.5, 0.839047, 0.475, 0.525, 0.815932
0.5, 0.817537, 0.475, 0.525, 0.790274
0.5, 0.823314, 0.475, 0.525, 0.790919
0.5, 0.819687, 0.475, 0.525, 0.796453
0.5, 0.87223, 0.48, 0.52, 0.848202
0.5, 0.846206, 0.48, 0.52, 0.819017
0.5, 0.852712, 0.48, 0.52, 0.826202
0.5, 0.861951, 0.48, 0.52, 0.836738
0.5, 0.841859, 0.48, 0.52, 0.819402
0.5, 0.835606, 0.48, 0.52, 0.812746
0.5, 0.862242, 0.48, 0.52, 0.837457
0.5, 0.866069, 0.48, 0.52, 0.840529
0.5, 0.892557, 0.48, 0.52, 0.876179
0.5, 0.796087, 0.48, 0.52, 0.772609
0.5, 0.829792, 0.48, 0.52, 0.805378
0.5, 0.818343, 0.48, 0.52, 0.796461
0.5, 0.856097, 0.48, 0.52, 0.832647
0.5, 0.880558, 0.48, 0.52, 0.856876
0.5, 0.860465, 0.48, 0.52, 0.838457
0.5, 0.891866, 0.48, 0.52, 0.871654
0.5, 0.845846, 0.48, 0.52, 0.820331
0.5, 0.845293, 0.48, 0.52, 0.822027
0.5, 0.832856, 0.48, 0.52, 0.814178
0.5, 0.851055, 0.48, 0.52, 0.829076
0.5, 0.841166, 0.48, 0.52, 0.810541
0.5, 0.83704, 0.48, 0.52, 0.810951
0.5, 0.822262, 0.48, 0.52, 0.799347
0.5, 0.832413, 0.48, 0.52, 0.808852
0.5, 0.843844, 0.48, 0.52, 0.820143
0.5, 0.903553, 0.485, 0.515, 0.885534
0.5, 0.87307, 0.485, 0.515, 0.852227
0.5, 0.910667, 0.485, 0.515, 0.885063
0.5, 0.879276, 0.485, 0.515, 0.868864
0.5, 0.883134, 0.485, 0.515, 0.864944
0.5, 0.887732, 0.485, 0.515, 0.86412
0.5, 0.837049, 0.485, 0.515, 0.809795
0.5, 0.900938, 0.485, 0.515, 0.879935
0.5, 0.939348, 0.485, 0.515, 0.929728
0.5, 0.836019, 0.485, 0.515, 0.81646
0.5, 0.844793, 0.485, 0.515, 0.823052
0.5, 0.948258, 0.485, 0.515, 0.930005
0.5, 0.900796, 0.485, 0.515, 0.881717
0.5, 0.886192, 0.485, 0.515, 0.864293
0.5, 0.897898, 0.485, 0.515, 0.877345
0.5, 0.890265, 0.485, 0.515, 0.866461
0.5, 0.862036, 0.485, 0.515, 0.84036
0.5, 0.860891, 0.485, 0.515, 0.839003
0.5, 0.875051, 0.485, 0.515, 0.857352
0.5, 0.885131, 0.485, 0.515, 0.862916
0.5, 0.839304, 0.485, 0.515, 0.822363
0.5, 0.889828, 0.485, 0.515, 0.868037
0.5, 0.873873, 0.485, 0.515, 0.845424
0.5, 0.89039, 0.485, 0.515, 0.869839
0.5, 0.858736, 0.485, 0.515, 0.832178
0.5, 0.904096, 0.49, 0.51, 0.886741
0.5, 0.90058, 0.49, 0.51, 0.88039
0.5, 0.901948, 0.49, 0.51, 0.878749
0.5, 0.898695, 0.49, 0.51, 0.880421
0.5, 0.91414, 0.49, 0.51, 0.892103
0.5, 0.91256, 0.49, 0.51, 0.895785
0.5, 0.891876, 0.49, 0.51, 0.871894
0.5, 0.936151, 0.49, 0.51, 0.920676
0.5, 0.919217, 0.49, 0.51, 0.903286
0.5, 0.927543, 0.49, 0.51, 0.916565
0.5, 0.877291, 0.49, 0.51, 0.859131
0.5, 0.878725, 0.49, 0.51, 0.849397
0.5, 0.909909, 0.49, 0.51, 0.896797
0.5, 0.901844, 0.49, 0.51, 0.885127
0.5, 0.890813, 0.49, 0.51, 0.878113
0.5, 0.928389, 0.49, 0.51, 0.914151
0.5, 0.928935, 0.49, 0.51, 0.911845
0.5, 0.940213, 0.49, 0.51, 0.929152
0.5, 0.896893, 0.49, 0.51, 0.876157
0.5, 0.890373, 0.49, 0.51, 0.870458
0.5, 0.910662, 0.49, 0.51, 0.889001
0.5, 0.94227, 0.49, 0.51, 0.931126
0.5, 0.926415, 0.49, 0.51, 0.912656
0.5, 0.950335, 0.49, 0.51, 0.938987
0.5, 0.898531, 0.49, 0.51, 0.883493
0.5, 0.976445, 0.495, 0.505, 0.968541
0.5, 0.998235, 0.495, 0.505, 0.998301
0.5, 0.950346, 0.495, 0.505, 0.93638
0.5, 0.965276, 0.495, 0.505, 0.955441
0.5, 0.917757, 0.495, 0.505, 0.904664
0.5, 0.945253, 0.495, 0.505, 0.934752
0.5, 0.893812, 0.495, 0.505, 0.874648
0.5, 0.932352, 0.495, 0.505, 0.913197
0.5, 0.95163, 0.495, 0.505, 0.940199
0.5, 0.977741, 0.495, 0.505, 0.974177
0.5, 0.922307, 0.495, 0.505, 0.910221
0.5, 0.944613, 0.495, 0.505, 0.932176
0.5, 0.994538, 0.495, 0.505, 0.992439
0.5, 0.936989, 0.495, 0.505, 0.918419
0.5, 0.958255, 0.495, 0.505, 0.947404
0.5, 0.953911, 0.495, 0.505, 0.939736
0.5, 0.939283, 0.495, 0.505, 0.923289
0.5, 0.883891, 0.495, 0.505, 0.860825
0.5, 0.945561, 0.495, 0.505, 0.930288
0.5, 0.958295, 0.495, 0.505, 0.949469
0.5, 0.977512, 0.495, 0.505, 0.969455
0.5, 0.915199, 0.495, 0.505, 0.894411
0.5, 0.986724, 0.495, 0.505, 0.97984
0.5, 0.923903, 0.495, 0.505, 0.905543
0.5, 0.95805, 0.495, 0.505, 0.947032
0.5, 0.993848, 0.5, 0.5, 0.992768
0.5, 0.942306, 0.5, 0.5, 0.932449
0.5, 0.944421, 0.5, 0.5, 0.931592
0.5, 0.980736, 0.5, 0.5, 0.975007
0.5, 0.946012, 0.5, 0.5, 0.932293
0.5, 0.997593, 0.5, 0.5, 0.997536
0.5, 0.941952, 0.5, 0.5, 0.926094
0.5, 0.973364, 0.5, 0.5, 0.970246
0.5, 0.967761, 0.5, 0.5, 0.958677
0.5, 0.972057, 0.5, 0.5, 0.965679
0.5, 0.951239, 0.5, 0.5, 0.93317
0.5, 0.989981, 0.5, 0.5, 0.987685
0.5, 0.944877, 0.5, 0.5, 0.932131
0.5, 0.981357, 0.5, 0.5, 0.973569
0.5, 0.955422, 0.5, 0.5, 0.945073
0.5, 0.975766, 0.5, 0.5, 0.97048
0.5, 0.967019, 0.5, 0.5, 0.957132
0.5, 0.996605, 0.5, 0.5, 0.995262
0.5, 0.999663, 0.5, 0.5, 0.999605
0.5, 0.99155, 0.5, 0.5, 0.987593
0.5, 0.924385, 0.5, 0.5, 0.910925
0.5, 0.941648, 0.5, 0.5, 0.924769
0.5, 0.925784, 0.5, 0.5, 0.910812
0.5, 0.992366, 0.5, 0.5, 0.991337
0.5, 0.978339, 0.5, 0.5, 0.975068
0.5, 0.978724, 0.505, 0.495, 0.972654
0.5, 0.993091, 0.505, 0.495, 0.990977
0.5, 0.994717, 0.505, 0.495, 0.993094
0.5, 0.986457, 0.505, 0.495, 0.981391
0.5, 0.997776, 0.505, 0.495, 0.997651
0.5, 0.997265, 0.505, 0.495, 0.997426
0.5, 0.976055, 0.505, 0.495, 0.970557
0.5, 0.977045, 0.505, 0.495, 0.968865
0.5, 1, 0.505, 0.495, 1
0.5, 0.989768, 0.505, 0.495, 0.988264
0.5, 0.99541, 0.505, 0.495, 0.993495
0.5, 0.999586, 0.505, 0.495, 0.999513
0.5, 0.999732, 0.505, 0.495, 0.999514
0.5, 0.970212, 0.505, 0.495, 0.963454
0.5, 0.984405, 0.505, 0.495, 0.979079
0.5, 0.984544, 0.505, 0.495, 0.981894
0.5, 0.972048, 0.505, 0.495, 0.967286
0.5, 0.990615, 0.505, 0.495, 0.988631
0.5, 0.996289, 0.505, 0.495, 0.995636
0.5, 0.99702, 0.505, 0.495, 0.996387
0.5, 1, 0.505, 0.495, 1
0.5, 0.980697, 0.505, 0.495, 0.977173
0.5, 0.967023, 0.505, 0.495, 0.95921
0.5, 0.996861, 0.505, 0.495, 0.995667
0.5, 0.998116, 0.505, 0.495, 0.997816
0.75, 0.00316698, 0.005, 0.995, 0.00364199
0.75, 0.00425677, 0.005, 0.995, 0.00428856
0.75, 0.00357672, 0.005, 0.995, 0.00381564
0.75, 0.00327397, 0.005, 0.995, 0.00390664
0.75, 0.00353067, 0.005, 0.995, 0.00337302
0.75, 0.00372974, 0.005, 0.995, 0.0040767
0.75, 0.00370364, 0.005, 0.995, 0.00346368
0.75, 0.00328829, 0.005, 0.995, 0.00370407
0.75, 0.00424846, 0.005, 0.995, 0.00390488
0.75, 0.00516737, 0.005, 0.995, 0.00465352
0.75, 0.0043373, 0.005, 0.995, 0.00445682
0.75, 0.00405964, 0.005, 0.995, 0.00360306
0.75, 0.00362064, 0.005, 0.995, 0.00412579
0.75, 0.00352098, 0.005, 0.995, 0.00407353
0.75, 0.00490973, 0.005, 0.995, 0.00434673
0.75, 0.00342407, 0.005, 0.995, 0.00338384
0.75, 0.00531445, 0.005, 0.995, 0.00454936
0.75, 0.00330866, 0.005, 0.995, 0.00336312
0.75, 0.00251024, 0.005, 0.995, 0.00275289
0.75, 0.00405963, 0.005, 0.995, 0.00454844
0.75, 0.00295139, 0.005, 0.995, 0.00285528
0.75, 0.00474839, 0.005, 0.995, 0.00474436
0.75, 0.00394362, 0.005, 0.995, 0.0037474
0.75, 0.0048789, 0.005, 0.995, 0.00372271
0.75, 0.00430516, 0.005, 0.995, 0.00398648
0.75, 0.0082628, 0.01, 0.99, 0.00713209
0.75, 0.00935855, 0.01, 0.99, 0.00870533
0.75, 0.00777184, 0.01, 0.99, 0.00771909
0.75, 0.00659129, 0.01, 0.99, 0.00696138
0.75, 0.0065042, 0.01, 0.99, 0.00709077
0.75, 0.00711047, 0.01, 0.99, 0.00712601
0.75, 0.00821033, 0.01, 0.99, 0.00755972
0.75, 0.00727911, 0.01, 0.99, 0.00752892
0.75, 0.00939041, 0.01, 0.99, 0.0083501
0.75, 0.00799814, 0.01, 0.99, 0.00785746
0.75, 0.00702285, 0.01, 0.99, 0.0073559
0.75, 0.00863272, 0.01, 0.99, 0.00816265
0.75, 0.00868556, 0.01, 0.99, 0.00813173
0.75, 0.00900515, 0.01, 0.99, 0.00835983
0.75, 0.00796307, 0.01, 0.99, 0.00812024
0.75, 0.00726048, 0.01, 0.99, 0.0074935
0.75, 0.00782437, 0.01, 0.99, 0.00748292
0.75, 0.00833653, 0.01, 0.99, 0.00820212
0.75, 0.00845193, 0.01, 0.99, 0.00791028
0.75, 0.00722816, 0.01, 0.99, 0.00770315
0.75, 0.00908544, 0.01, 0.99, 0.00762932
0.75, 0.00877535, 0.01, 0.99, 0.00891733
0.75, 0.00722837, 0.01, 0.99, 0.0071568
0.75, 0.00786758, 0.01, 0.99, 0.00840379
0.75, 0.00712532, 0.01, 0.99, 0.00790852
0.75, 0.0123411, 0.015, 0.985, 0.0120917
0.75, 0.0127822, 0.015, 0.985, 0.0134357
0.75, 0.0112661, 0.015, 0.985, 0.0110733
0.75, 0.0121894, 0.015, 0.985, 0.0110182
0.75, 0.0102098, 0.015, 0.985, 0.0109638
0.75, 0.0122361, 0.015, 0.985, 0.0119278
0.75, 0.0113892, 0.015, 0.985, 0.0116155
0.75, 0.00996875, 0.015, 0.985, 0.010854
0.75, 0.0124829, 0.015, 0.985, 0.0120249
0.75, 0.0121287, 0.015, 0.985, 0.0123575
0.75, 0.0130311, 0.015, 0.985, 0.0134469
0.75, 0.00907932, 0.015, 0.985, 0.0100451
0.75, 0.0127554, 0.015, 0.985, 0.0117386
0.75, 0.013909, 0.015, 0.985, 0.012082
0.75, 0.0118726, 0.015, 0.985, 0.010918
0.75, 0.0113121, 0.015, 0.985, 0.0111954
0.75, 0.0117979, 0.015, 0.985, 0.0114271
0.75, 0.0119611, 0.015, 0.985, 0.011032
0.75, 0.012466, 0.015, 0.985, 0.0115083
0.75, 0.0123473, 0.015, 0.985, 0.0118993
0.75, 0.0122179, 0.015, 0.985, 0.0111416
0.75, 0.0110142, 0.015, 0.985, 0.0120832
0.75, 0.0110484, 0.015, 0.985, 0.0114577
0.75, 0.0118698, 0.015, 0.985, 0.0107175
0.75, 0.0117664, 0.015, 0.985, 0.011342
0.75, 0.0172355, 0.02, 0.98, 0.0159306
0.75, 0.0154722, 0.02, 0.98, 0.0155831
0.75, 0.0134894, 0.02, 0.98, 0.0143259
0.75, 0.0147836, 0.02, 0.98, 0.0145922
0.75, 0.0158132, 0.02, 0.98, 0.0158964
0.75, 0.0143976, 0.02, 0.98, 0.0159129
0.75, 0.0147782, 0.02, 0.98, 0.0150972
0.75, 0.0165776, 0.02, 0.98, 0.0156838
0.75, 0.0137695, 0.02, 0.98, 0.0143753
0.75, 0.0162505, 0.02, 0.98, 0.0150721
0.75, 0.0170297, 0.02, 0.98, 0.0156861
0.75, 0.0130891, 0.02, 0.98, 0.0142192
0.75, 0.0142139, 0.02, 0.98, 0.0150391
0.75, 0.0163453, 0.02, 0.98, 0.0157823
0.75, 0.0166816, 0.02, 0.98, 0.016059
0.75, 0.0159373, 0.02, 0.98, 0.0157113
0.75, 0.0139319, 0.02, 0.98, 0.0153488
0.75, 0.0141537, 0.02, 0.98, 0.0143553
0.75, 0.0199331, 0.02, 0.98, 0.016375
0.75, 0.0158733, 0.02, 0.98, 0.0153221
0.75, 0.0164384, 0.02, 0.98, 0.0177927
0.75, 0.0140328, 0.02, 0.98, 0.0148302
0.75, 0.0164236, 0.02, 0.98, 0.0153672
0.75, 0.0162177, 0.02, 0.98, 0.0160501
0.75, 0.0146233, 0.02, 0.98, 0.0154379
0.75, 0.020553, 0.025, 0.975, 0.0195949
0.75, 0.0198853, 0.025, 0.975, 0.019522
0.75, 0.0201368, 0.025, 0.975, 0.0203121
0.75, 0.0204373, 0.025, 0.975, 0.0182723
0.75, 0.0207529, 0.025, 0.975, 0.0214838
0.75, 0.0205017, 0.025, 0.975, 0.0203426
0.75, 0.02056, 0.025, 0.975, 0.0191481
0.75, 0.0189541, 0.025, 0.975, 0.0189702
0.75, 0.0213587, 0.025, 0.975, 0.0205115
0.75, 0.0198812, 0.025, 0.975, 0.0189591
0.75, 0.0194721, 0.025, 0.975, 0.0196952
0.75, 0.0199803, 0.025, 0.975, 0.0196667
0.75, 0.0210271, 0.025, 0.975, 0.0205666
0.75, 0.0195834, 0.025, 0.975, 0.0194588
0.75, 0.0209771, 0.025, 0.975, 0.0199505
0.75, 0.0203287, 0.025, 0.975, 0.0201253
0.75, 0.0212784, 0.025, 0.975, 0.0204425
0.75, 0.0185193, 0.025, 0.975, 0.0193449
0.75, 0.0186641, 0.025, 0.975, 0.0172642
0.75, 0.0196065, 0.025, 0.975, 0.0210597
0.75, 0.0197027, 0.025, 0.975, 0.0195628
0.75, 0.0205701, 0.025, 0.975, 0.0211651
0.75, 0.0210167, 0.025, 0.975, 0.0225166
0.75, 0.0199588, 0.025, 0.975, 0.0218766
0.75, 0.019516, 0.025, 0.975, 0.0208142
0.75, 0.0258497, 0.03, 0.97, 0.0238474
0.75, 0.0248905, 0.03, 0.97, 0.0241427
0.75, 0.0225272, 0.03, 0.97, 0.0240523
0.75, 0.0242904, 0.03, 0.97, 0.0250153
0.75, 0.0269924, 0.03, 0.97, 0.0266859
0.75, 0.0248165, 0.03, 0.97, 0.0255752
0.75, 0.0257362, 0.03, 0.97, 0.0241948
0.75, 0.0220816, 0.03, 0.97, 0.0234754
0.75, 0.0272216, 0.03, 0.97, 0.0249446
0.75, 0.0221912, 0.03, 0.97, 0.0226783
0.75, 0.0261096, 0.03, 0.97, 0.0247175
0.75, 0.0229608, 0.03, 0.97, 0.0245561
0.75, 0.0233077, 0.03, 0.97, 0.0226772
0.75, 0.0229095, 0.03, 0.97, 0.0253773
0.75, 0.0236547, 0.03, 0.97, 0.0238671
0.75, 0.0237266, 0.03, 0.97, 0.0233798
0.75, 0.0231226, 0.03, 0.97, 0.0225448
0.75, 0.0248121, 0.03, 0.97, 0.0238503
0.75, 0.0256572, 0.03, 0.97, 0.0238313
0.75, 0.0230623, 0.03, 0.97, 0.0238304
0.75, 0.0236686, 0.03, 0.97, 0.0250038
0.75, 0.0235952, 0.03, 0.97, 0.0254882
0.75, 0.0255237, 0.03, 0.97, 0.0258955
0.75, 0.0253978, 0.03, 0.97, 0.0246573
0.75, 0.0255812, 0.03, 0.97, 0.0247955
0.75, 0.0290238, 0.035, 0.965, 0.0290067
0.75, 0.0284957, 0.035, 0.965, 0.0275751
0.75, 0.0294757, 0.035, 0.965, 0.0281187
0.75, 0.0294099, 0.035, 0.965, 0.0296178
0.75, 0.0268621, 0.035, 0.965, 0.0287339
0.75, 0.0288696, 0.035, 0.965, 0.0293433
0.75, 0.027979, 0.035, 0.965, 0.0282731
0.75, 0.0285038, 0.035, 0.965, 0.0268718
0.75, 0.0260699, 0.035, 0.965, 0.0275898
0.75, 0.0302934, 0.035, 0.965, 0.0297452
0.75, 0.0294552, 0.035, 0.965, 0.0290169
0.75, 0.0280458, 0.035, 0.965, 0.0260034
0.75, 0.0256743, 0.035, 0.965, 0.0253177
0.75, 0.0248194, 0.035, 0.965, 0.0263793
0.75, 0.0287723, 0.035, 0.965, 0.0281901
0.75, 0.0280516, 0.035, 0.965, 0.0272889
0.75, 0.0260084, 0.035, 0.965, 0.0267257
0.75, 0.0308232, 0.035, 0.965, 0.0287518
0.75, 0.0289057, 0.035, 0.965, 0.0285214
0.75, 0.0289077, 0.035, 0.965, 0.0280884
0.75, 0.0284793, 0.035, 0.965, 0.0278702
0.75, 0.0257898, 0.035, 0.965, 0.0269413
0.75, 0.0290723, 0.035, 0.965, 0.0282818
0.75, 0.0277528, 0.035, 0.965, 0.0268384
0.75, 0.0285441, 0.035, 0.965, 0.0290153
0.75, 0.0335252, 0.04, 0.96, 0.033342
0.75, 0.0319929, 0.04, 0.96, 0.0311903
0.75, 0.0291754, 0.04, 0.96, 0.0308365
0.75, 0.0336057, 0.04, 0.96, 0.0336204
0.75, 0.0329575, 0.04, 0.96, 0.0331907
0.75, 0.0335481, 0.04, 0.96, 0.0320025
0.75, 0.0300279, 0.04, 0.96, 0.0313816
0.75, 0.035476, 0.04, 0.96, 0.0363903
0.75, 0.0345524, 0.04, 0.96, 0.0329619
0.75, 0.0314509, 0.04, 0.96, 0.0310078
0.75, 0.0325521, 0.04, 0.96, 0.0305466
0.75, 0.0307663, 0.04, 0.96, 0.03218
0.75, 0.0319893, 0.04, 0.96, 0.0326952
0.75, 0.0328851, 0.04, 0.96, 0.0314771
0.75, 0.0298455, 0.04, 0.96, 0.0307255
0.75, 0.0341466, 0.04, 0.96, 0.0344051
0.75, 0.0340839, 0.04, 0.96, 0.0334205
0.75, 0.0317415, 0.04, 0.96, 0.0318737
0.75, 0.0314411, 0.04, 0.96, 0.033104
0.75, 0.0372611, 0.04, 0.96, 0.0356995
0.75, 0.0346296, 0.04, 0.96, 0.0328208
0.75, 0.0337725, 0.04, 0.96, 0.0333593
0.75, 0.0316439, 0.04, 0.96, 0.0310595
0.75, 0.0325686, 0.04, 0.96, 0.0314701
0.75, 0.0314582, 0.04, 0.96, 0.0324043
0.75, 0.0391276, 0.045, 0.955, 0.0382322
0.75, 0.0337875, 0.045, 0.955, 0.0343611
0.75, 0.0347038, 0.045, 0.955, 0.0343697
0.75, 0.0368841, 0.045, 0.955, 0.0364328
0.75, 0.0383428, 0.045, 0.955, 0.0372603
0.75, 0.0355944, 0.045, 0.955, 0.0362289
0.75, 0.0374246, 0.045, 0.955, 0.0359532
0.75, 0.0375936, 0.045, 0.955, 0.0382406
0.75, 0.037856, 0.045, 0.955, 0.0378745
0.75, 0.0351416, 0.045, 0.955, 0.0376839
0.75, 0.0352734, 0.045, 0.955, 0.0333333
0.75, 0.0350738, 0.045, 0.955, 0.0365093
0.75, 0.0350901, 0.045, 0.955, 0.0354965
0.75, 0.0366516, 0.045, 0.955, 0.0372379
0.75, 0.0382298, 0.045, 0.955, 0.0382932
0.75, 0.0365383, 0.045, 0.955, 0.0388822
0.75, 0.0359844, 0.045, 0.955, 0.0351614
0.75, 0.0388119, 0.045, 0.955, 0.0391821
0.75, 0.038937, 0.045, 0.955, 0.0373412
0.75, 0.0341723, 0.045, 0.955, 0.0358421
0.75, 0.0355001, 0.045, 0.955, 0.0367624
0.75, 0.0367386, 0.045, 0.955, 0.0367116
0.75, 0.0388357, 0.045, 0.955, 0.0361883
0.75, 0.0374241, 0.045, 0.955, 0.0381356
0.75, 0.0356015, 0.045, 0.955, 0.0361068
0.75, 0.0410502, 0.05, 0.95, 0.0416297
0.75, 0.0409818, 0.05, 0.95, 0.039604
0.75, 0.042408, 0.05, 0.95, 0.0413536
0.75, 0.0397363, 0.05, 0.95, 0.0413128
0.75, 0.0420115, 0.05, 0.95, 0.0405573
0.75, 0.0450132, 0.05, 0.95, 0.0445532
0.75, 0.0404694, 0.05, 0.95, 0.0401088
0.75, 0.0420573, 0.05, 0.95, 0.0409857
0.75, 0.0398555, 0.05, 0.95, 0.0411221
0.75, 0.0391936, 0.05, 0.95, 0.0393309
0.75, 0.0416147, 0.05, 0.95, 0.0415936
0.75, 0.0409579, 0.05, 0.95, 0.0384757
0.75, 0.0404095, 0.05, 0.95, 0.041327
0.75, 0.0414489, 0.05, 0.95, 0.0437507
0.75, 0.0408443, 0.05, 0.95, 0.0398894
0.75, 0.0427615, 0.05, 0.95, 0.0410866
0.75, 0.0374548, 0.05, 0.95, 0.0412382
0.75, 0.0438908, 0.05, 0.95, 0.0443202
0.75, 0.0385135, 0.05, 0.95, 0.0407808
0.75, 0.0386737, 0.05, 0.95, 0.040254
0.75, 0.0387246, 0.05, 0.95, 0.0399728
0.75, 0.0387402, 0.05, 0.95, 0.0399916
0.75, 0.0441524, 0.05, 0.95, 0.0416424
0.75, 0.0406541, 0.05, 0.95, 0.039706
0.75, 0.0424594, 0.05, 0.95, 0.0418421
0.75, 0.0453931, 0.055, 0.945, 0.0460119
0.75, 0.0457577, 0.055, 0.945, 0.0461878
0.75, 0.0459363, 0.055, 0.945, 0.0470117
0.75, 0.0461909, 0.055, 0.945, 0.046184
0.75, 0.0431052, 0.055, 0.945, 0.0434231
0.75, 0.0420085, 0.055, 0.945, 0.043089
0.75, 0.0469423, 0.055, 0.945, 0.0464885
0.75, 0.0487952, 0.055, 0.945, 0.0483242
0.75, 0.0469393, 0.055, 0.945, 0.0462885
0.75, 0.0446714, 0.055, 0.945, 0.0461708
0.75, 0.0431388, 0.055, 0.945, 0.0443148
0.75, 0.0442501, 0.055, 0.945, 0.0438135
0.75, 0.0475916, 0.055, 0.945, 0.0470057
0.75, 0.0452488, 0.055, 0.945, 0.0447527
0.75, 0.050422, 0.055, 0.945, 0.050215
0.75, 0.0501393, 0.055, 0.945, 0.0471854
0.75, 0.0458239, 0.055, 0.945, 0.0459237
0.75, 0.0481456, 0.055, 0.945, 0.0464994
0.75, 0.0472019, 0.055, 0.945, 0.04341
0.75, 0.0468269, 0.055, 0.945, 0.045704
0.75, 0.0458946, 0.055, 0.945, 0.0460142
0.75, 0.0474679, 0.055, 0.945, 0.0466243
0.75, 0.0458847, 0.055, 0.945, 0.0473248
0.75, 0.0449845, 0.055, 0.945, 0.0441818
0.75, 0.0419954, 0.055, 0.945, 0.0430382
0.75, 0.0492823, 0.06, 0.94, 0.0503244
0.75, 0.0479994, 0.06, 0.94, 0.0471152
0.75, 0.0515203, 0.06, 0.94, 0.0517169
0.75, 0.0543089, 0.06, 0.94, 0.0509437
0.75, 0.0534452, 0.06, 0.94, 0.0504585
0.75, 0.0560389, 0.06, 0.94, 0.0544815
0.75, 0.0513114, 0.06, 0.94, 0.0528086
0.75, 0.052976, 0.06, 0.94, 0.0508019
0.75, 0.0499853, 0.06, 0.94, 0.0522491
0.75, 0.0464799, 0.06, 0.94, 0.0486458
0.75, 0.0485159, 0.06, 0.94, 0.0486141
0.75, 0.0527671, 0.06, 0.94, 0.0516535
0.75, 0.0466817, 0.06, 0.94, 0.0489429
0.75, 0.0512091, 0.06, 0.94, 0.0504037
0.75, 0.0495033, 0.06, 0.94, 0.0493696
0.75, 0.0512758, 0.06, 0.94, 0.0518272
0.75, 0.0480614, 0.06, 0.94, 0.0478547
0.75, 0.0524195, 0.06, 0.94, 0.0527077
0.75, 0.0537692, 0.06, 0.94, 0.0534879
0.75, 0.0479722, 0.06, 0.94, 0.0495955
0.75, 0.0500476, 0.06, 0.94, 0.0490941
0.75, 0.0525812, 0.06, 0.94, 0.0503532
0.75, 0.0495824, 0.06, 0.94, 0.0514966
0.75, 0.0536236, 0.06, 0.94, 0.0516289
0.75, 0.0523169, 0.06, 0.94, 0.0491176
0.75, 0.0590756, 0.065, 0.935, 0.0555112
0.75, 0.053354, 0.065, 0.935, 0.0519744
0.75, 0.053334, 0.065, 0.935, 0.0519673
0.75, 0.0533536, 0.065, 0.935, 0.0545407
0.75, 0.0584504, 0.065, 0.935, 0.0549677
0.75, 0.0533557, 0.065, 0.935, 0.0537046
0.75, 0.0579897, 0.065, 0.935, 0.0559915
0.75, 0.0559815, 0.065, 0.935, 0.0552218
0.75, 0.0556209, 0.065, 0.935, 0.0524264
0.75, 0.0531107, 0.065, 0.935, 0.0544319
0.75, 0.0551704, 0.065, 0.935, 0.0560505
0.75, 0.0568093, 0.065, 0.935, 0.0558653
0.75, 0.0540036, 0.065, 0.935, 0.0528222
0.75, 0.0524959, 0.065, 0.935, 0.0531409
0.75, 0.0566121, 0.065, 0.935, 0.0586457
0.75, 0.0511063, 0.065, 0.935, 0.0527407
0.75, 0.0561177, 0.065, 0.935, 0.0554631
0.75, 0.0557509, 0.065, 0.935, 0.054247
0.75, 0.051354, 0.065, 0.935, 0.0520293
0.75, 0.05328, 0.065, 0.935, 0.05468
0.75, 0.0535566, 0.065, 0.935, 0.0545139
0.75, 0.0532523, 0.065, 0.935, 0.0551264
0.75, 0.0531366, 0.065, 0.935, 0.0548613
0.75, 0.0564504, 0.065, 0.935, 0.0556612
0.75, 0.0558677, 0.065, 0.935, 0.0546846
0.75, 0.0627907, 0.07, 0.93, 0.0608256
0.75, 0.0543714, 0.07, 0.93, 0.0575247
0.75, 0.0633791, 0.07, 0.93, 0.0609633
0.75, 0.0571161, 0.07, 0.93, 0.0590289
0.75, 0.0617588, 0.07, 0.93, 0.0626266
0.75, 0.0535304, 0.07, 0.93, 0.0546586
0.75, 0.0623221, 0.07, 0.93, 0.0607462
0.75, 0.0616585, 0.07, 0.93, 0.0612528
0.75, 0.0589492, 0.07, 0.93, 0.0602812
0.75, 0.0571166, 0.07, 0.93, 0.0581272
0.75, 0.0581125, 0.07, 0.93, 0.0598291
0.75, 0.059828, 0.07, 0.93, 0.0580315
0.75, 0.0622158, 0.07, 0.93, 0.0604323
0.75, 0.0564835, 0.07, 0.93, 0.056522
0.75, 0.0604834, 0.07, 0.93, 0.0587546
0.75, 0.0581288, 0.07, 0.93, 0.0590798
0.75, 0.061208, 0.07, 0.93, 0.0613222
0.75, 0.0601889, 0.07, 0.93, 0.0604323
0.75, 0.0620952, 0.07, 0.93, 0.0617524
0.75, 0.0621963, 0.07, 0.93, 0.0624007
0.75, 0.0604797, 0.07, 0.93, 0.0603197
0.75, 0.0615082, 0.07, 0.93, 0.0595263
0.75, 0.0619479, 0.07, 0.93, 0.0617304
0.75, 0.0655685, 0.07, 0.93, 0.0634701
0.75, 0.0652667, 0.07, 0.93, 0.0654708
0.75, 0.0656378, 0.075, 0.925, 0.0644376
0.75, 0.066135, 0.075, 0.925, 0.0646034
0.75, 0.0608157, 0.075, 0.925, 0.0617581
0.75, 0.0628443, 0.075, 0.925, 0.0620917
0.75, 0.0668672, 0.075, 0.925, 0.0674665
0.75, 0.0641034, 0.075, 0.925, 0.0618696
0.75, 0.0657508, 0.075, 0.925, 0.0641646
0.75, 0.0607392, 0.075, 0.925, 0.0590654
0.75, 0.0625789, 0.075, 0.925, 0.064156
0.75, 0.0661154, 0.075, 0.925, 0.0641994
0.75, 0.0642384, 0.075, 0.925, 0.0643931
0.75, 0.0674843, 0.075, 0.925, 0.0672537
0.75, 0.0676949, 0.075, 0.925, 0.0647817
0.75, 0.0675077, 0.075, 0.925, 0.0642391
0.75, 0.0619401, 0.075, 0.925, 0.0634266
0.75, 0.065736, 0.075, 0.925, 0.0648064
0.75, 0.0715337, 0.075, 0.925, 0.0673789
0.75, 0.0642063, 0.075, 0.925, 0.0641762
0.75, 0.0648795, 0.075, 0.925, 0.0654166
0.75, 0.0654183, 0.075, 0.925, 0.06228
0.75, 0.0642641, 0.075, 0.925, 0.0638605
0.75, 0.0616807, 0.075, 0.925, 0.0608847
0.75, 0.069723, 0.075, 0.925, 0.0675196
0.75, 0.0630827, 0.075, 0.925, 0.063145
0.75, 0.0665253, 0.075, 0.925, 0.0653793
0.75, 0.0692567, 0.08, 0.92, 0.0693838
0.75, 0.0767168, 0.08, 0.92, 0.0722458
0.75, 0.0702511, 0.08, 0.92, 0.0716902
0.75, 0.0664674, 0.08, 0.92, 0.0687039
0.75, 0.0713167, 0.08, 0.92, 0.0696401
0.75, 0.070522, 0.08, 0.92, 0.068008
0.75, 0.0757592, 0.08, 0.92, 0.0726993
0.75, 0.0718875, 0.08, 0.92, 0.0722078
0.75, 0.071939, 0.08, 0.92, 0.0698205
0.75, 0.0686074, 0.08, 0.92, 0.06835
0.75, 0.0734459, 0.08, 0.92, 0.0714055
0.75, 0.0722081, 0.08, 0.92, 0.068581
0.75, 0.0745911, 0.08, 0.92, 0.0729105
0.75, 0.0696858, 0.08, 0.92, 0.0705419
0.75, 0.0697375, 0.08, 0.92, 0.0692469
0.75, 0.0732116, 0.08, 0.92, 0.0680888
0.75, 0.0726906, 0.08, 0.92, 0.0730189
0.75, 0.0705169, 0.08, 0.92, 0.0717593
0.75, 0.0702393, 0.08, 0.92, 0.0695307
0.75, 0.070342, 0.08, 0.92, 0.0689282
0.75, 0.0669506, 0.08, 0.92, 0.068513
0.75, 0.0718822, 0.08, 0.92, 0.0713597
0.75, 0.0706687, 0.08, 0.92, 0.0702009
0.75, 0.0672289, 0.08, 0.92, 0.0664577
0.75, 0.0695501, 0.08, 0.92, 0.0705322
0.75, 0.072021, 0.085, 0.915, 0.0761016
0.75, 0.0729734, 0.085, 0.915, 0.0749851
0.75, 0.0731014, 0.085, 0.915, 0.0746848
0.75, 0.0756584, 0.085, 0.915, 0.0766713
0.75, 0.0738465, 0.085, 0.915, 0.0739406
0.75, 0.0697333, 0.085, 0.915, 0.0721812
0.75, 0.0725636, 0.085, 0.915, 0.0716662
0.75, 0.0766715, 0.085, 0.915, 0.0760534
0.75, 0.0740212, 0.085, 0.915, 0.0727183
0.75, 0.0748339, 0.085, 0.915, 0.0781605
0.75, 0.0806274, 0.085, 0.915, 0.0755868
0.75, 0.0777957, 0.085, 0.915, 0.0759108
0.75, 0.0792184, 0.085, 0.915, 0.0767593
0.75, 0.0763169, 0.085, 0.915, 0.0758885
0.75, 0.0775884, 0.085, 0.915, 0.0755911
0.75, 0.0754559, 0.085, 0.915, 0.0730865
0.75, 0.072218, 0.085, 0.915, 0.0745223
0.75, 0.0704627, 0.085, 0.915, 0.071134
0.75, 0.0759986, 0.085, 0.915, 0.0745515
0.75, 0.0746609, 0.085, 0.915, 0.0738688
0.75, 0.0753286, 0.085, 0.915, 0.0751924
0.75, 0.0730756, 0.085, 0.915, 0.0729386
0.75, 0.0798639, 0.085, 0.915, 0.0775227
0.75, 0.0764681, 0.085, 0.915, 0.0747783
0.75, 0.0753512, 0.085, 0.915, 0.0740161
0.75, 0.0801058, 0.09, 0.91, 0.0790369
0.75, 0.0793711, 0.09, 0.91, 0.0782907
0.75, 0.0821896, 0.09, 0.91, 0.0801613
0.75, 0.0817954, 0.09, 0.91, 0.0797773
0.75, 0.0764579, 0.09, 0.91, 0.0762739
0.75, 0.0805039, 0.09, 0.91, 0.0810737
0.75, 0.0838934, 0.09, 0.91, 0.0811001
0.75, 0.0749389, 0.09, 0.91, 0.0805387
0.75, 0.0783664, 0.09, 0.91, 0.0758866
0.75, 0.0828688, 0.09, 0.91, 0.0812183
0.75, 0.0835977, 0.09, 0.91, 0.081889
0.75, 0.0803388, 0.09, 0.91, 0.0786076
0.75, 0.0819667, 0.09, 0.91, 0.0803105
0.75, 0.0851392, 0.09, 0.91, 0.0835494
0.75, 0.0803976, 0.09, 0.91, 0.0801577
0.75, 0.0789257, 0.09, 0.91, 0.0781106
0.75, 0.0785377, 0.09, 0.91, 0.0780042
0.75, 0.081591, 0.09, 0.91, 0.0775269
0.75, 0.0826994, 0.09, 0.91, 0.081429
0.75, 0.0815941, 0.09, 0.91, 0.0792925
0.75, 0.0785471, 0.09, 0.91, 0.0781849
0.75, 0.0834967, 0.09, 0.91, 0.0839682
0.75, 0.0827066, 0.09, 0.91, 0.0780667
0.75, 0.0764119, 0.09, 0.91, 0.0768078
0.75, 0.0755456, 0.09, 0.91, 0.075259
0.75, 0.0802209, 0.095, 0.905, 0.0849805
0.75, 0.0918256, 0.095, 0.905, 0.0877108
0.75, 0.083859, 0.095, 0.905, 0.0850143
0.75, 0.086235, 0.095, 0.905, 0.084972
0.75, 0.0834001, 0.095, 0.905, 0.0845116
0.75, 0.0892252, 0.095, 0.905, 0.0851745
0.75, 0.0832875, 0.095, 0.905, 0.0834697
0.75, 0.0841947, 0.095, 0.905, 0.0841835
0.75, 0.0838882, 0.095, 0.905, 0.0834325
0.75, 0.0841284, 0.095, 0.905, 0.0853425
0.75, 0.0846858, 0.095, 0.905, 0.0835552
0.75, 0.0927787, 0.095, 0.905, 0.0879824
0.75, 0.0862044, 0.095, 0.905, 0.0835962
0.75, 0.0900164, 0.095, 0.905, 0.0878349
0.75, 0.0800485, 0.095, 0.905, 0.0820507
0.75, 0.0877626, 0.095, 0.905, 0.0871124
0.75, 0.0866138, 0.095, 0.905, 0.082398
0.75, 0.0843711, 0.095, 0.905, 0.0834985
0.75, 0.0822588, 0.095, 0.905, 0.0816682
0.75, 0.0876074, 0.095, 0.905, 0.0875669
0.75, 0.0777099, 0.095, 0.905, 0.0787538
0.75, 0.0908014, 0.095, 0.905, 0.08718
0.75, 0.0871397, 0.095, 0.905, 0.0831532
0.75, 0.0874156, 0.095, 0.905, 0.086224
0.75, 0.0888188, 0.095, 0.905, 0.0892828
0.75, 0.0918674, 0.1, 0.9, 0.0920373
0.75, 0.0904128, 0.1, 0.9, 0.0887675
0.75, 0.0923964, 0.1, 0.9, 0.0907348
0.75, 0.0934031, 0.1, 0.9, 0.0898217
0.75, 0.0899089, 0.1, 0.9, 0.08982
0.75, 0.0904712, 0.1, 0.9, 0.0880781
0.75, 0.0902969, 0.1, 0.9, 0.0896484
0.75, 0.09099, 0.1, 0.9, 0.0913598
0.75, 0.0896542, 0.1, 0.9, 0.0900733
0.75, 0.0861081, 0.1, 0.9, 0.0893629
0.75, 0.0985991, 0.1, 0.9, 0.0956147
0.75, 0.0959436, 0.1, 0.9, 0.0922349
0.75, 0.0911639, 0.1, 0.9, 0.0916621
0.75, 0.0926902, 0.1, 0.9, 0.0917663
0.75, 0.087377, 0.1, 0.9, 0.0860611
0.75, 0.0901511, 0.1, 0.9, 0.089482
0.75, 0.0917117, 0.1, 0.9, 0.0880707
0.75, 0.0871429, 0.1, 0.9, 0.0896763
0.75, 0.0953488, 0.1, 0.9, 0.0898587
0.75, 0.0933397, 0.1, 0.9, 0.0895729
0.75, 0.088332, 0.1, 0.9, 0.0897821
0.75, 0.0923983, 0.1, 0.9, 0.0907839
0.75, 0.0925539, 0.1, 0.9, 0.0885905
0.75, 0.0895731, 0.1, 0.9, 0.089602
0.75, 0.0911859, 0.1, 0.9, 0.0896854
0.75, 0.0936199, 0.105, 0.895, 0.0918272
0.75, 0.099785, 0.105, 0.895, 0.0957447
0.75, 0.0913111, 0.105, 0.895, 0.0919521
0.75, 0.0910028, 0.105, 0.895, 0.0932292
0.75, 0.0984461, 0.105, 0.895, 0.092797
0.75, 0.0950494, 0.105, 0.895, 0.0942917
0.75, 0.100634, 0.105, 0.895, 0.0997403
0.75, 0.0892716, 0.105, 0.895, 0.0914688
0.75, 0.0967642, 0.105, 0.895, 0.097017
0.75, 0.0968242, 0.105, 0.895, 0.0968575
0.75, 0.0945234, 0.105, 0.895, 0.0938515
0.75, 0.0990544, 0.105, 0.895, 0.0959446
0.75, 0.0970123, 0.105, 0.895, 0.0952174
0.75, 0.095167, 0.105, 0.895, 0.0955894
0.75, 0.0904695, 0.105, 0.895, 0.093807
0.75, 0.103294, 0.105, 0.895, 0.0978597
0.75, 0.0962413, 0.105, 0.895, 0.0923423
0.75, 0.0970448, 0.105, 0.895, 0.0976375
0.75, 0.0941919, 0.105, 0.895, 0.0929464
0.75, 0.09109, 0.105, 0.895, 0.0922891
0.75, 0.0985253, 0.105, 0.895, 0.0942394
0.75, 0.106117, 0.105, 0.895, 0.098319
0.75, 0.0948622, 0.105, 0.895, 0.0926547
0.75, 0.0946229, 0.105, 0.895, 0.094714
0.75, 0.0941956, 0.105, 0.895, 0.0957254
0.75, 0.0986323, 0.11, 0.89, 0.0969027
0.75, 0.103297, 0.11, 0.89, 0.103579
0.75, 0.0966817, 0.11, 0.89, 0.0981972
0.75, 0.100318, 0.11, 0.89, 0.101844
0.75, 0.0994699, 0.11, 0.89, 0.0950336
0.75, 0.102426, 0.11, 0.89, 0.104076
0.75, 0.101921, 0.11, 0.89, 0.101075
0.75, 0.0983644, 0.11, 0.89, 0.0999724
0.75, 0.106628, 0.11, 0.89, 0.102434
0.75, 0.10431, 0.11, 0.89, 0.102592
0.75, 0.103677, 0.11, 0.89, 0.102103
0.75, 0.103059, 0.11, 0.89, 0.0999028
0.75, 0.0994726, 0.11, 0.89, 0.0976844
0.75, 0.102429, 0.11, 0.89, 0.0992133
0.75, 0.10227, 0.11, 0.89, 0.100176
0.75, 0.10099, 0.11, 0.89, 0.104853
0.75, 0.100333, 0.11, 0.89, 0.102008
0.75, 0.102711, 0.11, 0.89, 0.100175
0.75, 0.103913, 0.11, 0.89, 0.104109
0.75, 0.0986484, 0.11, 0.89, 0.0994088
0.75, 0.102081, 0.11, 0.89, 0.100739
0.75, 0.103538, 0.11, 0.89, 0.10184
0.75, 0.098822, 0.11, 0.89, 0.0981013
0.75, 0.103798, 0.11, 0.89, 0.104419
0.75, 0.100203, 0.11, 0.89, 0.100218
0.75, 0.104863, 0.115, 0.885, 0.103248
0.75, 0.100398, 0.115, 0.885, 0.104308
0.75, 0.111989, 0.115, 0.885, 0.107675
0.75, 0.108758, 0.115, 0.885, 0.105675
0.75, 0.103491, 0.115, 0.885, 0.103339
0.75, 0.109201, 0.115, 0.885, 0.108153
0.75, 0.111828, 0.115, 0.885, 0.110002
0.75, 0.108417, 0.115, 0.885, 0.108365
0.75, 0.106525, 0.115, 0.885, 0.102673
0.75, 0.101332, 0.115, 0.885, 0.101122
0.75, 0.113208, 0.115, 0.885, 0.109048
0.75, 0.113887, 0.115, 0.885, 0.109583
0.75, 0.10429, 0.115, 0.885, 0.105188
0.75, 0.100854, 0.115, 0.885, 0.105439
0.75, 0.110149, 0.115, 0.885, 0.108372
0.75, 0.108695, 0.115, 0.885, 0.105339
0.75, 0.105901, 0.115, 0.885, 0.101475
0.75, 0.105472, 0.115, 0.885, 0.107258
0.75, 0.108778, 0.115, 0.885, 0.107642
0.75, 0.108537, 0.115, 0.885, 0.109526
0.75, 0.103853, 0.115, 0.885, 0.103105
0.75, 0.113331, 0.115, 0.885, 0.107939
0.75, 0.102168, 0.115, 0.885, 0.107743
0.75, 0.109455, 0.115, 0.885, 0.108597
0.75, 0.110942, 0.115, 0.885, 0.106313
0.75, 0.106246, 0.12, 0.88, 0.109181
0.75, 0.113387, 0.12, 0.88, 0.113012
0.75, 0.108194, 0.12, 0.88, 0.108976
0.75, 0.113902, 0.12, 0.88, 0.11036
0.75, 0.110698, 0.12, 0.88, 0.112566
0.75, 0.111217, 0.12, 0.88, 0.113259
0.75, 0.112906, 0.12, 0.88, 0.111565
0.75, 0.108667, 0.12, 0.88, 0.108873
0.75, 0.108214, 0.12, 0.88, 0.108145
0.75, 0.114755, 0.12, 0.88, 0.114736
0.75, 0.115019, 0.12, 0.88, 0.112727
0.75, 0.112492, 0.12, 0.88, 0.110554
0.75, 0.106781, 0.12, 0.88, 0.110132
0.75, 0.109488, 0.12, 0.88, 0.107322
0.75, 0.113961, 0.12, 0.88, 0.110919
0.75, 0.109542, 0.12, 0.88, 0.106422
0.75, 0.109696, 0.12, 0.88, 0.111334
0.75, 0.109342, 0.12, 0.88, 0.110728
0.75, 0.113997, 0.12, 0.88, 0.114624
0.75, 0.114208, 0.12, 0.88, 0.109957
0.75, 0.114001, 0.12, 0.88, 0.112141
0.75, 0.106972, 0.12, 0.88, 0.110482
0.75, 0.108467, 0.12, 0.88, 0.105569
0.75, 0.10993, 0.12, 0.88, 0.109846
0.75, 0.112544, 0.12, 0.88, 0.11185
0.75, 0.107999, 0.125, 0.875, 0.110355
0.75, 0.121704, 0.125, 0.875, 0.119512
0.75, 0.123429, 0.125, 0.875, 0.122801
0.75, 0.112504, 0.125, 0.875, 0.112831
0.75, 0.115805, 0.125, 0.875, 0.116575
0.75, 0.114562, 0.125, 0.875, 0.118067
0.75, 0.117049, 0.125, 0.875, 0.115054
0.75, 0.11799, 0.125, 0.875, 0.115857
0.75, 0.125048, 0.125, 0.875, 0.119929
0.75, 0.111649, 0.125, 0.875, 0.111456
0.75, 0.106456, 0.125, 0.875, 0.10976
0.75, 0.118201, 0.125, 0.875, 0.117173
0.75, 0.119749, 0.125, 0.875, 0.118508
0.75, 0.119316, 0.125, 0.875, 0.116522
0.75, 0.118836, 0.125, 0.875, 0.115428
0.75, 0.124478, 0.125, 0.875, 0.119315
0.75, 0.114838, 0.125, 0.875, 0.115821
0.75, 0.115926, 0.125, 0.875, 0.114737
0.75, 0.117738, 0.125, 0.875, 0.117637
0.75, 0.117083, 0.125, 0.875, 0.115293
0.75, 0.116923, 0.125, 0.875, 0.120211
0.75, 0.122579, 0.125, 0.875, 0.119387
0.75, 0.120991, 0.125, 0.875, 0.118056
0.75, 0.117545, 0.125, 0.875, 0.118851
0.75, 0.116438, 0.125, 0.875, 0.116654
0.75, 0.12731, 0.13, 0.87, 0.122989
0.75, 0.126075, 0.13, 0.87, 0.126734
0.75, 0.119524, 0.13, 0.87, 0.121388
0.75, 0.116154, 0.13, 0.87, 0.119285
0.75, 0.118967, 0.13, 0.87, 0.119021
0.75, 0.120566, 0.13, 0.87, 0.122716
0.75, 0.129109, 0.13, 0.87, 0.125525
0.75, 0.122725, 0.13, 0.87, 0.121045
0.75, 0.131704, 0.13, 0.87, 0.123741
0.75, 0.117368, 0.13, 0.87, 0.118844
0.75, 0.118161, 0.13, 0.87, 0.119307
0.75, 0.118767, 0.13, 0.87, 0.117144
0.75, 0.126677, 0.13, 0.87, 0.12408
0.75, 0.122838, 0.13, 0.87, 0.120462
0.75, 0.118885, 0.13, 0.87, 0.118569
0.75, 0.125669, 0.13, 0.87, 0.125285
0.75, 0.120638, 0.13, 0.87, 0.121126
0.75, 0.124983, 0.13, 0.87, 0.119777
0.75, 0.123123, 0.13, 0.87, 0.124376
0.75, 0.127352, 0.13, 0.87, 0.121651
0.75, 0.120327, 0.13, 0.87, 0.120753
0.75, 0.1246, 0.13, 0.87, 0.123477
0.75, 0.124877, 0.13, 0.87, 0.125307
0.75, 0.121757, 0.13, 0.87, 0.120287
0.75, 0.128214, 0.13, 0.87, 0.124184
0.75, 0.130848, 0.135, 0.865, 0.130901
0.75, 0.131761, 0.135, 0.865, 0.130445
0.75, 0.123264, 0.135, 0.865, 0.121707
0.75, 0.125686, 0.135, 0.865, 0.125217
0.75, 0.123464, 0.135, 0.865, 0.126192
0.75, 0.133616, 0.135, 0.865, 0.130697
0.75, 0.127422, 0.135, 0.865, 0.125216
0.75, 0.126134, 0.135, 0.865, 0.128298
0.75, 0.126697, 0.135, 0.865, 0.128583
0.75, 0.125794, 0.135, 0.865, 0.125146
0.75, 0.128498, 0.135, 0.865, 0.13004
0.75, 0.131178, 0.135, 0.865, 0.127373
0.75, 0.13092, 0.135, 0.865, 0.127633
0.75, 0.134942, 0.135, 0.865, 0.131946
0.75, 0.13061, 0.135, 0.865, 0.129407
0.75, 0.134572, 0.135, 0.865, 0.132212
0.75, 0.124861, 0.135, 0.865, 0.126406
0.75, 0.123834, 0.135, 0.865, 0.126451
0.75, 0.130808, 0.135, 0.865, 0.12917
0.75, 0.13462, 0.135, 0.865, 0.131787
0.75, 0.130171, 0.135, 0.865, 0.131365
0.75, 0.133288, 0.135, 0.865, 0.127632
0.75, 0.128156, 0.135, 0.865, 0.128095
0.75, 0.133331, 0.135, 0.865, 0.130997
0.75, 0.122851, 0.135, 0.865, 0.123419
0.75, 0.131428, 0.14, 0.86, 0.132997
0.75, 0.135553, 0.14, 0.86, 0.134013
0.75, 0.12942, 0.14, 0.86, 0.128464
0.75, 0.129599, 0.14, 0.86, 0.131078
0.75, 0.129518, 0.14, 0.86, 0.132882
0.75, 0.136136, 0.14, 0.86, 0.134845
0.75, 0.131244, 0.14, 0.86, 0.127566
0.75, 0.13853, 0.14, 0.86, 0.134148
0.75, 0.139508, 0.14, 0.86, 0.136419
0.75, 0.130703, 0.14, 0.86, 0.129641
0.75, 0.135965, 0.14, 0.86, 0.131914
0.75, 0.132854, 0.14, 0.86, 0.133831
0.75, 0.134521, 0.14, 0.86, 0.134485
0.75, 0.124562, 0.14, 0.86, 0.124196
0.75, 0.129757, 0.14, 0.86, 0.130386
0.75, 0.135015, 0.14, 0.86, 0.134531
0.75, 0.134686, 0.14, 0.86, 0.130971
0.75, 0.133933, 0.14, 0.86, 0.130206
0.75, 0.133664, 0.14, 0.86, 0.131156
0.75, 0.135758, 0.14, 0.86, 0.135247
0.75, 0.137607, 0.14, 0.86, 0.13756
0.75, 0.132844, 0.14, 0.86, 0.133446
0.75, 0.139479, 0.14, 0.86, 0.136228
0.75, 0.133295, 0.14, 0.86, 0.132689
0.75, 0.141986, 0.14, 0.86, 0.139375
0.75, 0.137112, 0.145, 0.855, 0.134349
0.75, 0.139766, 0.145, 0.855, 0.137211
0.75, 0.135876, 0.145, 0.855, 0.135465
0.75, 0.136432, 0.145, 0.855, 0.13217
0.75, 0.141987, 0.145, 0.855, 0.143537
0.75, 0.140634, 0.145, 0.855, 0.141687
0.75, 0.13813, 0.145, 0.855, 0.136797
0.75, 0.142875, 0.145, 0.855, 0.141728
0.75, 0.141373, 0.145, 0.855, 0.140318
0.75, 0.143427, 0.145, 0.855, 0.138713
0.75, 0.144153, 0.145, 0.855, 0.141648
0.75, 0.13477, 0.145, 0.855, 0.13625
0.75, 0.141732, 0.145, 0.855, 0.139941
0.75, 0.139967, 0.145, 0.855, 0.137158
0.75, 0.138904, 0.145, 0.855, 0.135444
0.75, 0.137314, 0.145, 0.855, 0.13661
0.75, 0.134811, 0.145, 0.855, 0.136823
0.75, 0.138348, 0.145, 0.855, 0.137161
0.75, 0.147292, 0.145, 0.855, 0.145457
0.75, 0.146119, 0.145, 0.855, 0.137657
0.75, 0.140584, 0.145, 0.855, 0.140417
0.75, 0.14261, 0.145, 0.855, 0.141286
0.75, 0.138021, 0.145, 0.855, 0.133449
0.75, 0.144414, 0.145, 0.855, 0.141469
0.75, 0.133904, 0.145, 0.855, 0.133475
0.75, 0.144778, 0.15, 0.85, 0.144027
0.75, 0.142071, 0.15, 0.85, 0.144846
0.75, 0.14501, 0.15, 0.85, 0.1454
0.75, 0.141139, 0.15, 0.85, 0.141085
0.75, 0.143946, 0.15, 0.85, 0.143862
0.75, 0.141412, 0.15, 0.85, 0.141687
0.75, 0.142831, 0.15, 0.85, 0.144027
0.75, 0.143986, 0.15, 0.85, 0.143933
0.75, 0.153822, 0.15, 0.85, 0.147713
0.75, 0.146757, 0.15, 0.85, 0.144217
0.75, 0.146308, 0.15, 0.85, 0.146794
0.75, 0.146849, 0.15, 0.85, 0.146122
0.75, 0.150419, 0.15, 0.85, 0.144774
0.75, 0.146323, 0.15, 0.85, 0.142857
0.75, 0.14268, 0.15, 0.85, 0.140583
0.75, 0.14843, 0.15, 0.85, 0.146384
0.75, 0.147449, 0.15, 0.85, 0.144953
0.75, 0.143713, 0.15, 0.85, 0.146346
0.75, 0.147504, 0.15, 0.85, 0.147583
0.75, 0.149305, 0.15, 0.85, 0.147885
0.75, 0.144567, 0.15, 0.85, 0.145623
0.75, 0.140644, 0.15, 0.85, 0.145617
0.75, 0.150865, 0.15, 0.85, 0.148098
0.75, 0.15056, 0.15, 0.85, 0.145948
0.75, 0.155472, 0.15, 0.85, 0.148732
0.75, 0.154945, 0.155, 0.845, 0.153375
0.75, 0.148119, 0.155, 0.845, 0.147173
0.75, 0.150917, 0.155, 0.845, 0.14854
0.75, 0.148973, 0.155, 0.845, 0.151425
0.75, 0.148295, 0.155, 0.845, 0.149518
0.75, 0.149044, 0.155, 0.845, 0.147008
0.75, 0.160391, 0.155, 0.845, 0.158111
0.75, 0.15823, 0.155, 0.845, 0.155253
0.75, 0.15163, 0.155, 0.845, 0.15183
0.75, 0.154483, 0.155, 0.845, 0.154734
0.75, 0.147105, 0.155, 0.845, 0.146995
0.75, 0.153137, 0.155, 0.845, 0.152268
0.75, 0.14764, 0.155, 0.845, 0.147534
0.75, 0.155708, 0.155, 0.845, 0.155231
0.75, 0.14841, 0.155, 0.845, 0.147927
0.75, 0.145405, 0.155, 0.845, 0.146603
0.75, 0.156918, 0.155, 0.845, 0.152692
0.75, 0.154358, 0.155, 0.845, 0.154568
0.75, 0.152872, 0.155, 0.845, 0.149751
0.75, 0.151134, 0.155, 0.845, 0.150543
0.75, 0.144878, 0.155, 0.845, 0.146109
0.75, 0.145972, 0.155, 0.845, 0.14811
0.75, 0.157124, 0.155, 0.845, 0.153388
0.75, 0.146206, 0.155, 0.845, 0.144816
0.75, 0.148307, 0.155, 0.845, 0.14631
0.75, 0.159954, 0.16, 0.84, 0.158638
0.75, 0.156871, 0.16, 0.84, 0.160154
0.75, 0.159004, 0.16, 0.84, 0.160727
0.75, 0.161417, 0.16, 0.84, 0.154571
0.75, 0.168926, 0.16, 0.84, 0.160412
0.75, 0.160879, 0.16, 0.84, 0.156441
0.75, 0.150884, 0.16, 0.84, 0.153255
0.75, 0.152912, 0.16, 0.84, 0.14907
0.75, 0.161919, 0.16, 0.84, 0.160425
0.75, 0.15691, 0.16, 0.84, 0.1591
0.75, 0.155911, 0.16, 0.84, 0.155294
0.75, 0.16302, 0.16, 0.84, 0.161025
0.75, 0.161331, 0.16, 0.84, 0.160625
0.75, 0.148893, 0.16, 0.84, 0.149708
0.75, 0.161836, 0.16, 0.84, 0.162374
0.75, 0.152984, 0.16, 0.84, 0.153676
0.75, 0.165115, 0.16, 0.84, 0.159602
0.75, 0.159241, 0.16, 0.84, 0.154617
0.75, 0.151056, 0.16, 0.84, 0.151713
0.75, 0.156468, 0.16, 0.84, 0.153794
0.75, 0.165189, 0.16, 0.84, 0.161819
0.75, 0.145895, 0.16, 0.84, 0.150009
0.75, 0.159957, 0.16, 0.84, 0.156102
0.75, 0.154703, 0.16, 0.84, 0.155305
0.75, 0.169447, 0.16, 0.84, 0.161933
0.75, 0.161282, 0.165, 0.835, 0.161309
0.75, 0.162699, 0.165, 0.835, 0.160853
0.75, 0.170663, 0.165, 0.835, 0.167819
0.75, 0.17034, 0.165, 0.835, 0.167949
0.75, 0.157099, 0.165, 0.835, 0.157961
0.75, 0.157493, 0.165, 0.835, 0.157363
0.75, 0.161728, 0.165, 0.835, 0.15666
0.75, 0.17422, 0.165, 0.835, 0.170207
0.75, 0.169219, 0.165, 0.835, 0.165231
0.75, 0.167212, 0.165, 0.835, 0.16558
0.75, 0.164207, 0.165, 0.835, 0.159012
0.75, 0.162392, 0.165, 0.835, 0.161412
0.75, 0.158829, 0.165, 0.835, 0.158035
0.75, 0.162865, 0.165, 0.835, 0.16212
0.75, 0.167843, 0.165, 0.835, 0.166219
0.75, 0.166581, 0.165, 0.835, 0.164264
0.75, 0.163953, 0.165, 0.835, 0.16251
0.75, 0.155003, 0.165, 0.835, 0.156507
0.75, 0.157122, 0.165, 0.835, 0.154795
0.75, 0.168655, 0.165, 0.835, 0.163898
0.75, 0.159155, 0.165, 0.835, 0.160694
0.75, 0.166185, 0.165, 0.835, 0.159899
0.75, 0.165794, 0.165, 0.835, 0.161242
0.75, 0.154776, 0.165, 0.835, 0.156335
0.75, 0.167186, 0.165, 0.835, 0.164527
0.75, 0.173732, 0.17, 0.83, 0.171186
0.75, 0.173024, 0.17, 0.83, 0.172019
0.75, 0.173181, 0.17, 0.83, 0.175772
0.75, 0.164888, 0.17, 0.83, 0.166494
0.75, 0.171316, 0.17, 0.83, 0.171773
0.75, 0.172161, 0.17, 0.83, 0.173295
0.75, 0.167456, 0.17, 0.83, 0.166039
0.75, 0.162287, 0.17, 0.83, 0.168011
0.75, 0.17295, 0.17, 0.83, 0.171025
0.75, 0.171642, 0.17, 0.83, 0.170568
0.75, 0.162746, 0.17, 0.83, 0.166245
0.75, 0.165604, 0.17, 0.83, 0.168528
0.75, 0.162063, 0.17, 0.83, 0.163261
0.75, 0.164612, 0.17, 0.83, 0.165574
0.75, 0.163049, 0.17, 0.83, 0.164131
0.75, 0.174325, 0.17, 0.83, 0.173413
0.75, 0.16153, 0.17, 0.83, 0.159557
0.75, 0.163462, 0.17, 0.83, 0.162711
0.75, 0.176443, 0.17, 0.83, 0.171317
0.75, 0.164872, 0.17, 0.83, 0.166822
0.75, 0.169134, 0.17, 0.83, 0.168639
0.75, 0.169974, 0.17, 0.83, 0.169293
0.75, 0.163228, 0.17, 0.83, 0.167974
0.75, 0.165518, 0.17, 0.83, 0.166531
0.75, 0.171484, 0.17, 0.83, 0.166273
0.75, 0.173422, 0.175, 0.825, 0.172082
0.75, 0.177601, 0.175, 0.825, 0.17784
0.75, 0.175029, 0.175, 0.825, 0.174648
0.75, 0.180529, 0.175, 0.825, 0.174637
0.75, 0.175324, 0.175, 0.825, 0.17415
0.75, 0.170853, 0.175, 0.825, 0.171926
0.75, 0.177934, 0.175, 0.825, 0.170261
0.75, 0.177649, 0.175, 0.825, 0.17382
0.75, 0.182259, 0.175, 0.825, 0.178555
0.75, 0.175373, 0.175, 0.825, 0.171414
0.75, 0.169286, 0.175, 0.825, 0.167917
0.75, 0.174798, 0.175, 0.825, 0.177328
0.75, 0.177164, 0.175, 0.825, 0.175734
0.75, 0.176592, 0.175, 0.825, 0.176263
0.75, 0.179995, 0.175, 0.825, 0.177031
0.75, 0.178535, 0.175, 0.825, 0.17948
0.75, 0.173037, 0.175, 0.825, 0.172653
0.75, 0.170609, 0.175, 0.825, 0.172996
0.75, 0.173224, 0.175, 0.825, 0.17375
0.75, 0.175246, 0.175, 0.825, 0.174658
0.75, 0.177692, 0.175, 0.825, 0.176759
0.75, 0.183632, 0.175, 0.825, 0.183677
0.75, 0.16848, 0.175, 0.825, 0.170405
0.75, 0.183864, 0.175, 0.825, 0.181009
0.75, 0.179159, 0.175, 0.825, 0.181442
0.75, 0.186739, 0.18, 0.82, 0.183008
0.75, 0.182002, 0.18, 0.82, 0.18055
0.75, 0.181079, 0.18, 0.82, 0.182577
0.75, 0.18918, 0.18, 0.82, 0.18496
0.75, 0.178376, 0.18, 0.82, 0.179825
0.75, 0.178147, 0.18, 0.82, 0.178176
0.75, 0.174157, 0.18, 0.82, 0.175929
0.75, 0.183555, 0.18, 0.82, 0.1855
0.75, 0.186598, 0.18, 0.82, 0.182296
0.75, 0.18012, 0.18, 0.82, 0.181933
0.75, 0.187238, 0.18, 0.82, 0.185262
0.75, 0.173571, 0.18, 0.82, 0.174462
0.75, 0.182231, 0.18, 0.82, 0.180524
0.75, 0.186157, 0.18, 0.82, 0.18296
0.75, 0.185986, 0.18, 0.82, 0.184267
0.75, 0.189414, 0.18, 0.82, 0.184863
0.75, 0.18409, 0.18, 0.82, 0.181044
0.75, 0.190042, 0.18, 0.82, 0.186785
0.75, 0.176881, 0.18, 0.82, 0.179552
0.75, 0.185726, 0.18, 0.82, 0.185442
0.75, 0.176698, 0.18, 0.82, 0.177495
0.75, 0.185282, 0.18, 0.82, 0.184115
0.75, 0.179898, 0.18, 0.82, 0.179546
0.75, 0.188988, 0.18, 0.82, 0.185181
0.75, 0.179976, 0.18, 0.82, 0.184105
0.75, 0.1891, 0.185, 0.815, 0.184826
0.75, 0.18604, 0.185, 0.815, 0.187043
0.75, 0.191806, 0.185, 0.815, 0.191603
0.75, 0.184962, 0.185, 0.815, 0.184609
0.75, 0.191941, 0.185, 0.815, 0.190498
0.75, 0.19816, 0.185, 0.815, 0.194093
0.75, 0.187707, 0.185, 0.815, 0.187746
0.75, 0.189226, 0.185, 0.815, 0.189241
0.75, 0.182565, 0.185, 0.815, 0.185086
0.75, 0.181995, 0.185, 0.815, 0.184016
0.75, 0.18603, 0.185, 0.815, 0.185581
0.75, 0.194065, 0.185, 0.815, 0.193515
0.75, 0.190246, 0.185, 0.815, 0.187464
0.75, 0.179573, 0.185, 0.815, 0.180458
0.75, 0.189719, 0.185, 0.815, 0.19069
0.75, 0.185325, 0.185, 0.815, 0.184743
0.75, 0.192568, 0.185, 0.815, 0.191186
0.75, 0.189753, 0.185, 0.815, 0.1891
0.75, 0.195252, 0.185, 0.815, 0.187319
0.75, 0.191608, 0.185, 0.815, 0.192494
0.75, 0.177426, 0.185, 0.815, 0.181167
0.75, 0.189007, 0.185, 0.815, 0.188028
0.75, 0.188514, 0.185, 0.815, 0.183788
0.75, 0.188618, 0.185, 0.815, 0.186802
0.75, 0.186811, 0.185, 0.815, 0.187067
0.75, 0.194373, 0.19, 0.81, 0.194203
0.75, 0.19512, 0.19, 0.81, 0.198982
0.75, 0.19576, 0.19, 0.81, 0.193429
0.75, 0.189486, 0.19, 0.81, 0.196445
0.75, 0.186578, 0.19, 0.81, 0.18693
0.75, 0.194013, 0.19, 0.81, 0.194293
0.75, 0.19863, 0.19, 0.81, 0.197119
0.75, 0.195899, 0.19, 0.81, 0.192716
0.75, 0.18363, 0.19, 0.81, 0.183055
0.75, 0.196452, 0.19, 0.81, 0.190575
0.75, 0.188306, 0.19, 0.81, 0.188553
0.75, 0.187787, 0.19, 0.81, 0.191213
0.75, 0.197648, 0.19, 0.81, 0.189571
0.75, 0.200694, 0.19, 0.81, 0.197823
0.75, 0.199706, 0.19, 0.81, 0.195431
0.75, 0.187779, 0.19, 0.81, 0.190147
0.75, 0.199892, 0.19, 0.81, 0.19407
0.75, 0.194329, 0.19, 0.81, 0.190057
0.75, 0.190705, 0.19, 0.81, 0.192682
0.75, 0.189801, 0.19, 0.81, 0.191055
0.75, 0.192568, 0.19, 0.81, 0.188121
0.75, 0.199322, 0.19, 0.81, 0.195288
0.75, 0.201631, 0.19, 0.81, 0.199246
0.75, 0.199021, 0.19, 0.81, 0.198318
0.75, 0.196182, 0.19, 0.81, 0.19457
0.75, 0.204478, 0.195, 0.805, 0.201128
0.75, 0.204686, 0.195, 0.805, 0.203489
0.75, 0.197221, 0.195, 0.805, 0.194951
0.75, 0.1972, 0.195, 0.805, 0.198218
0.75, 0.206112, 0.195, 0.805, 0.198577
0.75, 0.19945, 0.195, 0.805, 0.197592
0.75, 0.201195, 0.195, 0.805, 0.199206
0.75, 0.201775, 0.195, 0.805, 0.204457
0.75, 0.20973, 0.195, 0.805, 0.205678
0.75, 0.199506, 0.195, 0.805, 0.202043
0.75, 0.199361, 0.195, 0.805, 0.195918
0.75, 0.206381, 0.195, 0.805, 0.2035
0.75, 0.197649, 0.195, 0.805, 0.198501
0.75, 0.205813, 0.195, 0.805, 0.200876
0.75, 0.211282, 0.195, 0.805, 0.202399
0.75, 0.194314, 0.195, 0.805, 0.198143
0.75, 0.197604, 0.195, 0.805, 0.201981
0.75, 0.196923, 0.195, 0.805, 0.198109
0.75, 0.201331, 0.195, 0.805, 0.199284
0.75, 0.198041, 0.195, 0.805, 0.20054
0.75, 0.197699, 0.195, 0.805, 0.199441
0.75, 0.203851, 0.195, 0.805, 0.201118
0.75, 0.202381, 0.195, 0.805, 0.19904
0.75, 0.201234, 0.195, 0.805, 0.203406
0.75, 0.198309, 0.195, 0.805, 0.197375
0.75, 0.211917, 0.2, 0.8, 0.209542
0.75, 0.20851, 0.2, 0.8, 0.209146
0.75, 0.207369, 0.2, 0.8, 0.204886
0.75, 0.211487, 0.2, 0.8, 0.210088
0.75, 0.206228, 0.2, 0.8, 0.204533
0.75, 0.210763, 0.2, 0.8, 0.210369
0.75, 0.210162, 0.2, 0.8, 0.2106
0.75, 0.202677, 0.2, 0.8, 0.203369
0.75, 0.204975, 0.2, 0.8, 0.209762
0.75, 0.207796, 0.2, 0.8, 0.20735
0.75, 0.20466, 0.2, 0.8, 0.203717
0.75, 0.208721, 0.2, 0.8, 0.20886
0.75, 0.208349, 0.2, 0.8, 0.20823
0.75, 0.210781, 0.2, 0.8, 0.206727
0.75, 0.206112, 0.2, 0.8, 0.207296
0.75, 0.211825, 0.2, 0.8, 0.210022
0.75, 0.208117, 0.2, 0.8, 0.208404
0.75, 0.206189, 0.2, 0.8, 0.208955
0.75, 0.21353, 0.2, 0.8, 0.211431
0.75, 0.206418, 0.2, 0.8, 0.20516
0.75, 0.205792, 0.2, 0.8, 0.208415
0.75, 0.207399, 0.2, 0.8, 0.20579
0.75, 0.215407, 0.2, 0.8, 0.207409
0.75, 0.209904, 0.2, 0.8, 0.205345
0.75, 0.217609, 0.2, 0.8, 0.210232
0.75, 0.209802, 0.205, 0.795, 0.214667
0.75, 0.215142, 0.205, 0.795, 0.217283
0.75, 0.223179, 0.205, 0.795, 0.216216
0.75, 0.215561, 0.205, 0.795, 0.213086
0.75, 0.207859, 0.205, 0.795, 0.21121
0.75, 0.217813, 0.205, 0.795, 0.21075
0.75, 0.218938, 0.205, 0.795, 0.211613
0.75, 0.213214, 0.205, 0.795, 0.207716
0.75, 0.213143, 0.205, 0.795, 0.215512
0.75, 0.214918, 0.205, 0.795, 0.215417
0.75, 0.214815, 0.205, 0.795, 0.212793
0.75, 0.211998, 0.205, 0.795, 0.210688
0.75, 0.211657, 0.205, 0.795, 0.210055
0.75, 0.21826, 0.205, 0.795, 0.213436
0.75, 0.203955, 0.205, 0.795, 0.205032
0.75, 0.217768, 0.205, 0.795, 0.214943
0.75, 0.211361, 0.205, 0.795, 0.21028
0.75, 0.210347, 0.205, 0.795, 0.209789
0.75, 0.21167, 0.205, 0.795, 0.209201
0.75, 0.211848, 0.205, 0.795, 0.211937
0.75, 0.210771, 0.205, 0.795, 0.209169
0.75, 0.218975, 0.205, 0.795, 0.21732
0.75, 0.215148, 0.205, 0.795, 0.217381
0.75, 0.208786, 0.205, 0.795, 0.207229
0.75, 0.204902, 0.205, 0.795, 0.208503
0.75, 0.222768, 0.21, 0.79, 0.220217
0.75, 0.227586, 0.21, 0.79, 0.227602
0.75, 0.219578, 0.21, 0.79, 0.212966
0.75, 0.228823, 0.21, 0.79, 0.221942
0.75, 0.2161, 0.21, 0.79, 0.219714
0.75, 0.215844, 0.21, 0.79, 0.217335
0.75, 0.216952, 0.21, 0.79, 0.216799
0.75, 0.226313, 0.21, 0.79, 0.226938
0.75, 0.222252, 0.21, 0.79, 0.220954
0.75, 0.221995, 0.21, 0.79, 0.222368
0.75, 0.214453, 0.21, 0.79, 0.212205
0.75, 0.225319, 0.21, 0.79, 0.222552
0.75, 0.220513, 0.21, 0.79, 0.215616
0.75, 0.215999, 0.21, 0.79, 0.216652
0.75, 0.215644, 0.21, 0.79, 0.218879
0.75, 0.218388, 0.21, 0.79, 0.216484
0.75, 0.222035, 0.21, 0.79, 0.220303
0.75, 0.220549, 0.21, 0.79, 0.218519
0.75, 0.225486, 0.21, 0.79, 0.225145
0.75, 0.220896, 0.21, 0.79, 0.22127
0.75, 0.223779, 0.21, 0.79, 0.222912
0.75, 0.221769, 0.21, 0.79, 0.220063
0.75, 0.217334, 0.21, 0.79, 0.219205
0.75, 0.221155, 0.21, 0.79, 0.21681
0.75, 0.221582, 0.21, 0.79, 0.22049
0.75, 0.228802, 0.215, 0.785, 0.229753
0.75, 0.22565, 0.215, 0.785, 0.223174
0.75, 0.230165, 0.215, 0.785, 0.226744
0.75, 0.22085, 0.215, 0.785, 0.220244
0.75, 0.228825, 0.215, 0.785, 0.226415
0.75, 0.220816, 0.215, 0.785, 0.22377
0.75, 0.228015, 0.215, 0.785, 0.226367
0.75, 0.229903, 0.215, 0.785, 0.230957
0.75, 0.224707, 0.215, 0.785, 0.223376
0.75, 0.21412, 0.215, 0.785, 0.219098
0.75, 0.226849, 0.215, 0.785, 0.226818
0.75, 0.225404, 0.215, 0.785, 0.221134
0.75, 0.218588, 0.215, 0.785, 0.222302
0.75, 0.226624, 0.215, 0.785, 0.222966
0.75, 0.229143, 0.215, 0.785, 0.232764
0.75, 0.225481, 0.215, 0.785, 0.224235
0.75, 0.226093, 0.215, 0.785, 0.226469
0.75, 0.231853, 0.215, 0.785, 0.23347
0.75, 0.225901, 0.215, 0.785, 0.225571
0.75, 0.227208, 0.215, 0.785, 0.227483
0.75, 0.224679, 0.215, 0.785, 0.222876
0.75, 0.226095, 0.215, 0.785, 0.228516
0.75, 0.218224, 0.215, 0.785, 0.223685
0.75, 0.22513, 0.215, 0.785, 0.225621
0.75, 0.231348, 0.215, 0.785, 0.225416
0.75, 0.233853, 0.22, 0.78, 0.232052
0.75, 0.244801, 0.22, 0.78, 0.240896
0.75, 0.232422, 0.22, 0.78, 0.233571
0.75, 0.227936, 0.22, 0.78, 0.226244
0.75, 0.234817, 0.22, 0.78, 0.233017
0.75, 0.239272, 0.22, 0.78, 0.235782
0.75, 0.223452, 0.22, 0.78, 0.231004
0.75, 0.229266, 0.22, 0.78, 0.228687
0.75, 0.230808, 0.22, 0.78, 0.235733
0.75, 0.238928, 0.22, 0.78, 0.236443
0.75, 0.230062, 0.22, 0.78, 0.222972
0.75, 0.233147, 0.22, 0.78, 0.236569
0.75, 0.228784, 0.22, 0.78, 0.23049
0.75, 0.223644, 0.22, 0.78, 0.220895
0.75, 0.233562, 0.22, 0.78, 0.233254
0.75, 0.239116, 0.22, 0.78, 0.236408
0.75, 0.229876, 0.22, 0.78, 0.228317
0.75, 0.236253, 0.22, 0.78, 0.236551
0.75, 0.23091, 0.22, 0.78, 0.237026
0.75, 0.240033, 0.22, 0.78, 0.237712
0.75, 0.240539, 0.22, 0.78, 0.238346
0.75, 0.240108, 0.22, 0.78, 0.236592
0.75, 0.234164, 0.22, 0.78, 0.23319
0.75, 0.241218, 0.22, 0.78, 0.241262
0.75, 0.237021, 0.22, 0.78, 0.235852
0.75, 0.242017, 0.225, 0.775, 0.240437
0.75, 0.24356, 0.225, 0.775, 0.239318
0.75, 0.243012, 0.225, 0.775, 0.243685
0.75, 0.242908, 0.225, 0.775, 0.243702
0.75, 0.242012, 0.225, 0.775, 0.240327
0.75, 0.240626, 0.225, 0.775, 0.243725
0.75, 0.247155, 0.225, 0.775, 0.246494
0.75, 0.249296, 0.225, 0.775, 0.244307
0.75, 0.238128, 0.225, 0.775, 0.239298
0.75, 0.240329, 0.225, 0.775, 0.238228
0.75, 0.243092, 0.225, 0.775, 0.245629
0.75, 0.240438, 0.225, 0.775, 0.24117
0.75, 0.246338, 0.225, 0.775, 0.242229
0.75, 0.245133, 0.225, 0.775, 0.242199
0.75, 0.229829, 0.225, 0.775, 0.234487
0.75, 0.235789, 0.225, 0.775, 0.235714
0.75, 0.242462, 0.225, 0.775, 0.240923
0.75, 0.24286, 0.225, 0.775, 0.241095
0.75, 0.233373, 0.225, 0.775, 0.233761
0.75, 0.238525, 0.225, 0.775, 0.241653
0.75, 0.240292, 0.225, 0.775, 0.235124
0.75, 0.240292, 0.225, 0.775, 0.237059
0.75, 0.236342, 0.225, 0.775, 0.233421
0.75, 0.237202, 0.225, 0.775, 0.238008
0.75, 0.245269, 0.225, 0.775, 0.245486
0.75, 0.245458, 0.23, 0.77, 0.246259
0.75, 0.245672, 0.23, 0.77, 0.24624
0.75, 0.242037, 0.23, 0.77, 0.249028
0.75, 0.243529, 0.23, 0.77, 0.245668
0.75, 0.246638, 0.23, 0.77, 0.245764
0.75, 0.248069, 0.23, 0.77, 0.247097
0.75, 0.247356, 0.23, 0.77, 0.243207
0.75, 0.254536, 0.23, 0.77, 0.249319
0.75, 0.253005, 0.23, 0.77, 0.257648
0.75, 0.247734, 0.23, 0.77, 0.249351
0.75, 0.239858, 0.23, 0.77, 0.236158
0.75, 0.242325, 0.23, 0.77, 0.240105
0.75, 0.236818, 0.23, 0.77, 0.238409
0.75, 0.25021, 0.23, 0.77, 0.244479
0.75, 0.237835, 0.23, 0.77, 0.24177
0.75, 0.246369, 0.23, 0.77, 0.244947
0.75, 0.246724, 0.23, 0.77, 0.243782
0.75, 0.244644, 0.23, 0.77, 0.242217
0.75, 0.249277, 0.23, 0.77, 0.247165
0.75, 0.24812, 0.23, 0.77, 0.247777
0.75, 0.246145, 0.23, 0.77, 0.246527
0.75, 0.235057, 0.23, 0.77, 0.237951
0.75, 0.246798, 0.23, 0.77, 0.24568
0.75, 0.247158, 0.23, 0.77, 0.249482
0.75, 0.246142, 0.23, 0.77, 0.241879
0.75, 0.250919, 0.235, 0.765, 0.249895
0.75, 0.248755, 0.235, 0.765, 0.249067
0.75, 0.267278, 0.235, 0.765, 0.261375
0.75, 0.251466, 0.235, 0.765, 0.251424
0.75, 0.25879, 0.235, 0.765, 0.257723
0.75, 0.25589, 0.235, 0.765, 0.255112
0.75, 0.255766, 0.235, 0.765, 0.256398
0.75, 0.25873, 0.235, 0.765, 0.254663
0.75, 0.250448, 0.235, 0.765, 0.251116
0.75, 0.251101, 0.235, 0.765, 0.252948
0.75, 0.256368, 0.235, 0.765, 0.259823
0.75, 0.261027, 0.235, 0.765, 0.256215
0.75, 0.253618, 0.235, 0.765, 0.251737
0.75, 0.23975, 0.235, 0.765, 0.243995
0.75, 0.258087, 0.235, 0.765, 0.253397
0.75, 0.247339, 0.235, 0.765, 0.249758
0.75, 0.254463, 0.235, 0.765, 0.250183
0.75, 0.252875, 0.235, 0.765, 0.25
0.75, 0.256682, 0.235, 0.765, 0.256179
0.75, 0.246863, 0.235, 0.765, 0.252174
0.75, 0.260721, 0.235, 0.765, 0.256381
0.75, 0.256559, 0.235, 0.765, 0.252901
0.75, 0.249739, 0.235, 0.765, 0.252738
0.75, 0.248783, 0.235, 0.765, 0.245319
0.75, 0.255462, 0.235, 0.765, 0.252821
0.75, 0.257877, 0.24, 0.76, 0.2603
0.75, 0.274092, 0.24, 0.76, 0.266446
0.75, 0.261911, 0.24, 0.76, 0.260778
0.75, 0.260081, 0.24, 0.76, 0.261004
0.75, 0.25383, 0.24, 0.76, 0.256756
0.75, 0.258249, 0.24, 0.76, 0.257653
0.75, 0.252387, 0.24, 0.76, 0.257804
0.75, 0.263771, 0.24, 0.76, 0.264311
0.75, 0.270513, 0.24, 0.76, 0.272351
0.75, 0.260065, 0.24, 0.76, 0.257311
0.75, 0.26308, 0.24, 0.76, 0.265471
0.75, 0.257547, 0.24, 0.76, 0.256465
0.75, 0.270653, 0.24, 0.76, 0.262388
0.75, 0.265299, 0.24, 0.76, 0.258759
0.75, 0.265947, 0.24, 0.76, 0.262982
0.75, 0.255081, 0.24, 0.76, 0.258221
0.75, 0.251023, 0.24, 0.76, 0.252514
0.75, 0.255758, 0.24, 0.76, 0.25542
0.75, 0.262332, 0.24, 0.76, 0.259225
0.75, 0.261861, 0.24, 0.76, 0.263228
0.75, 0.260759, 0.24, 0.76, 0.260356
0.75, 0.255443, 0.24, 0.76, 0.257751
0.75, 0.263926, 0.24, 0.76, 0.258339
0.75, 0.257706, 0.24, 0.76, 0.2587
0.75, 0.245489, 0.24, 0.76, 0.249473
0.75, 0.264847, 0.245, 0.755, 0.267632
0.75, 0.265052, 0.245, 0.755, 0.266961
0.75, 0.261063, 0.245, 0.755, 0.265205
0.75, 0.261853, 0.245, 0.755, 0.266188
0.75, 0.26805, 0.245, 0.755, 0.265998
0.75, 0.27377, 0.245, 0.755, 0.26739
0.75, 0.269558, 0.245, 0.755, 0.270914
0.75, 0.270386, 0.245, 0.755, 0.269623
0.75, 0.277461, 0.245, 0.755, 0.269952
0.75, 0.260827, 0.245, 0.755, 0.265185
0.75, 0.262245, 0.245, 0.755, 0.262962
0.75, 0.267585, 0.245, 0.755, 0.26774
0.75, 0.261971, 0.245, 0.755, 0.262379
0.75, 0.270657, 0.245, 0.755, 0.266224
0.75, 0.272524, 0.245, 0.755, 0.269001
0.75, 0.262232, 0.245, 0.755, 0.263609
0.75, 0.268456, 0.245, 0.755, 0.264344
0.75, 0.275934, 0.245, 0.755, 0.276397
0.75, 0.264756, 0.245, 0.755, 0.266932
0.75, 0.263118, 0.245, 0.755, 0.26442
0.75, 0.277407, 0.245, 0.755, 0.272965
0.75, 0.276362, 0.245, 0.755, 0.279209
0.75, 0.259209, 0.245, 0.755, 0.262516
0.75, 0.267683, 0.245, 0.755, 0.263563
0.75, 0.261009, 0.245, 0.755, 0.257832
0.75, 0.279503, 0.25, 0.75, 0.278244
0.75, 0.269312, 0.25, 0.75, 0.263507
0.75, 0.275245, 0.25, 0.75, 0.27319
0.75, 0.275568, 0.25, 0.75, 0.273292
0.75, 0.281293, 0.25, 0.75, 0.273244
0.75, 0.276936, 0.25, 0.75, 0.275185
0.75, 0.275134, 0.25, 0.75, 0.273449
0.75, 0.27447, 0.25, 0.75, 0.274757
0.75, 0.270809, 0.25, 0.75, 0.267147
0.75, 0.270757, 0.25, 0.75, 0.272571
0.75, 0.281783, 0.25, 0.75, 0.285863
0.75, 0.275269, 0.25, 0.75, 0.275346
0.75, 0.271982, 0.25, 0.75, 0.276104
0.75, 0.26951, 0.25, 0.75, 0.270898
0.75, 0.280393, 0.25, 0.75, 0.278312
0.75, 0.272859, 0.25, 0.75, 0.276842
0.75, 0.274557, 0.25, 0.75, 0.27483
0.75, 0.260053, 0.25, 0.75, 0.267808
0.75, 0.2768, 0.25, 0.75, 0.273331
0.75, 0.275954, 0.25, 0.75, 0.28109
0.75, 0.277104, 0.25, 0.75, 0.281051
0.75, 0.285561, 0.25, 0.75, 0.283366
0.75, 0.263639, 0.25, 0.75, 0.265589
0.75, 0.278402, 0.25, 0.75, 0.280433
0.75, 0.284632, 0.25, 0.75, 0.284148
0.75, 0.275446, 0.255, 0.745, 0.27587
0.75, 0.280031, 0.255, 0.745, 0.284973
0.75, 0.293346, 0.255, 0.745, 0.287447
0.75, 0.272173, 0.255, 0.745, 0.276615
0.75, 0.278573, 0.255, 0.745, 0.276524
0.75, 0.285086, 0.255, 0.745, 0.284213
0.75, 0.281919, 0.255, 0.745, 0.284547
0.75, 0.286197, 0.255, 0.745, 0.281774
0.75, 0.279069, 0.255, 0.745, 0.277364
0.75, 0.276751, 0.255, 0.745, 0.280425
0.75, 0.287783, 0.255, 0.745, 0.286554
0.75, 0.289687, 0.255, 0.745, 0.288821
0.75, 0.277417, 0.255, 0.745, 0.279469
0.75, 0.286834, 0.255, 0.745, 0.283813
0.75, 0.281235, 0.255, 0.745, 0.278381
0.75, 0.282928, 0.255, 0.745, 0.277598
0.75, 0.285561, 0.255, 0.745, 0.288869
0.75, 0.284441, 0.255, 0.745, 0.286388
0.75, 0.284917, 0.255, 0.745, 0.280471
0.75, 0.282275, 0.255, 0.745, 0.280183
0.75, 0.284512, 0.255, 0.745, 0.285706
0.75, 0.278344, 0.255, 0.745, 0.281149
0.75, 0.278996, 0.255, 0.745, 0.277126
0.75, 0.279994, 0.255, 0.745, 0.286753
0.75, 0.289236, 0.255, 0.745, 0.284812
0.75, 0.29757, 0.26, 0.74, 0.301837
0.75, 0.292835, 0.26, 0.74, 0.291419
0.75, 0.292986, 0.26, 0.74, 0.290402
0.75, 0.290784, 0.26, 0.74, 0.287461
0.75, 0.289081, 0.26, 0.74, 0.288896
0.75, 0.295366, 0.26, 0.74, 0.290063
0.75, 0.290948, 0.26, 0.74, 0.290563
0.75, 0.285629, 0.26, 0.74, 0.287907
0.75, 0.285496, 0.26, 0.74, 0.281341
0.75, 0.290778, 0.26, 0.74, 0.28706
0.75, 0.293438, 0.26, 0.74, 0.290726
0.75, 0.291435, 0.26, 0.74, 0.29322
0.75, 0.298391, 0.26, 0.74, 0.294745
0.75, 0.293517, 0.26, 0.74, 0.288893
0.75, 0.293775, 0.26, 0.74, 0.290382
0.75, 0.290886, 0.26, 0.74, 0.292518
0.75, 0.290082, 0.26, 0.74, 0.287819
0.75, 0.287512, 0.26, 0.74, 0.286788
0.75, 0.294852, 0.26, 0.74, 0.290779
0.75, 0.301988, 0.26, 0.74, 0.299079
0.75, 0.289571, 0.26, 0.74, 0.282059
0.75, 0.295212, 0.26, 0.74, 0.291724
0.75, 0.294594, 0.26, 0.74, 0.288427
0.75, 0.28714, 0.26, 0.74, 0.284891
0.75, 0.283542, 0.26, 0.74, 0.28944
0.75, 0.299413, 0.265, 0.735, 0.297595
0.75, 0.291753, 0.265, 0.735, 0.294607
0.75, 0.300784, 0.265, 0.735, 0.300369
0.75, 0.285301, 0.265, 0.735, 0.287515
0.75, 0.293817, 0.265, 0.735, 0.291443
0.75, 0.284858, 0.265, 0.735, 0.28839
0.75, 0.293459, 0.265, 0.735, 0.299623
0.75, 0.286623, 0.265, 0.735, 0.28948
0.75, 0.301014, 0.265, 0.735, 0.29946
0.75, 0.301658, 0.265, 0.735, 0.300396
0.75, 0.294951, 0.265, 0.735, 0.296879
0.75, 0.29365, 0.265, 0.735, 0.293562
0.75, 0.292084, 0.265, 0.735, 0.297674
0.75, 0.304842, 0.265, 0.735, 0.304369
0.75, 0.30595, 0.265, 0.735, 0.304727
0.75, 0.304888, 0.265, 0.735, 0.300671
0.75, 0.298263, 0.265, 0.735, 0.295559
0.75, 0.297183, 0.265, 0.735, 0.296529
0.75, 0.30676, 0.265, 0.735, 0.301939
0.75, 0.305265, 0.265, 0.735, 0.302914
0.75, 0.308283, 0.265, 0.735, 0.303693
0.75, 0.294642, 0.265, 0.735, 0.295401
0.75, 0.297659, 0.265, 0.735, 0.298265
0.75, 0.297914, 0.265, 0.735, 0.302291
0.75, 0.298316, 0.265, 0.735, 0.297276
0.75, 0.299921, 0.27, 0.73, 0.301161
0.75, 0.302203, 0.27, 0.73, 0.301056
0.75, 0.306735, 0.27, 0.73, 0.30755
0.75, 0.310217, 0.27, 0.73, 0.308955
0.75, 0.30301, 0.27, 0.73, 0.304501
0.75, 0.304406, 0.27, 0.73, 0.307779
0.75, 0.303864, 0.27, 0.73, 0.300569
0.75, 0.305737, 0.27, 0.73, 0.308714
0.75, 0.309014, 0.27, 0.73, 0.308136
0.75, 0.306548, 0.27, 0.73, 0.302087
0.75, 0.300168, 0.27, 0.73, 0.298765
0.75, 0.297258, 0.27, 0.73, 0.301305
0.75, 0.302742, 0.27, 0.73, 0.299131
0.75, 0.312354, 0.27, 0.73, 0.306062
0.75, 0.294112, 0.27, 0.73, 0.298337
0.75, 0.312115, 0.27, 0.73, 0.307257
0.75, 0.304685, 0.27, 0.73, 0.301729
0.75, 0.311886, 0.27, 0.73, 0.308504
0.75, 0.300969, 0.27, 0.73, 0.299305
0.75, 0.310271, 0.27, 0.73, 0.304318
0.75, 0.304099, 0.27, 0.73, 0.309224
0.75, 0.309557, 0.27, 0.73, 0.309291
0.75, 0.308142, 0.27, 0.73, 0.30764
0.75, 0.309101, 0.27, 0.73, 0.308722
0.75, 0.304991, 0.27, 0.73, 0.306375
0.75, 0.305521, 0.275, 0.725, 0.306145
0.75, 0.323083, 0.275, 0.725, 0.317691
0.75, 0.308235, 0.275, 0.725, 0.309475
0.75, 0.308752, 0.275, 0.725, 0.306805
0.75, 0.321167, 0.275, 0.725, 0.314514
0.75, 0.319961, 0.275, 0.725, 0.320065
0.75, 0.31893, 0.275, 0.725, 0.313563
0.75, 0.315699, 0.275, 0.725, 0.314662
0.75, 0.31618, 0.275, 0.725, 0.317377
0.75, 0.30822, 0.275, 0.725, 0.311626
0.75, 0.311363, 0.275, 0.725, 0.310815
0.75, 0.311906, 0.275, 0.725, 0.307924
0.75, 0.310447, 0.275, 0.725, 0.304802
0.75, 0.313545, 0.275, 0.725, 0.314138
0.75, 0.322027, 0.275, 0.725, 0.316808
0.75, 0.306401, 0.275, 0.725, 0.305635
0.75, 0.318868, 0.275, 0.725, 0.311425
0.75, 0.31343, 0.275, 0.725, 0.31271
0.75, 0.315325, 0.275, 0.725, 0.316379
0.75, 0.306809, 0.275, 0.725, 0.303932
0.75, 0.308602, 0.275, 0.725, 0.306341
0.75, 0.323705, 0.275, 0.725, 0.320414
0.75, 0.303925, 0.275, 0.725, 0.307971
0.75, 0.312617, 0.275, 0.725, 0.315576
0.75, 0.305996, 0.275, 0.725, 0.305413
0.75, 0.318127, 0.28, 0.72, 0.321199
0.75, 0.319182, 0.28, 0.72, 0.317613
0.75, 0.306622, 0.28, 0.72, 0.307779
0.75, 0.312905, 0.28, 0.72, 0.316719
0.75, 0.313374, 0.28, 0.72, 0.313425
0.75, 0.333124, 0.28, 0.72, 0.329142
0.75, 0.315577, 0.28, 0.72, 0.319029
0.75, 0.318138, 0.28, 0.72, 0.317518
0.75, 0.318409, 0.28, 0.72, 0.318588
0.75, 0.326704, 0.28, 0.72, 0.327713
0.75, 0.324945, 0.28, 0.72, 0.328234
0.75, 0.320034, 0.28, 0.72, 0.324177
0.75, 0.315124, 0.28, 0.72, 0.316713
0.75, 0.313007, 0.28, 0.72, 0.316333
0.75, 0.321364, 0.28, 0.72, 0.316452
0.75, 0.310251, 0.28, 0.72, 0.311714
0.75, 0.306893, 0.28, 0.72, 0.308588
0.75, 0.316176, 0.28, 0.72, 0.31623
0.75, 0.324707, 0.28, 0.72, 0.322921
0.75, 0.333056, 0.28, 0.72, 0.325121
0.75, 0.3269, 0.28, 0.72, 0.329354
0.75, 0.328978, 0.28, 0.72, 0.326177
0.75, 0.321691, 0.28, 0.72, 0.321144
0.75, 0.321758, 0.28, 0.72, 0.321999
0.75, 0.32607, 0.28, 0.72, 0.326208
0.75, 0.329279, 0.285, 0.715, 0.321893
0.75, 0.326226, 0.285, 0.715, 0.325571
0.75, 0.323442, 0.285, 0.715, 0.323269
0.75, 0.326024, 0.285, 0.715, 0.321647
0.75, 0.32902, 0.285, 0.715, 0.323208
0.75, 0.321391, 0.285, 0.715, 0.324024
0.75, 0.323066, 0.285, 0.715, 0.326992
0.75, 0.33764, 0.285, 0.715, 0.3331
0.75, 0.326742, 0.285, 0.715, 0.321375
0.75, 0.307922, 0.285, 0.715, 0.322818
0.75, 0.339197, 0.285, 0.715, 0.331152
0.75, 0.326358, 0.285, 0.715, 0.329446
0.75, 0.326733, 0.285, 0.715, 0.329475
0.75, 0.326788, 0.285, 0.715, 0.32848
0.75, 0.323063, 0.285, 0.715, 0.323356
0.75, 0.334177, 0.285, 0.715, 0.329398
0.75, 0.333597, 0.285, 0.715, 0.33243
0.75, 0.334564, 0.285, 0.715, 0.332709
0.75, 0.323455, 0.285, 0.715, 0.329623
0.75, 0.340847, 0.285, 0.715, 0.337235
0.75, 0.320928, 0.285, 0.715, 0.321288
0.75, 0.317826, 0.285, 0.715, 0.318385
0.75, 0.327356, 0.285, 0.715, 0.327102
0.75, 0.334553, 0.285, 0.715, 0.333849
0.75, 0.332485, 0.285, 0.715, 0.329435
0.75, 0.336009, 0.29, 0.71, 0.332095
0.75, 0.338096, 0.29, 0.71, 0.338175
0.75, 0.333617, 0.29, 0.71, 0.332073
0.75, 0.337771, 0.29, 0.71, 0.329242
0.75, 0.348139, 0.29, 0.71, 0.345151
0.75, 0.339349, 0.29, 0.71, 0.331762
0.75, 0.343382, 0.29, 0.71, 0.343377
0.75, 0.334311, 0.29, 0.71, 0.331681
0.75, 0.326824, 0.29, 0.71, 0.323792
0.75, 0.340863, 0.29, 0.71, 0.339233
0.75, 0.329147, 0.29, 0.71, 0.3312
0.75, 0.340049, 0.29, 0.71, 0.340123
0.75, 0.332306, 0.29, 0.71, 0.337253
0.75, 0.335936, 0.29, 0.71, 0.339938
0.75, 0.331607, 0.29, 0.71, 0.329387
0.75, 0.328984, 0.29, 0.71, 0.328045
0.75, 0.33995, 0.29, 0.71, 0.33771
0.75, 0.332058, 0.29, 0.71, 0.331294
0.75, 0.322492, 0.29, 0.71, 0.327698
0.75, 0.34458, 0.29, 0.71, 0.343558
0.75, 0.332275, 0.29, 0.71, 0.331079
0.75, 0.341933, 0.29, 0.71, 0.340086
0.75, 0.328638, 0.29, 0.71, 0.331754
0.75, 0.341085, 0.29, 0.71, 0.337486
0.75, 0.333863, 0.29, 0.71, 0.339268
0.75, 0.342999, 0.295, 0.705, 0.337393
0.75, 0.340988, 0.295, 0.705, 0.341822
0.75, 0.343769, 0.295, 0.705, 0.34588
0.75, 0.350758, 0.295, 0.705, 0.349453
0.75, 0.33218, 0.295, 0.705, 0.339813
0.75, 0.332909, 0.295, 0.705, 0.333959
0.75, 0.334834, 0.295, 0.705, 0.338345
0.75, 0.34994, 0.295, 0.705, 0.34827
0.75, 0.351886, 0.295, 0.705, 0.35359
0.75, 0.350839, 0.295, 0.705, 0.345707
0.75, 0.344787, 0.295, 0.705, 0.347702
0.75, 0.337965, 0.295, 0.705, 0.337116
0.75, 0.343108, 0.295, 0.705, 0.348695
0.75, 0.343962, 0.295, 0.705, 0.342771
0.75, 0.362826, 0.295, 0.705, 0.363062
0.75, 0.350898, 0.295, 0.705, 0.345031
0.75, 0.352532, 0.295, 0.705, 0.35257
0.75, 0.3501, 0.295, 0.705, 0.347837
0.75, 0.356359, 0.295, 0.705, 0.353624
0.75, 0.338805, 0.295, 0.705, 0.337232
0.75, 0.345833, 0.295, 0.705, 0.344706
0.75, 0.343463, 0.295, 0.705, 0.342211
0.75, 0.356126, 0.295, 0.705, 0.3533
0.75, 0.356232, 0.295, 0.705, 0.352774
0.75, 0.340837, 0.295, 0.705, 0.34116
0.75, 0.340471, 0.3, 0.7, 0.339462
0.75, 0.368189, 0.3, 0.7, 0.359695
0.75, 0.352368, 0.3, 0.7, 0.352982
0.75, 0.35483, 0.3, 0.7, 0.352964
0.75, 0.348408, 0.3, 0.7, 0.352369
0.75, 0.354336, 0.3, 0.7, 0.352611
0.75, 0.353047, 0.3, 0.7, 0.354706
0.75, 0.347341, 0.3, 0.7, 0.349038
0.75, 0.351755, 0.3, 0.7, 0.355191
0.75, 0.362257, 0.3, 0.7, 0.357388
0.75, 0.345043, 0.3, 0.7, 0.344747
0.75, 0.360784, 0.3, 0.7, 0.363029
0.75, 0.35497, 0.3, 0.7, 0.350843
0.75, 0.354754, 0.3, 0.7, 0.35145
0.75, 0.348434, 0.3, 0.7, 0.35241
0.75, 0.356935, 0.3, 0.7, 0.356208
0.75, 0.344773, 0.3, 0.7, 0.343355
0.75, 0.358563, 0.3, 0.7, 0.362129
0.75, 0.351849, 0.3, 0.7, 0.35426
0.75, 0.352759, 0.3, 0.7, 0.350709
0.75, 0.351387, 0.3, 0.7, 0.351976
0.75, 0.357279, 0.3, 0.7, 0.356043
0.75, 0.365377, 0.3, 0.7, 0.365314
0.75, 0.341306, 0.3, 0.7, 0.347724
0.75, 0.351463, 0.3, 0.7, 0.345353
0.75, 0.362316, 0.305, 0.695, 0.358376
0.75, 0.36425, 0.305, 0.695, 0.365808
0.75, 0.371807, 0.305, 0.695, 0.370508
0.75, 0.370835, 0.305, 0.695, 0.368319
0.75, 0.356899, 0.305, 0.695, 0.360282
0.75, 0.355029, 0.305, 0.695, 0.350468
0.75, 0.360224, 0.305, 0.695, 0.355914
0.75, 0.365788, 0.305, 0.695, 0.361175
0.75, 0.365861, 0.305, 0.695, 0.365771
0.75, 0.344454, 0.305, 0.695, 0.346535
0.75, 0.37362, 0.305, 0.695, 0.369038
0.75, 0.355908, 0.305, 0.695, 0.351107
0.75, 0.372528, 0.305, 0.695, 0.367311
0.75, 0.362855, 0.305, 0.695, 0.360706
0.75, 0.354742, 0.305, 0.695, 0.35653
0.75, 0.35766, 0.305, 0.695, 0.358147
0.75, 0.36903, 0.305, 0.695, 0.367208
0.75, 0.36411, 0.305, 0.695, 0.362902
0.75, 0.359035, 0.305, 0.695, 0.36622
0.75, 0.371666, 0.305, 0.695, 0.362795
0.75, 0.365518, 0.305, 0.695, 0.361131
0.75, 0.358141, 0.305, 0.695, 0.36177
0.75, 0.358341, 0.305, 0.695, 0.360349
0.75, 0.354347, 0.305, 0.695, 0.353439
0.75, 0.35112, 0.305, 0.695, 0.354123
0.75, 0.365661, 0.31, 0.69, 0.364182
0.75, 0.366807, 0.31, 0.69, 0.366357
0.75, 0.368894, 0.31, 0.69, 0.3693
0.75, 0.363965, 0.31, 0.69, 0.364395
0.75, 0.374463, 0.31, 0.69, 0.370614
0.75, 0.352903, 0.31, 0.69, 0.356097
0.75, 0.371275, 0.31, 0.69, 0.374048
0.75, 0.351553, 0.31, 0.69, 0.35259
0.75, 0.373586, 0.31, 0.69, 0.372971
0.75, 0.365161, 0.31, 0.69, 0.369728
0.75, 0.378294, 0.31, 0.69, 0.371872
0.75, 0.366011, 0.31, 0.69, 0.36871
0.75, 0.367381, 0.31, 0.69, 0.366189
0.75, 0.369638, 0.31, 0.69, 0.369276
0.75, 0.349707, 0.31, 0.69, 0.352421
0.75, 0.37221, 0.31, 0.69, 0.374008
0.75, 0.375574, 0.31, 0.69, 0.372711
0.75, 0.367628, 0.31, 0.69, 0.366814
0.75, 0.359388, 0.31, 0.69, 0.358991
0.75, 0.36881, 0.31, 0.69, 0.368013
0.75, 0.371108, 0.31, 0.69, 0.368276
0.75, 0.374962, 0.31, 0.69, 0.369824
0.75, 0.374831, 0.31, 0.69, 0.370095
0.75, 0.378339, 0.31, 0.69, 0.379629
0.75, 0.376936, 0.31, 0.69, 0.375438
0.75, 0.380016, 0.315, 0.685, 0.380164
0.75, 0.374592, 0.315, 0.685, 0.372839
0.75, 0.377431, 0.315, 0.685, 0.375949
0.75, 0.379971, 0.315, 0.685, 0.377312
0.75, 0.360063, 0.315, 0.685, 0.368384
0.75, 0.383592, 0.315, 0.685, 0.382711
0.75, 0.391432, 0.315, 0.685, 0.382173
0.75, 0.381682, 0.315, 0.685, 0.380177
0.75, 0.377024, 0.315, 0.685, 0.376798
0.75, 0.38329, 0.315, 0.685, 0.378373
0.75, 0.37576, 0.315, 0.685, 0.378706
0.75, 0.383346, 0.315, 0.685, 0.384601
0.75, 0.387142, 0.315, 0.685, 0.38169
0.75, 0.381405, 0.315, 0.685, 0.380798
0.75, 0.382652, 0.315, 0.685, 0.382905
0.75, 0.38655, 0.315, 0.685, 0.38136
0.75, 0.367176, 0.315, 0.685, 0.368736
0.75, 0.370516, 0.315, 0.685, 0.372535
0.75, 0.372099, 0.315, 0.685, 0.375347
0.75, 0.380922, 0.315, 0.685, 0.378205
0.75, 0.386008, 0.315, 0.685, 0.383859
0.75, 0.368634, 0.315, 0.685, 0.369108
0.75, 0.381015, 0.315, 0.685, 0.375796
0.75, 0.374741, 0.315, 0.685, 0.380244
0.75, 0.380392, 0.315, 0.685, 0.38305
0.75, 0.383363, 0.32, 0.68, 0.384651
0.75, 0.395044, 0.32, 0.68, 0.384976
0.75, 0.387291, 0.32, 0.68, 0.387168
0.75, 0.379649, 0.32, 0.68, 0.385116
0.75, 0.386382, 0.32, 0.68, 0.393256
0.75, 0.379715, 0.32, 0.68, 0.379273
0.75, 0.383539, 0.32, 0.68, 0.384151
0.75, 0.376891, 0.32, 0.68, 0.379
0.75, 0.384358, 0.32, 0.68, 0.386274
0.75, 0.393343, 0.32, 0.68, 0.39204
0.75, 0.389303, 0.32, 0.68, 0.384429
0.75, 0.387762, 0.32, 0.68, 0.389117
0.75, 0.397219, 0.32, 0.68, 0.390533
0.75, 0.384211, 0.32, 0.68, 0.385462
0.75, 0.375467, 0.32, 0.68, 0.373614
0.75, 0.388988, 0.32, 0.68, 0.385376
0.75, 0.392779, 0.32, 0.68, 0.39116
0.75, 0.395418, 0.32, 0.68, 0.388081
0.75, 0.394143, 0.32, 0.68, 0.390913
0.75, 0.381949, 0.32, 0.68, 0.378412
0.75, 0.383659, 0.32, 0.68, 0.379204
0.75, 0.384032, 0.32, 0.68, 0.381106
0.75, 0.383414, 0.32, 0.68, 0.374223
0.75, 0.392547, 0.32, 0.68, 0.384989
0.75, 0.390365, 0.32, 0.68, 0.388348
0.75, 0.396542, 0.325, 0.675, 0.394491
0.75, 0.395558, 0.325, 0.675, 0.396105
0.75, 0.386452, 0.325, 0.675, 0.387128
0.75, 0.391522, 0.325, 0.675, 0.389923
0.75, 0.385385, 0.325, 0.675, 0.384991
0.75, 0.401082, 0.325, 0.675, 0.39597
0.75, 0.403407, 0.325, 0.675, 0.401899
0.75, 0.395534, 0.325, 0.675, 0.402031
0.75, 0.401586, 0.325, 0.675, 0.397276
0.75, 0.394851, 0.325, 0.675, 0.393097
0.75, 0.390343, 0.325, 0.675, 0.386974
0.75, 0.387152, 0.325, 0.675, 0.392712
0.75, 0.405301, 0.325, 0.675, 0.397254
0.75, 0.393715, 0.325, 0.675, 0.389298
0.75, 0.385962, 0.325, 0.675, 0.385329
0.75, 0.390489, 0.325, 0.675, 0.390796
0.75, 0.388109, 0.325, 0.675, 0.383445
0.75, 0.405386, 0.325, 0.675, 0.404891
0.75, 0.400398, 0.325, 0.675, 0.397699
0.75, 0.395671, 0.325, 0.675, 0.39023
0.75, 0.394471, 0.325, 0.675, 0.388414
0.75, 0.400008, 0.325, 0.675, 0.397303
0.75, 0.398504, 0.325, 0.675, 0.391491
0.75, 0.405599, 0.325, 0.675, 0.405841
0.75, 0.395967, 0.325, 0.675, 0.392757
0.75, 0.40929, 0.33, 0.67, 0.403034
0.75, 0.414943, 0.33, 0.67, 0.40658
0.75, 0.401092, 0.33, 0.67, 0.399454
0.75, 0.39868, 0.33, 0.67, 0.400867
0.75, 0.415242, 0.33, 0.67, 0.412719
0.75, 0.408174, 0.33, 0.67, 0.404858
0.75, 0.405835, 0.33, 0.67, 0.404054
0.75, 0.393128, 0.33, 0.67, 0.38741
0.75, 0.412183, 0.33, 0.67, 0.408321
0.75, 0.406604, 0.33, 0.67, 0.400338
0.75, 0.417419, 0.33, 0.67, 0.407516
0.75, 0.401236, 0.33, 0.67, 0.400142
0.75, 0.410508, 0.33, 0.67, 0.409918
0.75, 0.39917, 0.33, 0.67, 0.39556
0.75, 0.41465, 0.33, 0.67, 0.408456
0.75, 0.406218, 0.33, 0.67, 0.403912
0.75, 0.402362, 0.33, 0.67, 0.402225
0.75, 0.398737, 0.33, 0.67, 0.401038
0.75, 0.416694, 0.33, 0.67, 0.410759
0.75, 0.407663, 0.33, 0.67, 0.398416
0.75, 0.390765, 0.33, 0.67, 0.395936
0.75, 0.400621, 0.33, 0.67, 0.396733
0.75, 0.411475, 0.33, 0.67, 0.405682
0.75, 0.401428, 0.33, 0.67, 0.401129
0.75, 0.405143, 0.33, 0.67, 0.411303
0.75, 0.419442, 0.335, 0.665, 0.42413
0.75, 0.418049, 0.335, 0.665, 0.414842
0.75, 0.413894, 0.335, 0.665, 0.413865
0.75, 0.41925, 0.335, 0.665, 0.413443
0.75, 0.414815, 0.335, 0.665, 0.414457
0.75, 0.420164, 0.335, 0.665, 0.413305
0.75, 0.422489, 0.335, 0.665, 0.425828
0.75, 0.409841, 0.335, 0.665, 0.40991
0.75, 0.418148, 0.335, 0.665, 0.413521
0.75, 0.423813, 0.335, 0.665, 0.416464
0.75, 0.410088, 0.335, 0.665, 0.414989
0.75, 0.42418, 0.335, 0.665, 0.415677
0.75, 0.408405, 0.335, 0.665, 0.406352
0.75, 0.414918, 0.335, 0.665, 0.409865
0.75, 0.413041, 0.335, 0.665, 0.412775
0.75, 0.420433, 0.335, 0.665, 0.412185
0.75, 0.415289, 0.335, 0.665, 0.41183
0.75, 0.413977, 0.335, 0.665, 0.409729
0.75, 0.40588, 0.335, 0.665, 0.407787
0.75, 0.408752, 0.335, 0.665, 0.404691
0.75, 0.427949, 0.335, 0.665, 0.426113
0.75, 0.417121, 0.335, 0.665, 0.411334
0.75, 0.417836, 0.335, 0.665, 0.412359
0.75, 0.419046, 0.335, 0.665, 0.414023
0.75, 0.41336, 0.335, 0.665, 0.407305
0.75, 0.42342, 0.34, 0.66, 0.42031
0.75, 0.408918, 0.34, 0.66, 0.409055
0.75, 0.413756, 0.34, 0.66, 0.41244
0.75, 0.433437, 0.34, 0.66, 0.427026
0.75, 0.424034, 0.34, 0.66, 0.420243
0.75, 0.431027, 0.34, 0.66, 0.428821
0.75, 0.426998, 0.34, 0.66, 0.418015
0.75, 0.413363, 0.34, 0.66, 0.414641
0.75, 0.420082, 0.34, 0.66, 0.418481
0.75, 0.425179, 0.34, 0.66, 0.421032
0.75, 0.433346, 0.34, 0.66, 0.429573
0.75, 0.42843, 0.34, 0.66, 0.422833
0.75, 0.410419, 0.34, 0.66, 0.408123
0.75, 0.427685, 0.34, 0.66, 0.424899
0.75, 0.40895, 0.34, 0.66, 0.411892
0.75, 0.430357, 0.34, 0.66, 0.429304
0.75, 0.423804, 0.34, 0.66, 0.420779
0.75, 0.437001, 0.34, 0.66, 0.42827
0.75, 0.417567, 0.34, 0.66, 0.415628
0.75, 0.414446, 0.34, 0.66, 0.413126
0.75, 0.425905, 0.34, 0.66, 0.422807
0.75, 0.416497, 0.34, 0.66, 0.421004
0.75, 0.415092, 0.34, 0.66, 0.424433
0.75, 0.41277, 0.34, 0.66, 0.418692
0.75, 0.423518, 0.34, 0.66, 0.422953
0.75, 0.421667, 0.345, 0.655, 0.420297
0.75, 0.439815, 0.345, 0.655, 0.426936
0.75, 0.44388, 0.345, 0.655, 0.434565
0.75, 0.43003, 0.345, 0.655, 0.422138
0.75, 0.451633, 0.345, 0.655, 0.441583
0.75, 0.431875, 0.345, 0.655, 0.425963
0.75, 0.433031, 0.345, 0.655, 0.433388
0.75, 0.4415, 0.345, 0.655, 0.435765
0.75, 0.428781, 0.345, 0.655, 0.424876
0.75, 0.435893, 0.345, 0.655, 0.433006
0.75, 0.444182, 0.345, 0.655, 0.438009
0.75, 0.426195, 0.345, 0.655, 0.432232
0.75, 0.422403, 0.345, 0.655, 0.425509
0.75, 0.442151, 0.345, 0.655, 0.435003
0.75, 0.443113, 0.345, 0.655, 0.431069
0.75, 0.434362, 0.345, 0.655, 0.433727
0.75, 0.437819, 0.345, 0.655, 0.437996
0.75, 0.420157, 0.345, 0.655, 0.423525
0.75, 0.437527, 0.345, 0.655, 0.436599
0.75, 0.424902, 0.345, 0.655, 0.420462
0.75, 0.425833, 0.345, 0.655, 0.423993
0.75, 0.440169, 0.345, 0.655, 0.434881
0.75, 0.425795, 0.345, 0.655, 0.418988
0.75, 0.429108, 0.345, 0.655, 0.428448
0.75, 0.426373, 0.345, 0.655, 0.433179
0.75, 0.454069, 0.35, 0.65, 0.448387
0.75, 0.438562, 0.35, 0.65, 0.435066
0.75, 0.439949, 0.35, 0.65, 0.438583
0.75, 0.454242, 0.35, 0.65, 0.448697
0.75, 0.445134, 0.35, 0.65, 0.441737
0.75, 0.449554, 0.35, 0.65, 0.44939
0.75, 0.441737, 0.35, 0.65, 0.44105
0.75, 0.437189, 0.35, 0.65, 0.433124
0.75, 0.437737, 0.35, 0.65, 0.440513
0.75, 0.431099, 0.35, 0.65, 0.42752
0.75, 0.449601, 0.35, 0.65, 0.447241
0.75, 0.44578, 0.35, 0.65, 0.44022
0.75, 0.439835, 0.35, 0.65, 0.440627
0.75, 0.442503, 0.35, 0.65, 0.436231
0.75, 0.425843, 0.35, 0.65, 0.421605
0.75, 0.446361, 0.35, 0.65, 0.448089
0.75, 0.442068, 0.35, 0.65, 0.439545
0.75, 0.443998, 0.35, 0.65, 0.438818
0.75, 0.446785, 0.35, 0.65, 0.442806
0.75, 0.444539, 0.35, 0.65, 0.436855
0.75, 0.453028, 0.35, 0.65, 0.444723
0.75, 0.431926, 0.35, 0.65, 0.430759
0.75, 0.435766, 0.35, 0.65, 0.429991
0.75, 0.445315, 0.35, 0.65, 0.437088
0.75, 0.451587, 0.35, 0.65, 0.448234
0.75, 0.458323, 0.355, 0.645, 0.457187
0.75, 0.446272, 0.355, 0.645, 0.442197
0.75, 0.456892, 0.355, 0.645, 0.452126
0.75, 0.452201, 0.355, 0.645, 0.448887
0.75, 0.455949, 0.355, 0.645, 0.450871
0.75, 0.457162, 0.355, 0.645, 0.457221
0.75, 0.447576, 0.355, 0.645, 0.449872
0.75, 0.459893, 0.355, 0.645, 0.453898
0.75, 0.437316, 0.355, 0.645, 0.435041
0.75, 0.447816, 0.355, 0.645, 0.443055
0.75, 0.458228, 0.355, 0.645, 0.447665
0.75, 0.459293, 0.355, 0.645, 0.453603
0.75, 0.456145, 0.355, 0.645, 0.451652
0.75, 0.472547, 0.355, 0.645, 0.464981
0.75, 0.449632, 0.355, 0.645, 0.452134
0.75, 0.471279, 0.355, 0.645, 0.4616
0.75, 0.436405, 0.355, 0.645, 0.435594
0.75, 0.463001, 0.355, 0.645, 0.45299
0.75, 0.43897, 0.355, 0.645, 0.436223
0.75, 0.46607, 0.355, 0.645, 0.46436
0.75, 0.455772, 0.355, 0.645, 0.454688
0.75, 0.443355, 0.355, 0.645, 0.450142
0.75, 0.453885, 0.355, 0.645, 0.454827
0.75, 0.457383, 0.355, 0.645, 0.451968
0.75, 0.44109, 0.355, 0.645, 0.440145
0.75, 0.460398, 0.36, 0.64, 0.45643
0.75, 0.472719, 0.36, 0.64, 0.469105
0.75, 0.453385, 0.36, 0.64, 0.447913
0.75, 0.463122, 0.36, 0.64, 0.46086
0.75, 0.459164, 0.36, 0.64, 0.462311
0.75, 0.459055, 0.36, 0.64, 0.457335
0.75, 0.468827, 0.36, 0.64, 0.467069
0.75, 0.469661, 0.36, 0.64, 0.461623
0.75, 0.464295, 0.36, 0.64, 0.456768
0.75, 0.462723, 0.36, 0.64, 0.459054
0.75, 0.450743, 0.36, 0.64, 0.452149
0.75, 0.46414, 0.36, 0.64, 0.457932
0.75, 0.458089, 0.36, 0.64, 0.456703
0.75, 0.459062, 0.36, 0.64, 0.459172
0.75, 0.46605, 0.36, 0.64, 0.456773
0.75, 0.459685, 0.36, 0.64, 0.458417
0.75, 0.449131, 0.36, 0.64, 0.446334
0.75, 0.465531, 0.36, 0.64, 0.45923
0.75, 0.464739, 0.36, 0.64, 0.460473
0.75, 0.459554, 0.36, 0.64, 0.453361
0.75, 0.459064, 0.36, 0.64, 0.457667
0.75, 0.470224, 0.36, 0.64, 0.467462
0.75, 0.465924, 0.36, 0.64, 0.463924
0.75, 0.468484, 0.36, 0.64, 0.465949
0.75, 0.459167, 0.36, 0.64, 0.458004
0.75, 0.471384, 0.365, 0.635, 0.462801
0.75, 0.480039, 0.365, 0.635, 0.470269
0.75, 0.460401, 0.365, 0.635, 0.460613
0.75, 0.474325, 0.365, 0.635, 0.474339
0.75, 0.471279, 0.365, 0.635, 0.463742
0.75, 0.486901, 0.365, 0.635, 0.476971
0.75, 0.46646, 0.365, 0.635, 0.461171
0.75, 0.481874, 0.365, 0.635, 0.476733
0.75, 0.485283, 0.365, 0.635, 0.473886
0.75, 0.477813, 0.365, 0.635, 0.468646
0.75, 0.468425, 0.365, 0.635, 0.470056
0.75, 0.471864, 0.365, 0.635, 0.470664
0.75, 0.453021, 0.365, 0.635, 0.453054
0.75, 0.466769, 0.365, 0.635, 0.462705
0.75, 0.473015, 0.365, 0.635, 0.467379
0.75, 0.470023, 0.365, 0.635, 0.467132
0.75, 0.460913, 0.365, 0.635, 0.459661
0.75, 0.470919, 0.365, 0.635, 0.467076
0.75, 0.48177, 0.365, 0.635, 0.47146
0.75, 0.473491, 0.365, 0.635, 0.464544
0.75, 0.477776, 0.365, 0.635, 0.469125
0.75, 0.471557, 0.365, 0.635, 0.46926
0.75, 0.481319, 0.365, 0.635, 0.480134
0.75, 0.477534, 0.365, 0.635, 0.477673
0.75, 0.467812, 0.365, 0.635, 0.465163
0.75, 0.481857, 0.37, 0.63, 0.472894
0.75, 0.47186, 0.37, 0.63, 0.469313
0.75, 0.489259, 0.37, 0.63, 0.478616
0.75, 0.479556, 0.37, 0.63, 0.477653
0.75, 0.477731, 0.37, 0.63, 0.477429
0.75, 0.478792, 0.37, 0.63, 0.482749
0.75, 0.479843, 0.37, 0.63, 0.4759
0.75, 0.478083, 0.37, 0.63, 0.470931
0.75, 0.46548, 0.37, 0.63, 0.462763
0.75, 0.499462, 0.37, 0.63, 0.489927
0.75, 0.482916, 0.37, 0.63, 0.480141
0.75, 0.486467, 0.37, 0.63, 0.478816
0.75, 0.477353, 0.37, 0.63, 0.472472
0.75, 0.489632, 0.37, 0.63, 0.481373
0.75, 0.485448, 0.37, 0.63, 0.488059
0.75, 0.484098, 0.37, 0.63, 0.479541
0.75, 0.477089, 0.37, 0.63, 0.473486
0.75, 0.489669, 0.37, 0.63, 0.485962
0.75, 0.472165, 0.37, 0.63, 0.474235
0.75, 0.487278, 0.37, 0.63, 0.485629
0.75, 0.475445, 0.37, 0.63, 0.472352
0.75, 0.488569, 0.37, 0.63, 0.474326
0.75, 0.496275, 0.37, 0.63, 0.484943
0.75, 0.481108, 0.37, 0.63, 0.469889
0.75, 0.492898, 0.37, 0.63, 0.483618
0.75, 0.50628, 0.375, 0.625, 0.497853
0.75, 0.481182, 0.375, 0.625, 0.47952
0.75, 0.496059, 0.375, 0.625, 0.485234
0.75, 0.501452, 0.375, 0.625, 0.494635
0.75, 0.498488, 0.375, 0.625, 0.496165
0.75, 0.494923, 0.375, 0.625, 0.490823
0.75, 0.48227, 0.375, 0.625, 0.485878
0.75, 0.495476, 0.375, 0.625, 0.486593
0.75, 0.490873, 0.375, 0.625, 0.492181
0.75, 0.506789, 0.375, 0.625, 0.504986
0.75, 0.497643, 0.375, 0.625, 0.487075
0.75, 0.493641, 0.375, 0.625, 0.485277
0.75, 0.496566, 0.375, 0.625, 0.495159
0.75, 0.505008, 0.375, 0.625, 0.496256
0.75, 0.499754, 0.375, 0.625, 0.494821
0.75, 0.495869, 0.375, 0.625, 0.485556
0.75, 0.488741, 0.375, 0.625, 0.48191
0.75, 0.493084, 0.375, 0.625, 0.486466
0.75, 0.497236, 0.375, 0.625, 0.486739
0.75, 0.487159, 0.375, 0.625, 0.478668
0.75, 0.481815, 0.375, 0.625, 0.486723
0.75, 0.490247, 0.375, 0.625, 0.49072
0.75, 0.48925, 0.375, 0.625, 0.488642
0.75, 0.503836, 0.375, 0.625, 0.493628
0.75, 0.495384, 0.375, 0.625, 0.483772
0.75, 0.502348, 0.38, 0.62, 0.495183
0.75, 0.491204, 0.38, 0.62, 0.486838
0.75, 0.511679, 0.38, 0.62, 0.497725
0.75, 0.508702, 0.38, 0.62, 0.498166
0.75, 0.497671, 0.38, 0.62, 0.491817
0.75, 0.510267, 0.38, 0.62, 0.500523
0.75, 0.511951, 0.38, 0.62, 0.513145
0.75, 0.501862, 0.38, 0.62, 0.496811
0.75, 0.497136, 0.38, 0.62, 0.495554
0.75, 0.496453, 0.38, 0.62, 0.492021
0.75, 0.513781, 0.38, 0.62, 0.507617
0.75, 0.511034, 0.38, 0.62, 0.506683
0.75, 0.497548, 0.38, 0.62, 0.494684
0.75, 0.498173, 0.38, 0.62, 0.501342
0.75, 0.483862, 0.38, 0.62, 0.482299
0.75, 0.497576, 0.38, 0.62, 0.495887
0.75, 0.502734, 0.38, 0.62, 0.501557
0.75, 0.503979, 0.38, 0.62, 0.493003
0.75, 0.524037, 0.38, 0.62, 0.517218
0.75, 0.505827, 0.38, 0.62, 0.493094
0.75, 0.506722, 0.38, 0.62, 0.507356
0.75, 0.497011, 0.38, 0.62, 0.494441
0.75, 0.503065, 0.38, 0.62, 0.49687
0.75, 0.500692, 0.38, 0.62, 0.501551
0.75, 0.520245, 0.38, 0.62, 0.508501
0.75, 0.540626, 0.385, 0.615, 0.525121
0.75, 0.521105, 0.385, 0.615, 0.515925
0.75, 0.527001, 0.385, 0.615, 0.518565
0.75, 0.516613, 0.385, 0.615, 0.507555
0.75, 0.502571, 0.385, 0.615, 0.506272
0.75, 0.517549, 0.385, 0.615, 0.509884
0.75, 0.522385, 0.385, 0.615, 0.509407
0.75, 0.519602, 0.385, 0.615, 0.508614
0.75, 0.522753, 0.385, 0.615, 0.517554
0.75, 0.508085, 0.385, 0.615, 0.498763
0.75, 0.512468, 0.385, 0.615, 0.502712
0.75, 0.513696, 0.385, 0.615, 0.508873
0.75, 0.515377, 0.385, 0.615, 0.507389
0.75, 0.51859, 0.385, 0.615, 0.515513
0.75, 0.50469, 0.385, 0.615, 0.507381
0.75, 0.513148, 0.385, 0.615, 0.506516
0.75, 0.513202, 0.385, 0.615, 0.505277
0.75, 0.519196, 0.385, 0.615, 0.512301
0.75, 0.513513, 0.385, 0.615, 0.502569
0.75, 0.509931, 0.385, 0.615, 0.500836
0.75, 0.515164, 0.385, 0.615, 0.50636
0.75, 0.500991, 0.385, 0.615, 0.49607
0.75, 0.501794, 0.385, 0.615, 0.499758
0.75, 0.511307, 0.385, 0.615, 0.509925
0.75, 0.521252, 0.385, 0.615, 0.510568
0.75, 0.534894, 0.39, 0.61, 0.520977
0.75, 0.52243, 0.39, 0.61, 0.520103
0.75, 0.517624, 0.39, 0.61, 0.51212
0.75, 0.531286, 0.39, 0.61, 0.524079
0.75, 0.511625, 0.39, 0.61, 0.503053
0.75, 0.542214, 0.39, 0.61, 0.530869
0.75, 0.528367, 0.39, 0.61, 0.518607
0.75, 0.520277, 0.39, 0.61, 0.508478
0.75, 0.509742, 0.39, 0.61, 0.510125
0.75, 0.537733, 0.39, 0.61, 0.527069
0.75, 0.537416, 0.39, 0.61, 0.525703
0.75, 0.534326, 0.39, 0.61, 0.528419
0.75, 0.541994, 0.39, 0.61, 0.532394
0.75, 0.533823, 0.39, 0.61, 0.523849
0.75, 0.5361, 0.39, 0.61, 0.52652
0.75, 0.537838, 0.39, 0.61, 0.527856
0.75, 0.539608, 0.39, 0.61, 0.535781
0.75, 0.521464, 0.39, 0.61, 0.519565
0.75, 0.53661, 0.39, 0.61, 0.5238
0.75, 0.521822, 0.39, 0.61, 0.512488
0.75, 0.539927, 0.39, 0.61, 0.530453
0.75, 0.519245, 0.39, 0.61, 0.517942
0.75, 0.515728, 0.39, 0.61, 0.507557
0.75, 0.54062, 0.39, 0.61, 0.530452
0.75, 0.549846, 0.39, 0.61, 0.537356
0.75, 0.535455, 0.395, 0.605, 0.531982
0.75, 0.547523, 0.395, 0.605, 0.533994
0.75, 0.553867, 0.395, 0.605, 0.547286
0.75, 0.553655, 0.395, 0.605, 0.544904
0.75, 0.532588, 0.395, 0.605, 0.521612
0.75, 0.548752, 0.395, 0.605, 0.542847
0.75, 0.546875, 0.395, 0.605, 0.536406
0.75, 0.544271, 0.395, 0.605, 0.533598
0.75, 0.551689, 0.395, 0.605, 0.536218
0.75, 0.543412, 0.395, 0.605, 0.539293
0.75, 0.529049, 0.395, 0.605, 0.522657
0.75, 0.557529, 0.395, 0.605, 0.54515
0.75, 0.54152, 0.395, 0.605, 0.533689
0.75, 0.538818, 0.395, 0.605, 0.536946
0.75, 0.54674, 0.395, 0.605, 0.547998
0.75, 0.541985, 0.395, 0.605, 0.533329
0.75, 0.551079, 0.395, 0.605, 0.538982
0.75, 0.537116, 0.395, 0.605, 0.534482
0.75, 0.547414, 0.395, 0.605, 0.539852
0.75, 0.530634, 0.395, 0.605, 0.519402
0.75, 0.55345, 0.395, 0.605, 0.544377
0.75, 0.546984, 0.395, 0.605, 0.538801
0.75, 0.547759, 0.395, 0.605, 0.536635
0.75, 0.547859, 0.395, 0.605, 0.541086
0.75, 0.539102, 0.395, 0.605, 0.527151
0.75, 0.558382, 0.4, 0.6, 0.546189
0.75, 0.539756, 0.4, 0.6, 0.538943
0.75, 0.561022, 0.4, 0.6, 0.551317
0.75, 0.571248, 0.4, 0.6, 0.558484
0.75, 0.552623, 0.4, 0.6, 0.54042
0.75, 0.571279, 0.4, 0.6, 0.555816
0.75, 0.550585, 0.4, 0.6, 0.54576
0.75, 0.554933, 0.4, 0.6, 0.542089
0.75, 0.552529, 0.4, 0.6, 0.54929
0.75, 0.561656, 0.4, 0.6, 0.552601
0.75, 0.569603, 0.4, 0.6, 0.557405
0.75, 0.546698, 0.4, 0.6, 0.538824
0.75, 0.545002, 0.4, 0.6, 0.535507
0.75, 0.558486, 0.4, 0.6, 0.549752
0.75, 0.540992, 0.4, 0.6, 0.536601
0.75, 0.557537, 0.4, 0.6, 0.55226
0.75, 0.564228, 0.4, 0.6, 0.551802
0.75, 0.564065, 0.4, 0.6, 0.554738
0.75, 0.54848, 0.4, 0.6, 0.543452
0.75, 0.548285, 0.4, 0.6, 0.538544
0.75, 0.558336, 0.4, 0.6, 0.556068
0.75, 0.561486, 0.4, 0.6, 0.553708
0.75, 0.566107, 0.4, 0.6, 0.552837
0.75, 0.556489, 0.4, 0.6, 0.548227
0.75, 0.55191, 0.4, 0.6, 0.548933
0.75, 0.581803, 0.405, 0.595, 0.565478
0.75, 0.577302, 0.405, 0.595, 0.566346
0.75, 0.566818, 0.405, 0.595, 0.556615
0.75, 0.562811, 0.405, 0.595, 0.559783
0.75, 0.567373, 0.405, 0.595, 0.555698
0.75, 0.591628, 0.405, 0.595, 0.576079
0.75, 0.577026, 0.405, 0.595, 0.566698
0.75, 0.574006, 0.405, 0.595, 0.566051
0.75, 0.555822, 0.405, 0.595, 0.552168
0.75, 0.567496, 0.405, 0.595, 0.559691
0.75, 0.559531, 0.405, 0.595, 0.552804
0.75, 0.5564, 0.405, 0.595, 0.554995
0.75, 0.569943, 0.405, 0.595, 0.561076
0.75, 0.55883, 0.405, 0.595, 0.549993
0.75, 0.560921, 0.405, 0.595, 0.545201
0.75, 0.5684, 0.405, 0.595, 0.564689
0.75, 0.556183, 0.405, 0.595, 0.550361
0.75, 0.557915, 0.405, 0.595, 0.550064
0.75, 0.589709, 0.405, 0.595, 0.56983
0.75, 0.540806, 0.405, 0.595, 0.537075
0.75, 0.576938, 0.405, 0.595, 0.557771
0.75, 0.580258, 0.405, 0.595, 0.568441
0.75, 0.562117, 0.405, 0.595, 0.557128
0.75, 0.593532, 0.405, 0.595, 0.579988
0.75, 0.574683, 0.405, 0.595, 0.562522
0.75, 0.584476, 0.41, 0.59, 0.572696
0.75, 0.591198, 0.41, 0.59, 0.578056
0.75, 0.583277, 0.41, 0.59, 0.56769
0.75, 0.569122, 0.41, 0.59, 0.559253
0.75, 0.571324, 0.41, 0.59, 0.561153
0.75, 0.604467, 0.41, 0.59, 0.586799
0.75, 0.576721, 0.41, 0.59, 0.569234
0.75, 0.590543, 0.41, 0.59, 0.581125
0.75, 0.583988, 0.41, 0.59, 0.571962
0.75, 0.597013, 0.41, 0.59, 0.587917
0.75, 0.580808, 0.41, 0.59, 0.569191
0.75, 0.569042, 0.41, 0.59, 0.565614
0.75, 0.582276, 0.41, 0.59, 0.571189
0.75, 0.591505, 0.41, 0.59, 0.576722
0.75, 0.590316, 0.41, 0.59, 0.578769
0.75, 0.57897, 0.41, 0.59, 0.573433
0.75, 0.596759, 0.41, 0.59, 0.582712
0.75, 0.58714, 0.41, 0.59, 0.572947
0.75, 0.574831, 0.41, 0.59, 0.566549
0.75, 0.581422, 0.41, 0.59, 0.570726
0.75, 0.571929, 0.41, 0.59, 0.563121
0.75, 0.586629, 0.41, 0.59, 0.57729
0.75, 0.580215, 0.41, 0.59, 0.571644
0.75, 0.592097, 0.41, 0.59, 0.575291
0.75, 0.600463, 0.41, 0.59, 0.58507
0.75, 0.599732, 0.415, 0.585, 0.586023
0.75, 0.582548, 0.415, 0.585, 0.570984
0.75, 0.576886, 0.415, 0.585, 0.566399
0.75, 0.610224, 0.415, 0.585, 0.598878
0.75, 0.586309, 0.415, 0.585, 0.583079
0.75, 0.59363, 0.415, 0.585, 0.573683
0.75, 0.608716, 0.415, 0.585, 0.596491
0.75, 0.591094, 0.415, 0.585, 0.580393
0.75, 0.578797, 0.415, 0.585, 0.564796
0.75, 0.605156, 0.415, 0.585, 0.589929
0.75, 0.58545, 0.415, 0.585, 0.577985
0.75, 0.6086, 0.415, 0.585, 0.592118
0.75, 0.616866, 0.415, 0.585, 0.601952
0.75, 0.594917, 0.415, 0.585, 0.573906
0.75, 0.56873, 0.415, 0.585, 0.567757
0.75, 0.580768, 0.415, 0.585, 0.570777
0.75, 0.612264, 0.415, 0.585, 0.600429
0.75, 0.58755, 0.415, 0.585, 0.574962
0.75, 0.610323, 0.415, 0.585, 0.593513
0.75, 0.61021, 0.415, 0.585, 0.59306
0.75, 0.595582, 0.415, 0.585, 0.582161
0.75, 0.593125, 0.415, 0.585, 0.585236
0.75, 0.600932, 0.415, 0.585, 0.588942
0.75, 0.577221, 0.415, 0.585, 0.565597
0.75, 0.588162, 0.415, 0.585, 0.575177
0.75, 0.628235, 0.42, 0.58, 0.607814
0.75, 0.613329, 0.42, 0.58, 0.59421
0.75, 0.620717, 0.42, 0.58, 0.605897
0.75, 0.600677, 0.42, 0.58, 0.591583
0.75, 0.592708, 0.42, 0.58, 0.582612
0.75, 0.59148, 0.42, 0.58, 0.582335
0.75, 0.584193, 0.42, 0.58, 0.579119
0.75, 0.595955, 0.42, 0.58, 0.580284
0.75, 0.622781, 0.42, 0.58, 0.610847
0.75, 0.626109, 0.42, 0.58, 0.613893
0.75, 0.616168, 0.42, 0.58, 0.604953
0.75, 0.608119, 0.42, 0.58, 0.599708
0.75, 0.589084, 0.42, 0.58, 0.57942
0.75, 0.604928, 0.42, 0.58, 0.598506
0.75, 0.62359, 0.42, 0.58, 0.604117
0.75, 0.594971, 0.42, 0.58, 0.587324
0.75, 0.609716, 0.42, 0.58, 0.595008
0.75, 0.605801, 0.42, 0.58, 0.59128
0.75, 0.617687, 0.42, 0.58, 0.605227
0.75, 0.608186, 0.42, 0.58, 0.599412
0.75, 0.619501, 0.42, 0.58, 0.60812
0.75, 0.604673, 0.42, 0.58, 0.598306
0.75, 0.627934, 0.42, 0.58, 0.611379
0.75, 0.621916, 0.42, 0.58, 0.611025
0.75, 0.616477, 0.42, 0.58, 0.59631
0.75, 0.627052, 0.425, 0.575, 0.611405
0.75, 0.600684, 0.425, 0.575, 0.599534
0.75, 0.629512, 0.425, 0.575, 0.618536
0.75, 0.628096, 0.425, 0.575, 0.615868
0.75, 0.626521, 0.425, 0.575, 0.612666
0.75, 0.641674, 0.425, 0.575, 0.624026
0.75, 0.621511, 0.425, 0.575, 0.607936
0.75, 0.641301, 0.425, 0.575, 0.619875
0.75, 0.636263, 0.425, 0.575, 0.623593
0.75, 0.641368, 0.425, 0.575, 0.623583
0.75, 0.642895, 0.425, 0.575, 0.624775
0.75, 0.611131, 0.425, 0.575, 0.599105
0.75, 0.651065, 0.425, 0.575, 0.634097
0.75, 0.626958, 0.425, 0.575, 0.610774
0.75, 0.619917, 0.425, 0.575, 0.610847
0.75, 0.65531, 0.425, 0.575, 0.64274
0.75, 0.626267, 0.425, 0.575, 0.611604
0.75, 0.619983, 0.425, 0.575, 0.607328
0.75, 0.594482, 0.425, 0.575, 0.588398
0.75, 0.61586, 0.425, 0.575, 0.603125
0.75, 0.644625, 0.425, 0.575, 0.626981
0.75, 0.627242, 0.425, 0.575, 0.618574
0.75, 0.628064, 0.425, 0.575, 0.61399
0.75, 0.622305, 0.425, 0.575, 0.611897
0.75, 0.60969, 0.425, 0.575, 0.60694
0.75, 0.629892, 0.43, 0.57, 0.622277
0.75, 0.6607, 0.43, 0.57, 0.643254
0.75, 0.657233, 0.43, 0.57, 0.637749
0.75, 0.637112, 0.43, 0.57, 0.623648
0.75, 0.654603, 0.43, 0.57, 0.636364
0.75, 0.648039, 0.43, 0.57, 0.636174
0.75, 0.637066, 0.43, 0.57, 0.623957
0.75, 0.645388, 0.43, 0.57, 0.631494
0.75, 0.645203, 0.43, 0.57, 0.632364
0.75, 0.644995, 0.43, 0.57, 0.628408
0.75, 0.619777, 0.43, 0.57, 0.615734
0.75, 0.66141, 0.43, 0.57, 0.64523
0.75, 0.639412, 0.43, 0.57, 0.626771
0.75, 0.636934, 0.43, 0.57, 0.624371
0.75, 0.641311, 0.43, 0.57, 0.624869
0.75, 0.63862, 0.43, 0.57, 0.62281
0.75, 0.639795, 0.43, 0.57, 0.621365
0.75, 0.648019, 0.43, 0.57, 0.627317
0.75, 0.646368, 0.43, 0.57, 0.631058
0.75, 0.644305, 0.43, 0.57, 0.627276
0.75, 0.648319, 0.43, 0.57, 0.635456
0.75, 0.656582, 0.43, 0.57, 0.64332
0.75, 0.645433, 0.43, 0.57, 0.627098
0.75, 0.645079, 0.43, 0.57, 0.628546
0.75, 0.638991, 0.43, 0.57, 0.623024
0.75, 0.649265, 0.435, 0.565, 0.631639
0.75, 0.663665, 0.435, 0.565, 0.650364
0.75, 0.643635, 0.435, 0.565, 0.632194
0.75, 0.648933, 0.435, 0.565, 0.634199
0.75, 0.66878, 0.435, 0.565, 0.645979
0.75, 0.665067, 0.435, 0.565, 0.649588
0.75, 0.660674, 0.435, 0.565, 0.645276
0.75, 0.68174, 0.435, 0.565, 0.651012
0.75, 0.64907, 0.435, 0.565, 0.624432
0.75, 0.670059, 0.435, 0.565, 0.651489
0.75, 0.661621, 0.435, 0.565, 0.647857
0.75, 0.637572, 0.435, 0.565, 0.627853
0.75, 0.666413, 0.435, 0.565, 0.65444
0.75, 0.64404, 0.435, 0.565, 0.635228
0.75, 0.650282, 0.435, 0.565, 0.63424
0.75, 0.642335, 0.435, 0.565, 0.637091
0.75, 0.638782, 0.435, 0.565, 0.626889
0.75, 0.660848, 0.435, 0.565, 0.647273
0.75, 0.669769, 0.435, 0.565, 0.657378
0.75, 0.650549, 0.435, 0.565, 0.633162
0.75, 0.664406, 0.435, 0.565, 0.6487
0.75, 0.681891, 0.435, 0.565, 0.660276
0.75, 0.672921, 0.435, 0.565, 0.656852
0.75, 0.670617, 0.435, 0.565, 0.6488
0.75, 0.670267, 0.435, 0.565, 0.650034
0.75, 0.67454, 0.44, 0.56, 0.65746
0.75, 0.662188, 0.44, 0.56, 0.643262
0.75, 0.661915, 0.44, 0.56, 0.65074
0.75, 0.676506, 0.44, 0.56, 0.665012
0.75, 0.699813, 0.44, 0.56, 0.684684
0.75, 0.670257, 0.44, 0.56, 0.656584
0.75, 0.675133, 0.44, 0.56, 0.653907
0.75, 0.693654, 0.44, 0.56, 0.674946
0.75, 0.698298, 0.44, 0.56, 0.676734
0.75, 0.691493, 0.44, 0.56, 0.668783
0.75, 0.686703, 0.44, 0.56, 0.668722
0.75, 0.65006, 0.44, 0.56, 0.637527
0.75, 0.666631, 0.44, 0.56, 0.644099
0.75, 0.684166, 0.44, 0.56, 0.668839
0.75, 0.695412, 0.44, 0.56, 0.672858
0.75, 0.679461, 0.44, 0.56, 0.660428
0.75, 0.682116, 0.44, 0.56, 0.666459
0.75, 0.682456, 0.44, 0.56, 0.663849
0.75, 0.666573, 0.44, 0.56, 0.649273
0.75, 0.682803, 0.44, 0.56, 0.666462
0.75, 0.668486, 0.44, 0.56, 0.650884
0.75, 0.666992, 0.44, 0.56, 0.65011
0.75, 0.714348, 0.44, 0.56, 0.69536
0.75, 0.67765, 0.44, 0.56, 0.652603
0.75, 0.679661, 0.44, 0.56, 0.663914
0.75, 0.690985, 0.445, 0.555, 0.672238
0.75, 0.700808, 0.445, 0.555, 0.678285
0.75, 0.675863, 0.445, 0.555, 0.665028
0.75, 0.691158, 0.445, 0.555, 0.67388
0.75, 0.674828, 0.445, 0.555, 0.6564
0.75, 0.715589, 0.445, 0.555, 0.696693
0.75, 0.70277, 0.445, 0.555, 0.6801
0.75, 0.721793, 0.445, 0.555, 0.697663
0.75, 0.685843, 0.445, 0.555, 0.672301
0.75, 0.717994, 0.445, 0.555, 0.692722
0.75, 0.703302, 0.445, 0.555, 0.685817
0.75, 0.662072, 0.445, 0.555, 0.643628
0.75, 0.702681, 0.445, 0.555, 0.677953
0.75, 0.69824, 0.445, 0.555, 0.67337
0.75, 0.704138, 0.445, 0.555, 0.683804
0.75, 0.68097, 0.445, 0.555, 0.663513
0.75, 0.708475, 0.445, 0.555, 0.685748
0.75, 0.688724, 0.445, 0.555, 0.676834
0.75, 0.667885, 0.445, 0.555, 0.654577
0.75, 0.713445, 0.445, 0.555, 0.6922
0.75, 0.715248, 0.445, 0.555, 0.694956
0.75, 0.67591, 0.445, 0.555, 0.659305
0.75, 0.676826, 0.445, 0.555, 0.666464
0.75, 0.718705, 0.445, 0.555, 0.69755
0.75, 0.672137, 0.445, 0.555, 0.657893
0.75, 0.720959, 0.45, 0.55, 0.705114
0.75, 0.706467, 0.45, 0.55, 0.687968
0.75, 0.731241, 0.45, 0.55, 0.706171
0.75, 0.720553, 0.45, 0.55, 0.703698
0.75, 0.70173, 0.45, 0.55, 0.687116
0.75, 0.733691, 0.45, 0.55, 0.713194
0.75, 0.73665, 0.45, 0.55, 0.707998
0.75, 0.714203, 0.45, 0.55, 0.687098
0.75, 0.757708, 0.45, 0.55, 0.733216
0.75, 0.729336, 0.45, 0.55, 0.711421
0.75, 0.736107, 0.45, 0.55, 0.711188
0.75, 0.720468, 0.45, 0.55, 0.701462
0.75, 0.739041, 0.45, 0.55, 0.716592
0.75, 0.715075, 0.45, 0.55, 0.694532
0.75, 0.716226, 0.45, 0.55, 0.694007
0.75, 0.716095, 0.45, 0.55, 0.696461
0.75, 0.701287, 0.45, 0.55, 0.685073
0.75, 0.726718, 0.45, 0.55, 0.711204
0.75, 0.732586, 0.45, 0.55, 0.705186
0.75, 0.727646, 0.45, 0.55, 0.707815
0.75, 0.731289, 0.45, 0.55, 0.706735
0.75, 0.692026, 0.45, 0.55, 0.676847
0.75, 0.688765, 0.45, 0.55, 0.676209
0.75, 0.751316, 0.45, 0.55, 0.726998
0.75, 0.714067, 0.45, 0.55, 0.700121
0.75, 0.732182, 0.455, 0.545, 0.713718
0.75, 0.732985, 0.455, 0.545, 0.710438
0.75, 0.762832, 0.455, 0.545, 0.743156
0.75, 0.751174, 0.455, 0.545, 0.728982
0.75, 0.713154, 0.455, 0.545, 0.695999
0.75, 0.726413, 0.455, 0.545, 0.712352
0.75, 0.750712, 0.455, 0.545, 0.726704
0.75, 0.732772, 0.455, 0.545, 0.712227
0.75, 0.69496, 0.455, 0.545, 0.678832
0.75, 0.73728, 0.455, 0.545, 0.7106
0.75, 0.738268, 0.455, 0.545, 0.71596
0.75, 0.71658, 0.455, 0.545, 0.700788
0.75, 0.723645, 0.455, 0.545, 0.704042
0.75, 0.734802, 0.455, 0.545, 0.712631
0.75, 0.743978, 0.455, 0.545, 0.722849
0.75, 0.717289, 0.455, 0.545, 0.700251
0.75, 0.745828, 0.455, 0.545, 0.71692
0.75, 0.74306, 0.455, 0.545, 0.718461
0.75, 0.726113, 0.455, 0.545, 0.705878
0.75, 0.727746, 0.455, 0.545, 0.704481
0.75, 0.741794, 0.455, 0.545, 0.723979
0.75, 0.743396, 0.455, 0.545, 0.715683
0.75, 0.735278, 0.455, 0.545, 0.713417
0.75, 0.756961, 0.455, 0.545, 0.738266
0.75, 0.72191, 0.455, 0.545, 0.703997
0.75, 0.763914, 0.46, 0.54, 0.741122
0.75, 0.772214, 0.46, 0.54, 0.748555
0.75, 0.767695, 0.46, 0.54, 0.744766
0.75, 0.760958, 0.46, 0.54, 0.740656
0.75, 0.76544, 0.46, 0.54, 0.739984
0.75, 0.75922, 0.46, 0.54, 0.731703
0.75, 0.732712, 0.46, 0.54, 0.711296
0.75, 0.764745, 0.46, 0.54, 0.743735
0.75, 0.778975, 0.46, 0.54, 0.755718
0.75, 0.750381, 0.46, 0.54, 0.734483
0.75, 0.763675, 0.46, 0.54, 0.741222
0.75, 0.729448, 0.46, 0.54, 0.708875
0.75, 0.758031, 0.46, 0.54, 0.735507
0.75, 0.751789, 0.46, 0.54, 0.729662
0.75, 0.736613, 0.46, 0.54, 0.723339
0.75, 0.787658, 0.46, 0.54, 0.763614
0.75, 0.729327, 0.46, 0.54, 0.713716
0.75, 0.75236, 0.46, 0.54, 0.733151
0.75, 0.748719, 0.46, 0.54, 0.730677
0.75, 0.780584, 0.46, 0.54, 0.758269
0.75, 0.77016, 0.46, 0.54, 0.753336
0.75, 0.773905, 0.46, 0.54, 0.747694
0.75, 0.73239, 0.46, 0.54, 0.712392
0.75, 0.777621, 0.46, 0.54, 0.74858
0.75, 0.757614, 0.46, 0.54, 0.734566
0.75, 0.767441, 0.465, 0.535, 0.753379
0.75, 0.78312, 0.465, 0.535, 0.758823
0.75, 0.770041, 0.465, 0.535, 0.749691
0.75, 0.780962, 0.465, 0.535, 0.757355
0.75, 0.795715, 0.465, 0.535, 0.775136
0.75, 0.766305, 0.465, 0.535, 0.742162
0.75, 0.791437, 0.465, 0.535, 0.767461
0.75, 0.782484, 0.465, 0.535, 0.767343
0.75, 0.781402, 0.465, 0.535, 0.749674
0.75, 0.802334, 0.465, 0.535, 0.782513
0.75, 0.754498, 0.465, 0.535, 0.740289
0.75, 0.78889, 0.465, 0.535, 0.771616
0.75, 0.804217, 0.465, 0.535, 0.775947
0.75, 0.77317, 0.465, 0.535, 0.751103
0.75, 0.772091, 0.465, 0.535, 0.749674
0.75, 0.760578, 0.465, 0.535, 0.739437
0.75, 0.788781, 0.465, 0.535, 0.765655
0.75, 0.776433, 0.465, 0.535, 0.756777
0.75, 0.76568, 0.465, 0.535, 0.750736
0.75, 0.78809, 0.465, 0.535, 0.766195
0.75, 0.759008, 0.465, 0.535, 0.737176
0.75, 0.799846, 0.465, 0.535, 0.776687
0.75, 0.778706, 0.465, 0.535, 0.761783
0.75, 0.799301, 0.465, 0.535, 0.774397
0.75, 0.772891, 0.465, 0.535, 0.751435
0.75, 0.800426, 0.47, 0.53, 0.782113
0.75, 0.811535, 0.47, 0.53, 0.785472
0.75, 0.838965, 0.47, 0.53, 0.807669
0.75, 0.801538, 0.47, 0.53, 0.778047
0.75, 0.801175, 0.47, 0.53, 0.784159
0.75, 0.780613, 0.47, 0.53, 0.761917
0.75, 0.809055, 0.47, 0.53, 0.792276
0.75, 0.80734, 0.47, 0.53, 0.780023
0.75, 0.777528, 0.47, 0.53, 0.758291
0.75, 0.785699, 0.47, 0.53, 0.76775
0.75, 0.795383, 0.47, 0.53, 0.771017
0.75, 0.829539, 0.47, 0.53, 0.803593
0.75, 0.793288, 0.47, 0.53, 0.773783
0.75, 0.841363, 0.47, 0.53, 0.812441
0.75, 0.807359, 0.47, 0.53, 0.778044
0.75, 0.795809, 0.47, 0.53, 0.769224
0.75, 0.816262, 0.47, 0.53, 0.790159
0.75, 0.778555, 0.47, 0.53, 0.762138
0.75, 0.797386, 0.47, 0.53, 0.77521
0.75, 0.818521, 0.47, 0.53, 0.795234
0.75, 0.811957, 0.47, 0.53, 0.788861
0.75, 0.805567, 0.47, 0.53, 0.782653
0.75, 0.8248, 0.47, 0.53, 0.793683
0.75, 0.808918, 0.47, 0.53, 0.781522
0.75, 0.772901, 0.47, 0.53, 0.755252
0.75, 0.830868, 0.475, 0.525, 0.809905
0.75, 0.814932, 0.475, 0.525, 0.798557
0.75, 0.8123, 0.475, 0.525, 0.789527
0.75, 0.8304, 0.475, 0.525, 0.80761
0.75, 0.844154, 0.475, 0.525, 0.824231
0.75, 0.819954, 0.475, 0.525, 0.804023
0.75, 0.831205, 0.475, 0.525, 0.814363
0.75, 0.813659, 0.475, 0.525, 0.794567
0.75, 0.867626, 0.475, 0.525, 0.844033
0.75, 0.827585, 0.475, 0.525, 0.807902
0.75, 0.820009, 0.475, 0.525, 0.804266
0.75, 0.834901, 0.475, 0.525, 0.817377
0.75, 0.81843, 0.475, 0.525, 0.799931
0.75, 0.846475, 0.475, 0.525, 0.818388
0.75, 0.835681, 0.475, 0.525, 0.813756
0.75, 0.854646, 0.475, 0.525, 0.830054
0.75, 0.823557, 0.475, 0.525, 0.805608
0.75, 0.855565, 0.475, 0.525, 0.834742
0.75, 0.839209, 0.475, 0.525, 0.817122
0.75, 0.826797, 0.475, 0.525, 0.809656
0.75, 0.82169, 0.475, 0.525, 0.801343
0.75, 0.84731, 0.475, 0.525, 0.823314
0.75, 0.833766, 0.475, 0.525, 0.816245
0.75, 0.81877, 0.475, 0.525, 0.794381
0.75, 0.826101, 0.475, 0.525, 0.80281
0.75, 0.865093, 0.48, 0.52, 0.84507
0.75, 0.849757, 0.48, 0.52, 0.830976
0.75, 0.8669, 0.48, 0.52, 0.845239
0.75, 0.852586, 0.48, 0.52, 0.832321
0.75, 0.859924, 0.48, 0.52, 0.83653
0.75, 0.834552, 0.48, 0.52, 0.813282
0.75, 0.848848, 0.48, 0.52, 0.827394
0.75, 0.867141, 0.48, 0.52, 0.84236
0.75, 0.854417, 0.48, 0.52, 0.83095
0.75, 0.863892, 0.48, 0.52, 0.844362
0.75, 0.864395, 0.48, 0.52, 0.847369
0.75, 0.840622, 0.48, 0.52, 0.82356
0.75, 0.819855, 0.48, 0.52, 0.798686
0.75, 0.850807, 0.48, 0.52, 0.833566
0.75, 0.823276, 0.48, 0.52, 0.808737
0.75, 0.841817, 0.48, 0.52, 0.820983
0.75, 0.824928, 0.48, 0.52, 0.801767
0.75, 0.886578, 0.48, 0.52, 0.864234
0.75, 0.847292, 0.48, 0.52, 0.82325
0.75, 0.853082, 0.48, 0.52, 0.835537
0.75, 0.837327, 0.48, 0.52, 0.813777
0.75, 0.845261, 0.48, 0.52, 0.822109
0.75, 0.826185, 0.48, 0.52, 0.810862
0.75, 0.86568, 0.48, 0.52, 0.83725
0.75, 0.870426, 0.48, 0.52, 0.854899
0.75, 0.921434, 0.485, 0.515, 0.904391
0.75, 0.883851, 0.485, 0.515, 0.868097
0.75, 0.889439, 0.485, 0.515, 0.875
0.75, 0.867141, 0.485, 0.515, 0.85013
0.75, 0.877652, 0.485, 0.515, 0.855215
0.75, 0.90805, 0.485, 0.515, 0.890189
0.75, 0.895968, 0.485, 0.515, 0.874057
0.75, 0.844776, 0.485, 0.515, 0.82554
0.75, 0.911936, 0.485, 0.515, 0.89719
0.75, 0.923906, 0.485, 0.515, 0.902263
0.75, 0.908718, 0.485, 0.515, 0.8957
0.75, 0.902559, 0.485, 0.515, 0.882665
0.75, 0.862346, 0.485, 0.515, 0.841889
0.75, 0.865326, 0.485, 0.515, 0.842184
0.75, 0.891263, 0.485, 0.515, 0.878609
0.75, 0.877667, 0.485, 0.515, 0.856153
0.75, 0.892139, 0.485, 0.515, 0.869047
0.75, 0.903498, 0.485, 0.515, 0.883496
0.75, 0.89408, 0.485, 0.515, 0.869057
0.75, 0.903001, 0.485, 0.515, 0.883597
0.75, 0.90869, 0.485, 0.515, 0.891386
0.75, 0.872847, 0.485, 0.515, 0.852007
0.75, 0.864581, 0.485, 0.515, 0.842539
0.75, 0.909074, 0.485, 0.515, 0.890413
0.75, 0.899815, 0.485, 0.515, 0.88415
0.75, 0.933954, 0.49, 0.51, 0.918831
0.75, 0.939582, 0.49, 0.51, 0.927514
0.75, 0.929443, 0.49, 0.51, 0.91385
0.75, 0.911666, 0.49, 0.51, 0.892726
0.75, 0.948393, 0.49, 0.51, 0.936592
0.75, 0.943587, 0.49, 0.51, 0.928965
0.75, 0.913101, 0.49, 0.51, 0.89777
0.75, 0.914956, 0.49, 0.51, 0.900093
0.75, 0.920429, 0.49, 0.51, 0.901839
0.75, 0.911453, 0.49, 0.51, 0.89173
0.75, 0.912233, 0.49, 0.51, 0.896246
0.75, 0.892962, 0.49, 0.51, 0.875394
0.75, 0.971492, 0.49, 0.51, 0.960104
0.75, 0.958734, 0.49, 0.51, 0.950411
0.75, 0.894196, 0.49, 0.51, 0.875406
0.75, 0.89065, 0.49, 0.51, 0.874393
0.75, 0.927801, 0.49, 0.51, 0.904272
0.75, 0.952054, 0.49, 0.51, 0.939394
0.75, 0.920413, 0.49, 0.51, 0.902518
0.75, 0.936396, 0.49, 0.51, 0.922838
0.75, 0.938956, 0.49, 0.51, 0.923637
0.75, 0.885739, 0.49, 0.51, 0.862585
0.75, 0.929825, 0.49, 0.51, 0.916801
0.75, 0.918996, 0.49, 0.51, 0.909074
0.75, 0.929956, 0.49, 0.51, 0.915947
0.75, 0.946266, 0.495, 0.505, 0.935973
0.75, 0.938357, 0.495, 0.505, 0.923935
0.75, 0.944144, 0.495, 0.505, 0.930992
0.75, 0.903858, 0.495, 0.505, 0.886961
0.75, 0.965006, 0.495, 0.505, 0.955405
0.75, 0.911891, 0.495, 0.505, 0.890577
0.75, 0.919558, 0.495, 0.505, 0.902968
0.75, 0.954315, 0.495, 0.505, 0.945253
0.75, 0.970935, 0.495, 0.505, 0.9633
0.75, 0.936151, 0.495, 0.505, 0.919045
0.75, 0.936906, 0.495, 0.505, 0.923365
0.75, 0.947503, 0.495, 0.505, 0.933831
0.75, 0.953264, 0.495, 0.505, 0.939489
0.75, 0.93644, 0.495, 0.505, 0.923967
0.75, 0.976515, 0.495, 0.505, 0.972115
0.75, 0.972479, 0.495, 0.505, 0.967169
0.75, 0.945581, 0.495, 0.505, 0.93666
0.75, 0.970616, 0.495, 0.505, 0.964275
0.75, 0.962073, 0.495, 0.505, 0.956488
0.75, 0.955412, 0.495, 0.505, 0.94572
0.75, 0.883706, 0.495, 0.505, 0.866095
0.75, 0.953677, 0.495, 0.505, 0.940629
0.75, 0.913938, 0.495, 0.505, 0.898804
0.75, 0.971013, 0.495, 0.505, 0.964252
0.75, 0.909078, 0.495, 0.505, 0.892663
0.75, 0.965144, 0.5, 0.5, 0.956423
0.75, 0.985884, 0.5, 0.5, 0.982155
0.75, 0.996709, 0.5, 0.5, 0.995262
0.75, 0.992938, 0.5, 0.5, 0.990824
0.75, 0.951525, 0.5, 0.5, 0.939297
0.75, 0.947188, 0.5, 0.5, 0.937286
0.75, 0.969097, 0.5, 0.5, 0.96203
0.75, 0.952572, 0.5, 0.5, 0.938522
0.75, 0.954925, 0.5, 0.5, 0.948651
0.75, 0.969975, 0.5, 0.5, 0.961542
0.75, 0.98375, 0.5, 0.5, 0.97974
0.75, 0.977886, 0.5, 0.5, 0.973576
0.75, 0.969687, 0.5, 0.5, 0.961778
0.75, 0.965235, 0.5, 0.5, 0.954437
0.75, 0.962289, 0.5, 0.5, 0.95722
0.75, 0.949345, 0.5, 0.5, 0.942565
0.75, 0.995645, 0.5, 0.5, 0.993721
0.75, 0.993904, 0.5, 0.5, 0.99249
0.75, 0.971809, 0.5, 0.5, 0.965823
0.75, 0.973582, 0.5, 0.5, 0.968249
0.75, 0.980182, 0.5, 0.5, 0.976988
0.75, 0.959003, 0.5, 0.5, 0.954598
0.75, 0.962112, 0.5, 0.5, 0.951916
0.75, 0.986384, 0.5, 0.5, 0.98274
0.75, 0.970964, 0.5, 0.5, 0.964821
0.75, 0.984542, 0.505, 0.495, 0.979803
0.75, 0.999968, 0.505, 0.495, 0.999901
0.75, 0.983179, 0.505, 0.495, 0.980039
0.75, 0.999296, 0.505, 0.495, 0.99941
0.75, 0.992818, 0.505, 0.495, 0.990906
0.75, 0.997028, 0.505, 0.495, 0.996471
0.75, 0.991317, 0.505, 0.495, 0.988026
0.75, 0.998416, 0.505, 0.495, 0.99775
0.75, 0.999239, 0.505, 0.495, 0.998715
0.75, 0.993827, 0.505, 0.495, 0.990863
0.75, 0.981457, 0.505, 0.495, 0.9762
0.75, 0.983936, 0.505, 0.495, 0.97874
0.75, 0.9945, 0.505, 0.495, 0.992537
0.75, 0.99135, 0.505, 0.495, 0.990683
0.75, 0.984525, 0.505, 0.495, 0.978392
0.75, 0.987411, 0.505, 0.495, 0.983117
0.75, 0.964397, 0.505, 0.495, 0.954393
0.75, 0.972095, 0.505, 0.495, 0.965307
0.75, 0.998542, 0.505, 0.495, 0.997931
0.75, 0.977934, 0.505, 0.495, 0.974777
0.75, 0.993237, 0.505, 0.495, 0.991155
0.75, 0.998969, 0.505, 0.495, 0.998718
0.75, 0.993378, 0.505, 0.495, 0.991936
0.75, 0.984376, 0.505, 0.495, 0.979297
0.75, 0.995097, 0.505, 0.495, 0.994848
1, 0.00506964, 0.005, 0.995, 0.00512664
1, 0.00377193, 0.005, 0.995, 0.00435751
1, 0.00441103, 0.005, 0.995, 0.00461882
1, 0.00516279, 0.005, 0.995, 0.00481686
1, 0.00467403, 0.005, 0.995, 0.00505025
1, 0.00465567, 0.005, 0.995, 0.00456621
1, 0.00496683, 0.005, 0.995, 0.00442812
1, 0.00311879, 0.005, 0.995, 0.00415436
1, 0.00551534, 0.005, 0.995, 0.0047
1, 0.00433138, 0.005, 0.995, 0.00456278
1, 0.00427312, 0.005, 0.995, 0.00462939
1, 0.00427417, 0.005, 0.995, 0.00391075
1, 0.00649263, 0.005, 0.995, 0.00610376
1, 0.00484724, 0.005, 0.995, 0.00519688
1, 0.00446271, 0.005, 0.995, 0.00458365
1, 0.00560467, 0.005, 0.995, 0.00508982
1, 0.00456991, 0.005, 0.995, 0.00531135
1, 0.00523089, 0.005, 0.995, 0.00481427
1, 0.00488758, 0.005, 0.995, 0.00522587
1, 0.00526162, 0.005, 0.995, 0.00514717
1, 0.00456905, 0.005, 0.995, 0.00480599
1, 0.00464408, 0.005, 0.995, 0.00509021
1, 0.0051733, 0.005, 0.995, 0.00504344
1, 0.00445607, 0.005, 0.995, 0.0046354
1, 0.00426628, 0.005, 0.995, 0.00497963
1, 0.00987383, 0.01, 0.99, 0.00948435
1, 0.00944174, 0.01, 0.99, 0.0099733
1, 0.0109252, 0.01, 0.99, 0.0109164
1, 0.0119057, 0.01, 0.99, 0.0102226
1, 0.0103917, 0.01, 0.99, 0.0100402
1, 0.0102664, 0.01, 0.99, 0.0101618
1, 0.00950235, 0.01, 0.99, 0.0100241
1, 0.00969589, 0.01, 0.99, 0.0113642
1, 0.0107134, 0.01, 0.99, 0.0096489
1, 0.00887526, 0.01, 0.99, 0.00933963
1, 0.0113357, 0.01, 0.99, 0.0109408
1, 0.00983944, 0.01, 0.99, 0.0107104
1, 0.0102185, 0.01, 0.99, 0.0102219
1, 0.0100673, 0.01, 0.99, 0.00999746
1, 0.0093988, 0.01, 0.99, 0.00980196
1, 0.0125217, 0.01, 0.99, 0.011482
1, 0.00968667, 0.01, 0.99, 0.00958206
1, 0.00960635, 0.01, 0.99, 0.0102417
1, 0.0104179, 0.01, 0.99, 0.00991357
1, 0.00927945, 0.01, 0.99, 0.009137
1, 0.0100409, 0.01, 0.99, 0.0100112
1, 0.00929325, 0.01, 0.99, 0.00960903
1, 0.0106155, 0.01, 0.99, 0.00976832
1, 0.00884805, 0.01, 0.99, 0.00953438
1, 0.0102774, 0.01, 0.99, 0.00969396
1, 0.0144842, 0.015, 0.985, 0.0143786
1, 0.0147713, 0.015, 0.985, 0.0147331
1, 0.014798, 0.015, 0.985, 0.014792
1, 0.0141453, 0.015, 0.985, 0.0157801
1, 0.0162112, 0.015, 0.985, 0.0164852
1, 0.0154733, 0.015, 0.985, 0.0158867
1, 0.0135436, 0.015, 0.985, 0.0140055
1, 0.015104, 0.015, 0.985, 0.0133649
1, 0.0119207, 0.015, 0.985, 0.0136888
1, 0.0157361, 0.015, 0.985, 0.0163759
1, 0.0163444, 0.015, 0.985, 0.0155877
1, 0.0172838, 0.015, 0.985, 0.0158567
1, 0.0177303, 0.015, 0.985, 0.0170636
1, 0.01486, 0.015, 0.985, 0.0154668
1, 0.0151197, 0.015, 0.985, 0.0152891
1, 0.0146754, 0.015, 0.985, 0.0142197
1, 0.0148722, 0.015, 0.985, 0.0147224
1, 0.0143943, 0.015, 0.985, 0.0153719
1, 0.0176676, 0.015, 0.985, 0.015903
1, 0.0175023, 0.015, 0.985, 0.0160526
1, 0.0146344, 0.015, 0.985, 0.0150678
1, 0.0159601, 0.015, 0.985, 0.0145418
1, 0.0169316, 0.015, 0.985, 0.016513
1, 0.0168358, 0.015, 0.985, 0.0155995
1, 0.0154106, 0.015, 0.985, 0.0158414
1, 0.0180557, 0.02, 0.98, 0.0200193
1, 0.020171, 0.02, 0.98, 0.0203102
1, 0.0222026, 0.02, 0.98, 0.0211578
1, 0.0203306, 0.02, 0.98, 0.0202357
1, 0.0213953, 0.02, 0.98, 0.0205374
1, 0.0229433, 0.02, 0.98, 0.0218941
1, 0.0201289, 0.02, 0.98, 0.0211128
1, 0.0202894, 0.02, 0.98, 0.0209615
1, 0.0207256, 0.02, 0.98, 0.0211575
1, 0.0188012, 0.02, 0.98, 0.0185702
1, 0.0214545, 0.02, 0.98, 0.0215259
1, 0.0209482, 0.02, 0.98, 0.0211919
1, 0.0190417, 0.02, 0.98, 0.0192592
1, 0.0196412, 0.02, 0.98, 0.0204082
1, 0.0209538, 0.02, 0.98, 0.0201541
1, 0.0217762, 0.02, 0.98, 0.0217604
1, 0.0224144, 0.02, 0.98, 0.021313
1, 0.0210745, 0.02, 0.98, 0.0216951
1, 0.0214531, 0.02, 0.98, 0.0212569
1, 0.0205427, 0.02, 0.98, 0.0186685
1, 0.0213633, 0.02, 0.98, 0.0198686
1, 0.0232364, 0.02, 0.98, 0.0221962
1, 0.0210181, 0.02, 0.98, 0.0210436
1, 0.0209247, 0.02, 0.98, 0.0201459
1, 0.0233287, 0.02, 0.98, 0.022158
1, 0.0262126, 0.025, 0.975, 0.0267068
1, 0.0248174, 0.025, 0.975, 0.0249859
1, 0.0236493, 0.025, 0.975, 0.0243728
1, 0.0276915, 0.025, 0.975, 0.0262553
1, 0.0246617, 0.025, 0.975, 0.0242802
1, 0.0248191, 0.025, 0.975, 0.0248542
1, 0.0273863, 0.025, 0.975, 0.0259654
1, 0.0260387, 0.025, 0.975, 0.0264221
1, 0.0259567, 0.025, 0.975, 0.0250872
1, 0.0247547, 0.025, 0.975, 0.0249388
1, 0.0260258, 0.025, 0.975, 0.0256856
1, 0.0251989, 0.025, 0.975, 0.0251008
1, 0.0274856, 0.025, 0.975, 0.0260202
1, 0.0250288, 0.025, 0.975, 0.0240678
1, 0.0247913, 0.025, 0.975, 0.0243124
1, 0.027016, 0.025, 0.975, 0.026301
1, 0.0260791, 0.025, 0.975, 0.024608
1, 0.0239312, 0.025, 0.975, 0.0254173
1, 0.025815, 0.025, 0.975, 0.0246933
1, 0.0241871, 0.025, 0.975, 0.0261066
1, 0.0246362, 0.025, 0.975, 0.0253981
1, 0.0259793, 0.025, 0.975, 0.0257737
1, 0.0272474, 0.025, 0.975, 0.0262298
1, 0.0246947, 0.025, 0.975, 0.025374
1, 0.0227974, 0.025, 0.975, 0.0231973
1, 0.0311653, 0.03, 0.97, 0.0301653
1, 0.0352053, 0.03, 0.97, 0.0334314
1, 0.0292771, 0.03, 0.97, 0.030889
1, 0.0299238, 0.03, 0.97, 0.0297202
1, 0.0309069, 0.03, 0.97, 0.0313783
1, 0.0282008, 0.03, 0.97, 0.0295488
1, 0.0323283, 0.03, 0.97, 0.0314023
1, 0.0326425, 0.03, 0.97, 0.0326076
1, 0.0302675, 0.03, 0.97, 0.0306995
1, 0.033422, 0.03, 0.97, 0.0314576
1, 0.0292551, 0.03, 0.97, 0.0310756
1, 0.0310973, 0.03, 0.97, 0.0325324
1, 0.0274519, 0.03, 0.97, 0.0296129
1, 0.0346383, 0.03, 0.97, 0.0316811
1, 0.0319511, 0.03, 0.97, 0.0331423
1, 0.0295807, 0.03, 0.97, 0.0301167
1, 0.0302428, 0.03, 0.97, 0.0314481
1, 0.0323827, 0.03, 0.97, 0.0314664
1, 0.0302461, 0.03, 0.97, 0.0295002
1, 0.0288035, 0.03, 0.97, 0.0303699
1, 0.0331203, 0.03, 0.97, 0.0326459
1, 0.0341141, 0.03, 0.97, 0.0345633
1, 0.0307787, 0.03, 0.97, 0.0324806
1, 0.0313635, 0.03, 0.97, 0.0304037
1, 0.0311556, 0.03, 0.97, 0.0315148
1, 0.0359839, 0.035, 0.965, 0.0368105
1, 0.0380425, 0.035, 0.965, 0.0380035
1, 0.0384254, 0.035, 0.965, 0.037842
1, 0.0352495, 0.035, 0.965, 0.034429
1, 0.0343435, 0.035, 0.965, 0.0353804
1, 0.0346978, 0.035, 0.965, 0.0359832
1, 0.0386635, 0.035, 0.965, 0.0375091
1, 0.0351064, 0.035, 0.965, 0.0361316
1, 0.0345452, 0.035, 0.965, 0.0346314
1, 0.0360741, 0.035, 0.965, 0.0379472
1, 0.0361219, 0.035, 0.965, 0.0353132
1, 0.0359863, 0.035, 0.965, 0.0354922
1, 0.0391005, 0.035, 0.965, 0.0377339
1, 0.0360966, 0.035, 0.965, 0.0357512
1, 0.0360611, 0.035, 0.965, 0.0376311
1, 0.0380298, 0.035, 0.965, 0.0368497
1, 0.0330248, 0.035, 0.965, 0.0348212
1, 0.0392197, 0.035, 0.965, 0.0370716
1, 0.0343942, 0.035, 0.965, 0.0353147
1, 0.0339286, 0.035, 0.965, 0.0335734
1, 0.0358612, 0.035, 0.965, 0.0375851
1, 0.0382245, 0.035, 0.965, 0.0372188
1, 0.0346998, 0.035, 0.965, 0.0347951
1, 0.036672, 0.035, 0.965, 0.0364661
1, 0.0370478, 0.035, 0.965, 0.0368526
1, 0.0422301, 0.04, 0.96, 0.0428624
1, 0.0414891, 0.04, 0.96, 0.041468
1, 0.0385725, 0.04, 0.96, 0.0418017
1, 0.0389993, 0.04, 0.96, 0.039302
1, 0.0405041, 0.04, 0.96, 0.0417324
1, 0.0376135, 0.04, 0.96, 0.038506
1, 0.0429743, 0.04, 0.96, 0.0428314
1, 0.042564, 0.04, 0.96, 0.0425958
1, 0.0376009, 0.04, 0.96, 0.0386344
1, 0.0402431, 0.04, 0.96, 0.0417533
1, 0.0420086, 0.04, 0.96, 0.0404349
1, 0.0393315, 0.04, 0.96, 0.0404444
1, 0.0385574, 0.04, 0.96, 0.0391904
1, 0.0407622, 0.04, 0.96, 0.0406487
1, 0.0420879, 0.04, 0.96, 0.0405855
1, 0.0423844, 0.04, 0.96, 0.0408918
1, 0.0403246, 0.04, 0.96, 0.0409001
1, 0.0442406, 0.04, 0.96, 0.0437006
1, 0.039793, 0.04, 0.96, 0.0387193
1, 0.0420943, 0.04, 0.96, 0.0448442
1, 0.0406729, 0.04, 0.96, 0.0428334
1, 0.0388845, 0.04, 0.96, 0.0380878
1, 0.0434822, 0.04, 0.96, 0.0427275
1, 0.0379049, 0.04, 0.96, 0.0385473
1, 0.0438197, 0.04, 0.96, 0.0425143
1, 0.0457398, 0.045, 0.955, 0.0462323
1, 0.0448388, 0.045, 0.955, 0.0448645
1, 0.0454885, 0.045, 0.955, 0.0466757
1, 0.0436139, 0.045, 0.955, 0.0454545
1, 0.0501154, 0.045, 0.955, 0.0500732
1, 0.045704, 0.045, 0.955, 0.046884
1, 0.0478528, 0.045, 0.955, 0.0465322
1, 0.0482094, 0.045, 0.955, 0.0512251
1, 0.0475545, 0.045, 0.955, 0.0474661
1, 0.0467481, 0.045, 0.955, 0.0462659
1, 0.0529907, 0.045, 0.955, 0.0492025
1, 0.0455535, 0.045, 0.955, 0.0457328
1, 0.044588, 0.045, 0.955, 0.045332
1, 0.0494448, 0.045, 0.955, 0.0486464
1, 0.0493799, 0.045, 0.955, 0.0487818
1, 0.0462996, 0.045, 0.955, 0.0458999
1, 0.0451424, 0.045, 0.955, 0.0457134
1, 0.0491106, 0.045, 0.955, 0.0475173
1, 0.0481583, 0.045, 0.955, 0.0470224
1, 0.0528555, 0.045, 0.955, 0.0504535
1, 0.0437321, 0.045, 0.955, 0.0445998
1, 0.0469363, 0.045, 0.955, 0.0476767
1, 0.049857, 0.045, 0.955, 0.0481146
1, 0.0500658, 0.045, 0.955, 0.0498219
1, 0.0467611, 0.045, 0.955, 0.0474356
1, 0.0523576, 0.05, 0.95, 0.0523459
1, 0.0503076, 0.05, 0.95, 0.0515442
1, 0.0519612, 0.05, 0.95, 0.0504794
1, 0.0521973, 0.05, 0.95, 0.0508573
1, 0.0531854, 0.05, 0.95, 0.0525985
1, 0.0531295, 0.05, 0.95, 0.0542929
1, 0.0559948, 0.05, 0.95, 0.0538458
1, 0.0525714, 0.05, 0.95, 0.0536414
1, 0.0547344, 0.05, 0.95, 0.0547092
1, 0.0556502, 0.05, 0.95, 0.0548377
1, 0.0547801, 0.05, 0.95, 0.0507143
1, 0.0495209, 0.05, 0.95, 0.0519251
1, 0.0495434, 0.05, 0.95, 0.0505806
1, 0.0539892, 0.05, 0.95, 0.052529
1, 0.0496586, 0.05, 0.95, 0.0503838
1, 0.0556669, 0.05, 0.95, 0.0531642
1, 0.054413, 0.05, 0.95, 0.0511182
1, 0.049601, 0.05, 0.95, 0.0496313
1, 0.0511741, 0.05, 0.95, 0.0518954
1, 0.0557877, 0.05, 0.95, 0.0531768
1, 0.0517917, 0.05, 0.95, 0.0511229
1, 0.0512728, 0.05, 0.95, 0.0531831
1, 0.0547506, 0.05, 0.95, 0.0527501
1, 0.055977, 0.05, 0.95, 0.0531758
1, 0.0533965, 0.05, 0.95, 0.0530699
1, 0.0610453, 0.055, 0.945, 0.0605786
1, 0.056409, 0.055, 0.945, 0.0562372
1, 0.0586219, 0.055, 0.945, 0.0582278
1, 0.0595989, 0.055, 0.945, 0.0577845
1, 0.0595509, 0.055, 0.945, 0.0572139
1, 0.0638553, 0.055, 0.945, 0.0615646
1, 0.0599663, 0.055, 0.945, 0.0599684
1, 0.05897, 0.055, 0.945, 0.0584357
1, 0.0615934, 0.055, 0.945, 0.0578624
1, 0.0605991, 0.055, 0.945, 0.0583496
1, 0.057521, 0.055, 0.945, 0.0580137
1, 0.0577534, 0.055, 0.945, 0.0577379
1, 0.0561211, 0.055, 0.945, 0.0570958
1, 0.0549839, 0.055, 0.945, 0.0577137
1, 0.0620455, 0.055, 0.945, 0.062668
1, 0.0606429, 0.055, 0.945, 0.0590962
1, 0.0609442, 0.055, 0.945, 0.0606444
1, 0.0553086, 0.055, 0.945, 0.0544423
1, 0.0587586, 0.055, 0.945, 0.0587428
1, 0.0613667, 0.055, 0.945, 0.0603039
1, 0.0590506, 0.055, 0.945, 0.0590458
1, 0.0554013, 0.055, 0.945, 0.0568847
1, 0.0566659, 0.055, 0.945, 0.055176
1, 0.0619248, 0.055, 0.945, 0.0600752
1, 0.0618971, 0.055, 0.945, 0.0605358
1, 0.0570655, 0.06, 0.94, 0.0601289
1, 0.0608298, 0.06, 0.94, 0.0612426
1, 0.0666648, 0.06, 0.94, 0.0643951
1, 0.06276, 0.06, 0.94, 0.0642094
1, 0.0664974, 0.06, 0.94, 0.0618752
1, 0.0626566, 0.06, 0.94, 0.0613741
1, 0.0615293, 0.06, 0.94, 0.0611676
1, 0.0641957, 0.06, 0.94, 0.0650982
1, 0.0612339, 0.06, 0.94, 0.0630099
1, 0.0590225, 0.06, 0.94, 0.0601559
1, 0.0622959, 0.06, 0.94, 0.0623213
1, 0.0638815, 0.06, 0.94, 0.0641878
1, 0.0623591, 0.06, 0.94, 0.0614826
1, 0.0625508, 0.06, 0.94, 0.0618978
1, 0.0635228, 0.06, 0.94, 0.062364
1, 0.0638957, 0.06, 0.94, 0.0659055
1, 0.0620591, 0.06, 0.94, 0.0613658
1, 0.0629702, 0.06, 0.94, 0.0644707
1, 0.0627552, 0.06, 0.94, 0.0629341
1, 0.0616192, 0.06, 0.94, 0.0625098
1, 0.0674265, 0.06, 0.94, 0.0651049
1, 0.0670495, 0.06, 0.94, 0.0652921
1, 0.0674095, 0.06, 0.94, 0.0665244
1, 0.0648622, 0.06, 0.94, 0.0637427
1, 0.0632532, 0.06, 0.94, 0.0622861
1, 0.067658, 0.065, 0.935, 0.0696209
1, 0.0679158, 0.065, 0.935, 0.0686921
1, 0.0700994, 0.065, 0.935, 0.0694385
1, 0.0692477, 0.065, 0.935, 0.0646412
1, 0.0666564, 0.065, 0.935, 0.0672175
1, 0.0682561, 0.065, 0.935, 0.06902
1, 0.0675465, 0.065, 0.935, 0.0656587
1, 0.0678618, 0.065, 0.935, 0.0704979
1, 0.067783, 0.065, 0.935, 0.0673839
1, 0.0654074, 0.065, 0.935, 0.0676466
1, 0.0687269, 0.065, 0.935, 0.070977
1, 0.0677747, 0.065, 0.935, 0.0670459
1, 0.0738814, 0.065, 0.935, 0.071581
1, 0.0654797, 0.065, 0.935, 0.0677092
1, 0.0744894, 0.065, 0.935, 0.0713753
1, 0.0680401, 0.065, 0.935, 0.0697575
1, 0.0701859, 0.065, 0.935, 0.0715589
1, 0.0704013, 0.065, 0.935, 0.0694764
1, 0.0755748, 0.065, 0.935, 0.0722367
1, 0.0661179, 0.065, 0.935, 0.0687051
1, 0.0655002, 0.065, 0.935, 0.0680623
1, 0.065015, 0.065, 0.935, 0.0666065
1, 0.0722517, 0.065, 0.935, 0.0716302
1, 0.0687562, 0.065, 0.935, 0.0701131
1, 0.0670278, 0.065, 0.935, 0.068072
1, 0.0744335, 0.07, 0.93, 0.0740465
1, 0.0751476, 0.07, 0.93, 0.0765548
1, 0.0705767, 0.07, 0.93, 0.0732333
1, 0.0765493, 0.07, 0.93, 0.0742277
1, 0.0719273, 0.07, 0.93, 0.0739861
1, 0.071986, 0.07, 0.93, 0.0738882
1, 0.0693358, 0.07, 0.93, 0.0747998
1, 0.071239, 0.07, 0.93, 0.0719824
1, 0.0693378, 0.07, 0.93, 0.0737337
1, 0.0742269, 0.07, 0.93, 0.0735201
1, 0.0751232, 0.07, 0.93, 0.0740486
1, 0.0782231, 0.07, 0.93, 0.0751464
1, 0.0723297, 0.07, 0.93, 0.0711166
1, 0.0728302, 0.07, 0.93, 0.0717971
1, 0.0712553, 0.07, 0.93, 0.0724784
1, 0.0714292, 0.07, 0.93, 0.0720034
1, 0.0729481, 0.07, 0.93, 0.0737561
1, 0.0748234, 0.07, 0.93, 0.0759139
1, 0.0785314, 0.07, 0.93, 0.0761646
1, 0.0775695, 0.07, 0.93, 0.0780697
1, 0.0779755, 0.07, 0.93, 0.0749705
1, 0.0730474, 0.07, 0.93, 0.0736514
1, 0.0746875, 0.07, 0.93, 0.0719456
1, 0.0751785, 0.07, 0.93, 0.0736887
1, 0.0696163, 0.07, 0.93, 0.0727214
1, 0.0843585, 0.075, 0.925, 0.0824331
1, 0.0785204, 0.075, 0.925, 0.0782442
1, 0.0759586, 0.075, 0.925, 0.0769683
1, 0.0773319, 0.075, 0.925, 0.0780451
1, 0.0829306, 0.075, 0.925, 0.082286
1, 0.0803261, 0.075, 0.925, 0.0800642
1, 0.0748343, 0.075, 0.925, 0.0767095
1, 0.0798101, 0.075, 0.925, 0.0776118
1, 0.0822549, 0.075, 0.925, 0.0796223
1, 0.0832611, 0.075, 0.925, 0.081636
1, 0.0776225, 0.075, 0.925, 0.0799553
1, 0.0796468, 0.075, 0.925, 0.0805053
1, 0.0783489, 0.075, 0.925, 0.0799203
1, 0.0809348, 0.075, 0.925, 0.0805624
1, 0.0788346, 0.075, 0.925, 0.0797932
1, 0.0796691, 0.075, 0.925, 0.0811028
1, 0.0850329, 0.075, 0.925, 0.0833199
1, 0.0861222, 0.075, 0.925, 0.0848925
1, 0.0807642, 0.075, 0.925, 0.0811188
1, 0.0793071, 0.075, 0.925, 0.0822979
1, 0.0818492, 0.075, 0.925, 0.0824268
1, 0.0858592, 0.075, 0.925, 0.0856427
1, 0.0862403, 0.075, 0.925, 0.0857776
1, 0.087595, 0.075, 0.925, 0.0851484
1, 0.0817774, 0.075, 0.925, 0.0816824
1, 0.083032, 0.08, 0.92, 0.0852441
1, 0.0815322, 0.08, 0.92, 0.0837719
1, 0.085668, 0.08, 0.92, 0.0861901
1, 0.0872146, 0.08, 0.92, 0.0851213
1, 0.0894762, 0.08, 0.92, 0.086631
1, 0.0815781, 0.08, 0.92, 0.0831572
1, 0.084018, 0.08, 0.92, 0.0841563
1, 0.081653, 0.08, 0.92, 0.0849172
1, 0.0851854, 0.08, 0.92, 0.0841151
1, 0.0860138, 0.08, 0.92, 0.0867708
1, 0.0836743, 0.08, 0.92, 0.083583
1, 0.0847261, 0.08, 0.92, 0.0873719
1, 0.0864923, 0.08, 0.92, 0.0868337
1, 0.0902889, 0.08, 0.92, 0.0889497
1, 0.081922, 0.08, 0.92, 0.0828883
1, 0.0792506, 0.08, 0.92, 0.0822356
1, 0.088694, 0.08, 0.92, 0.0904284
1, 0.0836415, 0.08, 0.92, 0.0839489
1, 0.087512, 0.08, 0.92, 0.0881607
1, 0.0883181, 0.08, 0.92, 0.0846235
1, 0.0873232, 0.08, 0.92, 0.0887861
1, 0.0874109, 0.08, 0.92, 0.0900168
1, 0.0844771, 0.08, 0.92, 0.0874667
1, 0.0851484, 0.08, 0.92, 0.0875414
1, 0.0866352, 0.08, 0.92, 0.0885639
1, 0.0893266, 0.085, 0.915, 0.0892171
1, 0.0932715, 0.085, 0.915, 0.0935527
1, 0.101934, 0.085, 0.915, 0.0985526
1, 0.0944767, 0.085, 0.915, 0.0938224
1, 0.0900349, 0.085, 0.915, 0.0905052
1, 0.0938415, 0.085, 0.915, 0.0947994
1, 0.0928853, 0.085, 0.915, 0.0952201
1, 0.0904002, 0.085, 0.915, 0.0924262
1, 0.090991, 0.085, 0.915, 0.0911085
1, 0.0927827, 0.085, 0.915, 0.0910805
1, 0.0914389, 0.085, 0.915, 0.0929115
1, 0.0916375, 0.085, 0.915, 0.0906549
1, 0.0952826, 0.085, 0.915, 0.0925649
1, 0.095499, 0.085, 0.915, 0.0929128
1, 0.0919282, 0.085, 0.915, 0.0927213
1, 0.0826659, 0.085, 0.915, 0.0862833
1, 0.0886164, 0.085, 0.915, 0.0899225
1, 0.0899521, 0.085, 0.915, 0.0942585
1, 0.0926114, 0.085, 0.915, 0.0922396
1, 0.0892957, 0.085, 0.915, 0.0888422
1, 0.0930738, 0.085, 0.915, 0.0888104
1, 0.0898415, 0.085, 0.915, 0.0911781
1, 0.0934416, 0.085, 0.915, 0.0935151
1, 0.0940679, 0.085, 0.915, 0.094492
1, 0.0942377, 0.085, 0.915, 0.0940189
1, 0.0984405, 0.09, 0.91, 0.0969786
1, 0.0962985, 0.09, 0.91, 0.0943135
1, 0.0996648, 0.09, 0.91, 0.0994273
1, 0.101526, 0.09, 0.91, 0.102088
1, 0.0987449, 0.09, 0.91, 0.0979959
1, 0.0925026, 0.09, 0.91, 0.0956067
1, 0.0951566, 0.09, 0.91, 0.0950702
1, 0.0960877, 0.09, 0.91, 0.0943182
1, 0.097537, 0.09, 0.91, 0.0977157
1, 0.0988391, 0.09, 0.91, 0.0992313
1, 0.0896497, 0.09, 0.91, 0.0933153
1, 0.0976085, 0.09, 0.91, 0.0989023
1, 0.104141, 0.09, 0.91, 0.103065
1, 0.097563, 0.09, 0.91, 0.0961088
1, 0.0939842, 0.09, 0.91, 0.0969611
1, 0.0946202, 0.09, 0.91, 0.0961993
1, 0.0961222, 0.09, 0.91, 0.0957614
1, 0.09997, 0.09, 0.91, 0.099962
1, 0.0956188, 0.09, 0.91, 0.0967087
1, 0.0973523, 0.09, 0.91, 0.0974745
1, 0.0977056, 0.09, 0.91, 0.0995949
1, 0.101297, 0.09, 0.91, 0.0984527
1, 0.10009, 0.09, 0.91, 0.101616
1, 0.0966162, 0.09, 0.91, 0.0972915
1, 0.0979676, 0.09, 0.91, 0.0974353
1, 0.104594, 0.095, 0.905, 0.107199
1, 0.103876, 0.095, 0.905, 0.101744
1, 0.100313, 0.095, 0.905, 0.100583
1, 0.108986, 0.095, 0.905, 0.106714
1, 0.0994622, 0.095, 0.905, 0.0982148
1, 0.105032, 0.095, 0.905, 0.103766
1, 0.10565, 0.095, 0.905, 0.103581
1, 0.103475, 0.095, 0.905, 0.104876
1, 0.0998877, 0.095, 0.905, 0.101343
1, 0.106948, 0.095, 0.905, 0.10337
1, 0.104531, 0.095, 0.905, 0.106404
1, 0.109075, 0.095, 0.905, 0.10705
1, 0.104156, 0.095, 0.905, 0.104717
1, 0.102157, 0.095, 0.905, 0.104352
1, 0.10517, 0.095, 0.905, 0.106177
1, 0.104085, 0.095, 0.905, 0.105645
1, 0.0968597, 0.095, 0.905, 0.100661
1, 0.10646, 0.095, 0.905, 0.105228
1, 0.0991045, 0.095, 0.905, 0.100395
1, 0.1034, 0.095, 0.905, 0.103392
1, 0.0986371, 0.095, 0.905, 0.101327
1, 0.100832, 0.095, 0.905, 0.103953
1, 0.101798, 0.095, 0.905, 0.102007
1, 0.10318, 0.095, 0.905, 0.107157
1, 0.103383, 0.095, 0.905, 0.105272
1, 0.111396, 0.1, 0.9, 0.11076
1, 0.10724, 0.1, 0.9, 0.107059
1, 0.102999, 0.1, 0.9, 0.105469
1, 0.106447, 0.1, 0.9, 0.109503
1, 0.103879, 0.1, 0.9, 0.107331
1, 0.110096, 0.1, 0.9, 0.1074
1, 0.116041, 0.1, 0.9, 0.113458
1, 0.105736, 0.1, 0.9, 0.105664
1, 0.109613, 0.1, 0.9, 0.109815
1, 0.111989, 0.1, 0.9, 0.111178
1, 0.108053, 0.1, 0.9, 0.110654
1, 0.110232, 0.1, 0.9, 0.114763
1, 0.102822, 0.1, 0.9, 0.105599
1, 0.109743, 0.1, 0.9, 0.109699
1, 0.111178, 0.1, 0.9, 0.111639
1, 0.112362, 0.1, 0.9, 0.111529
1, 0.106705, 0.1, 0.9, 0.10843
1, 0.104241, 0.1, 0.9, 0.104575
1, 0.112092, 0.1, 0.9, 0.107828
1, 0.107857, 0.1, 0.9, 0.108366
1, 0.105062, 0.1, 0.9, 0.106358
1, 0.108656, 0.1, 0.9, 0.110315
1, 0.110123, 0.1, 0.9, 0.108045
1, 0.105973, 0.1, 0.9, 0.108306
1, 0.103513, 0.1, 0.9, 0.105787
1, 0.11398, 0.105, 0.895, 0.115395
1, 0.11005, 0.105, 0.895, 0.110133
1, 0.115736, 0.105, 0.895, 0.114437
1, 0.105979, 0.105, 0.895, 0.109234
1, 0.114756, 0.105, 0.895, 0.116751
1, 0.120071, 0.105, 0.895, 0.119509
1, 0.112446, 0.105, 0.895, 0.114833
1, 0.121629, 0.105, 0.895, 0.117221
1, 0.108938, 0.105, 0.895, 0.112017
1, 0.115808, 0.105, 0.895, 0.11248
1, 0.116644, 0.105, 0.895, 0.118344
1, 0.118233, 0.105, 0.895, 0.117054
1, 0.12206, 0.105, 0.895, 0.124101
1, 0.116513, 0.105, 0.895, 0.111087
1, 0.113937, 0.105, 0.895, 0.114778
1, 0.117576, 0.105, 0.895, 0.11668
1, 0.115428, 0.105, 0.895, 0.116277
1, 0.112692, 0.105, 0.895, 0.115481
1, 0.11099, 0.105, 0.895, 0.115765
1, 0.114925, 0.105, 0.895, 0.114921
1, 0.108934, 0.105, 0.895, 0.114582
1, 0.111613, 0.105, 0.895, 0.114127
1, 0.113681, 0.105, 0.895, 0.111586
1, 0.113039, 0.105, 0.895, 0.11532
1, 0.111311, 0.105, 0.895, 0.110936
1, 0.123228, 0.11, 0.89, 0.122276
1, 0.117935, 0.11, 0.89, 0.119291
1, 0.118528, 0.11, 0.89, 0.118178
1, 0.119718, 0.11, 0.89, 0.12
1, 0.118949, 0.11, 0.89, 0.121846
1, 0.119745, 0.11, 0.89, 0.123344
1, 0.11708, 0.11, 0.89, 0.120512
1, 0.12206, 0.11, 0.89, 0.12186
1, 0.119298, 0.11, 0.89, 0.12132
1, 0.118095, 0.11, 0.89, 0.118342
1, 0.116271, 0.11, 0.89, 0.119313
1, 0.119188, 0.11, 0.89, 0.1196
1, 0.118162, 0.11, 0.89, 0.122296
1, 0.121287, 0.11, 0.89, 0.12057
1, 0.119435, 0.11, 0.89, 0.121637
1, 0.127468, 0.11, 0.89, 0.12722
1, 0.119054, 0.11, 0.89, 0.119252
1, 0.118871, 0.11, 0.89, 0.12121
1, 0.11479, 0.11, 0.89, 0.119499
1, 0.117666, 0.11, 0.89, 0.118425
1, 0.118629, 0.11, 0.89, 0.119234
1, 0.120707, 0.11, 0.89, 0.120642
1, 0.120018, 0.11, 0.89, 0.120177
1, 0.119108, 0.11, 0.89, 0.120726
1, 0.115116, 0.11, 0.89, 0.120722
1, 0.131982, 0.115, 0.885, 0.128394
1, 0.126499, 0.115, 0.885, 0.127026
1, 0.122021, 0.115, 0.885, 0.124605
1, 0.128655, 0.115, 0.885, 0.13049
1, 0.125624, 0.115, 0.885, 0.124645
1, 0.124204, 0.115, 0.885, 0.127099
1, 0.126219, 0.115, 0.885, 0.124864
1, 0.124664, 0.115, 0.885, 0.126694
1, 0.131987, 0.115, 0.885, 0.126984
1, 0.12725, 0.115, 0.885, 0.131186
1, 0.129271, 0.115, 0.885, 0.129193
1, 0.129159, 0.115, 0.885, 0.13207
1, 0.12751, 0.115, 0.885, 0.128075
1, 0.121079, 0.115, 0.885, 0.122117
1, 0.127352, 0.115, 0.885, 0.124633
1, 0.130198, 0.115, 0.885, 0.127245
1, 0.124773, 0.115, 0.885, 0.125035
1, 0.127282, 0.115, 0.885, 0.124433
1, 0.12487, 0.115, 0.885, 0.127816
1, 0.129943, 0.115, 0.885, 0.129597
1, 0.128398, 0.115, 0.885, 0.129459
1, 0.13023, 0.115, 0.885, 0.128638
1, 0.127718, 0.115, 0.885, 0.127483
1, 0.129252, 0.115, 0.885, 0.130708
1, 0.121131, 0.115, 0.885, 0.124986
1, 0.129207, 0.12, 0.88, 0.129408
1, 0.129811, 0.12, 0.88, 0.136278
1, 0.135177, 0.12, 0.88, 0.132229
1, 0.128113, 0.12, 0.88, 0.129128
1, 0.138352, 0.12, 0.88, 0.137954
1, 0.132355, 0.12, 0.88, 0.134673
1, 0.130455, 0.12, 0.88, 0.131009
1, 0.130206, 0.12, 0.88, 0.132925
1, 0.139544, 0.12, 0.88, 0.13256
1, 0.136125, 0.12, 0.88, 0.133532
1, 0.128495, 0.12, 0.88, 0.130268
1, 0.129036, 0.12, 0.88, 0.133892
1, 0.137109, 0.12, 0.88, 0.136349
1, 0.124827, 0.12, 0.88, 0.131298
1, 0.12925, 0.12, 0.88, 0.129872
1, 0.131591, 0.12, 0.88, 0.132027
1, 0.131449, 0.12, 0.88, 0.132573
1, 0.128986, 0.12, 0.88, 0.132495
1, 0.131205, 0.12, 0.88, 0.131999
1, 0.132108, 0.12, 0.88, 0.134134
1, 0.130255, 0.12, 0.88, 0.131913
1, 0.136307, 0.12, 0.88, 0.135781
1, 0.129424, 0.12, 0.88, 0.130954
1, 0.12246, 0.12, 0.88, 0.128293
1, 0.140268, 0.12, 0.88, 0.139899
1, 0.135616, 0.125, 0.875, 0.13945
1, 0.138667, 0.125, 0.875, 0.134163
1, 0.133158, 0.125, 0.875, 0.137579
1, 0.138442, 0.125, 0.875, 0.138075
1, 0.140159, 0.125, 0.875, 0.137846
1, 0.139152, 0.125, 0.875, 0.137047
1, 0.144142, 0.125, 0.875, 0.139974
1, 0.133587, 0.125, 0.875, 0.133705
1, 0.139464, 0.125, 0.875, 0.138894
1, 0.138764, 0.125, 0.875, 0.14024
1, 0.133636, 0.125, 0.875, 0.135378
1, 0.130015, 0.125, 0.875, 0.134725
1, 0.13569, 0.125, 0.875, 0.135858
1, 0.135906, 0.125, 0.875, 0.138016
1, 0.140765, 0.125, 0.875, 0.140736
1, 0.139489, 0.125, 0.875, 0.137721
1, 0.138296, 0.125, 0.875, 0.140228
1, 0.141678, 0.125, 0.875, 0.140127
1, 0.134332, 0.125, 0.875, 0.13874
1, 0.13789, 0.125, 0.875, 0.139748
1, 0.139774, 0.125, 0.875, 0.141283
1, 0.134795, 0.125, 0.875, 0.137816
1, 0.142123, 0.125, 0.875, 0.142865
1, 0.135089, 0.125, 0.875, 0.140263
1, 0.1453, 0.125, 0.875, 0.143645
1, 0.141878, 0.13, 0.87, 0.14006
1, 0.138683, 0.13, 0.87, 0.142019
1, 0.151735, 0.13, 0.87, 0.153005
1, 0.137816, 0.13, 0.87, 0.14182
1, 0.14785, 0.13, 0.87, 0.150308
1, 0.149433, 0.13, 0.87, 0.152965
1, 0.146078, 0.13, 0.87, 0.146364
1, 0.142007, 0.13, 0.87, 0.148833
1, 0.143794, 0.13, 0.87, 0.145679
1, 0.13847, 0.13, 0.87, 0.143657
1, 0.144927, 0.13, 0.87, 0.145822
1, 0.142987, 0.13, 0.87, 0.145134
1, 0.143203, 0.13, 0.87, 0.144872
1, 0.149206, 0.13, 0.87, 0.148803
1, 0.148593, 0.13, 0.87, 0.148161
1, 0.141304, 0.13, 0.87, 0.144361
1, 0.144968, 0.13, 0.87, 0.145367
1, 0.142397, 0.13, 0.87, 0.143497
1, 0.138404, 0.13, 0.87, 0.140371
1, 0.145826, 0.13, 0.87, 0.146455
1, 0.144507, 0.13, 0.87, 0.148486
1, 0.143354, 0.13, 0.87, 0.148177
1, 0.14465, 0.13, 0.87, 0.140606
1, 0.139006, 0.13, 0.87, 0.138642
1, 0.145773, 0.13, 0.87, 0.147792
1, 0.154974, 0.135, 0.865, 0.15399
1, 0.154149, 0.135, 0.865, 0.153461
1, 0.152224, 0.135, 0.865, 0.153859
1, 0.147543, 0.135, 0.865, 0.151129
1, 0.149023, 0.135, 0.865, 0.153343
1, 0.15253, 0.135, 0.865, 0.155261
1, 0.149265, 0.135, 0.865, 0.152874
1, 0.144705, 0.135, 0.865, 0.14734
1, 0.148604, 0.135, 0.865, 0.150841
1, 0.143602, 0.135, 0.865, 0.149309
1, 0.142548, 0.135, 0.865, 0.145499
1, 0.152186, 0.135, 0.865, 0.154608
1, 0.147634, 0.135, 0.865, 0.150535
1, 0.143253, 0.135, 0.865, 0.149719
1, 0.152093, 0.135, 0.865, 0.151199
1, 0.146648, 0.135, 0.865, 0.14972
1, 0.152074, 0.135, 0.865, 0.15433
1, 0.152823, 0.135, 0.865, 0.156315
1, 0.150413, 0.135, 0.865, 0.152273
1, 0.145619, 0.135, 0.865, 0.145141
1, 0.154357, 0.135, 0.865, 0.153195
1, 0.147093, 0.135, 0.865, 0.149356
1, 0.153608, 0.135, 0.865, 0.154621
1, 0.150421, 0.135, 0.865, 0.150194
1, 0.153376, 0.135, 0.865, 0.152049
1, 0.144838, 0.14, 0.86, 0.149699
1, 0.160055, 0.14, 0.86, 0.159558
1, 0.154511, 0.14, 0.86, 0.159773
1, 0.157257, 0.14, 0.86, 0.158991
1, 0.150574, 0.14, 0.86, 0.154372
1, 0.15975, 0.14, 0.86, 0.156874
1, 0.158847, 0.14, 0.86, 0.158037
1, 0.158443, 0.14, 0.86, 0.154928
1, 0.154959, 0.14, 0.86, 0.156739
1, 0.148853, 0.14, 0.86, 0.154613
1, 0.159113, 0.14, 0.86, 0.161001
1, 0.164468, 0.14, 0.86, 0.161973
1, 0.154085, 0.14, 0.86, 0.154814
1, 0.160044, 0.14, 0.86, 0.161599
1, 0.145969, 0.14, 0.86, 0.152739
1, 0.158374, 0.14, 0.86, 0.16007
1, 0.153374, 0.14, 0.86, 0.160522
1, 0.159324, 0.14, 0.86, 0.160886
1, 0.154037, 0.14, 0.86, 0.157523
1, 0.157789, 0.14, 0.86, 0.159267
1, 0.154631, 0.14, 0.86, 0.154491
1, 0.149709, 0.14, 0.86, 0.155016
1, 0.159505, 0.14, 0.86, 0.160066
1, 0.152295, 0.14, 0.86, 0.150424
1, 0.155409, 0.14, 0.86, 0.159216
1, 0.162663, 0.145, 0.855, 0.163068
1, 0.156224, 0.145, 0.855, 0.159715
1, 0.16305, 0.145, 0.855, 0.161855
1, 0.161272, 0.145, 0.855, 0.162315
1, 0.160291, 0.145, 0.855, 0.165666
1, 0.155954, 0.145, 0.855, 0.161175
1, 0.160503, 0.145, 0.855, 0.162691
1, 0.164559, 0.145, 0.855, 0.162911
1, 0.16401, 0.145, 0.855, 0.166799
1, 0.161727, 0.145, 0.855, 0.161942
1, 0.167409, 0.145, 0.855, 0.167488
1, 0.163378, 0.145, 0.855, 0.163301
1, 0.16411, 0.145, 0.855, 0.166003
1, 0.160074, 0.145, 0.855, 0.165099
1, 0.162331, 0.145, 0.855, 0.167792
1, 0.164307, 0.145, 0.855, 0.163119
1, 0.159604, 0.145, 0.855, 0.163325
1, 0.163702, 0.145, 0.855, 0.166061
1, 0.15709, 0.145, 0.855, 0.15883
1, 0.166498, 0.145, 0.855, 0.166514
1, 0.159791, 0.145, 0.855, 0.159945
1, 0.163526, 0.145, 0.855, 0.159294
1, 0.157135, 0.145, 0.855, 0.162468
1, 0.164038, 0.145, 0.855, 0.163625
1, 0.165413, 0.145, 0.855, 0.165634
1, 0.163948, 0.15, 0.85, 0.166931
1, 0.163938, 0.15, 0.85, 0.167803
1, 0.172473, 0.15, 0.85, 0.173487
1, 0.168803, 0.15, 0.85, 0.173609
1, 0.170705, 0.15, 0.85, 0.170029
1, 0.169987, 0.15, 0.85, 0.169991
1, 0.168986, 0.15, 0.85, 0.169685
1, 0.173037, 0.15, 0.85, 0.174504
1, 0.165267, 0.15, 0.85, 0.169082
1, 0.163126, 0.15, 0.85, 0.164738
1, 0.176458, 0.15, 0.85, 0.17242
1, 0.175245, 0.15, 0.85, 0.17295
1, 0.167363, 0.15, 0.85, 0.167568
1, 0.1665, 0.15, 0.85, 0.17199
1, 0.168932, 0.15, 0.85, 0.17442
1, 0.16202, 0.15, 0.85, 0.168802
1, 0.165046, 0.15, 0.85, 0.169974
1, 0.161953, 0.15, 0.85, 0.16524
1, 0.169175, 0.15, 0.85, 0.169623
1, 0.1706, 0.15, 0.85, 0.171385
1, 0.163665, 0.15, 0.85, 0.165692
1, 0.164348, 0.15, 0.85, 0.168306
1, 0.169069, 0.15, 0.85, 0.172809
1, 0.166148, 0.15, 0.85, 0.167161
1, 0.167474, 0.15, 0.85, 0.170586
1, 0.169226, 0.155, 0.845, 0.171307
1, 0.17694, 0.155, 0.845, 0.17926
1, 0.174164, 0.155, 0.845, 0.175004
1, 0.175461, 0.155, 0.845, 0.177138
1, 0.181251, 0.155, 0.845, 0.184565
1, 0.17363, 0.155, 0.845, 0.175569
1, 0.170993, 0.155, 0.845, 0.171118
1, 0.175136, 0.155, 0.845, 0.175305
1, 0.176369, 0.155, 0.845, 0.174752
1, 0.175113, 0.155, 0.845, 0.180217
1, 0.171174, 0.155, 0.845, 0.169884
1, 0.173384, 0.155, 0.845, 0.177305
1, 0.176599, 0.155, 0.845, 0.180578
1, 0.1759, 0.155, 0.845, 0.180499
1, 0.178266, 0.155, 0.845, 0.175528
1, 0.164913, 0.155, 0.845, 0.167743
1, 0.178107, 0.155, 0.845, 0.178323
1, 0.176705, 0.155, 0.845, 0.178242
1, 0.172671, 0.155, 0.845, 0.173948
1, 0.175182, 0.155, 0.845, 0.175532
1, 0.167688, 0.155, 0.845, 0.176477
1, 0.183639, 0.155, 0.845, 0.178606
1, 0.175776, 0.155, 0.845, 0.17758
1, 0.176275, 0.155, 0.845, 0.176639
1, 0.17943, 0.155, 0.845, 0.176122
1, 0.17444, 0.16, 0.84, 0.180568
1, 0.181096, 0.16, 0.84, 0.183157
1, 0.176646, 0.16, 0.84, 0.182567
1, 0.172709, 0.16, 0.84, 0.17694
1, 0.178504, 0.16, 0.84, 0.182798
1, 0.182279, 0.16, 0.84, 0.178469
1, 0.183294, 0.16, 0.84, 0.18429
1, 0.179949, 0.16, 0.84, 0.179565
1, 0.180561, 0.16, 0.84, 0.185681
1, 0.177479, 0.16, 0.84, 0.178833
1, 0.193558, 0.16, 0.84, 0.191556
1, 0.181089, 0.16, 0.84, 0.184493
1, 0.180497, 0.16, 0.84, 0.182144
1, 0.182404, 0.16, 0.84, 0.18653
1, 0.177079, 0.16, 0.84, 0.178362
1, 0.176507, 0.16, 0.84, 0.179019
1, 0.173212, 0.16, 0.84, 0.179104
1, 0.174386, 0.16, 0.84, 0.178024
1, 0.184081, 0.16, 0.84, 0.183381
1, 0.174035, 0.16, 0.84, 0.179682
1, 0.176457, 0.16, 0.84, 0.177308
1, 0.177265, 0.16, 0.84, 0.178357
1, 0.180414, 0.16, 0.84, 0.182407
1, 0.169934, 0.16, 0.84, 0.175532
1, 0.176885, 0.16, 0.84, 0.177417
1, 0.190177, 0.165, 0.835, 0.193394
1, 0.18515, 0.165, 0.835, 0.192365
1, 0.185087, 0.165, 0.835, 0.189757
1, 0.186063, 0.165, 0.835, 0.189592
1, 0.192612, 0.165, 0.835, 0.192552
1, 0.184424, 0.165, 0.835, 0.1898
1, 0.188446, 0.165, 0.835, 0.188454
1, 0.183517, 0.165, 0.835, 0.185455
1, 0.186579, 0.165, 0.835, 0.18718
1, 0.180293, 0.165, 0.835, 0.183679
1, 0.1881, 0.165, 0.835, 0.189436
1, 0.179559, 0.165, 0.835, 0.18281
1, 0.181678, 0.165, 0.835, 0.183141
1, 0.186505, 0.165, 0.835, 0.186749
1, 0.19122, 0.165, 0.835, 0.195137
1, 0.192902, 0.165, 0.835, 0.191958
1, 0.189277, 0.165, 0.835, 0.188945
1, 0.183786, 0.165, 0.835, 0.188276
1, 0.195979, 0.165, 0.835, 0.194178
1, 0.183145, 0.165, 0.835, 0.185226
1, 0.181708, 0.165, 0.835, 0.182179
1, 0.196527, 0.165, 0.835, 0.192345
1, 0.189455, 0.165, 0.835, 0.193831
1, 0.187922, 0.165, 0.835, 0.191234
1, 0.188081, 0.165, 0.835, 0.191084
1, 0.184433, 0.17, 0.83, 0.191322
1, 0.192549, 0.17, 0.83, 0.196253
1, 0.195522, 0.17, 0.83, 0.19764
1, 0.194004, 0.17, 0.83, 0.196458
1, 0.187908, 0.17, 0.83, 0.191524
1, 0.181955, 0.17, 0.83, 0.184209
1, 0.183923, 0.17, 0.83, 0.191629
1, 0.194638, 0.17, 0.83, 0.193665
1, 0.200464, 0.17, 0.83, 0.197137
1, 0.196372, 0.17, 0.83, 0.193483
1, 0.184038, 0.17, 0.83, 0.190823
1, 0.19249, 0.17, 0.83, 0.197934
1, 0.196695, 0.17, 0.83, 0.200793
1, 0.191773, 0.17, 0.83, 0.196312
1, 0.193929, 0.17, 0.83, 0.193359
1, 0.198673, 0.17, 0.83, 0.20016
1, 0.193603, 0.17, 0.83, 0.193839
1, 0.186924, 0.17, 0.83, 0.193331
1, 0.196868, 0.17, 0.83, 0.201821
1, 0.19561, 0.17, 0.83, 0.196012
1, 0.19216, 0.17, 0.83, 0.193659
1, 0.196585, 0.17, 0.83, 0.197259
1, 0.19657, 0.17, 0.83, 0.198799
1, 0.187806, 0.17, 0.83, 0.194449
1, 0.19283, 0.17, 0.83, 0.195372
1, 0.203185, 0.175, 0.825, 0.201767
1, 0.212565, 0.175, 0.825, 0.204692
1, 0.196151, 0.175, 0.825, 0.201833
1, 0.200587, 0.175, 0.825, 0.197429
1, 0.200148, 0.175, 0.825, 0.202621
1, 0.200897, 0.175, 0.825, 0.203953
1, 0.200837, 0.175, 0.825, 0.204714
1, 0.196161, 0.175, 0.825, 0.201025
1, 0.198674, 0.175, 0.825, 0.203586
1, 0.191871, 0.175, 0.825, 0.198745
1, 0.200058, 0.175, 0.825, 0.202429
1, 0.196977, 0.175, 0.825, 0.200252
1, 0.202609, 0.175, 0.825, 0.19927
1, 0.202156, 0.175, 0.825, 0.201211
1, 0.2017, 0.175, 0.825, 0.204653
1, 0.194153, 0.175, 0.825, 0.199331
1, 0.195298, 0.175, 0.825, 0.197656
1, 0.192975, 0.175, 0.825, 0.199474
1, 0.201627, 0.175, 0.825, 0.204431
1, 0.20147, 0.175, 0.825, 0.202452
1, 0.198108, 0.175, 0.825, 0.201384
1, 0.21485, 0.175, 0.825, 0.211791
1, 0.198364, 0.175, 0.825, 0.201307
1, 0.204389, 0.175, 0.825, 0.204374
1, 0.202213, 0.175, 0.825, 0.201735
1, 0.203375, 0.18, 0.82, 0.205352
1, 0.202146, 0.18, 0.82, 0.205862
1, 0.203248, 0.18, 0.82, 0.20784
1, 0.207955, 0.18, 0.82, 0.205184
1, 0.199124, 0.18, 0.82, 0.199721
1, 0.21514, 0.18, 0.82, 0.217909
1, 0.204653, 0.18, 0.82, 0.204227
1, 0.198818, 0.18, 0.82, 0.205287
1, 0.202289, 0.18, 0.82, 0.202969
1, 0.203582, 0.18, 0.82, 0.212402
1, 0.206629, 0.18, 0.82, 0.206066
1, 0.205464, 0.18, 0.82, 0.209734
1, 0.205314, 0.18, 0.82, 0.20939
1, 0.207126, 0.18, 0.82, 0.211646
1, 0.215649, 0.18, 0.82, 0.213448
1, 0.198971, 0.18, 0.82, 0.204325
1, 0.201192, 0.18, 0.82, 0.203119
1, 0.211806, 0.18, 0.82, 0.213227
1, 0.19767, 0.18, 0.82, 0.203576
1, 0.208912, 0.18, 0.82, 0.210749
1, 0.202938, 0.18, 0.82, 0.205764
1, 0.198815, 0.18, 0.82, 0.204198
1, 0.204911, 0.18, 0.82, 0.210234
1, 0.207178, 0.18, 0.82, 0.208841
1, 0.209236, 0.18, 0.82, 0.210006
1, 0.216798, 0.185, 0.815, 0.217419
1, 0.214972, 0.185, 0.815, 0.21576
1, 0.212353, 0.185, 0.815, 0.216461
1, 0.219783, 0.185, 0.815, 0.216576
1, 0.214647, 0.185, 0.815, 0.217563
1, 0.212761, 0.185, 0.815, 0.218481
1, 0.206476, 0.185, 0.815, 0.20626
1, 0.212279, 0.185, 0.815, 0.214137
1, 0.224045, 0.185, 0.815, 0.225514
1, 0.209011, 0.185, 0.815, 0.21446
1, 0.207152, 0.185, 0.815, 0.208812
1, 0.205976, 0.185, 0.815, 0.209237
1, 0.212408, 0.185, 0.815, 0.216119
1, 0.212787, 0.185, 0.815, 0.215485
1, 0.213593, 0.185, 0.815, 0.215717
1, 0.213339, 0.185, 0.815, 0.217644
1, 0.220961, 0.185, 0.815, 0.221758
1, 0.204468, 0.185, 0.815, 0.211904
1, 0.205952, 0.185, 0.815, 0.208389
1, 0.20062, 0.185, 0.815, 0.208263
1, 0.216796, 0.185, 0.815, 0.215104
1, 0.209151, 0.185, 0.815, 0.210933
1, 0.20929, 0.185, 0.815, 0.211466
1, 0.208966, 0.185, 0.815, 0.212009
1, 0.210893, 0.185, 0.815, 0.214814
1, 0.22201, 0.19, 0.81, 0.221863
1, 0.219581, 0.19, 0.81, 0.222358
1, 0.222968, 0.19, 0.81, 0.222752
1, 0.223629, 0.19, 0.81, 0.222439
1, 0.216911, 0.19, 0.81, 0.221531
1, 0.218934, 0.19, 0.81, 0.221261
1, 0.222892, 0.19, 0.81, 0.22628
1, 0.218284, 0.19, 0.81, 0.222764
1, 0.219515, 0.19, 0.81, 0.219773
1, 0.21647, 0.19, 0.81, 0.220165
1, 0.212553, 0.19, 0.81, 0.217329
1, 0.216774, 0.19, 0.81, 0.222587
1, 0.217757, 0.19, 0.81, 0.222059
1, 0.224889, 0.19, 0.81, 0.222596
1, 0.213033, 0.19, 0.81, 0.222374
1, 0.225304, 0.19, 0.81, 0.224326
1, 0.217833, 0.19, 0.81, 0.222157
1, 0.210194, 0.19, 0.81, 0.221873
1, 0.224417, 0.19, 0.81, 0.227968
1, 0.221405, 0.19, 0.81, 0.225221
1, 0.215433, 0.19, 0.81, 0.221706
1, 0.219206, 0.19, 0.81, 0.220672
1, 0.214136, 0.19, 0.81, 0.218379
1, 0.219376, 0.19, 0.81, 0.223128
1, 0.217239, 0.19, 0.81, 0.220936
1, 0.225348, 0.195, 0.805, 0.229987
1, 0.225051, 0.195, 0.805, 0.229385
1, 0.226128, 0.195, 0.805, 0.231233
1, 0.223562, 0.195, 0.805, 0.228981
1, 0.221443, 0.195, 0.805, 0.229886
1, 0.231083, 0.195, 0.805, 0.231197
1, 0.218414, 0.195, 0.805, 0.21818
1, 0.228693, 0.195, 0.805, 0.228081
1, 0.214174, 0.195, 0.805, 0.224546
1, 0.21785, 0.195, 0.805, 0.224572
1, 0.229417, 0.195, 0.805, 0.230624
1, 0.224493, 0.195, 0.805, 0.229338
1, 0.22118, 0.195, 0.805, 0.226403
1, 0.222639, 0.195, 0.805, 0.225844
1, 0.216162, 0.195, 0.805, 0.222663
1, 0.223261, 0.195, 0.805, 0.229959
1, 0.230265, 0.195, 0.805, 0.230289
1, 0.217911, 0.195, 0.805, 0.222988
1, 0.225707, 0.195, 0.805, 0.230296
1, 0.223875, 0.195, 0.805, 0.227514
1, 0.22295, 0.195, 0.805, 0.2249
1, 0.213917, 0.195, 0.805, 0.218746
1, 0.226573, 0.195, 0.805, 0.230643
1, 0.217498, 0.195, 0.805, 0.222714
1, 0.231218, 0.195, 0.805, 0.230548
1, 0.234744, 0.2, 0.8, 0.232887
1, 0.230174, 0.2, 0.8, 0.232143
1, 0.219816, 0.2, 0.8, 0.231073
1, 0.232532, 0.2, 0.8, 0.233791
1, 0.226983, 0.2, 0.8, 0.231632
1, 0.236002, 0.2, 0.8, 0.232566
1, 0.231951, 0.2, 0.8, 0.236529
1, 0.233061, 0.2, 0.8, 0.237101
1, 0.23408, 0.2, 0.8, 0.233327
1, 0.229707, 0.2, 0.8, 0.234762
1, 0.229488, 0.2, 0.8, 0.231514
1, 0.23453, 0.2, 0.8, 0.234713
1, 0.23291, 0.2, 0.8, 0.234626
1, 0.228721, 0.2, 0.8, 0.230373
1, 0.22578, 0.2, 0.8, 0.231575
1, 0.232875, 0.2, 0.8, 0.238429
1, 0.224303, 0.2, 0.8, 0.23262
1, 0.224805, 0.2, 0.8, 0.228813
1, 0.230855, 0.2, 0.8, 0.233304
1, 0.226873, 0.2, 0.8, 0.232052
1, 0.228792, 0.2, 0.8, 0.231914
1, 0.232285, 0.2, 0.8, 0.233932
1, 0.227881, 0.2, 0.8, 0.22949
1, 0.235331, 0.2, 0.8, 0.236542
1, 0.226707, 0.2, 0.8, 0.233062
1, 0.242186, 0.205, 0.795, 0.248432
1, 0.235987, 0.205, 0.795, 0.238523
1, 0.23466, 0.205, 0.795, 0.239539
1, 0.239309, 0.205, 0.795, 0.24197
1, 0.234639, 0.205, 0.795, 0.241835
1, 0.235393, 0.205, 0.795, 0.24122
1, 0.239286, 0.205, 0.795, 0.241313
1, 0.231382, 0.205, 0.795, 0.238268
1, 0.239827, 0.205, 0.795, 0.239475
1, 0.249882, 0.205, 0.795, 0.25302
1, 0.240118, 0.205, 0.795, 0.244164
1, 0.234368, 0.205, 0.795, 0.239226
1, 0.246739, 0.205, 0.795, 0.24573
1, 0.245157, 0.205, 0.795, 0.246054
1, 0.23415, 0.205, 0.795, 0.238106
1, 0.248991, 0.205, 0.795, 0.247579
1, 0.230972, 0.205, 0.795, 0.235174
1, 0.241502, 0.205, 0.795, 0.246344
1, 0.240595, 0.205, 0.795, 0.244238
1, 0.252095, 0.205, 0.795, 0.251762
1, 0.236467, 0.205, 0.795, 0.241095
1, 0.250444, 0.205, 0.795, 0.246888
1, 0.243861, 0.205, 0.795, 0.239765
1, 0.240418, 0.205, 0.795, 0.246842
1, 0.232415, 0.205, 0.795, 0.242135
1, 0.244712, 0.21, 0.79, 0.24389
1, 0.240064, 0.21, 0.79, 0.248085
1, 0.240343, 0.21, 0.79, 0.246625
1, 0.240822, 0.21, 0.79, 0.244807
1, 0.242715, 0.21, 0.79, 0.250737
1, 0.248695, 0.21, 0.79, 0.250755
1, 0.24194, 0.21, 0.79, 0.24461
1, 0.247538, 0.21, 0.79, 0.251542
1, 0.238807, 0.21, 0.79, 0.251228
1, 0.245159, 0.21, 0.79, 0.249526
1, 0.247593, 0.21, 0.79, 0.252511
1, 0.246646, 0.21, 0.79, 0.248375
1, 0.244778, 0.21, 0.79, 0.247413
1, 0.242857, 0.21, 0.79, 0.246231
1, 0.245985, 0.21, 0.79, 0.250514
1, 0.249607, 0.21, 0.79, 0.249615
1, 0.239633, 0.21, 0.79, 0.247074
1, 0.250976, 0.21, 0.79, 0.251684
1, 0.246933, 0.21, 0.79, 0.252376
1, 0.237044, 0.21, 0.79, 0.239913
1, 0.245271, 0.21, 0.79, 0.243409
1, 0.252294, 0.21, 0.79, 0.252436
1, 0.245843, 0.21, 0.79, 0.254131
1, 0.240074, 0.21, 0.79, 0.248079
1, 0.237869, 0.21, 0.79, 0.240323
1, 0.26765, 0.215, 0.785, 0.268223
1, 0.258965, 0.215, 0.785, 0.259088
1, 0.251478, 0.215, 0.785, 0.255573
1, 0.257782, 0.215, 0.785, 0.259803
1, 0.255367, 0.215, 0.785, 0.259379
1, 0.266731, 0.215, 0.785, 0.264581
1, 0.255603, 0.215, 0.785, 0.25295
1, 0.257868, 0.215, 0.785, 0.256676
1, 0.24494, 0.215, 0.785, 0.25525
1, 0.246841, 0.215, 0.785, 0.259759
1, 0.257565, 0.215, 0.785, 0.255964
1, 0.259605, 0.215, 0.785, 0.257336
1, 0.24988, 0.215, 0.785, 0.25523
1, 0.253129, 0.215, 0.785, 0.256682
1, 0.245275, 0.215, 0.785, 0.246604
1, 0.260175, 0.215, 0.785, 0.259809
1, 0.258179, 0.215, 0.785, 0.257475
1, 0.255312, 0.215, 0.785, 0.257092
1, 0.253817, 0.215, 0.785, 0.2521
1, 0.24995, 0.215, 0.785, 0.251887
1, 0.251016, 0.215, 0.785, 0.259435
1, 0.256623, 0.215, 0.785, 0.259121
1, 0.241625, 0.215, 0.785, 0.246853
1, 0.254653, 0.215, 0.785, 0.254911
1, 0.247723, 0.215, 0.785, 0.249009
1, 0.262731, 0.22, 0.78, 0.263325
1, 0.259377, 0.22, 0.78, 0.262477
1, 0.258383, 0.22, 0.78, 0.262139
1, 0.259728, 0.22, 0.78, 0.263541
1, 0.252696, 0.22, 0.78, 0.260155
1, 0.265824, 0.22, 0.78, 0.26367
1, 0.266973, 0.22, 0.78, 0.267394
1, 0.259324, 0.22, 0.78, 0.257763
1, 0.25388, 0.22, 0.78, 0.258866
1, 0.260612, 0.22, 0.78, 0.262626
1, 0.260341, 0.22, 0.78, 0.259759
1, 0.260164, 0.22, 0.78, 0.26184
1, 0.24613, 0.22, 0.78, 0.257224
1, 0.253777, 0.22, 0.78, 0.261068
1, 0.253913, 0.22, 0.78, 0.255394
1, 0.256886, 0.22, 0.78, 0.261247
1, 0.261376, 0.22, 0.78, 0.267947
1, 0.253305, 0.22, 0.78, 0.257567
1, 0.252924, 0.22, 0.78, 0.260285
1, 0.255856, 0.22, 0.78, 0.256879
1, 0.267205, 0.22, 0.78, 0.26644
1, 0.261608, 0.22, 0.78, 0.264862
1, 0.256703, 0.22, 0.78, 0.256896
1, 0.260442, 0.22, 0.78, 0.263929
1, 0.257637, 0.22, 0.78, 0.262921
1, 0.270305, 0.225, 0.775, 0.269
1, 0.257544, 0.225, 0.775, 0.265595
1, 0.260058, 0.225, 0.775, 0.263585
1, 0.265785, 0.225, 0.775, 0.275153
1, 0.261407, 0.225, 0.775, 0.26906
1, 0.268654, 0.225, 0.775, 0.268105
1, 0.264922, 0.225, 0.775, 0.271332
1, 0.267958, 0.225, 0.775, 0.275106
1, 0.261694, 0.225, 0.775, 0.275875
1, 0.263786, 0.225, 0.775, 0.267695
1, 0.26724, 0.225, 0.775, 0.27421
1, 0.264038, 0.225, 0.775, 0.26972
1, 0.262237, 0.225, 0.775, 0.268102
1, 0.259906, 0.225, 0.775, 0.264424
1, 0.271948, 0.225, 0.775, 0.272424
1, 0.260714, 0.225, 0.775, 0.266671
1, 0.267236, 0.225, 0.775, 0.271323
1, 0.267261, 0.225, 0.775, 0.27316
1, 0.261483, 0.225, 0.775, 0.269337
1, 0.254732, 0.225, 0.775, 0.264893
1, 0.270174, 0.225, 0.775, 0.270269
1, 0.261474, 0.225, 0.775, 0.265019
1, 0.272455, 0.225, 0.775, 0.271851
1, 0.267366, 0.225, 0.775, 0.269129
1, 0.264641, 0.225, 0.775, 0.272876
1, 0.264861, 0.23, 0.77, 0.274015
1, 0.277755, 0.23, 0.77, 0.275591
1, 0.280229, 0.23, 0.77, 0.281815
1, 0.271841, 0.23, 0.77, 0.28388
1, 0.269005, 0.23, 0.77, 0.275951
1, 0.278836, 0.23, 0.77, 0.282058
1, 0.259602, 0.23, 0.77, 0.266266
1, 0.271489, 0.23, 0.77, 0.281075
1, 0.269058, 0.23, 0.77, 0.276245
1, 0.279424, 0.23, 0.77, 0.281043
1, 0.269727, 0.23, 0.77, 0.27495
1, 0.281773, 0.23, 0.77, 0.283663
1, 0.270861, 0.23, 0.77, 0.279184
1, 0.277757, 0.23, 0.77, 0.275422
1, 0.274938, 0.23, 0.77, 0.280811
1, 0.271138, 0.23, 0.77, 0.273922
1, 0.279943, 0.23, 0.77, 0.283401
1, 0.270823, 0.23, 0.77, 0.278317
1, 0.269479, 0.23, 0.77, 0.275495
1, 0.27956, 0.23, 0.77, 0.28121
1, 0.267699, 0.23, 0.77, 0.273073
1, 0.270753, 0.23, 0.77, 0.277468
1, 0.267974, 0.23, 0.77, 0.273382
1, 0.279633, 0.23, 0.77, 0.278957
1, 0.276155, 0.23, 0.77, 0.275219
1, 0.278021, 0.235, 0.765, 0.286497
1, 0.278264, 0.235, 0.765, 0.283608
1, 0.273733, 0.235, 0.765, 0.282463
1, 0.281394, 0.235, 0.765, 0.286388
1, 0.276046, 0.235, 0.765, 0.277498
1, 0.273595, 0.235, 0.765, 0.280532
1, 0.278289, 0.235, 0.765, 0.280505
1, 0.284644, 0.235, 0.765, 0.285009
1, 0.281196, 0.235, 0.765, 0.284466
1, 0.273395, 0.235, 0.765, 0.283584
1, 0.27603, 0.235, 0.765, 0.280165
1, 0.279872, 0.235, 0.765, 0.281682
1, 0.281705, 0.235, 0.765, 0.282778
1, 0.28619, 0.235, 0.765, 0.28332
1, 0.28115, 0.235, 0.765, 0.28711
1, 0.279661, 0.235, 0.765, 0.290274
1, 0.28538, 0.235, 0.765, 0.282421
1, 0.274901, 0.235, 0.765, 0.283051
1, 0.27728, 0.235, 0.765, 0.288996
1, 0.289263, 0.235, 0.765, 0.29471
1, 0.276998, 0.235, 0.765, 0.282203
1, 0.27459, 0.235, 0.765, 0.277679
1, 0.284644, 0.235, 0.765, 0.280215
1, 0.281652, 0.235, 0.765, 0.287824
1, 0.277783, 0.235, 0.765, 0.283062
1, 0.286246, 0.24, 0.76, 0.295056
1, 0.285966, 0.24, 0.76, 0.295752
1, 0.284517, 0.24, 0.76, 0.288317
1, 0.280656, 0.24, 0.76, 0.285491
1, 0.290876, 0.24, 0.76, 0.292349
1, 0.288298, 0.24, 0.76, 0.292723
1, 0.293402, 0.24, 0.76, 0.292537
1, 0.28916, 0.24, 0.76, 0.299308
1, 0.290302, 0.24, 0.76, 0.292673
1, 0.289558, 0.24, 0.76, 0.290601
1, 0.28581, 0.24, 0.76, 0.292303
1, 0.285966, 0.24, 0.76, 0.292968
1, 0.281878, 0.24, 0.76, 0.293915
1, 0.281592, 0.24, 0.76, 0.284481
1, 0.28199, 0.24, 0.76, 0.287334
1, 0.287791, 0.24, 0.76, 0.296083
1, 0.282825, 0.24, 0.76, 0.286564
1, 0.291673, 0.24, 0.76, 0.292394
1, 0.281316, 0.24, 0.76, 0.283808
1, 0.279733, 0.24, 0.76, 0.29251
1, 0.279068, 0.24, 0.76, 0.284356
1, 0.279067, 0.24, 0.76, 0.286465
1, 0.282906, 0.24, 0.76, 0.296867
1, 0.289173, 0.24, 0.76, 0.29034
1, 0.292062, 0.24, 0.76, 0.295072
1, 0.290205, 0.245, 0.755, 0.295924
1, 0.290032, 0.245, 0.755, 0.296086
1, 0.292326, 0.245, 0.755, 0.301518
1, 0.304944, 0.245, 0.755, 0.306549
1, 0.291969, 0.245, 0.755, 0.295898
1, 0.289854, 0.245, 0.755, 0.295624
1, 0.297241, 0.245, 0.755, 0.303825
1, 0.302916, 0.245, 0.755, 0.305659
1, 0.292748, 0.245, 0.755, 0.297853
1, 0.282871, 0.245, 0.755, 0.289802
1, 0.302387, 0.245, 0.755, 0.302551
1, 0.295204, 0.245, 0.755, 0.297585
1, 0.28325, 0.245, 0.755, 0.292914
1, 0.298497, 0.245, 0.755, 0.301905
1, 0.288976, 0.245, 0.755, 0.29121
1, 0.290195, 0.245, 0.755, 0.294426
1, 0.298647, 0.245, 0.755, 0.303514
1, 0.29137, 0.245, 0.755, 0.295727
1, 0.288184, 0.245, 0.755, 0.297412
1, 0.291123, 0.245, 0.755, 0.302194
1, 0.287326, 0.245, 0.755, 0.293242
1, 0.293397, 0.245, 0.755, 0.295964
1, 0.286865, 0.245, 0.755, 0.290019
1, 0.301197, 0.245, 0.755, 0.300974
1, 0.289915, 0.245, 0.755, 0.301374
1, 0.3035, 0.25, 0.75, 0.313696
1, 0.303794, 0.25, 0.75, 0.306762
1, 0.289205, 0.25, 0.75, 0.294765
1, 0.294006, 0.25, 0.75, 0.302231
1, 0.303936, 0.25, 0.75, 0.307807
1, 0.310476, 0.25, 0.75, 0.305158
1, 0.311895, 0.25, 0.75, 0.31137
1, 0.298263, 0.25, 0.75, 0.305593
1, 0.298749, 0.25, 0.75, 0.304603
1, 0.299824, 0.25, 0.75, 0.298713
1, 0.302582, 0.25, 0.75, 0.306462
1, 0.299527, 0.25, 0.75, 0.299495
1, 0.297087, 0.25, 0.75, 0.30773
1, 0.287152, 0.25, 0.75, 0.292808
1, 0.301171, 0.25, 0.75, 0.302566
1, 0.30458, 0.25, 0.75, 0.306699
1, 0.301391, 0.25, 0.75, 0.298307
1, 0.297671, 0.25, 0.75, 0.304767
1, 0.306693, 0.25, 0.75, 0.308088
1, 0.293681, 0.25, 0.75, 0.298873
1, 0.292694, 0.25, 0.75, 0.302692
1, 0.315478, 0.25, 0.75, 0.313995
1, 0.300682, 0.25, 0.75, 0.307403
1, 0.30037, 0.25, 0.75, 0.301157
1, 0.305921, 0.25, 0.75, 0.309088
1, 0.311674, 0.255, 0.745, 0.315042
1, 0.311189, 0.255, 0.745, 0.318015
1, 0.310171, 0.255, 0.745, 0.312943
1, 0.309288, 0.255, 0.745, 0.318324
1, 0.308893, 0.255, 0.745, 0.312576
1, 0.311157, 0.255, 0.745, 0.313477
1, 0.307172, 0.255, 0.745, 0.309483
1, 0.30656, 0.255, 0.745, 0.307837
1, 0.303691, 0.255, 0.745, 0.30808
1, 0.31423, 0.255, 0.745, 0.320228
1, 0.305375, 0.255, 0.745, 0.309177
1, 0.304139, 0.255, 0.745, 0.310096
1, 0.295226, 0.255, 0.745, 0.300883
1, 0.299616, 0.255, 0.745, 0.307655
1, 0.308471, 0.255, 0.745, 0.30823
1, 0.30519, 0.255, 0.745, 0.311162
1, 0.31288, 0.255, 0.745, 0.322523
1, 0.303016, 0.255, 0.745, 0.30791
1, 0.309061, 0.255, 0.745, 0.310141
1, 0.299325, 0.255, 0.745, 0.309524
1, 0.306809, 0.255, 0.745, 0.315203
1, 0.304968, 0.255, 0.745, 0.312572
1, 0.307939, 0.255, 0.745, 0.315883
1, 0.312183, 0.255, 0.745, 0.316251
1, 0.303278, 0.255, 0.745, 0.306262
1, 0.318609, 0.26, 0.74, 0.321641
1, 0.319384, 0.26, 0.74, 0.320916
1, 0.307238, 0.26, 0.74, 0.309485
1, 0.316674, 0.26, 0.74, 0.319162
1, 0.315147, 0.26, 0.74, 0.32356
1, 0.315956, 0.26, 0.74, 0.32026
1, 0.312863, 0.26, 0.74, 0.317873
1, 0.304538, 0.26, 0.74, 0.313144
1, 0.312341, 0.26, 0.74, 0.322167
1, 0.318862, 0.26, 0.74, 0.330951
1, 0.32301, 0.26, 0.74, 0.324383
1, 0.302362, 0.26, 0.74, 0.312005
1, 0.31988, 0.26, 0.74, 0.32472
1, 0.314357, 0.26, 0.74, 0.313542
1, 0.306227, 0.26, 0.74, 0.312189
1, 0.320006, 0.26, 0.74, 0.322467
1, 0.309386, 0.26, 0.74, 0.316102
1, 0.318807, 0.26, 0.74, 0.318327
1, 0.317812, 0.26, 0.74, 0.316987
1, 0.323088, 0.26, 0.74, 0.328128
1, 0.314179, 0.26, 0.74, 0.319923
1, 0.314162, 0.26, 0.74, 0.323829
1, 0.315376, 0.26, 0.74, 0.324407
1, 0.306733, 0.26, 0.74, 0.3203
1, 0.316342, 0.26, 0.74, 0.323368
1, 0.325102, 0.265, 0.735, 0.322481
1, 0.317387, 0.265, 0.735, 0.328234
1, 0.325779, 0.265, 0.735, 0.327082
1, 0.317646, 0.265, 0.735, 0.319896
1, 0.323871, 0.265, 0.735, 0.328918
1, 0.316301, 0.265, 0.735, 0.321236
1, 0.315641, 0.265, 0.735, 0.321609
1, 0.332555, 0.265, 0.735, 0.33256
1, 0.324866, 0.265, 0.735, 0.327714
1, 0.321562, 0.265, 0.735, 0.327351
1, 0.3163, 0.265, 0.735, 0.324985
1, 0.319819, 0.265, 0.735, 0.324937
1, 0.314831, 0.265, 0.735, 0.328968
1, 0.315964, 0.265, 0.735, 0.323573
1, 0.328805, 0.265, 0.735, 0.33292
1, 0.319859, 0.265, 0.735, 0.327571
1, 0.331823, 0.265, 0.735, 0.338133
1, 0.319162, 0.265, 0.735, 0.322754
1, 0.318871, 0.265, 0.735, 0.320064
1, 0.32169, 0.265, 0.735, 0.324099
1, 0.324403, 0.265, 0.735, 0.333541
1, 0.320656, 0.265, 0.735, 0.326811
1, 0.327742, 0.265, 0.735, 0.325284
1, 0.3155, 0.265, 0.735, 0.326048
1, 0.330768, 0.265, 0.735, 0.333601
1, 0.333604, 0.27, 0.73, 0.336857
1, 0.328909, 0.27, 0.73, 0.328493
1, 0.329747, 0.27, 0.73, 0.333931
1, 0.327567, 0.27, 0.73, 0.328017
1, 0.330541, 0.27, 0.73, 0.331503
1, 0.334194, 0.27, 0.73, 0.336842
1, 0.331071, 0.27, 0.73, 0.334401
1, 0.331364, 0.27, 0.73, 0.338565
1, 0.322253, 0.27, 0.73, 0.326434
1, 0.335057, 0.27, 0.73, 0.336202
1, 0.335944, 0.27, 0.73, 0.3341
1, 0.325897, 0.27, 0.73, 0.329968
1, 0.318535, 0.27, 0.73, 0.328186
1, 0.324288, 0.27, 0.73, 0.332105
1, 0.323477, 0.27, 0.73, 0.330294
1, 0.328159, 0.27, 0.73, 0.334749
1, 0.328423, 0.27, 0.73, 0.331209
1, 0.324929, 0.27, 0.73, 0.326615
1, 0.332682, 0.27, 0.73, 0.332878
1, 0.333251, 0.27, 0.73, 0.337158
1, 0.325109, 0.27, 0.73, 0.339431
1, 0.330233, 0.27, 0.73, 0.332247
1, 0.324236, 0.27, 0.73, 0.333809
1, 0.330407, 0.27, 0.73, 0.332602
1, 0.322452, 0.27, 0.73, 0.332448
1, 0.34461, 0.275, 0.725, 0.344804
1, 0.334363, 0.275, 0.725, 0.342954
1, 0.333958, 0.275, 0.725, 0.345181
1, 0.327927, 0.275, 0.725, 0.338122
1, 0.3264, 0.275, 0.725, 0.335054
1, 0.336016, 0.275, 0.725, 0.344045
1, 0.332124, 0.275, 0.725, 0.338348
1, 0.337151, 0.275, 0.725, 0.341403
1, 0.334504, 0.275, 0.725, 0.342072
1, 0.335576, 0.275, 0.725, 0.337682
1, 0.342623, 0.275, 0.725, 0.348866
1, 0.333831, 0.275, 0.725, 0.345826
1, 0.347659, 0.275, 0.725, 0.343575
1, 0.334117, 0.275, 0.725, 0.34237
1, 0.340699, 0.275, 0.725, 0.345482
1, 0.33154, 0.275, 0.725, 0.337345
1, 0.342556, 0.275, 0.725, 0.345304
1, 0.335284, 0.275, 0.725, 0.341556
1, 0.323507, 0.275, 0.725, 0.328851
1, 0.340065, 0.275, 0.725, 0.342946
1, 0.333539, 0.275, 0.725, 0.346028
1, 0.320297, 0.275, 0.725, 0.331694
1, 0.33948, 0.275, 0.725, 0.3429
1, 0.33496, 0.275, 0.725, 0.341117
1, 0.344413, 0.275, 0.725, 0.344726
1, 0.344989, 0.28, 0.72, 0.35136
1, 0.344046, 0.28, 0.72, 0.357822
1, 0.348918, 0.28, 0.72, 0.349327
1, 0.351362, 0.28, 0.72, 0.357058
1, 0.343092, 0.28, 0.72, 0.350236
1, 0.34511, 0.28, 0.72, 0.350551
1, 0.339334, 0.28, 0.72, 0.346592
1, 0.338634, 0.28, 0.72, 0.34094
1, 0.351198, 0.28, 0.72, 0.346552
1, 0.352752, 0.28, 0.72, 0.354837
1, 0.332948, 0.28, 0.72, 0.345421
1, 0.33508, 0.28, 0.72, 0.343297
1, 0.343619, 0.28, 0.72, 0.350573
1, 0.33681, 0.28, 0.72, 0.343867
1, 0.340369, 0.28, 0.72, 0.348036
1, 0.346152, 0.28, 0.72, 0.35477
1, 0.340115, 0.28, 0.72, 0.342663
1, 0.347689, 0.28, 0.72, 0.351373
1, 0.336547, 0.28, 0.72, 0.344425
1, 0.347024, 0.28, 0.72, 0.351685
1, 0.360029, 0.28, 0.72, 0.36358
1, 0.354837, 0.28, 0.72, 0.357386
1, 0.346895, 0.28, 0.72, 0.348204
1, 0.34586, 0.28, 0.72, 0.343551
1, 0.347594, 0.28, 0.72, 0.345065
1, 0.352652, 0.285, 0.715, 0.353089
1, 0.358616, 0.285, 0.715, 0.354018
1, 0.354077, 0.285, 0.715, 0.360725
1, 0.357047, 0.285, 0.715, 0.357424
1, 0.358836, 0.285, 0.715, 0.365135
1, 0.35328, 0.285, 0.715, 0.360528
1, 0.352897, 0.285, 0.715, 0.35971
1, 0.344372, 0.285, 0.715, 0.352257
1, 0.346691, 0.285, 0.715, 0.355153
1, 0.350743, 0.285, 0.715, 0.358289
1, 0.36199, 0.285, 0.715, 0.363789
1, 0.352246, 0.285, 0.715, 0.361602
1, 0.349177, 0.285, 0.715, 0.358291
1, 0.355861, 0.285, 0.715, 0.36071
1, 0.343853, 0.285, 0.715, 0.354294
1, 0.352845, 0.285, 0.715, 0.35989
1, 0.350211, 0.285, 0.715, 0.358325
1, 0.353759, 0.285, 0.715, 0.35891
1, 0.347099, 0.285, 0.715, 0.348928
1, 0.347232, 0.285, 0.715, 0.352359
1, 0.352777, 0.285, 0.715, 0.359728
1, 0.344223, 0.285, 0.715, 0.35554
1, 0.356962, 0.285, 0.715, 0.361295
1, 0.361864, 0.285, 0.715, 0.36386
1, 0.346326, 0.285, 0.715, 0.353414
1, 0.356628, 0.29, 0.71, 0.362353
1, 0.364803, 0.29, 0.71, 0.373716
1, 0.35364, 0.29, 0.71, 0.363555
1, 0.357742, 0.29, 0.71, 0.358492
1, 0.359174, 0.29, 0.71, 0.367019
1, 0.349274, 0.29, 0.71, 0.356282
1, 0.361466, 0.29, 0.71, 0.361441
1, 0.369068, 0.29, 0.71, 0.378248
1, 0.361111, 0.29, 0.71, 0.367292
1, 0.357919, 0.29, 0.71, 0.363874
1, 0.366193, 0.29, 0.71, 0.3727
1, 0.358595, 0.29, 0.71, 0.364151
1, 0.360823, 0.29, 0.71, 0.36142
1, 0.354154, 0.29, 0.71, 0.36231
1, 0.358995, 0.29, 0.71, 0.362671
1, 0.350486, 0.29, 0.71, 0.364
1, 0.359851, 0.29, 0.71, 0.36725
1, 0.364827, 0.29, 0.71, 0.37481
1, 0.352124, 0.29, 0.71, 0.357085
1, 0.361511, 0.29, 0.71, 0.370772
1, 0.353056, 0.29, 0.71, 0.362106
1, 0.355719, 0.29, 0.71, 0.358181
1, 0.356055, 0.29, 0.71, 0.357174
1, 0.361236, 0.29, 0.71, 0.366631
1, 0.342472, 0.29, 0.71, 0.357635
1, 0.366699, 0.295, 0.705, 0.379376
1, 0.381061, 0.295, 0.705, 0.381621
1, 0.363924, 0.295, 0.705, 0.376787
1, 0.377403, 0.295, 0.705, 0.38156
1, 0.369448, 0.295, 0.705, 0.37671
1, 0.377896, 0.295, 0.705, 0.384542
1, 0.373997, 0.295, 0.705, 0.380919
1, 0.380161, 0.295, 0.705, 0.380015
1, 0.368059, 0.295, 0.705, 0.373313
1, 0.361164, 0.295, 0.705, 0.370183
1, 0.363171, 0.295, 0.705, 0.369398
1, 0.372971, 0.295, 0.705, 0.379577
1, 0.369425, 0.295, 0.705, 0.371321
1, 0.36323, 0.295, 0.705, 0.367635
1, 0.379596, 0.295, 0.705, 0.382392
1, 0.384173, 0.295, 0.705, 0.388155
1, 0.36976, 0.295, 0.705, 0.37412
1, 0.374835, 0.295, 0.705, 0.372418
1, 0.362252, 0.295, 0.705, 0.365469
1, 0.361754, 0.295, 0.705, 0.369005
1, 0.362984, 0.295, 0.705, 0.372823
1, 0.362502, 0.295, 0.705, 0.366828
1, 0.373624, 0.295, 0.705, 0.379282
1, 0.366037, 0.295, 0.705, 0.3723
1, 0.366422, 0.295, 0.705, 0.372034
1, 0.367397, 0.3, 0.7, 0.37608
1, 0.380527, 0.3, 0.7, 0.378618
1, 0.372402, 0.3, 0.7, 0.378465
1, 0.372781, 0.3, 0.7, 0.382765
1, 0.387924, 0.3, 0.7, 0.388389
1, 0.366831, 0.3, 0.7, 0.373582
1, 0.380641, 0.3, 0.7, 0.379795
1, 0.394486, 0.3, 0.7, 0.389886
1, 0.39015, 0.3, 0.7, 0.383988
1, 0.382686, 0.3, 0.7, 0.386658
1, 0.376109, 0.3, 0.7, 0.375869
1, 0.376053, 0.3, 0.7, 0.385622
1, 0.364821, 0.3, 0.7, 0.373232
1, 0.372144, 0.3, 0.7, 0.37704
1, 0.37058, 0.3, 0.7, 0.377216
1, 0.377075, 0.3, 0.7, 0.378324
1, 0.373119, 0.3, 0.7, 0.376559
1, 0.377234, 0.3, 0.7, 0.380853
1, 0.376506, 0.3, 0.7, 0.381356
1, 0.371577, 0.3, 0.7, 0.382637
1, 0.367232, 0.3, 0.7, 0.373192
1, 0.363965, 0.3, 0.7, 0.371622
1, 0.359508, 0.3, 0.7, 0.366298
1, 0.369738, 0.3, 0.7, 0.381278
1, 0.375652, 0.3, 0.7, 0.382663
1, 0.385812, 0.305, 0.695, 0.389716
1, 0.375701, 0.305, 0.695, 0.38002
1, 0.381453, 0.305, 0.695, 0.38811
1, 0.38654, 0.305, 0.695, 0.392274
1, 0.380971, 0.305, 0.695, 0.391218
1, 0.394325, 0.305, 0.695, 0.394304
1, 0.382797, 0.305, 0.695, 0.393075
1, 0.385593, 0.305, 0.695, 0.393134
1, 0.385139, 0.305, 0.695, 0.388595
1, 0.372257, 0.305, 0.695, 0.385509
1, 0.376524, 0.305, 0.695, 0.387265
1, 0.375685, 0.305, 0.695, 0.382662
1, 0.389716, 0.305, 0.695, 0.393502
1, 0.391324, 0.305, 0.695, 0.397411
1, 0.378796, 0.305, 0.695, 0.38797
1, 0.385929, 0.305, 0.695, 0.385618
1, 0.37974, 0.305, 0.695, 0.389669
1, 0.395533, 0.305, 0.695, 0.400578
1, 0.381925, 0.305, 0.695, 0.385923
1, 0.383165, 0.305, 0.695, 0.386572
1, 0.382593, 0.305, 0.695, 0.389933
1, 0.389199, 0.305, 0.695, 0.389391
1, 0.388783, 0.305, 0.695, 0.391413
1, 0.373224, 0.305, 0.695, 0.384443
1, 0.385022, 0.305, 0.695, 0.385741
1, 0.389125, 0.31, 0.69, 0.395221
1, 0.392192, 0.31, 0.69, 0.397139
1, 0.398966, 0.31, 0.69, 0.401404
1, 0.384738, 0.31, 0.69, 0.396505
1, 0.393386, 0.31, 0.69, 0.397432
1, 0.385328, 0.31, 0.69, 0.395444
1, 0.384901, 0.31, 0.69, 0.39402
1, 0.391097, 0.31, 0.69, 0.387035
1, 0.394592, 0.31, 0.69, 0.402043
1, 0.390559, 0.31, 0.69, 0.391445
1, 0.390497, 0.31, 0.69, 0.3956
1, 0.390321, 0.31, 0.69, 0.393094
1, 0.387351, 0.31, 0.69, 0.396406
1, 0.392272, 0.31, 0.69, 0.397528
1, 0.398261, 0.31, 0.69, 0.403546
1, 0.391122, 0.31, 0.69, 0.3962
1, 0.394134, 0.31, 0.69, 0.398061
1, 0.387614, 0.31, 0.69, 0.393842
1, 0.384106, 0.31, 0.69, 0.392114
1, 0.383741, 0.31, 0.69, 0.391734
1, 0.40348, 0.31, 0.69, 0.402147
1, 0.375094, 0.31, 0.69, 0.385907
1, 0.397746, 0.31, 0.69, 0.399732
1, 0.390284, 0.31, 0.69, 0.395583
1, 0.403159, 0.31, 0.69, 0.401913
1, 0.406092, 0.315, 0.685, 0.4099
1, 0.386747, 0.315, 0.685, 0.392789
1, 0.401708, 0.315, 0.685, 0.404906
1, 0.392151, 0.315, 0.685, 0.40027
1, 0.398332, 0.315, 0.685, 0.39802
1, 0.403152, 0.315, 0.685, 0.410847
1, 0.386859, 0.315, 0.685, 0.391243
1, 0.412927, 0.315, 0.685, 0.410103
1, 0.405191, 0.315, 0.685, 0.407893
1, 0.405176, 0.315, 0.685, 0.409791
1, 0.391791, 0.315, 0.685, 0.395322
1, 0.407939, 0.315, 0.685, 0.407255
1, 0.407928, 0.315, 0.685, 0.418552
1, 0.392465, 0.315, 0.685, 0.401748
1, 0.407269, 0.315, 0.685, 0.406734
1, 0.410282, 0.315, 0.685, 0.413782
1, 0.400767, 0.315, 0.685, 0.40178
1, 0.398655, 0.315, 0.685, 0.407021
1, 0.402756, 0.315, 0.685, 0.410739
1, 0.399102, 0.315, 0.685, 0.395721
1, 0.401518, 0.315, 0.685, 0.405606
1, 0.390383, 0.315, 0.685, 0.399111
1, 0.402576, 0.315, 0.685, 0.412809
1, 0.406444, 0.315, 0.685, 0.404824
1, 0.41731, 0.315, 0.685, 0.420352
1, 0.414025, 0.32, 0.68, 0.422948
1, 0.416799, 0.32, 0.68, 0.422915
1, 0.413981, 0.32, 0.68, 0.424297
1, 0.411136, 0.32, 0.68, 0.420181
1, 0.409246, 0.32, 0.68, 0.414809
1, 0.401315, 0.32, 0.68, 0.409345
1, 0.41451, 0.32, 0.68, 0.418093
1, 0.401949, 0.32, 0.68, 0.413519
1, 0.405001, 0.32, 0.68, 0.411028
1, 0.407508, 0.32, 0.68, 0.411016
1, 0.418446, 0.32, 0.68, 0.423677
1, 0.398609, 0.32, 0.68, 0.405842
1, 0.425563, 0.32, 0.68, 0.425724
1, 0.40829, 0.32, 0.68, 0.413502
1, 0.416632, 0.32, 0.68, 0.417546
1, 0.397815, 0.32, 0.68, 0.401898
1, 0.417475, 0.32, 0.68, 0.426128
1, 0.412308, 0.32, 0.68, 0.413507
1, 0.406071, 0.32, 0.68, 0.41094
1, 0.411501, 0.32, 0.68, 0.417939
1, 0.396205, 0.32, 0.68, 0.406131
1, 0.413189, 0.32, 0.68, 0.418862
1, 0.41058, 0.32, 0.68, 0.414617
1, 0.402769, 0.32, 0.68, 0.405272
1, 0.420544, 0.32, 0.68, 0.420037
1, 0.419259, 0.325, 0.675, 0.43176
1, 0.428365, 0.325, 0.675, 0.427142
1, 0.407302, 0.325, 0.675, 0.412264
1, 0.419241, 0.325, 0.675, 0.428599
1, 0.419292, 0.325, 0.675, 0.427902
1, 0.416838, 0.325, 0.675, 0.423374
1, 0.425003, 0.325, 0.675, 0.423788
1, 0.402878, 0.325, 0.675, 0.410831
1, 0.431369, 0.325, 0.675, 0.435415
1, 0.419099, 0.325, 0.675, 0.428525
1, 0.417953, 0.325, 0.675, 0.422121
1, 0.404664, 0.325, 0.675, 0.418273
1, 0.414106, 0.325, 0.675, 0.418025
1, 0.421599, 0.325, 0.675, 0.422713
1, 0.41569, 0.325, 0.675, 0.423331
1, 0.419463, 0.325, 0.675, 0.422861
1, 0.422624, 0.325, 0.675, 0.425438
1, 0.424941, 0.325, 0.675, 0.417568
1, 0.410881, 0.325, 0.675, 0.417928
1, 0.411046, 0.325, 0.675, 0.41576
1, 0.414839, 0.325, 0.675, 0.418933
1, 0.431513, 0.325, 0.675, 0.431545
1, 0.415674, 0.325, 0.675, 0.425386
1, 0.41632, 0.325, 0.675, 0.422543
1, 0.418203, 0.325, 0.675, 0.417952
1, 0.418044, 0.33, 0.67, 0.428263
1, 0.437969, 0.33, 0.67, 0.438775
1, 0.429777, 0.33, 0.67, 0.433027
1, 0.410814, 0.33, 0.67, 0.416629
1, 0.420859, 0.33, 0.67, 0.433717
1, 0.430294, 0.33, 0.67, 0.429811
1, 0.430824, 0.33, 0.67, 0.438938
1, 0.427605, 0.33, 0.67, 0.437256
1, 0.417976, 0.33, 0.67, 0.423206
1, 0.437097, 0.33, 0.67, 0.438216
1, 0.430814, 0.33, 0.67, 0.434721
1, 0.419323, 0.33, 0.67, 0.4262
1, 0.413339, 0.33, 0.67, 0.423659
1, 0.437071, 0.33, 0.67, 0.435802
1, 0.427434, 0.33, 0.67, 0.431121
1, 0.425076, 0.33, 0.67, 0.435185
1, 0.431868, 0.33, 0.67, 0.434208
1, 0.426228, 0.33, 0.67, 0.422136
1, 0.43491, 0.33, 0.67, 0.43894
1, 0.411441, 0.33, 0.67, 0.422728
1, 0.430174, 0.33, 0.67, 0.435292
1, 0.422584, 0.33, 0.67, 0.428376
1, 0.431527, 0.33, 0.67, 0.434605
1, 0.418436, 0.33, 0.67, 0.425607
1, 0.424322, 0.33, 0.67, 0.431585
1, 0.438805, 0.335, 0.665, 0.441443
1, 0.444654, 0.335, 0.665, 0.442677
1, 0.430224, 0.335, 0.665, 0.434552
1, 0.443424, 0.335, 0.665, 0.44261
1, 0.430554, 0.335, 0.665, 0.435662
1, 0.439687, 0.335, 0.665, 0.44048
1, 0.438479, 0.335, 0.665, 0.44336
1, 0.433073, 0.335, 0.665, 0.437675
1, 0.428033, 0.335, 0.665, 0.441607
1, 0.434735, 0.335, 0.665, 0.439286
1, 0.43024, 0.335, 0.665, 0.429414
1, 0.442717, 0.335, 0.665, 0.447836
1, 0.430501, 0.335, 0.665, 0.439365
1, 0.425748, 0.335, 0.665, 0.432535
1, 0.434967, 0.335, 0.665, 0.434482
1, 0.433969, 0.335, 0.665, 0.435936
1, 0.434743, 0.335, 0.665, 0.436913
1, 0.44251, 0.335, 0.665, 0.441496
1, 0.436129, 0.335, 0.665, 0.446099
1, 0.425327, 0.335, 0.665, 0.434903
1, 0.43837, 0.335, 0.665, 0.445434
1, 0.43506, 0.335, 0.665, 0.441202
1, 0.445715, 0.335, 0.665, 0.451615
1, 0.44356, 0.335, 0.665, 0.442783
1, 0.435036, 0.335, 0.665, 0.435908
1, 0.445471, 0.34, 0.66, 0.448378
1, 0.440197, 0.34, 0.66, 0.443891
1, 0.428394, 0.34, 0.66, 0.434036
1, 0.446118, 0.34, 0.66, 0.453625
1, 0.439204, 0.34, 0.66, 0.447965
1, 0.44207, 0.34, 0.66, 0.447346
1, 0.448564, 0.34, 0.66, 0.451505
1, 0.439312, 0.34, 0.66, 0.445547
1, 0.45141, 0.34, 0.66, 0.454588
1, 0.444258, 0.34, 0.66, 0.451082
1, 0.441501, 0.34, 0.66, 0.443616
1, 0.43162, 0.34, 0.66, 0.441277
1, 0.452068, 0.34, 0.66, 0.452116
1, 0.435771, 0.34, 0.66, 0.441594
1, 0.447705, 0.34, 0.66, 0.453499
1, 0.452137, 0.34, 0.66, 0.453667
1, 0.444288, 0.34, 0.66, 0.440227
1, 0.439455, 0.34, 0.66, 0.449911
1, 0.43243, 0.34, 0.66, 0.442417
1, 0.447893, 0.34, 0.66, 0.447431
1, 0.44185, 0.34, 0.66, 0.451308
1, 0.43854, 0.34, 0.66, 0.448026
1, 0.432967, 0.34, 0.66, 0.444802
1, 0.452402, 0.34, 0.66, 0.449743
1, 0.440916, 0.34, 0.66, 0.449774
1, 0.446294, 0.345, 0.655, 0.448812
1, 0.455302, 0.345, 0.655, 0.467147
1, 0.45144, 0.345, 0.655, 0.456868
1, 0.4537, 0.345, 0.655, 0.460246
1, 0.44423, 0.345, 0.655, 0.455809
1, 0.457037, 0.345, 0.655, 0.463754
1, 0.454414, 0.345, 0.655, 0.460034
1, 0.439255, 0.345, 0.655, 0.44967
1, 0.44613, 0.345, 0.655, 0.448001
1, 0.439471, 0.345, 0.655, 0.452306
1, 0.453591, 0.345, 0.655, 0.454829
1, 0.440888, 0.345, 0.655, 0.449014
1, 0.463216, 0.345, 0.655, 0.464608
1, 0.449017, 0.345, 0.655, 0.451018
1, 0.449918, 0.345, 0.655, 0.462079
1, 0.457904, 0.345, 0.655, 0.463087
1, 0.459076, 0.345, 0.655, 0.458292
1, 0.453349, 0.345, 0.655, 0.455746
1, 0.463101, 0.345, 0.655, 0.464451
1, 0.461651, 0.345, 0.655, 0.459103
1, 0.4437, 0.345, 0.655, 0.448169
1, 0.441086, 0.345, 0.655, 0.450853
1, 0.453303, 0.345, 0.655, 0.45194
1, 0.452624, 0.345, 0.655, 0.452346
1, 0.452354, 0.345, 0.655, 0.452929
1, 0.459874, 0.35, 0.65, 0.46291
1, 0.479088, 0.35, 0.65, 0.481023
1, 0.459412, 0.35, 0.65, 0.459505
1, 0.467435, 0.35, 0.65, 0.47244
1, 0.462577, 0.35, 0.65, 0.460274
1, 0.462128, 0.35, 0.65, 0.464005
1, 0.458438, 0.35, 0.65, 0.464656
1, 0.468814, 0.35, 0.65, 0.462899
1, 0.466729, 0.35, 0.65, 0.470517
1, 0.461787, 0.35, 0.65, 0.461407
1, 0.463368, 0.35, 0.65, 0.464612
1, 0.46729, 0.35, 0.65, 0.469844
1, 0.459502, 0.35, 0.65, 0.462271
1, 0.463558, 0.35, 0.65, 0.470889
1, 0.467012, 0.35, 0.65, 0.474498
1, 0.462383, 0.35, 0.65, 0.461625
1, 0.466698, 0.35, 0.65, 0.476377
1, 0.457734, 0.35, 0.65, 0.467239
1, 0.463386, 0.35, 0.65, 0.461549
1, 0.467511, 0.35, 0.65, 0.460625
1, 0.463456, 0.35, 0.65, 0.467983
1, 0.461779, 0.35, 0.65, 0.461983
1, 0.454362, 0.35, 0.65, 0.459893
1, 0.461791, 0.35, 0.65, 0.464038
1, 0.468582, 0.35, 0.65, 0.471192
1, 0.478452, 0.355, 0.645, 0.469833
1, 0.460213, 0.355, 0.645, 0.468117
1, 0.489081, 0.355, 0.645, 0.491379
1, 0.476027, 0.355, 0.645, 0.485029
1, 0.489786, 0.355, 0.645, 0.488941
1, 0.459789, 0.355, 0.645, 0.470639
1, 0.481928, 0.355, 0.645, 0.481476
1, 0.476142, 0.355, 0.645, 0.476906
1, 0.487696, 0.355, 0.645, 0.48521
1, 0.475504, 0.355, 0.645, 0.478258
1, 0.473158, 0.355, 0.645, 0.476398
1, 0.472522, 0.355, 0.645, 0.475594
1, 0.465426, 0.355, 0.645, 0.470738
1, 0.480683, 0.355, 0.645, 0.485989
1, 0.477979, 0.355, 0.645, 0.480653
1, 0.462886, 0.355, 0.645, 0.469934
1, 0.472277, 0.355, 0.645, 0.475729
1, 0.468451, 0.355, 0.645, 0.470358
1, 0.464826, 0.355, 0.645, 0.468301
1, 0.470282, 0.355, 0.645, 0.474469
1, 0.47589, 0.355, 0.645, 0.476588
1, 0.470607, 0.355, 0.645, 0.473478
1, 0.475857, 0.355, 0.645, 0.476268
1, 0.480927, 0.355, 0.645, 0.482209
1, 0.477722, 0.355, 0.645, 0.477481
1, 0.501017, 0.36, 0.64, 0.502511
1, 0.473823, 0.36, 0.64, 0.480709
1, 0.488812, 0.36, 0.64, 0.493674
1, 0.461744, 0.36, 0.64, 0.477139
1, 0.474226, 0.36, 0.64, 0.482847
1, 0.483375, 0.36, 0.64, 0.489478
1, 0.486249, 0.36, 0.64, 0.490387
1, 0.476712, 0.36, 0.64, 0.482493
1, 0.47926, 0.36, 0.64, 0.481491
1, 0.478103, 0.36, 0.64, 0.481524
1, 0.493015, 0.36, 0.64, 0.489768
1, 0.472761, 0.36, 0.64, 0.477473
1, 0.48891, 0.36, 0.64, 0.494377
1, 0.477064, 0.36, 0.64, 0.480215
1, 0.478238, 0.36, 0.64, 0.483925
1, 0.472311, 0.36, 0.64, 0.472079
1, 0.487129, 0.36, 0.64, 0.493983
1, 0.48016, 0.36, 0.64, 0.482607
1, 0.492482, 0.36, 0.64, 0.488752
1, 0.48258, 0.36, 0.64, 0.482854
1, 0.480683, 0.36, 0.64, 0.485916
1, 0.486001, 0.36, 0.64, 0.485774
1, 0.477057, 0.36, 0.64, 0.48586
1, 0.481104, 0.36, 0.64, 0.485728
1, 0.488332, 0.36, 0.64, 0.491597
1, 0.485783, 0.365, 0.635, 0.484156
1, 0.502349, 0.365, 0.635, 0.507526
1, 0.494439, 0.365, 0.635, 0.497626
1, 0.498342, 0.365, 0.635, 0.49835
1, 0.47774, 0.365, 0.635, 0.485915
1, 0.502571, 0.365, 0.635, 0.49818
1, 0.478103, 0.365, 0.635, 0.491062
1, 0.487555, 0.365, 0.635, 0.48819
1, 0.491086, 0.365, 0.635, 0.485714
1, 0.500746, 0.365, 0.635, 0.498904
1, 0.492751, 0.365, 0.635, 0.493058
1, 0.482747, 0.365, 0.635, 0.490424
1, 0.494055, 0.365, 0.635, 0.495892
1, 0.487091, 0.365, 0.635, 0.485753
1, 0.501088, 0.365, 0.635, 0.498095
1, 0.499518, 0.365, 0.635, 0.499149
1, 0.500889, 0.365, 0.635, 0.502167
1, 0.485441, 0.365, 0.635, 0.48954
1, 0.488939, 0.365, 0.635, 0.491523
1, 0.496229, 0.365, 0.635, 0.494168
1, 0.490737, 0.365, 0.635, 0.488416
1, 0.486928, 0.365, 0.635, 0.493005
1, 0.496104, 0.365, 0.635, 0.499181
1, 0.482451, 0.365, 0.635, 0.485971
1, 0.492239, 0.365, 0.635, 0.49265
1, 0.489186, 0.37, 0.63, 0.495997
1, 0.497757, 0.37, 0.63, 0.504143
1, 0.502913, 0.37, 0.63, 0.506703
1, 0.509156, 0.37, 0.63, 0.502316
1, 0.495935, 0.37, 0.63, 0.498463
1, 0.503104, 0.37, 0.63, 0.507026
1, 0.487517, 0.37, 0.63, 0.492528
1, 0.500055, 0.37, 0.63, 0.499315
1, 0.490822, 0.37, 0.63, 0.494808
1, 0.4962, 0.37, 0.63, 0.507726
1, 0.492202, 0.37, 0.63, 0.497221
1, 0.518981, 0.37, 0.63, 0.514582
1, 0.501301, 0.37, 0.63, 0.49638
1, 0.488388, 0.37, 0.63, 0.492973
1, 0.507662, 0.37, 0.63, 0.504388
1, 0.504045, 0.37, 0.63, 0.503019
1, 0.494719, 0.37, 0.63, 0.494158
1, 0.495936, 0.37, 0.63, 0.500501
1, 0.497203, 0.37, 0.63, 0.495684
1, 0.499499, 0.37, 0.63, 0.499077
1, 0.482581, 0.37, 0.63, 0.496592
1, 0.517397, 0.37, 0.63, 0.518462
1, 0.490582, 0.37, 0.63, 0.496175
1, 0.507993, 0.37, 0.63, 0.511753
1, 0.50511, 0.37, 0.63, 0.501819
1, 0.499052, 0.375, 0.625, 0.507346
1, 0.521063, 0.375, 0.625, 0.520284
1, 0.50987, 0.375, 0.625, 0.511301
1, 0.511762, 0.375, 0.625, 0.510437
1, 0.511801, 0.375, 0.625, 0.510241
1, 0.519605, 0.375, 0.625, 0.51797
1, 0.532827, 0.375, 0.625, 0.529134
1, 0.515612, 0.375, 0.625, 0.519923
1, 0.49851, 0.375, 0.625, 0.506283
1, 0.516184, 0.375, 0.625, 0.514017
1, 0.516044, 0.375, 0.625, 0.516019
1, 0.511218, 0.375, 0.625, 0.517664
1, 0.512081, 0.375, 0.625, 0.515553
1, 0.524763, 0.375, 0.625, 0.521288
1, 0.525346, 0.375, 0.625, 0.521038
1, 0.48724, 0.375, 0.625, 0.495649
1, 0.519996, 0.375, 0.625, 0.517814
1, 0.500763, 0.375, 0.625, 0.499011
1, 0.503991, 0.375, 0.625, 0.501779
1, 0.510894, 0.375, 0.625, 0.512792
1, 0.508888, 0.375, 0.625, 0.513084
1, 0.509273, 0.375, 0.625, 0.516284
1, 0.513111, 0.375, 0.625, 0.514534
1, 0.51886, 0.375, 0.625, 0.512813
1, 0.520267, 0.375, 0.625, 0.520999
1, 0.51556, 0.38, 0.62, 0.518116
1, 0.53359, 0.38, 0.62, 0.529317
1, 0.520383, 0.38, 0.62, 0.517126
1, 0.523169, 0.38, 0.62, 0.518406
1, 0.515278, 0.38, 0.62, 0.51172
1, 0.525864, 0.38, 0.62, 0.518465
1, 0.524571, 0.38, 0.62, 0.522382
1, 0.529623, 0.38, 0.62, 0.529764
1, 0.51652, 0.38, 0.62, 0.523848
1, 0.537673, 0.38, 0.62, 0.535045
1, 0.522791, 0.38, 0.62, 0.524316
1, 0.523607, 0.38, 0.62, 0.527518
1, 0.533421, 0.38, 0.62, 0.532553
1, 0.515115, 0.38, 0.62, 0.513677
1, 0.52215, 0.38, 0.62, 0.521489
1, 0.524081, 0.38, 0.62, 0.517722
1, 0.521687, 0.38, 0.62, 0.523004
1, 0.522575, 0.38, 0.62, 0.525721
1, 0.519807, 0.38, 0.62, 0.521423
1, 0.539116, 0.38, 0.62, 0.533491
1, 0.520225, 0.38, 0.62, 0.519231
1, 0.528549, 0.38, 0.62, 0.528029
1, 0.524073, 0.38, 0.62, 0.52016
1, 0.52195, 0.38, 0.62, 0.518251
1, 0.519966, 0.38, 0.62, 0.518907
1, 0.535133, 0.385, 0.615, 0.527386
1, 0.539145, 0.385, 0.615, 0.539275
1, 0.523576, 0.385, 0.615, 0.523753
1, 0.547372, 0.385, 0.615, 0.544247
1, 0.538197, 0.385, 0.615, 0.536679
1, 0.54619, 0.385, 0.615, 0.540616
1, 0.526007, 0.385, 0.615, 0.5294
1, 0.517832, 0.385, 0.615, 0.524026
1, 0.532186, 0.385, 0.615, 0.535145
1, 0.535361, 0.385, 0.615, 0.537596
1, 0.540036, 0.385, 0.615, 0.540037
1, 0.530405, 0.385, 0.615, 0.527303
1, 0.538635, 0.385, 0.615, 0.540719
1, 0.545161, 0.385, 0.615, 0.542365
1, 0.522459, 0.385, 0.615, 0.521142
1, 0.512051, 0.385, 0.615, 0.509276
1, 0.52344, 0.385, 0.615, 0.521715
1, 0.538066, 0.385, 0.615, 0.536711
1, 0.535522, 0.385, 0.615, 0.534882
1, 0.527048, 0.385, 0.615, 0.528977
1, 0.547063, 0.385, 0.615, 0.539941
1, 0.518091, 0.385, 0.615, 0.527072
1, 0.533937, 0.385, 0.615, 0.53232
1, 0.529361, 0.385, 0.615, 0.531457
1, 0.524829, 0.385, 0.615, 0.523597
1, 0.553151, 0.39, 0.61, 0.553269
1, 0.530162, 0.39, 0.61, 0.530389
1, 0.55573, 0.39, 0.61, 0.55077
1, 0.530183, 0.39, 0.61, 0.535943
1, 0.546722, 0.39, 0.61, 0.544803
1, 0.559652, 0.39, 0.61, 0.558059
1, 0.539307, 0.39, 0.61, 0.535527
1, 0.549576, 0.39, 0.61, 0.544697
1, 0.533353, 0.39, 0.61, 0.531432
1, 0.556348, 0.39, 0.61, 0.556013
1, 0.558354, 0.39, 0.61, 0.552012
1, 0.544393, 0.39, 0.61, 0.546024
1, 0.54275, 0.39, 0.61, 0.544197
1, 0.563945, 0.39, 0.61, 0.558999
1, 0.534058, 0.39, 0.61, 0.531992
1, 0.541092, 0.39, 0.61, 0.540471
1, 0.539552, 0.39, 0.61, 0.549802
1, 0.539456, 0.39, 0.61, 0.548985
1, 0.531008, 0.39, 0.61, 0.534887
1, 0.537916, 0.39, 0.61, 0.541994
1, 0.545408, 0.39, 0.61, 0.545684
1, 0.532808, 0.39, 0.61, 0.537217
1, 0.545043, 0.39, 0.61, 0.543714
1, 0.548374, 0.39, 0.61, 0.545914
1, 0.543036, 0.39, 0.61, 0.542215
1, 0.536586, 0.395, 0.605, 0.544561
1, 0.574754, 0.395, 0.605, 0.576937
1, 0.553993, 0.395, 0.605, 0.556099
1, 0.561837, 0.395, 0.605, 0.55291
1, 0.557246, 0.395, 0.605, 0.552583
1, 0.553233, 0.395, 0.605, 0.552312
1, 0.584769, 0.395, 0.605, 0.569298
1, 0.553712, 0.395, 0.605, 0.56013
1, 0.58757, 0.395, 0.605, 0.582807
1, 0.574059, 0.395, 0.605, 0.563002
1, 0.561357, 0.395, 0.605, 0.559284
1, 0.55292, 0.395, 0.605, 0.554023
1, 0.554165, 0.395, 0.605, 0.552952
1, 0.550708, 0.395, 0.605, 0.550775
1, 0.556626, 0.395, 0.605, 0.555921
1, 0.556702, 0.395, 0.605, 0.556857
1, 0.547766, 0.395, 0.605, 0.549681
1, 0.552024, 0.395, 0.605, 0.551851
1, 0.554172, 0.395, 0.605, 0.550361
1, 0.575329, 0.395, 0.605, 0.570208
1, 0.585847, 0.395, 0.605, 0.577197
1, 0.550542, 0.395, 0.605, 0.545703
1, 0.565287, 0.395, 0.605, 0.557174
1, 0.55262, 0.395, 0.605, 0.553151
1, 0.556173, 0.395, 0.605, 0.555226
1, 0.564785, 0.4, 0.6, 0.566573
1, 0.572734, 0.4, 0.6, 0.564946
1, 0.559623, 0.4, 0.6, 0.565331
1, 0.581664, 0.4, 0.6, 0.575812
1, 0.568194, 0.4, 0.6, 0.564892
1, 0.581183, 0.4, 0.6, 0.583131
1, 0.565912, 0.4, 0.6, 0.558672
1, 0.570876, 0.4, 0.6, 0.563385
1, 0.568516, 0.4, 0.6, 0.570454
1, 0.557829, 0.4, 0.6, 0.559002
1, 0.565751, 0.4, 0.6, 0.564724
1, 0.575808, 0.4, 0.6, 0.57272
1, 0.570178, 0.4, 0.6, 0.568573
1, 0.58752, 0.4, 0.6, 0.580661
1, 0.574767, 0.4, 0.6, 0.572717
1, 0.567515, 0.4, 0.6, 0.564827
1, 0.564731, 0.4, 0.6, 0.56396
1, 0.586068, 0.4, 0.6, 0.578205
1, 0.575911, 0.4, 0.6, 0.569788
1, 0.574051, 0.4, 0.6, 0.569424
1, 0.541923, 0.4, 0.6, 0.554572
1, 0.587707, 0.4, 0.6, 0.582343
1, 0.554721, 0.4, 0.6, 0.556588
1, 0.562984, 0.4, 0.6, 0.560885
1, 0.572252, 0.4, 0.6, 0.569055
1, 0.592595, 0.405, 0.595, 0.585889
1, 0.586746, 0.405, 0.595, 0.581077
1, 0.596175, 0.405, 0.595, 0.594898
1, 0.586006, 0.405, 0.595, 0.586776
1, 0.572486, 0.405, 0.595, 0.573817
1, 0.587765, 0.405, 0.595, 0.576983
1, 0.572391, 0.405, 0.595, 0.567982
1, 0.578266, 0.405, 0.595, 0.577512
1, 0.572854, 0.405, 0.595, 0.567718
1, 0.57835, 0.405, 0.595, 0.569868
1, 0.592764, 0.405, 0.595, 0.587407
1, 0.571343, 0.405, 0.595, 0.570769
1, 0.594129, 0.405, 0.595, 0.589088
1, 0.581319, 0.405, 0.595, 0.576396
1, 0.567458, 0.405, 0.595, 0.56923
1, 0.584012, 0.405, 0.595, 0.579855
1, 0.582265, 0.405, 0.595, 0.577917
1, 0.588718, 0.405, 0.595, 0.589313
1, 0.571824, 0.405, 0.595, 0.570309
1, 0.567013, 0.405, 0.595, 0.566791
1, 0.577633, 0.405, 0.595, 0.57293
1, 0.591514, 0.405, 0.595, 0.582802
1, 0.593077, 0.405, 0.595, 0.585898
1, 0.575563, 0.405, 0.595, 0.578425
1, 0.572901, 0.405, 0.595, 0.566512
1, 0.592368, 0.41, 0.59, 0.589093
1, 0.58562, 0.41, 0.59, 0.583417
1, 0.591122, 0.41, 0.59, 0.586816
1, 0.595337, 0.41, 0.59, 0.588473
1, 0.621562, 0.41, 0.59, 0.611815
1, 0.578966, 0.41, 0.59, 0.577457
1, 0.605353, 0.41, 0.59, 0.603023
1, 0.589625, 0.41, 0.59, 0.577472
1, 0.590907, 0.41, 0.59, 0.585445
1, 0.583798, 0.41, 0.59, 0.578695
1, 0.607032, 0.41, 0.59, 0.599434
1, 0.586975, 0.41, 0.59, 0.588581
1, 0.612571, 0.41, 0.59, 0.601985
1, 0.592142, 0.41, 0.59, 0.58731
1, 0.595243, 0.41, 0.59, 0.583708
1, 0.600247, 0.41, 0.59, 0.600881
1, 0.599808, 0.41, 0.59, 0.602484
1, 0.58972, 0.41, 0.59, 0.593532
1, 0.58297, 0.41, 0.59, 0.577741
1, 0.59335, 0.41, 0.59, 0.586242
1, 0.597006, 0.41, 0.59, 0.59061
1, 0.602036, 0.41, 0.59, 0.592131
1, 0.596048, 0.41, 0.59, 0.596891
1, 0.595606, 0.41, 0.59, 0.597162
1, 0.599419, 0.41, 0.59, 0.589526
1, 0.612888, 0.415, 0.585, 0.604233
1, 0.608091, 0.415, 0.585, 0.605475
1, 0.58977, 0.415, 0.585, 0.591498
1, 0.613455, 0.415, 0.585, 0.601915
1, 0.595526, 0.415, 0.585, 0.593188
1, 0.607804, 0.415, 0.585, 0.603261
1, 0.605658, 0.415, 0.585, 0.604582
1, 0.613481, 0.415, 0.585, 0.613104
1, 0.617358, 0.415, 0.585, 0.61211
1, 0.600699, 0.415, 0.585, 0.59648
1, 0.6081, 0.415, 0.585, 0.604091
1, 0.598581, 0.415, 0.585, 0.590247
1, 0.601958, 0.415, 0.585, 0.602636
1, 0.62165, 0.415, 0.585, 0.614742
1, 0.595535, 0.415, 0.585, 0.593996
1, 0.602809, 0.415, 0.585, 0.599187
1, 0.593052, 0.415, 0.585, 0.589227
1, 0.615359, 0.415, 0.585, 0.609898
1, 0.611224, 0.415, 0.585, 0.604139
1, 0.63415, 0.415, 0.585, 0.630096
1, 0.592266, 0.415, 0.585, 0.591318
1, 0.603263, 0.415, 0.585, 0.600174
1, 0.59707, 0.415, 0.585, 0.595022
1, 0.612514, 0.415, 0.585, 0.606506
1, 0.600182, 0.415, 0.585, 0.59239
1, 0.612244, 0.42, 0.58, 0.609119
1, 0.604389, 0.42, 0.58, 0.603233
1, 0.627199, 0.42, 0.58, 0.619317
1, 0.642103, 0.42, 0.58, 0.631119
1, 0.642538, 0.42, 0.58, 0.632708
1, 0.625397, 0.42, 0.58, 0.618008
1, 0.637257, 0.42, 0.58, 0.632547
1, 0.606118, 0.42, 0.58, 0.606759
1, 0.631639, 0.42, 0.58, 0.623693
1, 0.622624, 0.42, 0.58, 0.61364
1, 0.606071, 0.42, 0.58, 0.598588
1, 0.612702, 0.42, 0.58, 0.60687
1, 0.633445, 0.42, 0.58, 0.62047
1, 0.610787, 0.42, 0.58, 0.603947
1, 0.62807, 0.42, 0.58, 0.618323
1, 0.613361, 0.42, 0.58, 0.602417
1, 0.631561, 0.42, 0.58, 0.622298
1, 0.619283, 0.42, 0.58, 0.612945
1, 0.631926, 0.42, 0.58, 0.621936
1, 0.637262, 0.42, 0.58, 0.625723
1, 0.604219, 0.42, 0.58, 0.604345
1, 0.605633, 0.42, 0.58, 0.600476
1, 0.598854, 0.42, 0.58, 0.597889
1, 0.622195, 0.42, 0.58, 0.616169
1, 0.632884, 0.42, 0.58, 0.618695
1, 0.628505, 0.425, 0.575, 0.623167
1, 0.654485, 0.425, 0.575, 0.642344
1, 0.637762, 0.425, 0.575, 0.632237
1, 0.642093, 0.425, 0.575, 0.629607
1, 0.644225, 0.425, 0.575, 0.629999
1, 0.643092, 0.425, 0.575, 0.636737
1, 0.635594, 0.425, 0.575, 0.622455
1, 0.650908, 0.425, 0.575, 0.635979
1, 0.630875, 0.425, 0.575, 0.621932
1, 0.639283, 0.425, 0.575, 0.629787
1, 0.642272, 0.425, 0.575, 0.634939
1, 0.630689, 0.425, 0.575, 0.626975
1, 0.630123, 0.425, 0.575, 0.625146
1, 0.630037, 0.425, 0.575, 0.621443
1, 0.630572, 0.425, 0.575, 0.626257
1, 0.625506, 0.425, 0.575, 0.624842
1, 0.625381, 0.425, 0.575, 0.620942
1, 0.630436, 0.425, 0.575, 0.627142
1, 0.639899, 0.425, 0.575, 0.63893
1, 0.627118, 0.425, 0.575, 0.620009
1, 0.639013, 0.425, 0.575, 0.632312
1, 0.628249, 0.425, 0.575, 0.622584
1, 0.656265, 0.425, 0.575, 0.644945
1, 0.640249, 0.425, 0.575, 0.636052
1, 0.63681, 0.425, 0.575, 0.63486
1, 0.653887, 0.43, 0.57, 0.6438
1, 0.651104, 0.43, 0.57, 0.647635
1, 0.667433, 0.43, 0.57, 0.653638
1, 0.647213, 0.43, 0.57, 0.641443
1, 0.687776, 0.43, 0.57, 0.66973
1, 0.657215, 0.43, 0.57, 0.649492
1, 0.638328, 0.43, 0.57, 0.634788
1, 0.647934, 0.43, 0.57, 0.645363
1, 0.652874, 0.43, 0.57, 0.648442
1, 0.662308, 0.43, 0.57, 0.659268
1, 0.665231, 0.43, 0.57, 0.652973
1, 0.629637, 0.43, 0.57, 0.623983
1, 0.653152, 0.43, 0.57, 0.645741
1, 0.650094, 0.43, 0.57, 0.645579
1, 0.667811, 0.43, 0.57, 0.658266
1, 0.645195, 0.43, 0.57, 0.640953
1, 0.656054, 0.43, 0.57, 0.641066
1, 0.639115, 0.43, 0.57, 0.638334
1, 0.643563, 0.43, 0.57, 0.63399
1, 0.663367, 0.43, 0.57, 0.64588
1, 0.651259, 0.43, 0.57, 0.637226
1, 0.645853, 0.43, 0.57, 0.636167
1, 0.664241, 0.43, 0.57, 0.649369
1, 0.657989, 0.43, 0.57, 0.646697
1, 0.643502, 0.43, 0.57, 0.634631
1, 0.650071, 0.435, 0.565, 0.639308
1, 0.668578, 0.435, 0.565, 0.657995
1, 0.700435, 0.435, 0.565, 0.680364
1, 0.671981, 0.435, 0.565, 0.659424
1, 0.670552, 0.435, 0.565, 0.657656
1, 0.658689, 0.435, 0.565, 0.647738
1, 0.649632, 0.435, 0.565, 0.642043
1, 0.667946, 0.435, 0.565, 0.665535
1, 0.678983, 0.435, 0.565, 0.671301
1, 0.678382, 0.435, 0.565, 0.668419
1, 0.677738, 0.435, 0.565, 0.658501
1, 0.654485, 0.435, 0.565, 0.64783
1, 0.677966, 0.435, 0.565, 0.661469
1, 0.682004, 0.435, 0.565, 0.669345
1, 0.685333, 0.435, 0.565, 0.668366
1, 0.674839, 0.435, 0.565, 0.660787
1, 0.674088, 0.435, 0.565, 0.666314
1, 0.657477, 0.435, 0.565, 0.648201
1, 0.657675, 0.435, 0.565, 0.649673
1, 0.695427, 0.435, 0.565, 0.678842
1, 0.685711, 0.435, 0.565, 0.685496
1, 0.689562, 0.435, 0.565, 0.668931
1, 0.668231, 0.435, 0.565, 0.662116
1, 0.690959, 0.435, 0.565, 0.673727
1, 0.686171, 0.435, 0.565, 0.675347
1, 0.703658, 0.44, 0.56, 0.687894
1, 0.698776, 0.44, 0.56, 0.688143
1, 0.693641, 0.44, 0.56, 0.680513
1, 0.700753, 0.44, 0.56, 0.680961
1, 0.688597, 0.44, 0.56, 0.678491
1, 0.702514, 0.44, 0.56, 0.689609
1, 0.679733, 0.44, 0.56, 0.671205
1, 0.683108, 0.44, 0.56, 0.665726
1, 0.709702, 0.44, 0.56, 0.696134
1, 0.673695, 0.44, 0.56, 0.657592
1, 0.68613, 0.44, 0.56, 0.665986
1, 0.66875, 0.44, 0.56, 0.658718
1, 0.693562, 0.44, 0.56, 0.674204
1, 0.6854, 0.44, 0.56, 0.674274
1, 0.678993, 0.44, 0.56, 0.665641
1, 0.665313, 0.44, 0.56, 0.656552
1, 0.686289, 0.44, 0.56, 0.668397
1, 0.691904, 0.44, 0.56, 0.677361
1, 0.697887, 0.44, 0.56, 0.68496
1, 0.696906, 0.44, 0.56, 0.686291
1, 0.690524, 0.44, 0.56, 0.673588
1, 0.674709, 0.44, 0.56, 0.665447
1, 0.666972, 0.44, 0.56, 0.652154
1, 0.696331, 0.44, 0.56, 0.686705
1, 0.694651, 0.44, 0.56, 0.680611
1, 0.721002, 0.445, 0.555, 0.707582
1, 0.702413, 0.445, 0.555, 0.685904
1, 0.682671, 0.445, 0.555, 0.666489
1, 0.697708, 0.445, 0.555, 0.688288
1, 0.722596, 0.445, 0.555, 0.706575
1, 0.713504, 0.445, 0.555, 0.694061
1, 0.715016, 0.445, 0.555, 0.699533
1, 0.725946, 0.445, 0.555, 0.705048
1, 0.722152, 0.445, 0.555, 0.710013
1, 0.70779, 0.445, 0.555, 0.694689
1, 0.722273, 0.445, 0.555, 0.710597
1, 0.711482, 0.445, 0.555, 0.705118
1, 0.725084, 0.445, 0.555, 0.70734
1, 0.721191, 0.445, 0.555, 0.705538
1, 0.710132, 0.445, 0.555, 0.697812
1, 0.689247, 0.445, 0.555, 0.67341
1, 0.690147, 0.445, 0.555, 0.684056
1, 0.679857, 0.445, 0.555, 0.669047
1, 0.698284, 0.445, 0.555, 0.690621
1, 0.681992, 0.445, 0.555, 0.672908
1, 0.706208, 0.445, 0.555, 0.693072
1, 0.718037, 0.445, 0.555, 0.703351
1, 0.724593, 0.445, 0.555, 0.707986
1, 0.700974, 0.445, 0.555, 0.687981
1, 0.713768, 0.445, 0.555, 0.699838
1, 0.731129, 0.45, 0.55, 0.715176
1, 0.730413, 0.45, 0.55, 0.708167
1, 0.701589, 0.45, 0.55, 0.690129
1, 0.735902, 0.45, 0.55, 0.720165
1, 0.725059, 0.45, 0.55, 0.711675
1, 0.729253, 0.45, 0.55, 0.714949
1, 0.709512, 0.45, 0.55, 0.695886
1, 0.704336, 0.45, 0.55, 0.696683
1, 0.727044, 0.45, 0.55, 0.716914
1, 0.735816, 0.45, 0.55, 0.718228
1, 0.722814, 0.45, 0.55, 0.709956
1, 0.748962, 0.45, 0.55, 0.733211
1, 0.731945, 0.45, 0.55, 0.716032
1, 0.724795, 0.45, 0.55, 0.707122
1, 0.73253, 0.45, 0.55, 0.713536
1, 0.713866, 0.45, 0.55, 0.695723
1, 0.714804, 0.45, 0.55, 0.710952
1, 0.742586, 0.45, 0.55, 0.720505
1, 0.728167, 0.45, 0.55, 0.708637
1, 0.739136, 0.45, 0.55, 0.720019
1, 0.715608, 0.45, 0.55, 0.702189
1, 0.696067, 0.45, 0.55, 0.677732
1, 0.74982, 0.45, 0.55, 0.727529
1, 0.70778, 0.45, 0.55, 0.695784
1, 0.733289, 0.45, 0.55, 0.714998
1, 0.741573, 0.455, 0.545, 0.728674
1, 0.746339, 0.455, 0.545, 0.728864
1, 0.765805, 0.455, 0.545, 0.751422
1, 0.720077, 0.455, 0.545, 0.705712
1, 0.735515, 0.455, 0.545, 0.725113
1, 0.742236, 0.455, 0.545, 0.727665
1, 0.737438, 0.455, 0.545, 0.718272
1, 0.750999, 0.455, 0.545, 0.737218
1, 0.776365, 0.455, 0.545, 0.760754
1, 0.759775, 0.455, 0.545, 0.746589
1, 0.741923, 0.455, 0.545, 0.727539
1, 0.731316, 0.455, 0.545, 0.714217
1, 0.748752, 0.455, 0.545, 0.730803
1, 0.750712, 0.455, 0.545, 0.736046
1, 0.718518, 0.455, 0.545, 0.712215
1, 0.737551, 0.455, 0.545, 0.715976
1, 0.711807, 0.455, 0.545, 0.698423
1, 0.75001, 0.455, 0.545, 0.731798
1, 0.731669, 0.455, 0.545, 0.713196
1, 0.713274, 0.455, 0.545, 0.69989
1, 0.735719, 0.455, 0.545, 0.718743
1, 0.752106, 0.455, 0.545, 0.738107
1, 0.74928, 0.455, 0.545, 0.731956
1, 0.744717, 0.455, 0.545, 0.731034
1, 0.762024, 0.455, 0.545, 0.740534
1, 0.78218, 0.46, 0.54, 0.769218
1, 0.756697, 0.46, 0.54, 0.736985
1, 0.756752, 0.46, 0.54, 0.739647
1, 0.734467, 0.46, 0.54, 0.720888
1, 0.765548, 0.46, 0.54, 0.74378
1, 0.767855, 0.46, 0.54, 0.748857
1, 0.754074, 0.46, 0.54, 0.73607
1, 0.791605, 0.46, 0.54, 0.776073
1, 0.735241, 0.46, 0.54, 0.734405
1, 0.783712, 0.46, 0.54, 0.764165
1, 0.749813, 0.46, 0.54, 0.736653
1, 0.782775, 0.46, 0.54, 0.756435
1, 0.750225, 0.46, 0.54, 0.737071
1, 0.778624, 0.46, 0.54, 0.757416
1, 0.786202, 0.46, 0.54, 0.773617
1, 0.777705, 0.46, 0.54, 0.758299
1, 0.755193, 0.46, 0.54, 0.741692
1, 0.748584, 0.46, 0.54, 0.731918
1, 0.795403, 0.46, 0.54, 0.773906
1, 0.757757, 0.46, 0.54, 0.746005
1, 0.763841, 0.46, 0.54, 0.745658
1, 0.741982, 0.46, 0.54, 0.729309
1, 0.765212, 0.46, 0.54, 0.75468
1, 0.771641, 0.46, 0.54, 0.759162
1, 0.76495, 0.46, 0.54, 0.749796
1, 0.785776, 0.465, 0.535, 0.769085
1, 0.786844, 0.465, 0.535, 0.7726
1, 0.782877, 0.465, 0.535, 0.763921
1, 0.804651, 0.465, 0.535, 0.791527
1, 0.773023, 0.465, 0.535, 0.759853
1, 0.779131, 0.465, 0.535, 0.758144
1, 0.820487, 0.465, 0.535, 0.804648
1, 0.786655, 0.465, 0.535, 0.768153
1, 0.768434, 0.465, 0.535, 0.749571
1, 0.794449, 0.465, 0.535, 0.776403
1, 0.785077, 0.465, 0.535, 0.766758
1, 0.80229, 0.465, 0.535, 0.7827
1, 0.751345, 0.465, 0.535, 0.746725
1, 0.783516, 0.465, 0.535, 0.767675
1, 0.793482, 0.465, 0.535, 0.77698
1, 0.771677, 0.465, 0.535, 0.759133
1, 0.803575, 0.465, 0.535, 0.785359
1, 0.784568, 0.465, 0.535, 0.766472
1, 0.796758, 0.465, 0.535, 0.775772
1, 0.779831, 0.465, 0.535, 0.758783
1, 0.797906, 0.465, 0.535, 0.776637
1, 0.759781, 0.465, 0.535, 0.742359
1, 0.795947, 0.465, 0.535, 0.776944
1, 0.843016, 0.465, 0.535, 0.826317
1, 0.805015, 0.465, 0.535, 0.785571
1, 0.821501, 0.47, 0.53, 0.804077
1, 0.793034, 0.47, 0.53, 0.772268
1, 0.822159, 0.47, 0.53, 0.806054
1, 0.801297, 0.47, 0.53, 0.78237
1, 0.802611, 0.47, 0.53, 0.788699
1, 0.828449, 0.47, 0.53, 0.809837
1, 0.814587, 0.47, 0.53, 0.797234
1, 0.810378, 0.47, 0.53, 0.796089
1, 0.797307, 0.47, 0.53, 0.785828
1, 0.826479, 0.47, 0.53, 0.80826
1, 0.81035, 0.47, 0.53, 0.789282
1, 0.812891, 0.47, 0.53, 0.790664
1, 0.830202, 0.47, 0.53, 0.80841
1, 0.804846, 0.47, 0.53, 0.782977
1, 0.876987, 0.47, 0.53, 0.864703
1, 0.803799, 0.47, 0.53, 0.785331
1, 0.79173, 0.47, 0.53, 0.7714
1, 0.800327, 0.47, 0.53, 0.773293
1, 0.830684, 0.47, 0.53, 0.813359
1, 0.844, 0.47, 0.53, 0.830536
1, 0.777901, 0.47, 0.53, 0.759967
1, 0.799256, 0.47, 0.53, 0.7828
1, 0.82156, 0.47, 0.53, 0.803365
1, 0.809975, 0.47, 0.53, 0.781373
1, 0.830455, 0.47, 0.53, 0.809107
1, 0.827393, 0.475, 0.525, 0.806513
1, 0.80186, 0.475, 0.525, 0.785708
1, 0.801788, 0.475, 0.525, 0.785631
1, 0.833865, 0.475, 0.525, 0.818784
1, 0.822392, 0.475, 0.525, 0.803658
1, 0.833881, 0.475, 0.525, 0.813388
1, 0.834422, 0.475, 0.525, 0.82028
1, 0.850982, 0.475, 0.525, 0.82707
1, 0.861736, 0.475, 0.525, 0.842152
1, 0.819277, 0.475, 0.525, 0.797838
1, 0.789788, 0.475, 0.525, 0.775058
1, 0.825609, 0.475, 0.525, 0.807168
1, 0.876478, 0.475, 0.525, 0.856086
1, 0.873996, 0.475, 0.525, 0.857686
1, 0.835284, 0.475, 0.525, 0.81465
1, 0.857197, 0.475, 0.525, 0.838615
1, 0.844012, 0.475, 0.525, 0.825546
1, 0.803303, 0.475, 0.525, 0.786923
1, 0.839953, 0.475, 0.525, 0.816748
1, 0.860671, 0.475, 0.525, 0.838864
1, 0.83197, 0.475, 0.525, 0.814467
1, 0.887338, 0.475, 0.525, 0.869185
1, 0.838543, 0.475, 0.525, 0.818386
1, 0.814054, 0.475, 0.525, 0.794622
1, 0.830442, 0.475, 0.525, 0.806608
1, 0.850961, 0.48, 0.52, 0.836747
1, 0.823226, 0.48, 0.52, 0.80372
1, 0.859809, 0.48, 0.52, 0.843349
1, 0.825117, 0.48, 0.52, 0.805596
1, 0.884505, 0.48, 0.52, 0.868931
1, 0.876199, 0.48, 0.52, 0.854533
1, 0.837045, 0.48, 0.52, 0.820271
1, 0.890942, 0.48, 0.52, 0.87656
1, 0.859636, 0.48, 0.52, 0.840838
1, 0.840332, 0.48, 0.52, 0.820442
1, 0.852079, 0.48, 0.52, 0.834238
1, 0.837304, 0.48, 0.52, 0.81918
1, 0.880621, 0.48, 0.52, 0.867613
1, 0.885242, 0.48, 0.52, 0.869202
1, 0.86546, 0.48, 0.52, 0.845104
1, 0.873819, 0.48, 0.52, 0.858074
1, 0.854177, 0.48, 0.52, 0.836372
1, 0.861295, 0.48, 0.52, 0.846762
1, 0.878347, 0.48, 0.52, 0.859914
1, 0.895304, 0.48, 0.52, 0.877641
1, 0.889925, 0.48, 0.52, 0.871103
1, 0.831783, 0.48, 0.52, 0.813094
1, 0.88196, 0.48, 0.52, 0.87111
1, 0.859248, 0.48, 0.52, 0.845312
1, 0.891704, 0.48, 0.52, 0.873162
1, 0.896768, 0.485, 0.515, 0.881175
1, 0.897695, 0.485, 0.515, 0.880976
1, 0.880199, 0.485, 0.515, 0.862302
1, 0.89907, 0.485, 0.515, 0.882434
1, 0.878603, 0.485, 0.515, 0.859305
1, 0.876551, 0.485, 0.515, 0.858701
1, 0.888919, 0.485, 0.515, 0.875193
1, 0.912811, 0.485, 0.515, 0.894819
1, 0.89246, 0.485, 0.515, 0.873695
1, 0.878247, 0.485, 0.515, 0.859016
1, 0.892528, 0.485, 0.515, 0.874809
1, 0.860916, 0.485, 0.515, 0.846113
1, 0.895495, 0.485, 0.515, 0.883454
1, 0.871536, 0.485, 0.515, 0.855964
1, 0.926366, 0.485, 0.515, 0.912938
1, 0.906468, 0.485, 0.515, 0.896549
1, 0.918649, 0.485, 0.515, 0.902801
1, 0.873385, 0.485, 0.515, 0.857922
1, 0.879729, 0.485, 0.515, 0.863414
1, 0.894354, 0.485, 0.515, 0.882953
1, 0.875551, 0.485, 0.515, 0.863075
1, 0.919628, 0.485, 0.515, 0.90925
1, 0.86605, 0.485, 0.515, 0.84695
1, 0.924546, 0.485, 0.515, 0.910003
1, 0.870734, 0.485, 0.515, 0.852673
1, 0.954248, 0.49, 0.51, 0.940888
1, 0.92544, 0.49, 0.51, 0.910445
1, 0.946368, 0.49, 0.51, 0.933396
1, 0.948219, 0.49, 0.51, 0.939495
1, 0.881096, 0.49, 0.51, 0.868701
1, 0.943155, 0.49, 0.51, 0.931933
1, 0.952963, 0.49, 0.51, 0.939871
1, 0.939368, 0.49, 0.51, 0.927033
1, 0.940928, 0.49, 0.51, 0.927549
1, 0.948982, 0.49, 0.51, 0.937136
1, 0.959903, 0.49, 0.51, 0.953158
1, 0.909869, 0.49, 0.51, 0.894746
1, 0.931119, 0.49, 0.51, 0.915939
1, 0.936943, 0.49, 0.51, 0.925272
1, 0.876749, 0.49, 0.51, 0.858779
1, 0.951295, 0.49, 0.51, 0.938485
1, 0.936964, 0.49, 0.51, 0.925802
1, 0.894505, 0.49, 0.51, 0.882273
1, 0.945364, 0.49, 0.51, 0.927689
1, 0.912965, 0.49, 0.51, 0.899513
1, 0.953235, 0.49, 0.51, 0.94336
1, 0.925762, 0.49, 0.51, 0.909175
1, 0.922386, 0.49, 0.51, 0.910759
1, 0.858956, 0.49, 0.51, 0.84386
1, 0.927321, 0.49, 0.51, 0.917021
1, 0.925244, 0.495, 0.505, 0.913931
1, 0.936592, 0.495, 0.505, 0.924385
1, 0.956848, 0.495, 0.505, 0.949307
1, 0.938917, 0.495, 0.505, 0.927401
1, 0.956408, 0.495, 0.505, 0.947568
1, 0.982577, 0.495, 0.505, 0.979295
1, 0.924246, 0.495, 0.505, 0.907069
1, 0.962238, 0.495, 0.505, 0.957579
1, 0.977697, 0.495, 0.505, 0.969882
1, 0.98188, 0.495, 0.505, 0.977719
1, 0.94385, 0.495, 0.505, 0.933107
1, 0.960543, 0.495, 0.505, 0.952823
1, 0.972068, 0.495, 0.505, 0.966343
1, 0.931586, 0.495, 0.505, 0.914259
1, 0.9716, 0.495, 0.505, 0.966667
1, 0.933509, 0.495, 0.505, 0.917801
1, 0.957669, 0.495, 0.505, 0.951399
1, 0.971177, 0.495, 0.505, 0.965733
1, 0.969002, 0.495, 0.505, 0.958507
1, 0.984576, 0.495, 0.505, 0.98058
1, 0.952056, 0.495, 0.505, 0.942571
1, 0.934147, 0.495, 0.505, 0.922898
1, 0.987015, 0.495, 0.505, 0.984463
1, 0.930557, 0.495, 0.505, 0.918472
1, 0.963877, 0.495, 0.505, 0.9539
1, 0.99329, 0.5, 0.5, 0.992407
1, 0.955635, 0.5, 0.5, 0.946172
1, 0.982998, 0.5, 0.5, 0.97965
1, 0.989374, 0.5, 0.5, 0.984902
1, 0.961396, 0.5, 0.5, 0.951016
1, 0.953234, 0.5, 0.5, 0.946891
1, 0.984246, 0.5, 0.5, 0.981355
1, 0.982836, 0.5, 0.5, 0.980481
1, 0.978739, 0.5, 0.5, 0.976034
1, 0.991275, 0.5, 0.5, 0.989332
1, 0.951168, 0.5, 0.5, 0.941806
1, 0.979345, 0.5, 0.5, 0.971361
1, 0.957105, 0.5, 0.5, 0.95113
1, 0.962398, 0.5, 0.5, 0.957567
1, 0.943092, 0.5, 0.5, 0.934844
1, 0.943152, 0.5, 0.5, 0.934856
1, 0.991906, 0.5, 0.5, 0.989174
1, 0.974702, 0.5, 0.5, 0.971347
1, 0.995163, 0.5, 0.5, 0.994448
1, 0.940786, 0.5, 0.5, 0.931625
1, 0.993512, 0.5, 0.5, 0.992794
1, 0.983378, 0.5, 0.5, 0.979438
1, 0.994562, 0.5, 0.5, 0.992321
1, 0.994628, 0.5, 0.5, 0.993762
1, 0.991214, 0.5, 0.5, 0.987173
1, 0.996765, 0.505, 0.495, 0.995495
1, 0.992105, 0.505, 0.495, 0.988651
1, 0.986507, 0.505, 0.495, 0.982503
1, 0.999807, 0.505, 0.495, 0.99961
1, 0.994241, 0.505, 0.495, 0.99239
1, 0.989795, 0.505, 0.495, 0.987812
1, 0.989134, 0.505, 0.495, 0.986623
1, 0.988004, 0.505, 0.495, 0.983887
1, 0.979386, 0.505, 0.495, 0.974135
1, 0.983969, 0.505, 0.495, 0.98085
1, 0.991981, 0.505, 0.495, 0.989443
1, 0.99107, 0.505, 0.495, 0.989263
1, 0.999992, 0.505, 0.495, 0.999903
1, 0.994674, 0.505, 0.495, 0.993339
1, 0.998678, 0.505, 0.495, 0.998832
1, 0.982987, 0.505, 0.495, 0.979108
1, 0.965133, 0.505, 0.495, 0.958805
1, 0.967988, 0.505, 0.495, 0.961088
1, 0.999217, 0.505, 0.495, 0.999216
1, 0.997162, 0.505, 0.495, 0.994988
1, 0.993016, 0.505, 0.495, 0.991131
1, 0.993918, 0.505, 0.495, 0.992733
1, 0.983301, 0.505, 0.495, 0.979574
1, 0.985745, 0.505, 0.495, 0.981968
1, 0.994961, 0.505, 0.495, 0.995134
